<?xml version="1.0" ?>
<root>
  <agent start_id="109" goal_id="63"/>
  <agent start_id="84" goal_id="156"/>
  <agent start_id="83" goal_id="53"/>
  <agent start_id="44" goal_id="116"/>
  <agent start_id="22" goal_id="31"/>
  <agent start_id="42" goal_id="17"/>
  <agent start_id="88" goal_id="153"/>
  <agent start_id="165" goal_id="181"/>
  <agent start_id="82" goal_id="104"/>
  <agent start_id="176" goal_id="169"/>
  <agent start_id="103" goal_id="146"/>
  <agent start_id="198" goal_id="38"/>
  <agent start_id="168" goal_id="64"/>
  <agent start_id="25" goal_id="196"/>
  <agent start_id="128" goal_id="177"/>
  <agent start_id="182" goal_id="0"/>
  <agent start_id="26" goal_id="159"/>
  <agent start_id="150" goal_id="145"/>
  <agent start_id="136" goal_id="172"/>
  <agent start_id="192" goal_id="103"/>
  <agent start_id="43" goal_id="139"/>
  <agent start_id="31" goal_id="36"/>
  <agent start_id="35" goal_id="94"/>
  <agent start_id="33" goal_id="19"/>
  <agent start_id="66" goal_id="8"/>
  <agent start_id="160" goal_id="5"/>
  <agent start_id="175" goal_id="54"/>
  <agent start_id="37" goal_id="138"/>
  <agent start_id="159" goal_id="1"/>
  <agent start_id="152" goal_id="111"/>
  <agent start_id="121" goal_id="88"/>
  <agent start_id="51" goal_id="199"/>
  <agent start_id="183" goal_id="186"/>
  <agent start_id="32" goal_id="2"/>
  <agent start_id="93" goal_id="106"/>
  <agent start_id="138" goal_id="183"/>
  <agent start_id="1" goal_id="97"/>
  <agent start_id="100" goal_id="66"/>
  <agent start_id="199" goal_id="125"/>
  <agent start_id="185" goal_id="113"/>
  <agent start_id="142" goal_id="132"/>
  <agent start_id="11" goal_id="6"/>
  <agent start_id="157" goal_id="37"/>
  <agent start_id="95" goal_id="158"/>
  <agent start_id="125" goal_id="180"/>
  <agent start_id="15" goal_id="47"/>
  <agent start_id="10" goal_id="77"/>
  <agent start_id="126" goal_id="120"/>
  <agent start_id="115" goal_id="34"/>
  <agent start_id="13" goal_id="68"/>
</root>
