<?xml version="1.0" ?>
<root>
  <agent start_id="7" goal_id="171"/>
  <agent start_id="94" goal_id="12"/>
  <agent start_id="143" goal_id="38"/>
  <agent start_id="80" goal_id="186"/>
  <agent start_id="136" goal_id="71"/>
  <agent start_id="52" goal_id="143"/>
  <agent start_id="115" goal_id="50"/>
  <agent start_id="129" goal_id="115"/>
  <agent start_id="168" goal_id="70"/>
  <agent start_id="121" goal_id="60"/>
  <agent start_id="15" goal_id="98"/>
  <agent start_id="23" goal_id="2"/>
  <agent start_id="0" goal_id="68"/>
  <agent start_id="63" goal_id="40"/>
  <agent start_id="127" goal_id="93"/>
  <agent start_id="75" goal_id="39"/>
  <agent start_id="178" goal_id="7"/>
  <agent start_id="19" goal_id="43"/>
  <agent start_id="55" goal_id="158"/>
  <agent start_id="191" goal_id="125"/>
  <agent start_id="47" goal_id="30"/>
  <agent start_id="102" goal_id="184"/>
  <agent start_id="133" goal_id="66"/>
  <agent start_id="138" goal_id="119"/>
  <agent start_id="76" goal_id="53"/>
  <agent start_id="59" goal_id="42"/>
  <agent start_id="78" goal_id="92"/>
  <agent start_id="68" goal_id="120"/>
  <agent start_id="105" goal_id="107"/>
  <agent start_id="97" goal_id="195"/>
  <agent start_id="37" goal_id="46"/>
  <agent start_id="99" goal_id="8"/>
  <agent start_id="38" goal_id="95"/>
  <agent start_id="184" goal_id="102"/>
  <agent start_id="42" goal_id="111"/>
  <agent start_id="149" goal_id="9"/>
  <agent start_id="86" goal_id="167"/>
  <agent start_id="6" goal_id="129"/>
  <agent start_id="81" goal_id="100"/>
  <agent start_id="124" goal_id="197"/>
  <agent start_id="54" goal_id="5"/>
  <agent start_id="175" goal_id="63"/>
  <agent start_id="33" goal_id="81"/>
  <agent start_id="177" goal_id="163"/>
  <agent start_id="88" goal_id="58"/>
  <agent start_id="118" goal_id="182"/>
  <agent start_id="22" goal_id="36"/>
  <agent start_id="13" goal_id="106"/>
  <agent start_id="183" goal_id="48"/>
  <agent start_id="182" goal_id="10"/>
</root>
