<?xml version="1.0" ?>
<root>
  <agent start_id="15" goal_id="101"/>
  <agent start_id="106" goal_id="65"/>
  <agent start_id="156" goal_id="87"/>
  <agent start_id="45" goal_id="34"/>
  <agent start_id="131" goal_id="173"/>
  <agent start_id="189" goal_id="69"/>
  <agent start_id="173" goal_id="159"/>
  <agent start_id="72" goal_id="100"/>
  <agent start_id="101" goal_id="118"/>
  <agent start_id="164" goal_id="120"/>
  <agent start_id="123" goal_id="61"/>
  <agent start_id="149" goal_id="138"/>
  <agent start_id="197" goal_id="158"/>
  <agent start_id="136" goal_id="115"/>
  <agent start_id="103" goal_id="28"/>
  <agent start_id="74" goal_id="18"/>
  <agent start_id="154" goal_id="155"/>
  <agent start_id="134" goal_id="145"/>
  <agent start_id="107" goal_id="117"/>
  <agent start_id="158" goal_id="6"/>
  <agent start_id="195" goal_id="49"/>
  <agent start_id="44" goal_id="149"/>
  <agent start_id="50" goal_id="57"/>
  <agent start_id="172" goal_id="83"/>
  <agent start_id="95" goal_id="108"/>
  <agent start_id="105" goal_id="30"/>
  <agent start_id="128" goal_id="180"/>
  <agent start_id="89" goal_id="196"/>
  <agent start_id="66" goal_id="32"/>
  <agent start_id="68" goal_id="151"/>
  <agent start_id="20" goal_id="182"/>
  <agent start_id="171" goal_id="110"/>
  <agent start_id="118" goal_id="113"/>
  <agent start_id="115" goal_id="142"/>
  <agent start_id="78" goal_id="14"/>
  <agent start_id="14" goal_id="194"/>
  <agent start_id="73" goal_id="50"/>
  <agent start_id="30" goal_id="184"/>
  <agent start_id="139" goal_id="191"/>
  <agent start_id="122" goal_id="20"/>
  <agent start_id="48" goal_id="131"/>
  <agent start_id="199" goal_id="157"/>
  <agent start_id="11" goal_id="144"/>
  <agent start_id="112" goal_id="98"/>
  <agent start_id="96" goal_id="187"/>
  <agent start_id="86" goal_id="42"/>
  <agent start_id="167" goal_id="1"/>
  <agent start_id="32" goal_id="89"/>
  <agent start_id="39" goal_id="181"/>
  <agent start_id="159" goal_id="177"/>
</root>
