<?xml version="1.0" ?>
<root>
  <agent start_id="198" goal_id="77"/>
  <agent start_id="34" goal_id="182"/>
  <agent start_id="102" goal_id="145"/>
  <agent start_id="12" goal_id="65"/>
  <agent start_id="95" goal_id="194"/>
  <agent start_id="125" goal_id="41"/>
  <agent start_id="84" goal_id="75"/>
  <agent start_id="97" goal_id="1"/>
  <agent start_id="109" goal_id="101"/>
  <agent start_id="19" goal_id="147"/>
  <agent start_id="54" goal_id="160"/>
  <agent start_id="94" goal_id="76"/>
  <agent start_id="79" goal_id="106"/>
  <agent start_id="138" goal_id="131"/>
  <agent start_id="59" goal_id="116"/>
  <agent start_id="114" goal_id="122"/>
  <agent start_id="6" goal_id="53"/>
  <agent start_id="14" goal_id="140"/>
  <agent start_id="83" goal_id="12"/>
  <agent start_id="77" goal_id="99"/>
  <agent start_id="41" goal_id="196"/>
  <agent start_id="112" goal_id="153"/>
  <agent start_id="57" goal_id="105"/>
  <agent start_id="170" goal_id="73"/>
  <agent start_id="167" goal_id="173"/>
  <agent start_id="55" goal_id="172"/>
  <agent start_id="175" goal_id="0"/>
  <agent start_id="144" goal_id="35"/>
  <agent start_id="184" goal_id="24"/>
  <agent start_id="131" goal_id="6"/>
  <agent start_id="16" goal_id="142"/>
  <agent start_id="87" goal_id="134"/>
  <agent start_id="104" goal_id="178"/>
  <agent start_id="26" goal_id="23"/>
  <agent start_id="161" goal_id="80"/>
  <agent start_id="91" goal_id="170"/>
  <agent start_id="169" goal_id="117"/>
  <agent start_id="123" goal_id="174"/>
  <agent start_id="80" goal_id="36"/>
  <agent start_id="20" goal_id="27"/>
  <agent start_id="110" goal_id="136"/>
  <agent start_id="51" goal_id="108"/>
  <agent start_id="186" goal_id="144"/>
  <agent start_id="178" goal_id="93"/>
  <agent start_id="46" goal_id="28"/>
  <agent start_id="98" goal_id="44"/>
  <agent start_id="129" goal_id="155"/>
  <agent start_id="188" goal_id="141"/>
  <agent start_id="48" goal_id="112"/>
  <agent start_id="180" goal_id="32"/>
</root>
