<?xml version="1.0" ?>
<root>
  <agent start_id="155" goal_id="101"/>
  <agent start_id="96" goal_id="78"/>
  <agent start_id="153" goal_id="108"/>
  <agent start_id="129" goal_id="143"/>
  <agent start_id="25" goal_id="180"/>
  <agent start_id="169" goal_id="150"/>
  <agent start_id="76" goal_id="87"/>
  <agent start_id="183" goal_id="97"/>
  <agent start_id="146" goal_id="21"/>
  <agent start_id="59" goal_id="123"/>
  <agent start_id="118" goal_id="53"/>
  <agent start_id="167" goal_id="157"/>
  <agent start_id="132" goal_id="83"/>
  <agent start_id="77" goal_id="172"/>
  <agent start_id="192" goal_id="35"/>
  <agent start_id="1" goal_id="72"/>
  <agent start_id="28" goal_id="42"/>
  <agent start_id="89" goal_id="27"/>
  <agent start_id="46" goal_id="159"/>
  <agent start_id="72" goal_id="154"/>
  <agent start_id="66" goal_id="66"/>
  <agent start_id="70" goal_id="17"/>
  <agent start_id="120" goal_id="124"/>
  <agent start_id="108" goal_id="127"/>
  <agent start_id="154" goal_id="12"/>
  <agent start_id="123" goal_id="7"/>
  <agent start_id="134" goal_id="138"/>
  <agent start_id="81" goal_id="187"/>
  <agent start_id="87" goal_id="43"/>
  <agent start_id="165" goal_id="84"/>
  <agent start_id="64" goal_id="5"/>
  <agent start_id="35" goal_id="59"/>
  <agent start_id="187" goal_id="50"/>
  <agent start_id="157" goal_id="3"/>
  <agent start_id="27" goal_id="146"/>
  <agent start_id="186" goal_id="139"/>
  <agent start_id="191" goal_id="184"/>
  <agent start_id="111" goal_id="116"/>
  <agent start_id="85" goal_id="75"/>
  <agent start_id="174" goal_id="197"/>
  <agent start_id="114" goal_id="61"/>
  <agent start_id="104" goal_id="155"/>
  <agent start_id="9" goal_id="118"/>
  <agent start_id="106" goal_id="186"/>
  <agent start_id="41" goal_id="176"/>
  <agent start_id="82" goal_id="0"/>
  <agent start_id="52" goal_id="69"/>
  <agent start_id="0" goal_id="195"/>
  <agent start_id="173" goal_id="28"/>
  <agent start_id="151" goal_id="133"/>
</root>
