<?xml version="1.0" ?>
<root>
  <agent start_id="180" goal_id="67"/>
  <agent start_id="189" goal_id="16"/>
  <agent start_id="68" goal_id="133"/>
  <agent start_id="19" goal_id="155"/>
  <agent start_id="163" goal_id="136"/>
  <agent start_id="36" goal_id="171"/>
  <agent start_id="130" goal_id="4"/>
  <agent start_id="161" goal_id="66"/>
  <agent start_id="177" goal_id="160"/>
  <agent start_id="66" goal_id="82"/>
  <agent start_id="108" goal_id="138"/>
  <agent start_id="61" goal_id="191"/>
  <agent start_id="22" goal_id="31"/>
  <agent start_id="167" goal_id="21"/>
  <agent start_id="195" goal_id="101"/>
  <agent start_id="171" goal_id="127"/>
  <agent start_id="115" goal_id="125"/>
  <agent start_id="51" goal_id="92"/>
  <agent start_id="15" goal_id="129"/>
  <agent start_id="17" goal_id="33"/>
  <agent start_id="199" goal_id="28"/>
  <agent start_id="182" goal_id="118"/>
  <agent start_id="196" goal_id="90"/>
  <agent start_id="117" goal_id="192"/>
  <agent start_id="99" goal_id="100"/>
  <agent start_id="98" goal_id="184"/>
  <agent start_id="145" goal_id="15"/>
  <agent start_id="140" goal_id="163"/>
  <agent start_id="35" goal_id="5"/>
  <agent start_id="1" goal_id="149"/>
  <agent start_id="137" goal_id="71"/>
  <agent start_id="139" goal_id="165"/>
  <agent start_id="125" goal_id="13"/>
  <agent start_id="106" goal_id="58"/>
  <agent start_id="64" goal_id="120"/>
  <agent start_id="10" goal_id="104"/>
  <agent start_id="7" goal_id="148"/>
  <agent start_id="191" goal_id="152"/>
  <agent start_id="85" goal_id="196"/>
  <agent start_id="149" goal_id="95"/>
  <agent start_id="127" goal_id="85"/>
  <agent start_id="12" goal_id="117"/>
  <agent start_id="82" goal_id="180"/>
  <agent start_id="37" goal_id="139"/>
  <agent start_id="132" goal_id="42"/>
  <agent start_id="109" goal_id="141"/>
  <agent start_id="121" goal_id="19"/>
  <agent start_id="49" goal_id="87"/>
  <agent start_id="118" goal_id="108"/>
  <agent start_id="158" goal_id="130"/>
</root>
