<?xml version="1.0" ?>
<root>
  <agent start_id="76" goal_id="0"/>
  <agent start_id="97" goal_id="187"/>
  <agent start_id="178" goal_id="124"/>
  <agent start_id="109" goal_id="22"/>
  <agent start_id="29" goal_id="104"/>
  <agent start_id="54" goal_id="78"/>
  <agent start_id="51" goal_id="64"/>
  <agent start_id="128" goal_id="39"/>
  <agent start_id="28" goal_id="70"/>
  <agent start_id="93" goal_id="147"/>
  <agent start_id="0" goal_id="67"/>
  <agent start_id="83" goal_id="186"/>
  <agent start_id="180" goal_id="156"/>
  <agent start_id="145" goal_id="149"/>
  <agent start_id="102" goal_id="172"/>
  <agent start_id="134" goal_id="42"/>
  <agent start_id="37" goal_id="56"/>
  <agent start_id="192" goal_id="171"/>
  <agent start_id="63" goal_id="6"/>
  <agent start_id="95" goal_id="29"/>
  <agent start_id="174" goal_id="184"/>
  <agent start_id="154" goal_id="165"/>
  <agent start_id="72" goal_id="148"/>
  <agent start_id="12" goal_id="102"/>
  <agent start_id="123" goal_id="30"/>
  <agent start_id="81" goal_id="150"/>
  <agent start_id="16" goal_id="35"/>
  <agent start_id="159" goal_id="11"/>
  <agent start_id="173" goal_id="123"/>
  <agent start_id="11" goal_id="173"/>
  <agent start_id="47" goal_id="5"/>
  <agent start_id="107" goal_id="195"/>
  <agent start_id="189" goal_id="157"/>
  <agent start_id="86" goal_id="96"/>
  <agent start_id="73" goal_id="189"/>
  <agent start_id="155" goal_id="48"/>
  <agent start_id="147" goal_id="40"/>
  <agent start_id="33" goal_id="180"/>
  <agent start_id="25" goal_id="109"/>
  <agent start_id="58" goal_id="117"/>
  <agent start_id="114" goal_id="4"/>
  <agent start_id="18" goal_id="28"/>
  <agent start_id="24" goal_id="196"/>
  <agent start_id="120" goal_id="66"/>
  <agent start_id="113" goal_id="7"/>
  <agent start_id="88" goal_id="110"/>
  <agent start_id="7" goal_id="115"/>
  <agent start_id="46" goal_id="68"/>
  <agent start_id="66" goal_id="80"/>
  <agent start_id="163" goal_id="144"/>
</root>
