<?xml version="1.0" ?>
<root>
  <agent start_id="191" goal_id="164"/>
  <agent start_id="12" goal_id="159"/>
  <agent start_id="27" goal_id="20"/>
  <agent start_id="148" goal_id="93"/>
  <agent start_id="2" goal_id="8"/>
  <agent start_id="78" goal_id="131"/>
  <agent start_id="187" goal_id="65"/>
  <agent start_id="68" goal_id="142"/>
  <agent start_id="109" goal_id="198"/>
  <agent start_id="82" goal_id="194"/>
  <agent start_id="137" goal_id="88"/>
  <agent start_id="194" goal_id="25"/>
  <agent start_id="84" goal_id="182"/>
  <agent start_id="23" goal_id="163"/>
  <agent start_id="60" goal_id="61"/>
  <agent start_id="45" goal_id="154"/>
  <agent start_id="10" goal_id="10"/>
  <agent start_id="11" goal_id="50"/>
  <agent start_id="197" goal_id="57"/>
  <agent start_id="41" goal_id="168"/>
  <agent start_id="97" goal_id="128"/>
  <agent start_id="80" goal_id="176"/>
  <agent start_id="36" goal_id="113"/>
  <agent start_id="162" goal_id="98"/>
  <agent start_id="172" goal_id="118"/>
  <agent start_id="157" goal_id="104"/>
  <agent start_id="29" goal_id="173"/>
  <agent start_id="163" goal_id="102"/>
  <agent start_id="85" goal_id="124"/>
  <agent start_id="71" goal_id="140"/>
  <agent start_id="64" goal_id="178"/>
  <agent start_id="142" goal_id="150"/>
  <agent start_id="21" goal_id="11"/>
  <agent start_id="129" goal_id="19"/>
  <agent start_id="145" goal_id="82"/>
  <agent start_id="4" goal_id="26"/>
  <agent start_id="94" goal_id="156"/>
  <agent start_id="125" goal_id="35"/>
  <agent start_id="58" goal_id="29"/>
  <agent start_id="119" goal_id="73"/>
  <agent start_id="133" goal_id="18"/>
  <agent start_id="135" goal_id="7"/>
  <agent start_id="15" goal_id="52"/>
  <agent start_id="131" goal_id="189"/>
  <agent start_id="88" goal_id="193"/>
  <agent start_id="114" goal_id="44"/>
  <agent start_id="33" goal_id="139"/>
  <agent start_id="147" goal_id="21"/>
  <agent start_id="103" goal_id="106"/>
  <agent start_id="20" goal_id="17"/>
</root>
