<?xml version="1.0" ?>
<root>
  <agent start_id="5" goal_id="89"/>
  <agent start_id="63" goal_id="92"/>
  <agent start_id="175" goal_id="160"/>
  <agent start_id="105" goal_id="125"/>
  <agent start_id="60" goal_id="7"/>
  <agent start_id="108" goal_id="68"/>
  <agent start_id="27" goal_id="38"/>
  <agent start_id="172" goal_id="122"/>
  <agent start_id="125" goal_id="135"/>
  <agent start_id="155" goal_id="141"/>
  <agent start_id="72" goal_id="64"/>
  <agent start_id="197" goal_id="185"/>
  <agent start_id="187" goal_id="114"/>
  <agent start_id="78" goal_id="78"/>
  <agent start_id="183" goal_id="120"/>
  <agent start_id="191" goal_id="149"/>
  <agent start_id="99" goal_id="33"/>
  <agent start_id="193" goal_id="20"/>
  <agent start_id="89" goal_id="164"/>
  <agent start_id="74" goal_id="70"/>
  <agent start_id="11" goal_id="189"/>
  <agent start_id="140" goal_id="13"/>
  <agent start_id="49" goal_id="172"/>
  <agent start_id="169" goal_id="21"/>
  <agent start_id="76" goal_id="22"/>
  <agent start_id="97" goal_id="159"/>
  <agent start_id="85" goal_id="101"/>
  <agent start_id="48" goal_id="118"/>
  <agent start_id="37" goal_id="81"/>
  <agent start_id="134" goal_id="45"/>
  <agent start_id="104" goal_id="0"/>
  <agent start_id="198" goal_id="53"/>
  <agent start_id="34" goal_id="109"/>
  <agent start_id="165" goal_id="129"/>
  <agent start_id="167" goal_id="27"/>
  <agent start_id="29" goal_id="74"/>
  <agent start_id="24" goal_id="153"/>
  <agent start_id="118" goal_id="142"/>
  <agent start_id="115" goal_id="150"/>
  <agent start_id="59" goal_id="181"/>
  <agent start_id="23" goal_id="60"/>
  <agent start_id="179" goal_id="103"/>
  <agent start_id="122" goal_id="199"/>
  <agent start_id="162" goal_id="126"/>
  <agent start_id="163" goal_id="56"/>
  <agent start_id="156" goal_id="137"/>
  <agent start_id="52" goal_id="44"/>
  <agent start_id="80" goal_id="35"/>
  <agent start_id="190" goal_id="42"/>
  <agent start_id="133" goal_id="180"/>
</root>
