<?xml version="1.0" ?>
<root>
  <agent start_id="73" goal_id="167"/>
  <agent start_id="5" goal_id="86"/>
  <agent start_id="101" goal_id="79"/>
  <agent start_id="103" goal_id="101"/>
  <agent start_id="66" goal_id="45"/>
  <agent start_id="72" goal_id="189"/>
  <agent start_id="11" goal_id="67"/>
  <agent start_id="17" goal_id="54"/>
  <agent start_id="25" goal_id="53"/>
  <agent start_id="188" goal_id="92"/>
  <agent start_id="112" goal_id="83"/>
  <agent start_id="54" goal_id="133"/>
  <agent start_id="21" goal_id="195"/>
  <agent start_id="186" goal_id="132"/>
  <agent start_id="142" goal_id="2"/>
  <agent start_id="164" goal_id="75"/>
  <agent start_id="138" goal_id="187"/>
  <agent start_id="28" goal_id="64"/>
  <agent start_id="125" goal_id="139"/>
  <agent start_id="130" goal_id="57"/>
  <agent start_id="51" goal_id="193"/>
  <agent start_id="189" goal_id="41"/>
  <agent start_id="76" goal_id="151"/>
  <agent start_id="95" goal_id="22"/>
  <agent start_id="77" goal_id="9"/>
  <agent start_id="68" goal_id="158"/>
  <agent start_id="123" goal_id="46"/>
  <agent start_id="64" goal_id="125"/>
  <agent start_id="86" goal_id="172"/>
  <agent start_id="24" goal_id="6"/>
  <agent start_id="132" goal_id="131"/>
  <agent start_id="79" goal_id="49"/>
  <agent start_id="182" goal_id="91"/>
  <agent start_id="139" goal_id="82"/>
  <agent start_id="2" goal_id="180"/>
  <agent start_id="179" goal_id="3"/>
  <agent start_id="149" goal_id="199"/>
  <agent start_id="1" goal_id="120"/>
  <agent start_id="81" goal_id="56"/>
  <agent start_id="133" goal_id="103"/>
  <agent start_id="91" goal_id="117"/>
  <agent start_id="58" goal_id="70"/>
  <agent start_id="110" goal_id="97"/>
  <agent start_id="9" goal_id="177"/>
  <agent start_id="42" goal_id="76"/>
  <agent start_id="195" goal_id="5"/>
  <agent start_id="8" goal_id="162"/>
  <agent start_id="197" goal_id="129"/>
  <agent start_id="159" goal_id="110"/>
  <agent start_id="16" goal_id="39"/>
</root>
