<?xml version="1.0" ?>
<root>
  <agent start_id="186" goal_id="161"/>
  <agent start_id="66" goal_id="90"/>
  <agent start_id="168" goal_id="3"/>
  <agent start_id="14" goal_id="2"/>
  <agent start_id="187" goal_id="117"/>
  <agent start_id="195" goal_id="21"/>
  <agent start_id="153" goal_id="29"/>
  <agent start_id="4" goal_id="184"/>
  <agent start_id="68" goal_id="180"/>
  <agent start_id="135" goal_id="108"/>
  <agent start_id="156" goal_id="31"/>
  <agent start_id="19" goal_id="38"/>
  <agent start_id="123" goal_id="64"/>
  <agent start_id="141" goal_id="94"/>
  <agent start_id="162" goal_id="78"/>
  <agent start_id="84" goal_id="6"/>
  <agent start_id="89" goal_id="54"/>
  <agent start_id="134" goal_id="55"/>
  <agent start_id="169" goal_id="159"/>
  <agent start_id="95" goal_id="190"/>
  <agent start_id="7" goal_id="83"/>
  <agent start_id="41" goal_id="135"/>
  <agent start_id="32" goal_id="114"/>
  <agent start_id="40" goal_id="0"/>
  <agent start_id="77" goal_id="127"/>
  <agent start_id="126" goal_id="146"/>
  <agent start_id="163" goal_id="52"/>
  <agent start_id="132" goal_id="36"/>
  <agent start_id="11" goal_id="140"/>
  <agent start_id="0" goal_id="133"/>
  <agent start_id="99" goal_id="63"/>
  <agent start_id="157" goal_id="123"/>
  <agent start_id="24" goal_id="27"/>
  <agent start_id="105" goal_id="67"/>
  <agent start_id="51" goal_id="65"/>
  <agent start_id="125" goal_id="186"/>
  <agent start_id="133" goal_id="16"/>
  <agent start_id="176" goal_id="86"/>
  <agent start_id="98" goal_id="17"/>
  <agent start_id="184" goal_id="171"/>
  <agent start_id="180" goal_id="70"/>
  <agent start_id="83" goal_id="100"/>
  <agent start_id="139" goal_id="119"/>
  <agent start_id="6" goal_id="20"/>
  <agent start_id="74" goal_id="101"/>
  <agent start_id="17" goal_id="39"/>
  <agent start_id="8" goal_id="124"/>
  <agent start_id="177" goal_id="178"/>
  <agent start_id="57" goal_id="76"/>
  <agent start_id="192" goal_id="42"/>
</root>
