<?xml version="1.0" ?>
<root>
  <agent start_id="179" goal_id="42"/>
  <agent start_id="95" goal_id="32"/>
  <agent start_id="22" goal_id="172"/>
  <agent start_id="34" goal_id="189"/>
  <agent start_id="36" goal_id="136"/>
  <agent start_id="91" goal_id="96"/>
  <agent start_id="149" goal_id="23"/>
  <agent start_id="55" goal_id="15"/>
  <agent start_id="3" goal_id="88"/>
  <agent start_id="93" goal_id="153"/>
  <agent start_id="126" goal_id="65"/>
  <agent start_id="73" goal_id="84"/>
  <agent start_id="129" goal_id="103"/>
  <agent start_id="82" goal_id="91"/>
  <agent start_id="15" goal_id="147"/>
  <agent start_id="83" goal_id="199"/>
  <agent start_id="50" goal_id="27"/>
  <agent start_id="18" goal_id="59"/>
  <agent start_id="185" goal_id="119"/>
  <agent start_id="81" goal_id="105"/>
  <agent start_id="141" goal_id="93"/>
  <agent start_id="161" goal_id="184"/>
  <agent start_id="144" goal_id="110"/>
  <agent start_id="85" goal_id="102"/>
  <agent start_id="98" goal_id="197"/>
  <agent start_id="146" goal_id="165"/>
  <agent start_id="196" goal_id="77"/>
  <agent start_id="119" goal_id="4"/>
  <agent start_id="72" goal_id="98"/>
  <agent start_id="62" goal_id="1"/>
  <agent start_id="105" goal_id="179"/>
  <agent start_id="188" goal_id="82"/>
  <agent start_id="94" goal_id="114"/>
  <agent start_id="160" goal_id="174"/>
  <agent start_id="175" goal_id="181"/>
  <agent start_id="156" goal_id="124"/>
  <agent start_id="77" goal_id="40"/>
  <agent start_id="88" goal_id="148"/>
  <agent start_id="47" goal_id="18"/>
  <agent start_id="193" goal_id="125"/>
  <agent start_id="103" goal_id="11"/>
  <agent start_id="173" goal_id="63"/>
  <agent start_id="68" goal_id="120"/>
  <agent start_id="150" goal_id="36"/>
  <agent start_id="78" goal_id="107"/>
  <agent start_id="26" goal_id="141"/>
  <agent start_id="138" goal_id="115"/>
  <agent start_id="63" goal_id="6"/>
  <agent start_id="148" goal_id="50"/>
  <agent start_id="71" goal_id="186"/>
</root>
