<?xml version="1.0" ?>
<root>
  <agent start_id="76" goal_id="185"/>
  <agent start_id="142" goal_id="176"/>
  <agent start_id="192" goal_id="170"/>
  <agent start_id="120" goal_id="15"/>
  <agent start_id="191" goal_id="98"/>
  <agent start_id="117" goal_id="151"/>
  <agent start_id="196" goal_id="49"/>
  <agent start_id="6" goal_id="173"/>
  <agent start_id="96" goal_id="85"/>
  <agent start_id="154" goal_id="194"/>
  <agent start_id="1" goal_id="196"/>
  <agent start_id="168" goal_id="55"/>
  <agent start_id="30" goal_id="5"/>
  <agent start_id="111" goal_id="67"/>
  <agent start_id="82" goal_id="39"/>
  <agent start_id="14" goal_id="188"/>
  <agent start_id="62" goal_id="88"/>
  <agent start_id="134" goal_id="90"/>
  <agent start_id="189" goal_id="175"/>
  <agent start_id="17" goal_id="43"/>
  <agent start_id="22" goal_id="1"/>
  <agent start_id="151" goal_id="128"/>
  <agent start_id="193" goal_id="62"/>
  <agent start_id="25" goal_id="32"/>
  <agent start_id="73" goal_id="132"/>
  <agent start_id="135" goal_id="58"/>
  <agent start_id="43" goal_id="182"/>
  <agent start_id="102" goal_id="51"/>
  <agent start_id="47" goal_id="192"/>
  <agent start_id="4" goal_id="91"/>
  <agent start_id="103" goal_id="69"/>
  <agent start_id="165" goal_id="152"/>
  <agent start_id="84" goal_id="164"/>
  <agent start_id="69" goal_id="22"/>
  <agent start_id="109" goal_id="144"/>
  <agent start_id="78" goal_id="119"/>
  <agent start_id="163" goal_id="167"/>
  <agent start_id="178" goal_id="159"/>
  <agent start_id="54" goal_id="184"/>
  <agent start_id="36" goal_id="141"/>
  <agent start_id="166" goal_id="104"/>
  <agent start_id="182" goal_id="74"/>
  <agent start_id="89" goal_id="101"/>
  <agent start_id="173" goal_id="131"/>
  <agent start_id="70" goal_id="117"/>
  <agent start_id="90" goal_id="9"/>
  <agent start_id="123" goal_id="165"/>
  <agent start_id="33" goal_id="8"/>
  <agent start_id="150" goal_id="50"/>
  <agent start_id="194" goal_id="100"/>
</root>
