<?xml version="1.0" ?>
<root>
  <agent start_id="32" goal_id="75"/>
  <agent start_id="126" goal_id="125"/>
  <agent start_id="154" goal_id="166"/>
  <agent start_id="2" goal_id="192"/>
  <agent start_id="134" goal_id="173"/>
  <agent start_id="114" goal_id="22"/>
  <agent start_id="77" goal_id="33"/>
  <agent start_id="44" goal_id="164"/>
  <agent start_id="98" goal_id="16"/>
  <agent start_id="96" goal_id="69"/>
  <agent start_id="162" goal_id="118"/>
  <agent start_id="118" goal_id="39"/>
  <agent start_id="180" goal_id="119"/>
  <agent start_id="156" goal_id="194"/>
  <agent start_id="14" goal_id="61"/>
  <agent start_id="131" goal_id="14"/>
  <agent start_id="175" goal_id="73"/>
  <agent start_id="102" goal_id="11"/>
  <agent start_id="159" goal_id="190"/>
  <agent start_id="36" goal_id="24"/>
  <agent start_id="27" goal_id="117"/>
  <agent start_id="116" goal_id="83"/>
  <agent start_id="157" goal_id="112"/>
  <agent start_id="70" goal_id="26"/>
  <agent start_id="148" goal_id="65"/>
  <agent start_id="28" goal_id="176"/>
  <agent start_id="50" goal_id="98"/>
  <agent start_id="71" goal_id="131"/>
  <agent start_id="179" goal_id="101"/>
  <agent start_id="24" goal_id="105"/>
  <agent start_id="18" goal_id="41"/>
  <agent start_id="40" goal_id="157"/>
  <agent start_id="81" goal_id="148"/>
  <agent start_id="150" goal_id="147"/>
  <agent start_id="120" goal_id="165"/>
  <agent start_id="140" goal_id="177"/>
  <agent start_id="153" goal_id="100"/>
  <agent start_id="135" goal_id="96"/>
  <agent start_id="9" goal_id="87"/>
  <agent start_id="197" goal_id="178"/>
  <agent start_id="123" goal_id="12"/>
  <agent start_id="139" goal_id="185"/>
  <agent start_id="170" goal_id="154"/>
  <agent start_id="54" goal_id="183"/>
  <agent start_id="128" goal_id="50"/>
  <agent start_id="186" goal_id="150"/>
  <agent start_id="5" goal_id="153"/>
  <agent start_id="61" goal_id="66"/>
  <agent start_id="42" goal_id="20"/>
  <agent start_id="103" goal_id="139"/>
</root>
