<?xml version="1.0" ?>
<root>
  <agent start_id="36" goal_id="160"/>
  <agent start_id="0" goal_id="92"/>
  <agent start_id="50" goal_id="118"/>
  <agent start_id="182" goal_id="82"/>
  <agent start_id="13" goal_id="98"/>
  <agent start_id="127" goal_id="39"/>
  <agent start_id="58" goal_id="178"/>
  <agent start_id="8" goal_id="53"/>
  <agent start_id="175" goal_id="77"/>
  <agent start_id="191" goal_id="54"/>
  <agent start_id="147" goal_id="125"/>
  <agent start_id="158" goal_id="69"/>
  <agent start_id="74" goal_id="158"/>
  <agent start_id="161" goal_id="49"/>
  <agent start_id="48" goal_id="105"/>
  <agent start_id="144" goal_id="157"/>
  <agent start_id="111" goal_id="165"/>
  <agent start_id="42" goal_id="48"/>
  <agent start_id="16" goal_id="130"/>
  <agent start_id="95" goal_id="12"/>
  <agent start_id="9" goal_id="4"/>
  <agent start_id="5" goal_id="50"/>
  <agent start_id="195" goal_id="126"/>
  <agent start_id="141" goal_id="100"/>
  <agent start_id="129" goal_id="163"/>
  <agent start_id="25" goal_id="27"/>
  <agent start_id="64" goal_id="61"/>
  <agent start_id="135" goal_id="45"/>
  <agent start_id="83" goal_id="133"/>
  <agent start_id="3" goal_id="99"/>
  <agent start_id="183" goal_id="23"/>
  <agent start_id="27" goal_id="5"/>
  <agent start_id="51" goal_id="122"/>
  <agent start_id="186" goal_id="191"/>
  <agent start_id="70" goal_id="38"/>
  <agent start_id="123" goal_id="32"/>
  <agent start_id="81" goal_id="41"/>
  <agent start_id="171" goal_id="17"/>
  <agent start_id="189" goal_id="46"/>
  <agent start_id="177" goal_id="150"/>
  <agent start_id="60" goal_id="143"/>
  <agent start_id="102" goal_id="76"/>
  <agent start_id="82" goal_id="141"/>
  <agent start_id="87" goal_id="155"/>
  <agent start_id="19" goal_id="20"/>
  <agent start_id="165" goal_id="108"/>
  <agent start_id="76" goal_id="124"/>
  <agent start_id="112" goal_id="86"/>
  <agent start_id="192" goal_id="132"/>
  <agent start_id="68" goal_id="7"/>
</root>
