<?xml version="1.0" ?>
<root>
  <agent start_id="15" goal_id="113"/>
  <agent start_id="5" goal_id="53"/>
  <agent start_id="12" goal_id="195"/>
  <agent start_id="25" goal_id="137"/>
  <agent start_id="76" goal_id="68"/>
  <agent start_id="127" goal_id="114"/>
  <agent start_id="184" goal_id="56"/>
  <agent start_id="116" goal_id="147"/>
  <agent start_id="173" goal_id="13"/>
  <agent start_id="51" goal_id="166"/>
  <agent start_id="27" goal_id="66"/>
  <agent start_id="86" goal_id="108"/>
  <agent start_id="136" goal_id="198"/>
  <agent start_id="138" goal_id="125"/>
  <agent start_id="4" goal_id="94"/>
  <agent start_id="79" goal_id="181"/>
  <agent start_id="144" goal_id="177"/>
  <agent start_id="69" goal_id="139"/>
  <agent start_id="7" goal_id="21"/>
  <agent start_id="80" goal_id="123"/>
  <agent start_id="100" goal_id="184"/>
  <agent start_id="46" goal_id="156"/>
  <agent start_id="178" goal_id="38"/>
  <agent start_id="130" goal_id="124"/>
  <agent start_id="197" goal_id="33"/>
  <agent start_id="10" goal_id="127"/>
  <agent start_id="190" goal_id="196"/>
  <agent start_id="18" goal_id="15"/>
  <agent start_id="104" goal_id="87"/>
  <agent start_id="2" goal_id="30"/>
  <agent start_id="158" goal_id="45"/>
  <agent start_id="17" goal_id="60"/>
  <agent start_id="169" goal_id="174"/>
  <agent start_id="56" goal_id="19"/>
  <agent start_id="41" goal_id="141"/>
  <agent start_id="157" goal_id="144"/>
  <agent start_id="64" goal_id="193"/>
  <agent start_id="82" goal_id="80"/>
  <agent start_id="58" goal_id="132"/>
  <agent start_id="83" goal_id="163"/>
  <agent start_id="195" goal_id="75"/>
  <agent start_id="29" goal_id="130"/>
  <agent start_id="160" goal_id="4"/>
  <agent start_id="110" goal_id="83"/>
  <agent start_id="0" goal_id="158"/>
  <agent start_id="49" goal_id="78"/>
  <agent start_id="183" goal_id="76"/>
  <agent start_id="72" goal_id="188"/>
  <agent start_id="102" goal_id="119"/>
  <agent start_id="105" goal_id="82"/>
</root>
