<?xml version="1.0" ?>
<root>
  <agent start_id="150" goal_id="82"/>
  <agent start_id="172" goal_id="103"/>
  <agent start_id="145" goal_id="142"/>
  <agent start_id="17" goal_id="43"/>
  <agent start_id="194" goal_id="50"/>
  <agent start_id="45" goal_id="24"/>
  <agent start_id="59" goal_id="129"/>
  <agent start_id="146" goal_id="34"/>
  <agent start_id="187" goal_id="56"/>
  <agent start_id="111" goal_id="171"/>
  <agent start_id="9" goal_id="72"/>
  <agent start_id="53" goal_id="137"/>
  <agent start_id="106" goal_id="187"/>
  <agent start_id="131" goal_id="92"/>
  <agent start_id="74" goal_id="90"/>
  <agent start_id="135" goal_id="121"/>
  <agent start_id="56" goal_id="59"/>
  <agent start_id="98" goal_id="126"/>
  <agent start_id="48" goal_id="131"/>
  <agent start_id="89" goal_id="155"/>
  <agent start_id="124" goal_id="16"/>
  <agent start_id="10" goal_id="119"/>
  <agent start_id="121" goal_id="61"/>
  <agent start_id="71" goal_id="173"/>
  <agent start_id="175" goal_id="23"/>
  <agent start_id="165" goal_id="118"/>
  <agent start_id="81" goal_id="57"/>
  <agent start_id="51" goal_id="79"/>
  <agent start_id="75" goal_id="74"/>
  <agent start_id="1" goal_id="195"/>
  <agent start_id="70" goal_id="66"/>
  <agent start_id="49" goal_id="1"/>
  <agent start_id="128" goal_id="69"/>
  <agent start_id="26" goal_id="174"/>
  <agent start_id="46" goal_id="7"/>
  <agent start_id="134" goal_id="167"/>
  <agent start_id="62" goal_id="140"/>
  <agent start_id="169" goal_id="169"/>
  <agent start_id="171" goal_id="153"/>
  <agent start_id="123" goal_id="30"/>
  <agent start_id="68" goal_id="17"/>
  <agent start_id="18" goal_id="14"/>
  <agent start_id="13" goal_id="96"/>
  <agent start_id="40" goal_id="114"/>
  <agent start_id="152" goal_id="182"/>
  <agent start_id="34" goal_id="148"/>
  <agent start_id="24" goal_id="191"/>
  <agent start_id="173" goal_id="192"/>
  <agent start_id="96" goal_id="12"/>
  <agent start_id="112" goal_id="87"/>
</root>
