<?xml version="1.0" ?>
<root>
  <agent start_id="16" goal_id="163"/>
  <agent start_id="167" goal_id="39"/>
  <agent start_id="22" goal_id="53"/>
  <agent start_id="134" goal_id="100"/>
  <agent start_id="77" goal_id="31"/>
  <agent start_id="73" goal_id="99"/>
  <agent start_id="129" goal_id="10"/>
  <agent start_id="66" goal_id="153"/>
  <agent start_id="120" goal_id="49"/>
  <agent start_id="171" goal_id="194"/>
  <agent start_id="111" goal_id="50"/>
  <agent start_id="91" goal_id="185"/>
  <agent start_id="197" goal_id="125"/>
  <agent start_id="156" goal_id="114"/>
  <agent start_id="142" goal_id="119"/>
  <agent start_id="116" goal_id="175"/>
  <agent start_id="60" goal_id="96"/>
  <agent start_id="106" goal_id="32"/>
  <agent start_id="49" goal_id="134"/>
  <agent start_id="190" goal_id="179"/>
  <agent start_id="63" goal_id="108"/>
  <agent start_id="19" goal_id="45"/>
  <agent start_id="8" goal_id="195"/>
  <agent start_id="84" goal_id="172"/>
  <agent start_id="37" goal_id="66"/>
  <agent start_id="123" goal_id="116"/>
  <agent start_id="70" goal_id="191"/>
  <agent start_id="80" goal_id="11"/>
  <agent start_id="192" goal_id="59"/>
  <agent start_id="51" goal_id="111"/>
  <agent start_id="126" goal_id="173"/>
  <agent start_id="59" goal_id="129"/>
  <agent start_id="187" goal_id="80"/>
  <agent start_id="158" goal_id="44"/>
  <agent start_id="9" goal_id="61"/>
  <agent start_id="150" goal_id="63"/>
  <agent start_id="53" goal_id="168"/>
  <agent start_id="101" goal_id="75"/>
  <agent start_id="5" goal_id="69"/>
  <agent start_id="54" goal_id="189"/>
  <agent start_id="194" goal_id="127"/>
  <agent start_id="161" goal_id="84"/>
  <agent start_id="107" goal_id="92"/>
  <agent start_id="198" goal_id="159"/>
  <agent start_id="199" goal_id="123"/>
  <agent start_id="136" goal_id="3"/>
  <agent start_id="27" goal_id="71"/>
  <agent start_id="173" goal_id="166"/>
  <agent start_id="89" goal_id="131"/>
  <agent start_id="99" goal_id="170"/>
</root>
