<?xml version="1.0" ?>
<root>
  <agent start_id="15" goal_id="183"/>
  <agent start_id="66" goal_id="0"/>
  <agent start_id="37" goal_id="196"/>
  <agent start_id="0" goal_id="34"/>
  <agent start_id="69" goal_id="158"/>
  <agent start_id="103" goal_id="136"/>
  <agent start_id="164" goal_id="90"/>
  <agent start_id="49" goal_id="66"/>
  <agent start_id="57" goal_id="30"/>
  <agent start_id="124" goal_id="169"/>
  <agent start_id="53" goal_id="37"/>
  <agent start_id="32" goal_id="195"/>
  <agent start_id="112" goal_id="77"/>
  <agent start_id="175" goal_id="63"/>
  <agent start_id="182" goal_id="138"/>
  <agent start_id="71" goal_id="6"/>
  <agent start_id="199" goal_id="132"/>
  <agent start_id="144" goal_id="120"/>
  <agent start_id="132" goal_id="192"/>
  <agent start_id="80" goal_id="154"/>
  <agent start_id="52" goal_id="111"/>
  <agent start_id="198" goal_id="129"/>
  <agent start_id="22" goal_id="100"/>
  <agent start_id="82" goal_id="89"/>
  <agent start_id="176" goal_id="182"/>
  <agent start_id="116" goal_id="21"/>
  <agent start_id="56" goal_id="24"/>
  <agent start_id="13" goal_id="181"/>
  <agent start_id="92" goal_id="135"/>
  <agent start_id="159" goal_id="173"/>
  <agent start_id="190" goal_id="107"/>
  <agent start_id="100" goal_id="86"/>
  <agent start_id="162" goal_id="113"/>
  <agent start_id="106" goal_id="156"/>
  <agent start_id="78" goal_id="151"/>
  <agent start_id="99" goal_id="119"/>
  <agent start_id="48" goal_id="98"/>
  <agent start_id="158" goal_id="82"/>
  <agent start_id="181" goal_id="142"/>
  <agent start_id="125" goal_id="99"/>
  <agent start_id="177" goal_id="105"/>
  <agent start_id="119" goal_id="197"/>
  <agent start_id="129" goal_id="118"/>
  <agent start_id="26" goal_id="103"/>
  <agent start_id="134" goal_id="48"/>
  <agent start_id="1" goal_id="8"/>
  <agent start_id="168" goal_id="199"/>
  <agent start_id="141" goal_id="171"/>
  <agent start_id="3" goal_id="190"/>
  <agent start_id="188" goal_id="45"/>
</root>
