<?xml version="1.0" ?>
<root>
  <agent start_id="89" goal_id="37"/>
  <agent start_id="173" goal_id="65"/>
  <agent start_id="5" goal_id="150"/>
  <agent start_id="114" goal_id="83"/>
  <agent start_id="113" goal_id="23"/>
  <agent start_id="77" goal_id="131"/>
  <agent start_id="53" goal_id="67"/>
  <agent start_id="64" goal_id="98"/>
  <agent start_id="194" goal_id="194"/>
  <agent start_id="84" goal_id="84"/>
  <agent start_id="30" goal_id="190"/>
  <agent start_id="122" goal_id="122"/>
  <agent start_id="179" goal_id="51"/>
  <agent start_id="46" goal_id="58"/>
  <agent start_id="100" goal_id="24"/>
  <agent start_id="130" goal_id="157"/>
  <agent start_id="198" goal_id="125"/>
  <agent start_id="157" goal_id="124"/>
  <agent start_id="118" goal_id="77"/>
  <agent start_id="141" goal_id="89"/>
  <agent start_id="1" goal_id="165"/>
  <agent start_id="41" goal_id="93"/>
  <agent start_id="43" goal_id="96"/>
  <agent start_id="95" goal_id="139"/>
  <agent start_id="105" goal_id="126"/>
  <agent start_id="19" goal_id="12"/>
  <agent start_id="190" goal_id="180"/>
  <agent start_id="87" goal_id="28"/>
  <agent start_id="49" goal_id="1"/>
  <agent start_id="172" goal_id="140"/>
  <agent start_id="146" goal_id="191"/>
  <agent start_id="81" goal_id="174"/>
  <agent start_id="92" goal_id="129"/>
  <agent start_id="26" goal_id="9"/>
  <agent start_id="180" goal_id="34"/>
  <agent start_id="20" goal_id="159"/>
  <agent start_id="169" goal_id="106"/>
  <agent start_id="83" goal_id="147"/>
  <agent start_id="3" goal_id="176"/>
  <agent start_id="99" goal_id="111"/>
  <agent start_id="158" goal_id="134"/>
  <agent start_id="132" goal_id="54"/>
  <agent start_id="22" goal_id="59"/>
  <agent start_id="162" goal_id="188"/>
  <agent start_id="70" goal_id="197"/>
  <agent start_id="65" goal_id="116"/>
  <agent start_id="15" goal_id="22"/>
  <agent start_id="184" goal_id="169"/>
  <agent start_id="128" goal_id="47"/>
  <agent start_id="37" goal_id="110"/>
</root>
