<?xml version="1.0" ?>
<root>
  <agent start_id="116" goal_id="135"/>
  <agent start_id="87" goal_id="157"/>
  <agent start_id="19" goal_id="83"/>
  <agent start_id="97" goal_id="122"/>
  <agent start_id="105" goal_id="112"/>
  <agent start_id="145" goal_id="6"/>
  <agent start_id="88" goal_id="141"/>
  <agent start_id="165" goal_id="56"/>
  <agent start_id="16" goal_id="165"/>
  <agent start_id="92" goal_id="148"/>
  <agent start_id="177" goal_id="38"/>
  <agent start_id="109" goal_id="66"/>
  <agent start_id="136" goal_id="108"/>
  <agent start_id="124" goal_id="145"/>
  <agent start_id="45" goal_id="130"/>
  <agent start_id="189" goal_id="77"/>
  <agent start_id="62" goal_id="16"/>
  <agent start_id="133" goal_id="171"/>
  <agent start_id="49" goal_id="110"/>
  <agent start_id="101" goal_id="45"/>
  <agent start_id="155" goal_id="84"/>
  <agent start_id="112" goal_id="190"/>
  <agent start_id="123" goal_id="34"/>
  <agent start_id="47" goal_id="88"/>
  <agent start_id="183" goal_id="116"/>
  <agent start_id="104" goal_id="44"/>
  <agent start_id="122" goal_id="70"/>
  <agent start_id="24" goal_id="3"/>
  <agent start_id="42" goal_id="68"/>
  <agent start_id="98" goal_id="102"/>
  <agent start_id="135" goal_id="54"/>
  <agent start_id="36" goal_id="128"/>
  <agent start_id="179" goal_id="27"/>
  <agent start_id="157" goal_id="87"/>
  <agent start_id="119" goal_id="103"/>
  <agent start_id="70" goal_id="2"/>
  <agent start_id="147" goal_id="12"/>
  <agent start_id="139" goal_id="143"/>
  <agent start_id="41" goal_id="58"/>
  <agent start_id="156" goal_id="90"/>
  <agent start_id="95" goal_id="150"/>
  <agent start_id="31" goal_id="162"/>
  <agent start_id="100" goal_id="52"/>
  <agent start_id="173" goal_id="119"/>
  <agent start_id="77" goal_id="69"/>
  <agent start_id="80" goal_id="62"/>
  <agent start_id="194" goal_id="9"/>
  <agent start_id="149" goal_id="0"/>
  <agent start_id="13" goal_id="169"/>
  <agent start_id="143" goal_id="166"/>
</root>
