<?xml version="1.0" ?>
<root>
  <agent start_id="61" goal_id="174"/>
  <agent start_id="139" goal_id="99"/>
  <agent start_id="86" goal_id="37"/>
  <agent start_id="149" goal_id="90"/>
  <agent start_id="142" goal_id="194"/>
  <agent start_id="21" goal_id="2"/>
  <agent start_id="115" goal_id="192"/>
  <agent start_id="84" goal_id="139"/>
  <agent start_id="15" goal_id="104"/>
  <agent start_id="124" goal_id="148"/>
  <agent start_id="13" goal_id="56"/>
  <agent start_id="136" goal_id="179"/>
  <agent start_id="158" goal_id="159"/>
  <agent start_id="6" goal_id="157"/>
  <agent start_id="74" goal_id="52"/>
  <agent start_id="109" goal_id="144"/>
  <agent start_id="55" goal_id="89"/>
  <agent start_id="187" goal_id="131"/>
  <agent start_id="52" goal_id="41"/>
  <agent start_id="37" goal_id="196"/>
  <agent start_id="197" goal_id="111"/>
  <agent start_id="60" goal_id="161"/>
  <agent start_id="160" goal_id="35"/>
  <agent start_id="33" goal_id="80"/>
  <agent start_id="34" goal_id="116"/>
  <agent start_id="193" goal_id="81"/>
  <agent start_id="114" goal_id="160"/>
  <agent start_id="0" goal_id="3"/>
  <agent start_id="134" goal_id="85"/>
  <agent start_id="39" goal_id="163"/>
  <agent start_id="190" goal_id="188"/>
  <agent start_id="32" goal_id="30"/>
  <agent start_id="66" goal_id="186"/>
  <agent start_id="71" goal_id="153"/>
  <agent start_id="69" goal_id="176"/>
  <agent start_id="28" goal_id="22"/>
  <agent start_id="50" goal_id="24"/>
  <agent start_id="89" goal_id="125"/>
  <agent start_id="146" goal_id="28"/>
  <agent start_id="192" goal_id="169"/>
  <agent start_id="105" goal_id="29"/>
  <agent start_id="196" goal_id="6"/>
  <agent start_id="174" goal_id="8"/>
  <agent start_id="25" goal_id="73"/>
  <agent start_id="156" goal_id="102"/>
  <agent start_id="185" goal_id="33"/>
  <agent start_id="101" goal_id="31"/>
  <agent start_id="11" goal_id="16"/>
  <agent start_id="79" goal_id="114"/>
  <agent start_id="77" goal_id="59"/>
</root>
