<?xml version="1.0" ?>
<root>
  <agent start_id="59" goal_id="126"/>
  <agent start_id="76" goal_id="143"/>
  <agent start_id="157" goal_id="135"/>
  <agent start_id="164" goal_id="100"/>
  <agent start_id="195" goal_id="16"/>
  <agent start_id="192" goal_id="10"/>
  <agent start_id="180" goal_id="173"/>
  <agent start_id="36" goal_id="85"/>
  <agent start_id="10" goal_id="60"/>
  <agent start_id="196" goal_id="6"/>
  <agent start_id="80" goal_id="17"/>
  <agent start_id="74" goal_id="62"/>
  <agent start_id="26" goal_id="5"/>
  <agent start_id="137" goal_id="128"/>
  <agent start_id="68" goal_id="152"/>
  <agent start_id="75" goal_id="104"/>
  <agent start_id="5" goal_id="58"/>
  <agent start_id="156" goal_id="131"/>
  <agent start_id="165" goal_id="68"/>
  <agent start_id="87" goal_id="191"/>
  <agent start_id="1" goal_id="49"/>
  <agent start_id="167" goal_id="115"/>
  <agent start_id="148" goal_id="73"/>
  <agent start_id="139" goal_id="156"/>
  <agent start_id="110" goal_id="184"/>
  <agent start_id="154" goal_id="103"/>
  <agent start_id="103" goal_id="151"/>
  <agent start_id="104" goal_id="23"/>
  <agent start_id="17" goal_id="64"/>
  <agent start_id="83" goal_id="198"/>
  <agent start_id="2" goal_id="21"/>
  <agent start_id="96" goal_id="91"/>
  <agent start_id="78" goal_id="159"/>
  <agent start_id="143" goal_id="86"/>
  <agent start_id="77" goal_id="165"/>
  <agent start_id="94" goal_id="35"/>
  <agent start_id="35" goal_id="133"/>
  <agent start_id="43" goal_id="87"/>
  <agent start_id="61" goal_id="41"/>
  <agent start_id="159" goal_id="155"/>
  <agent start_id="114" goal_id="160"/>
  <agent start_id="107" goal_id="97"/>
  <agent start_id="121" goal_id="13"/>
  <agent start_id="135" goal_id="94"/>
  <agent start_id="152" goal_id="197"/>
  <agent start_id="171" goal_id="8"/>
  <agent start_id="173" goal_id="34"/>
  <agent start_id="30" goal_id="112"/>
  <agent start_id="84" goal_id="140"/>
  <agent start_id="185" goal_id="93"/>
</root>
