<?xml version="1.0" ?>
<root>
  <agent start_id="197" goal_id="173"/>
  <agent start_id="127" goal_id="10"/>
  <agent start_id="77" goal_id="144"/>
  <agent start_id="68" goal_id="189"/>
  <agent start_id="135" goal_id="76"/>
  <agent start_id="64" goal_id="126"/>
  <agent start_id="66" goal_id="72"/>
  <agent start_id="116" goal_id="186"/>
  <agent start_id="178" goal_id="65"/>
  <agent start_id="186" goal_id="25"/>
  <agent start_id="29" goal_id="196"/>
  <agent start_id="79" goal_id="132"/>
  <agent start_id="126" goal_id="120"/>
  <agent start_id="45" goal_id="87"/>
  <agent start_id="90" goal_id="102"/>
  <agent start_id="139" goal_id="99"/>
  <agent start_id="49" goal_id="4"/>
  <agent start_id="95" goal_id="33"/>
  <agent start_id="89" goal_id="148"/>
  <agent start_id="124" goal_id="116"/>
  <agent start_id="189" goal_id="67"/>
  <agent start_id="92" goal_id="0"/>
  <agent start_id="100" goal_id="81"/>
  <agent start_id="155" goal_id="75"/>
  <agent start_id="108" goal_id="106"/>
  <agent start_id="84" goal_id="70"/>
  <agent start_id="167" goal_id="100"/>
  <agent start_id="72" goal_id="164"/>
  <agent start_id="150" goal_id="105"/>
  <agent start_id="15" goal_id="83"/>
  <agent start_id="137" goal_id="123"/>
  <agent start_id="17" goal_id="20"/>
  <agent start_id="133" goal_id="118"/>
  <agent start_id="7" goal_id="78"/>
  <agent start_id="85" goal_id="32"/>
  <agent start_id="163" goal_id="89"/>
  <agent start_id="113" goal_id="93"/>
  <agent start_id="143" goal_id="64"/>
  <agent start_id="54" goal_id="185"/>
  <agent start_id="52" goal_id="47"/>
  <agent start_id="13" goal_id="194"/>
  <agent start_id="122" goal_id="37"/>
  <agent start_id="176" goal_id="24"/>
  <agent start_id="129" goal_id="2"/>
  <agent start_id="140" goal_id="154"/>
  <agent start_id="192" goal_id="176"/>
  <agent start_id="58" goal_id="19"/>
  <agent start_id="11" goal_id="136"/>
  <agent start_id="86" goal_id="140"/>
  <agent start_id="93" goal_id="117"/>
</root>
