<?xml version="1.0" ?>
<root>
  <agent start_id="102" goal_id="6"/>
  <agent start_id="145" goal_id="27"/>
  <agent start_id="127" goal_id="95"/>
  <agent start_id="111" goal_id="193"/>
  <agent start_id="91" goal_id="52"/>
  <agent start_id="148" goal_id="41"/>
  <agent start_id="136" goal_id="174"/>
  <agent start_id="0" goal_id="20"/>
  <agent start_id="56" goal_id="46"/>
  <agent start_id="120" goal_id="71"/>
  <agent start_id="188" goal_id="168"/>
  <agent start_id="197" goal_id="166"/>
  <agent start_id="4" goal_id="90"/>
  <agent start_id="165" goal_id="127"/>
  <agent start_id="60" goal_id="152"/>
  <agent start_id="14" goal_id="122"/>
  <agent start_id="24" goal_id="153"/>
  <agent start_id="20" goal_id="23"/>
  <agent start_id="118" goal_id="195"/>
  <agent start_id="96" goal_id="56"/>
  <agent start_id="115" goal_id="91"/>
  <agent start_id="61" goal_id="199"/>
  <agent start_id="86" goal_id="21"/>
  <agent start_id="25" goal_id="18"/>
  <agent start_id="194" goal_id="188"/>
  <agent start_id="182" goal_id="103"/>
  <agent start_id="82" goal_id="29"/>
  <agent start_id="175" goal_id="194"/>
  <agent start_id="187" goal_id="156"/>
  <agent start_id="160" goal_id="31"/>
  <agent start_id="48" goal_id="142"/>
  <agent start_id="35" goal_id="39"/>
  <agent start_id="151" goal_id="120"/>
  <agent start_id="99" goal_id="132"/>
  <agent start_id="76" goal_id="43"/>
  <agent start_id="124" goal_id="97"/>
  <agent start_id="19" goal_id="77"/>
  <agent start_id="49" goal_id="137"/>
  <agent start_id="131" goal_id="178"/>
  <agent start_id="162" goal_id="36"/>
  <agent start_id="140" goal_id="0"/>
  <agent start_id="104" goal_id="8"/>
  <agent start_id="100" goal_id="115"/>
  <agent start_id="31" goal_id="131"/>
  <agent start_id="133" goal_id="124"/>
  <agent start_id="177" goal_id="183"/>
  <agent start_id="65" goal_id="38"/>
  <agent start_id="38" goal_id="82"/>
  <agent start_id="7" goal_id="158"/>
  <agent start_id="59" goal_id="171"/>
</root>
