<?xml version="1.0" ?>
<root>
  <agent start_id="97" goal_id="191"/>
  <agent start_id="12" goal_id="194"/>
  <agent start_id="62" goal_id="175"/>
  <agent start_id="36" goal_id="67"/>
  <agent start_id="104" goal_id="22"/>
  <agent start_id="29" goal_id="168"/>
  <agent start_id="152" goal_id="172"/>
  <agent start_id="179" goal_id="15"/>
  <agent start_id="48" goal_id="63"/>
  <agent start_id="126" goal_id="12"/>
  <agent start_id="129" goal_id="186"/>
  <agent start_id="157" goal_id="89"/>
  <agent start_id="15" goal_id="178"/>
  <agent start_id="20" goal_id="78"/>
  <agent start_id="158" goal_id="29"/>
  <agent start_id="192" goal_id="69"/>
  <agent start_id="18" goal_id="51"/>
  <agent start_id="16" goal_id="171"/>
  <agent start_id="46" goal_id="43"/>
  <agent start_id="130" goal_id="2"/>
  <agent start_id="89" goal_id="122"/>
  <agent start_id="155" goal_id="142"/>
  <agent start_id="41" goal_id="192"/>
  <agent start_id="60" goal_id="177"/>
  <agent start_id="148" goal_id="109"/>
  <agent start_id="123" goal_id="165"/>
  <agent start_id="116" goal_id="164"/>
  <agent start_id="156" goal_id="86"/>
  <agent start_id="175" goal_id="126"/>
  <agent start_id="144" goal_id="145"/>
  <agent start_id="189" goal_id="37"/>
  <agent start_id="120" goal_id="128"/>
  <agent start_id="160" goal_id="94"/>
  <agent start_id="142" goal_id="70"/>
  <agent start_id="10" goal_id="154"/>
  <agent start_id="66" goal_id="167"/>
  <agent start_id="33" goal_id="1"/>
  <agent start_id="138" goal_id="99"/>
  <agent start_id="165" goal_id="101"/>
  <agent start_id="110" goal_id="20"/>
  <agent start_id="1" goal_id="5"/>
  <agent start_id="91" goal_id="35"/>
  <agent start_id="80" goal_id="96"/>
  <agent start_id="151" goal_id="141"/>
  <agent start_id="25" goal_id="151"/>
  <agent start_id="99" goal_id="81"/>
  <agent start_id="122" goal_id="127"/>
  <agent start_id="77" goal_id="0"/>
  <agent start_id="196" goal_id="92"/>
  <agent start_id="2" goal_id="85"/>
</root>
