<?xml version="1.0" ?>
<root>
  <agent start_id="186" goal_id="28"/>
  <agent start_id="43" goal_id="103"/>
  <agent start_id="86" goal_id="24"/>
  <agent start_id="125" goal_id="173"/>
  <agent start_id="97" goal_id="41"/>
  <agent start_id="59" goal_id="91"/>
  <agent start_id="40" goal_id="40"/>
  <agent start_id="180" goal_id="70"/>
  <agent start_id="120" goal_id="58"/>
  <agent start_id="83" goal_id="74"/>
  <agent start_id="150" goal_id="113"/>
  <agent start_id="105" goal_id="31"/>
  <agent start_id="7" goal_id="192"/>
  <agent start_id="69" goal_id="187"/>
  <agent start_id="79" goal_id="13"/>
  <agent start_id="117" goal_id="199"/>
  <agent start_id="35" goal_id="0"/>
  <agent start_id="33" goal_id="67"/>
  <agent start_id="65" goal_id="170"/>
  <agent start_id="49" goal_id="63"/>
  <agent start_id="167" goal_id="196"/>
  <agent start_id="2" goal_id="172"/>
  <agent start_id="126" goal_id="123"/>
  <agent start_id="173" goal_id="183"/>
  <agent start_id="168" goal_id="160"/>
  <agent start_id="183" goal_id="3"/>
  <agent start_id="4" goal_id="78"/>
  <agent start_id="17" goal_id="37"/>
  <agent start_id="6" goal_id="121"/>
  <agent start_id="161" goal_id="167"/>
  <agent start_id="197" goal_id="150"/>
  <agent start_id="73" goal_id="9"/>
  <agent start_id="20" goal_id="140"/>
  <agent start_id="3" goal_id="147"/>
  <agent start_id="162" goal_id="134"/>
  <agent start_id="76" goal_id="27"/>
  <agent start_id="36" goal_id="116"/>
  <agent start_id="94" goal_id="126"/>
  <agent start_id="14" goal_id="151"/>
  <agent start_id="75" goal_id="2"/>
  <agent start_id="106" goal_id="54"/>
  <agent start_id="48" goal_id="169"/>
  <agent start_id="45" goal_id="157"/>
  <agent start_id="51" goal_id="143"/>
  <agent start_id="115" goal_id="90"/>
  <agent start_id="91" goal_id="136"/>
  <agent start_id="189" goal_id="85"/>
  <agent start_id="72" goal_id="180"/>
  <agent start_id="28" goal_id="193"/>
  <agent start_id="123" goal_id="60"/>
</root>
