<?xml version="1.0" ?>
<root>
  <agent start_id="165" goal_id="43"/>
  <agent start_id="96" goal_id="189"/>
  <agent start_id="149" goal_id="194"/>
  <agent start_id="91" goal_id="38"/>
  <agent start_id="55" goal_id="16"/>
  <agent start_id="156" goal_id="185"/>
  <agent start_id="43" goal_id="84"/>
  <agent start_id="186" goal_id="24"/>
  <agent start_id="192" goal_id="66"/>
  <agent start_id="3" goal_id="68"/>
  <agent start_id="100" goal_id="1"/>
  <agent start_id="104" goal_id="70"/>
  <agent start_id="56" goal_id="71"/>
  <agent start_id="99" goal_id="2"/>
  <agent start_id="161" goal_id="81"/>
  <agent start_id="146" goal_id="109"/>
  <agent start_id="102" goal_id="0"/>
  <agent start_id="179" goal_id="119"/>
  <agent start_id="2" goal_id="28"/>
  <agent start_id="16" goal_id="27"/>
  <agent start_id="93" goal_id="156"/>
  <agent start_id="169" goal_id="161"/>
  <agent start_id="178" goal_id="176"/>
  <agent start_id="107" goal_id="116"/>
  <agent start_id="176" goal_id="130"/>
  <agent start_id="11" goal_id="32"/>
  <agent start_id="14" goal_id="3"/>
  <agent start_id="78" goal_id="125"/>
  <agent start_id="159" goal_id="151"/>
  <agent start_id="124" goal_id="186"/>
  <agent start_id="153" goal_id="76"/>
  <agent start_id="1" goal_id="65"/>
  <agent start_id="151" goal_id="106"/>
  <agent start_id="45" goal_id="155"/>
  <agent start_id="103" goal_id="178"/>
  <agent start_id="144" goal_id="93"/>
  <agent start_id="195" goal_id="191"/>
  <agent start_id="95" goal_id="91"/>
  <agent start_id="131" goal_id="53"/>
  <agent start_id="68" goal_id="9"/>
  <agent start_id="21" goal_id="35"/>
  <agent start_id="81" goal_id="183"/>
  <agent start_id="63" goal_id="162"/>
  <agent start_id="128" goal_id="197"/>
  <agent start_id="12" goal_id="67"/>
  <agent start_id="38" goal_id="95"/>
  <agent start_id="105" goal_id="64"/>
  <agent start_id="29" goal_id="10"/>
  <agent start_id="24" goal_id="135"/>
  <agent start_id="8" goal_id="94"/>
</root>
