<?xml version="1.0" ?>
<root>
  <agent start_id="113" goal_id="189"/>
  <agent start_id="54" goal_id="118"/>
  <agent start_id="22" goal_id="74"/>
  <agent start_id="34" goal_id="191"/>
  <agent start_id="168" goal_id="31"/>
  <agent start_id="173" goal_id="32"/>
  <agent start_id="10" goal_id="160"/>
  <agent start_id="29" goal_id="61"/>
  <agent start_id="48" goal_id="102"/>
  <agent start_id="57" goal_id="27"/>
  <agent start_id="139" goal_id="55"/>
  <agent start_id="26" goal_id="123"/>
  <agent start_id="180" goal_id="178"/>
  <agent start_id="96" goal_id="196"/>
  <agent start_id="71" goal_id="85"/>
  <agent start_id="21" goal_id="40"/>
  <agent start_id="70" goal_id="33"/>
  <agent start_id="185" goal_id="97"/>
  <agent start_id="39" goal_id="39"/>
  <agent start_id="156" goal_id="133"/>
  <agent start_id="160" goal_id="77"/>
  <agent start_id="126" goal_id="198"/>
  <agent start_id="175" goal_id="185"/>
  <agent start_id="92" goal_id="65"/>
  <agent start_id="121" goal_id="58"/>
  <agent start_id="187" goal_id="115"/>
  <agent start_id="125" goal_id="140"/>
  <agent start_id="0" goal_id="143"/>
  <agent start_id="154" goal_id="156"/>
  <agent start_id="6" goal_id="76"/>
  <agent start_id="35" goal_id="142"/>
  <agent start_id="75" goal_id="18"/>
  <agent start_id="104" goal_id="82"/>
  <agent start_id="24" goal_id="149"/>
  <agent start_id="80" goal_id="180"/>
  <agent start_id="181" goal_id="150"/>
  <agent start_id="157" goal_id="101"/>
  <agent start_id="31" goal_id="194"/>
  <agent start_id="3" goal_id="167"/>
  <agent start_id="129" goal_id="11"/>
  <agent start_id="151" goal_id="14"/>
  <agent start_id="15" goal_id="107"/>
  <agent start_id="74" goal_id="89"/>
  <agent start_id="107" goal_id="52"/>
  <agent start_id="133" goal_id="126"/>
  <agent start_id="136" goal_id="69"/>
  <agent start_id="64" goal_id="137"/>
  <agent start_id="103" goal_id="157"/>
  <agent start_id="30" goal_id="103"/>
  <agent start_id="170" goal_id="173"/>
</root>
