<?xml version="1.0" ?>
<root>
  <agent start_id="197" goal_id="7"/>
  <agent start_id="140" goal_id="142"/>
  <agent start_id="79" goal_id="34"/>
  <agent start_id="8" goal_id="183"/>
  <agent start_id="4" goal_id="195"/>
  <agent start_id="149" goal_id="17"/>
  <agent start_id="16" goal_id="29"/>
  <agent start_id="155" goal_id="86"/>
  <agent start_id="119" goal_id="178"/>
  <agent start_id="75" goal_id="53"/>
  <agent start_id="76" goal_id="94"/>
  <agent start_id="43" goal_id="136"/>
  <agent start_id="129" goal_id="119"/>
  <agent start_id="11" goal_id="174"/>
  <agent start_id="6" goal_id="172"/>
  <agent start_id="91" goal_id="138"/>
  <agent start_id="123" goal_id="192"/>
  <agent start_id="173" goal_id="73"/>
  <agent start_id="174" goal_id="113"/>
  <agent start_id="98" goal_id="39"/>
  <agent start_id="37" goal_id="140"/>
  <agent start_id="135" goal_id="75"/>
  <agent start_id="157" goal_id="137"/>
  <agent start_id="30" goal_id="8"/>
  <agent start_id="171" goal_id="71"/>
  <agent start_id="167" goal_id="60"/>
  <agent start_id="88" goal_id="20"/>
  <agent start_id="189" goal_id="12"/>
  <agent start_id="34" goal_id="50"/>
  <agent start_id="62" goal_id="56"/>
  <agent start_id="23" goal_id="123"/>
  <agent start_id="14" goal_id="128"/>
  <agent start_id="103" goal_id="18"/>
  <agent start_id="141" goal_id="44"/>
  <agent start_id="92" goal_id="92"/>
  <agent start_id="85" goal_id="0"/>
  <agent start_id="40" goal_id="27"/>
  <agent start_id="122" goal_id="141"/>
  <agent start_id="15" goal_id="114"/>
  <agent start_id="117" goal_id="168"/>
  <agent start_id="83" goal_id="111"/>
  <agent start_id="82" goal_id="166"/>
  <agent start_id="49" goal_id="148"/>
  <agent start_id="26" goal_id="84"/>
  <agent start_id="36" goal_id="134"/>
  <agent start_id="24" goal_id="25"/>
  <agent start_id="32" goal_id="37"/>
  <agent start_id="21" goal_id="22"/>
  <agent start_id="66" goal_id="162"/>
  <agent start_id="127" goal_id="96"/>
</root>
