<?xml version="1.0" ?>
<root>
  <agent start_id="169" goal_id="68"/>
  <agent start_id="116" goal_id="189"/>
  <agent start_id="170" goal_id="4"/>
  <agent start_id="161" goal_id="32"/>
  <agent start_id="82" goal_id="93"/>
  <agent start_id="100" goal_id="143"/>
  <agent start_id="104" goal_id="183"/>
  <agent start_id="69" goal_id="147"/>
  <agent start_id="8" goal_id="0"/>
  <agent start_id="190" goal_id="102"/>
  <agent start_id="16" goal_id="52"/>
  <agent start_id="86" goal_id="57"/>
  <agent start_id="73" goal_id="88"/>
  <agent start_id="25" goal_id="156"/>
  <agent start_id="150" goal_id="26"/>
  <agent start_id="160" goal_id="63"/>
  <agent start_id="57" goal_id="30"/>
  <agent start_id="55" goal_id="127"/>
  <agent start_id="197" goal_id="61"/>
  <agent start_id="85" goal_id="114"/>
  <agent start_id="139" goal_id="165"/>
  <agent start_id="153" goal_id="133"/>
  <agent start_id="89" goal_id="123"/>
  <agent start_id="48" goal_id="117"/>
  <agent start_id="6" goal_id="171"/>
  <agent start_id="119" goal_id="40"/>
  <agent start_id="29" goal_id="150"/>
  <agent start_id="198" goal_id="59"/>
  <agent start_id="194" goal_id="95"/>
  <agent start_id="44" goal_id="149"/>
  <agent start_id="58" goal_id="105"/>
  <agent start_id="12" goal_id="76"/>
  <agent start_id="126" goal_id="54"/>
  <agent start_id="71" goal_id="45"/>
  <agent start_id="114" goal_id="158"/>
  <agent start_id="41" goal_id="111"/>
  <agent start_id="158" goal_id="17"/>
  <agent start_id="18" goal_id="44"/>
  <agent start_id="70" goal_id="179"/>
  <agent start_id="140" goal_id="28"/>
  <agent start_id="63" goal_id="104"/>
  <agent start_id="115" goal_id="108"/>
  <agent start_id="20" goal_id="24"/>
  <agent start_id="162" goal_id="141"/>
  <agent start_id="112" goal_id="35"/>
  <agent start_id="10" goal_id="173"/>
  <agent start_id="26" goal_id="20"/>
  <agent start_id="124" goal_id="64"/>
  <agent start_id="172" goal_id="144"/>
  <agent start_id="97" goal_id="91"/>
</root>
