<?xml version="1.0" ?>
<root>
  <agent start_id="153" goal_id="175"/>
  <agent start_id="139" goal_id="83"/>
  <agent start_id="34" goal_id="196"/>
  <agent start_id="144" goal_id="19"/>
  <agent start_id="118" goal_id="122"/>
  <agent start_id="94" goal_id="17"/>
  <agent start_id="18" goal_id="41"/>
  <agent start_id="104" goal_id="80"/>
  <agent start_id="23" goal_id="100"/>
  <agent start_id="9" goal_id="56"/>
  <agent start_id="73" goal_id="141"/>
  <agent start_id="78" goal_id="47"/>
  <agent start_id="64" goal_id="110"/>
  <agent start_id="146" goal_id="162"/>
  <agent start_id="140" goal_id="171"/>
  <agent start_id="74" goal_id="94"/>
  <agent start_id="107" goal_id="112"/>
  <agent start_id="101" goal_id="78"/>
  <agent start_id="24" goal_id="167"/>
  <agent start_id="167" goal_id="198"/>
  <agent start_id="36" goal_id="168"/>
  <agent start_id="169" goal_id="5"/>
  <agent start_id="16" goal_id="124"/>
  <agent start_id="71" goal_id="0"/>
  <agent start_id="185" goal_id="6"/>
  <agent start_id="60" goal_id="99"/>
  <agent start_id="157" goal_id="35"/>
  <agent start_id="25" goal_id="106"/>
  <agent start_id="150" goal_id="51"/>
  <agent start_id="121" goal_id="64"/>
  <agent start_id="40" goal_id="138"/>
  <agent start_id="59" goal_id="82"/>
  <agent start_id="3" goal_id="179"/>
  <agent start_id="113" goal_id="187"/>
  <agent start_id="33" goal_id="130"/>
  <agent start_id="147" goal_id="20"/>
  <agent start_id="172" goal_id="8"/>
  <agent start_id="62" goal_id="30"/>
  <agent start_id="125" goal_id="87"/>
  <agent start_id="180" goal_id="186"/>
  <agent start_id="152" goal_id="84"/>
  <agent start_id="21" goal_id="173"/>
  <agent start_id="161" goal_id="69"/>
  <agent start_id="14" goal_id="48"/>
  <agent start_id="13" goal_id="116"/>
  <agent start_id="47" goal_id="45"/>
  <agent start_id="188" goal_id="10"/>
  <agent start_id="183" goal_id="14"/>
  <agent start_id="174" goal_id="107"/>
  <agent start_id="142" goal_id="170"/>
</root>
