<?xml version="1.0" ?>
<root>
  <agent start_id="114" goal_id="5"/>
  <agent start_id="181" goal_id="161"/>
  <agent start_id="121" goal_id="86"/>
  <agent start_id="1" goal_id="71"/>
  <agent start_id="19" goal_id="51"/>
  <agent start_id="131" goal_id="77"/>
  <agent start_id="135" goal_id="26"/>
  <agent start_id="34" goal_id="126"/>
  <agent start_id="42" goal_id="175"/>
  <agent start_id="167" goal_id="112"/>
  <agent start_id="196" goal_id="114"/>
  <agent start_id="50" goal_id="64"/>
  <agent start_id="198" goal_id="159"/>
  <agent start_id="12" goal_id="38"/>
  <agent start_id="117" goal_id="6"/>
  <agent start_id="156" goal_id="155"/>
  <agent start_id="158" goal_id="184"/>
  <agent start_id="161" goal_id="73"/>
  <agent start_id="9" goal_id="92"/>
  <agent start_id="77" goal_id="9"/>
  <agent start_id="16" goal_id="62"/>
  <agent start_id="64" goal_id="43"/>
  <agent start_id="143" goal_id="140"/>
  <agent start_id="147" goal_id="164"/>
  <agent start_id="109" goal_id="68"/>
  <agent start_id="124" goal_id="150"/>
  <agent start_id="103" goal_id="90"/>
  <agent start_id="128" goal_id="99"/>
  <agent start_id="39" goal_id="196"/>
  <agent start_id="44" goal_id="153"/>
  <agent start_id="87" goal_id="28"/>
  <agent start_id="152" goal_id="97"/>
  <agent start_id="112" goal_id="52"/>
  <agent start_id="192" goal_id="172"/>
  <agent start_id="74" goal_id="88"/>
  <agent start_id="97" goal_id="176"/>
  <agent start_id="194" goal_id="33"/>
  <agent start_id="153" goal_id="145"/>
  <agent start_id="48" goal_id="103"/>
  <agent start_id="70" goal_id="42"/>
  <agent start_id="94" goal_id="23"/>
  <agent start_id="62" goal_id="2"/>
  <agent start_id="164" goal_id="79"/>
  <agent start_id="13" goal_id="157"/>
  <agent start_id="23" goal_id="17"/>
  <agent start_id="61" goal_id="10"/>
  <agent start_id="177" goal_id="191"/>
  <agent start_id="116" goal_id="132"/>
  <agent start_id="10" goal_id="110"/>
  <agent start_id="26" goal_id="190"/>
</root>
