<?xml version="1.0" ?>
<root>
  <agent start_id="47" goal_id="2"/>
  <agent start_id="0" goal_id="147"/>
  <agent start_id="26" goal_id="32"/>
  <agent start_id="45" goal_id="80"/>
  <agent start_id="143" goal_id="78"/>
  <agent start_id="110" goal_id="149"/>
  <agent start_id="101" goal_id="90"/>
  <agent start_id="186" goal_id="87"/>
  <agent start_id="196" goal_id="167"/>
  <agent start_id="86" goal_id="110"/>
  <agent start_id="93" goal_id="199"/>
  <agent start_id="91" goal_id="46"/>
  <agent start_id="142" goal_id="69"/>
  <agent start_id="193" goal_id="117"/>
  <agent start_id="136" goal_id="146"/>
  <agent start_id="140" goal_id="144"/>
  <agent start_id="145" goal_id="153"/>
  <agent start_id="31" goal_id="123"/>
  <agent start_id="16" goal_id="17"/>
  <agent start_id="124" goal_id="189"/>
  <agent start_id="55" goal_id="77"/>
  <agent start_id="121" goal_id="115"/>
  <agent start_id="44" goal_id="48"/>
  <agent start_id="95" goal_id="20"/>
  <agent start_id="51" goal_id="38"/>
  <agent start_id="19" goal_id="10"/>
  <agent start_id="87" goal_id="158"/>
  <agent start_id="182" goal_id="61"/>
  <agent start_id="138" goal_id="68"/>
  <agent start_id="199" goal_id="166"/>
  <agent start_id="151" goal_id="132"/>
  <agent start_id="2" goal_id="191"/>
  <agent start_id="42" goal_id="54"/>
  <agent start_id="40" goal_id="135"/>
  <agent start_id="166" goal_id="75"/>
  <agent start_id="179" goal_id="66"/>
  <agent start_id="133" goal_id="25"/>
  <agent start_id="64" goal_id="65"/>
  <agent start_id="54" goal_id="37"/>
  <agent start_id="72" goal_id="170"/>
  <agent start_id="115" goal_id="35"/>
  <agent start_id="23" goal_id="73"/>
  <agent start_id="185" goal_id="103"/>
  <agent start_id="70" goal_id="141"/>
  <agent start_id="35" goal_id="165"/>
  <agent start_id="150" goal_id="114"/>
  <agent start_id="99" goal_id="84"/>
  <agent start_id="68" goal_id="174"/>
  <agent start_id="12" goal_id="106"/>
  <agent start_id="109" goal_id="22"/>
</root>
