<?xml version="1.0" ?>
<root>
  <agent start_id="165" goal_id="166"/>
  <agent start_id="81" goal_id="49"/>
  <agent start_id="33" goal_id="148"/>
  <agent start_id="63" goal_id="24"/>
  <agent start_id="98" goal_id="11"/>
  <agent start_id="183" goal_id="139"/>
  <agent start_id="48" goal_id="95"/>
  <agent start_id="90" goal_id="33"/>
  <agent start_id="71" goal_id="102"/>
  <agent start_id="149" goal_id="75"/>
  <agent start_id="40" goal_id="46"/>
  <agent start_id="12" goal_id="182"/>
  <agent start_id="131" goal_id="98"/>
  <agent start_id="49" goal_id="110"/>
  <agent start_id="39" goal_id="113"/>
  <agent start_id="83" goal_id="57"/>
  <agent start_id="61" goal_id="0"/>
  <agent start_id="57" goal_id="70"/>
  <agent start_id="191" goal_id="164"/>
  <agent start_id="14" goal_id="135"/>
  <agent start_id="151" goal_id="88"/>
  <agent start_id="133" goal_id="109"/>
  <agent start_id="169" goal_id="134"/>
  <agent start_id="19" goal_id="41"/>
  <agent start_id="125" goal_id="115"/>
  <agent start_id="143" goal_id="5"/>
  <agent start_id="176" goal_id="117"/>
  <agent start_id="173" goal_id="145"/>
  <agent start_id="106" goal_id="122"/>
  <agent start_id="156" goal_id="116"/>
  <agent start_id="152" goal_id="21"/>
  <agent start_id="116" goal_id="163"/>
  <agent start_id="25" goal_id="44"/>
  <agent start_id="86" goal_id="2"/>
  <agent start_id="1" goal_id="191"/>
  <agent start_id="73" goal_id="151"/>
  <agent start_id="150" goal_id="141"/>
  <agent start_id="142" goal_id="173"/>
  <agent start_id="182" goal_id="61"/>
  <agent start_id="111" goal_id="195"/>
  <agent start_id="4" goal_id="108"/>
  <agent start_id="189" goal_id="17"/>
  <agent start_id="36" goal_id="162"/>
  <agent start_id="104" goal_id="22"/>
  <agent start_id="147" goal_id="169"/>
  <agent start_id="94" goal_id="92"/>
  <agent start_id="160" goal_id="199"/>
  <agent start_id="113" goal_id="77"/>
  <agent start_id="91" goal_id="136"/>
  <agent start_id="47" goal_id="85"/>
</root>
