<?xml version="1.0" ?>
<root>
  <agent start_id="23" goal_id="6"/>
  <agent start_id="156" goal_id="175"/>
  <agent start_id="189" goal_id="43"/>
  <agent start_id="199" goal_id="188"/>
  <agent start_id="183" goal_id="129"/>
  <agent start_id="61" goal_id="78"/>
  <agent start_id="10" goal_id="127"/>
  <agent start_id="90" goal_id="186"/>
  <agent start_id="94" goal_id="32"/>
  <agent start_id="95" goal_id="158"/>
  <agent start_id="83" goal_id="70"/>
  <agent start_id="138" goal_id="131"/>
  <agent start_id="129" goal_id="94"/>
  <agent start_id="0" goal_id="197"/>
  <agent start_id="12" goal_id="180"/>
  <agent start_id="141" goal_id="136"/>
  <agent start_id="187" goal_id="152"/>
  <agent start_id="65" goal_id="92"/>
  <agent start_id="80" goal_id="116"/>
  <agent start_id="134" goal_id="135"/>
  <agent start_id="152" goal_id="13"/>
  <agent start_id="88" goal_id="81"/>
  <agent start_id="130" goal_id="164"/>
  <agent start_id="55" goal_id="98"/>
  <agent start_id="111" goal_id="24"/>
  <agent start_id="176" goal_id="66"/>
  <agent start_id="128" goal_id="106"/>
  <agent start_id="68" goal_id="38"/>
  <agent start_id="20" goal_id="65"/>
  <agent start_id="153" goal_id="142"/>
  <agent start_id="46" goal_id="45"/>
  <agent start_id="6" goal_id="148"/>
  <agent start_id="114" goal_id="161"/>
  <agent start_id="87" goal_id="183"/>
  <agent start_id="36" goal_id="195"/>
  <agent start_id="63" goal_id="199"/>
  <agent start_id="160" goal_id="56"/>
  <agent start_id="82" goal_id="63"/>
  <agent start_id="118" goal_id="9"/>
  <agent start_id="192" goal_id="19"/>
  <agent start_id="41" goal_id="151"/>
  <agent start_id="157" goal_id="86"/>
  <agent start_id="22" goal_id="72"/>
  <agent start_id="79" goal_id="103"/>
  <agent start_id="19" goal_id="23"/>
  <agent start_id="107" goal_id="87"/>
  <agent start_id="48" goal_id="112"/>
  <agent start_id="174" goal_id="105"/>
  <agent start_id="169" goal_id="179"/>
  <agent start_id="85" goal_id="20"/>
</root>
