<?xml version="1.0" ?>
<root>
  <agent start_id="25" goal_id="152"/>
  <agent start_id="95" goal_id="170"/>
  <agent start_id="85" goal_id="158"/>
  <agent start_id="176" goal_id="115"/>
  <agent start_id="106" goal_id="155"/>
  <agent start_id="111" goal_id="101"/>
  <agent start_id="183" goal_id="119"/>
  <agent start_id="103" goal_id="28"/>
  <agent start_id="24" goal_id="21"/>
  <agent start_id="39" goal_id="17"/>
  <agent start_id="13" goal_id="33"/>
  <agent start_id="130" goal_id="176"/>
  <agent start_id="62" goal_id="59"/>
  <agent start_id="182" goal_id="110"/>
  <agent start_id="173" goal_id="154"/>
  <agent start_id="135" goal_id="153"/>
  <agent start_id="91" goal_id="116"/>
  <agent start_id="195" goal_id="146"/>
  <agent start_id="56" goal_id="51"/>
  <agent start_id="19" goal_id="41"/>
  <agent start_id="124" goal_id="38"/>
  <agent start_id="133" goal_id="34"/>
  <agent start_id="71" goal_id="85"/>
  <agent start_id="167" goal_id="181"/>
  <agent start_id="45" goal_id="19"/>
  <agent start_id="118" goal_id="36"/>
  <agent start_id="129" goal_id="44"/>
  <agent start_id="10" goal_id="80"/>
  <agent start_id="157" goal_id="139"/>
  <agent start_id="197" goal_id="43"/>
  <agent start_id="156" goal_id="24"/>
  <agent start_id="122" goal_id="163"/>
  <agent start_id="14" goal_id="7"/>
  <agent start_id="191" goal_id="109"/>
  <agent start_id="143" goal_id="16"/>
  <agent start_id="33" goal_id="46"/>
  <agent start_id="150" goal_id="151"/>
  <agent start_id="158" goal_id="11"/>
  <agent start_id="120" goal_id="148"/>
  <agent start_id="149" goal_id="193"/>
  <agent start_id="98" goal_id="112"/>
  <agent start_id="9" goal_id="79"/>
  <agent start_id="154" goal_id="5"/>
  <agent start_id="97" goal_id="13"/>
  <agent start_id="140" goal_id="140"/>
  <agent start_id="134" goal_id="35"/>
  <agent start_id="69" goal_id="56"/>
  <agent start_id="127" goal_id="180"/>
  <agent start_id="109" goal_id="2"/>
  <agent start_id="32" goal_id="77"/>
</root>
