<?xml version="1.0" ?>
<root>
  <agent start_id="174" goal_id="32"/>
  <agent start_id="23" goal_id="133"/>
  <agent start_id="148" goal_id="85"/>
  <agent start_id="163" goal_id="146"/>
  <agent start_id="113" goal_id="15"/>
  <agent start_id="158" goal_id="64"/>
  <agent start_id="122" goal_id="103"/>
  <agent start_id="21" goal_id="139"/>
  <agent start_id="95" goal_id="76"/>
  <agent start_id="123" goal_id="72"/>
  <agent start_id="170" goal_id="141"/>
  <agent start_id="93" goal_id="100"/>
  <agent start_id="73" goal_id="11"/>
  <agent start_id="188" goal_id="153"/>
  <agent start_id="78" goal_id="27"/>
  <agent start_id="109" goal_id="45"/>
  <agent start_id="94" goal_id="159"/>
  <agent start_id="185" goal_id="93"/>
  <agent start_id="8" goal_id="78"/>
  <agent start_id="44" goal_id="111"/>
  <agent start_id="13" goal_id="156"/>
  <agent start_id="171" goal_id="171"/>
  <agent start_id="82" goal_id="179"/>
  <agent start_id="9" goal_id="35"/>
  <agent start_id="165" goal_id="54"/>
  <agent start_id="96" goal_id="148"/>
  <agent start_id="194" goal_id="169"/>
  <agent start_id="130" goal_id="150"/>
  <agent start_id="48" goal_id="87"/>
  <agent start_id="147" goal_id="127"/>
  <agent start_id="59" goal_id="61"/>
  <agent start_id="197" goal_id="44"/>
  <agent start_id="32" goal_id="118"/>
  <agent start_id="114" goal_id="28"/>
  <agent start_id="11" goal_id="126"/>
  <agent start_id="157" goal_id="69"/>
  <agent start_id="182" goal_id="104"/>
  <agent start_id="81" goal_id="135"/>
  <agent start_id="143" goal_id="192"/>
  <agent start_id="118" goal_id="142"/>
  <agent start_id="83" goal_id="99"/>
  <agent start_id="162" goal_id="20"/>
  <agent start_id="6" goal_id="89"/>
  <agent start_id="85" goal_id="7"/>
  <agent start_id="39" goal_id="80"/>
  <agent start_id="132" goal_id="131"/>
  <agent start_id="54" goal_id="185"/>
  <agent start_id="51" goal_id="51"/>
  <agent start_id="47" goal_id="115"/>
  <agent start_id="117" goal_id="95"/>
</root>
