<?xml version="1.0" ?>
<root>
  <agent start_id="133" goal_id="166"/>
  <agent start_id="115" goal_id="29"/>
  <agent start_id="109" goal_id="189"/>
  <agent start_id="34" goal_id="41"/>
  <agent start_id="99" goal_id="195"/>
  <agent start_id="18" goal_id="148"/>
  <agent start_id="124" goal_id="87"/>
  <agent start_id="65" goal_id="38"/>
  <agent start_id="15" goal_id="99"/>
  <agent start_id="89" goal_id="17"/>
  <agent start_id="73" goal_id="71"/>
  <agent start_id="19" goal_id="123"/>
  <agent start_id="130" goal_id="155"/>
  <agent start_id="83" goal_id="5"/>
  <agent start_id="86" goal_id="95"/>
  <agent start_id="162" goal_id="57"/>
  <agent start_id="64" goal_id="147"/>
  <agent start_id="71" goal_id="27"/>
  <agent start_id="101" goal_id="8"/>
  <agent start_id="159" goal_id="100"/>
  <agent start_id="113" goal_id="145"/>
  <agent start_id="21" goal_id="129"/>
  <agent start_id="50" goal_id="103"/>
  <agent start_id="33" goal_id="72"/>
  <agent start_id="36" goal_id="61"/>
  <agent start_id="168" goal_id="125"/>
  <agent start_id="95" goal_id="6"/>
  <agent start_id="54" goal_id="159"/>
  <agent start_id="152" goal_id="94"/>
  <agent start_id="82" goal_id="67"/>
  <agent start_id="102" goal_id="59"/>
  <agent start_id="183" goal_id="24"/>
  <agent start_id="188" goal_id="143"/>
  <agent start_id="111" goal_id="171"/>
  <agent start_id="46" goal_id="105"/>
  <agent start_id="158" goal_id="50"/>
  <agent start_id="57" goal_id="108"/>
  <agent start_id="122" goal_id="84"/>
  <agent start_id="32" goal_id="114"/>
  <agent start_id="127" goal_id="0"/>
  <agent start_id="61" goal_id="136"/>
  <agent start_id="120" goal_id="117"/>
  <agent start_id="27" goal_id="42"/>
  <agent start_id="39" goal_id="31"/>
  <agent start_id="157" goal_id="98"/>
  <agent start_id="78" goal_id="88"/>
  <agent start_id="185" goal_id="172"/>
  <agent start_id="67" goal_id="76"/>
  <agent start_id="116" goal_id="199"/>
  <agent start_id="13" goal_id="178"/>
</root>
