<?xml version="1.0" ?>
<root>
  <agent start_id="76" goal_id="82"/>
  <agent start_id="106" goal_id="77"/>
  <agent start_id="3" goal_id="170"/>
  <agent start_id="198" goal_id="148"/>
  <agent start_id="117" goal_id="90"/>
  <agent start_id="85" goal_id="36"/>
  <agent start_id="107" goal_id="98"/>
  <agent start_id="181" goal_id="157"/>
  <agent start_id="187" goal_id="12"/>
  <agent start_id="81" goal_id="79"/>
  <agent start_id="111" goal_id="185"/>
  <agent start_id="28" goal_id="159"/>
  <agent start_id="65" goal_id="132"/>
  <agent start_id="141" goal_id="48"/>
  <agent start_id="130" goal_id="93"/>
  <agent start_id="53" goal_id="193"/>
  <agent start_id="114" goal_id="153"/>
  <agent start_id="109" goal_id="91"/>
  <agent start_id="135" goal_id="106"/>
  <agent start_id="60" goal_id="147"/>
  <agent start_id="185" goal_id="94"/>
  <agent start_id="191" goal_id="74"/>
  <agent start_id="93" goal_id="27"/>
  <agent start_id="125" goal_id="116"/>
  <agent start_id="56" goal_id="189"/>
  <agent start_id="31" goal_id="24"/>
  <agent start_id="38" goal_id="160"/>
  <agent start_id="183" goal_id="165"/>
  <agent start_id="83" goal_id="140"/>
  <agent start_id="67" goal_id="53"/>
  <agent start_id="4" goal_id="169"/>
  <agent start_id="164" goal_id="181"/>
  <agent start_id="49" goal_id="139"/>
  <agent start_id="66" goal_id="104"/>
  <agent start_id="151" goal_id="101"/>
  <agent start_id="88" goal_id="49"/>
  <agent start_id="148" goal_id="46"/>
  <agent start_id="133" goal_id="138"/>
  <agent start_id="33" goal_id="158"/>
  <agent start_id="15" goal_id="85"/>
  <agent start_id="79" goal_id="64"/>
  <agent start_id="48" goal_id="146"/>
  <agent start_id="63" goal_id="65"/>
  <agent start_id="30" goal_id="134"/>
  <agent start_id="40" goal_id="191"/>
  <agent start_id="162" goal_id="142"/>
  <agent start_id="156" goal_id="80"/>
  <agent start_id="190" goal_id="131"/>
  <agent start_id="195" goal_id="164"/>
  <agent start_id="139" goal_id="31"/>
</root>
