<?xml version="1.0" ?>
<root>
  <agent start_id="46" goal_id="100"/>
  <agent start_id="191" goal_id="1"/>
  <agent start_id="71" goal_id="28"/>
  <agent start_id="21" goal_id="112"/>
  <agent start_id="90" goal_id="153"/>
  <agent start_id="108" goal_id="36"/>
  <agent start_id="48" goal_id="99"/>
  <agent start_id="148" goal_id="142"/>
  <agent start_id="6" goal_id="198"/>
  <agent start_id="3" goal_id="171"/>
  <agent start_id="30" goal_id="192"/>
  <agent start_id="23" goal_id="91"/>
  <agent start_id="37" goal_id="117"/>
  <agent start_id="62" goal_id="193"/>
  <agent start_id="114" goal_id="61"/>
  <agent start_id="98" goal_id="160"/>
  <agent start_id="84" goal_id="120"/>
  <agent start_id="164" goal_id="6"/>
  <agent start_id="159" goal_id="45"/>
  <agent start_id="188" goal_id="92"/>
  <agent start_id="140" goal_id="136"/>
  <agent start_id="72" goal_id="67"/>
  <agent start_id="67" goal_id="20"/>
  <agent start_id="4" goal_id="141"/>
  <agent start_id="94" goal_id="194"/>
  <agent start_id="11" goal_id="62"/>
  <agent start_id="190" goal_id="170"/>
  <agent start_id="51" goal_id="49"/>
  <agent start_id="174" goal_id="123"/>
  <agent start_id="13" goal_id="34"/>
  <agent start_id="177" goal_id="88"/>
  <agent start_id="41" goal_id="86"/>
  <agent start_id="76" goal_id="19"/>
  <agent start_id="88" goal_id="128"/>
  <agent start_id="137" goal_id="95"/>
  <agent start_id="19" goal_id="158"/>
  <agent start_id="109" goal_id="172"/>
  <agent start_id="176" goal_id="180"/>
  <agent start_id="139" goal_id="76"/>
  <agent start_id="127" goal_id="97"/>
  <agent start_id="86" goal_id="119"/>
  <agent start_id="15" goal_id="29"/>
  <agent start_id="119" goal_id="44"/>
  <agent start_id="59" goal_id="181"/>
  <agent start_id="126" goal_id="3"/>
  <agent start_id="158" goal_id="114"/>
  <agent start_id="121" goal_id="102"/>
  <agent start_id="47" goal_id="163"/>
  <agent start_id="57" goal_id="147"/>
  <agent start_id="99" goal_id="59"/>
</root>
