<?xml version="1.0" ?>
<root>
  <agent start_id="114" goal_id="26"/>
  <agent start_id="140" goal_id="182"/>
  <agent start_id="8" goal_id="79"/>
  <agent start_id="141" goal_id="51"/>
  <agent start_id="97" goal_id="12"/>
  <agent start_id="96" goal_id="53"/>
  <agent start_id="183" goal_id="89"/>
  <agent start_id="190" goal_id="99"/>
  <agent start_id="92" goal_id="48"/>
  <agent start_id="69" goal_id="149"/>
  <agent start_id="157" goal_id="179"/>
  <agent start_id="40" goal_id="193"/>
  <agent start_id="106" goal_id="16"/>
  <agent start_id="23" goal_id="151"/>
  <agent start_id="54" goal_id="5"/>
  <agent start_id="108" goal_id="116"/>
  <agent start_id="29" goal_id="137"/>
  <agent start_id="142" goal_id="199"/>
  <agent start_id="77" goal_id="81"/>
  <agent start_id="102" goal_id="102"/>
  <agent start_id="38" goal_id="45"/>
  <agent start_id="145" goal_id="62"/>
  <agent start_id="175" goal_id="173"/>
  <agent start_id="61" goal_id="113"/>
  <agent start_id="42" goal_id="103"/>
  <agent start_id="135" goal_id="157"/>
  <agent start_id="91" goal_id="40"/>
  <agent start_id="165" goal_id="125"/>
  <agent start_id="178" goal_id="134"/>
  <agent start_id="15" goal_id="52"/>
  <agent start_id="82" goal_id="83"/>
  <agent start_id="65" goal_id="94"/>
  <agent start_id="155" goal_id="17"/>
  <agent start_id="154" goal_id="2"/>
  <agent start_id="191" goal_id="170"/>
  <agent start_id="160" goal_id="191"/>
  <agent start_id="25" goal_id="54"/>
  <agent start_id="119" goal_id="91"/>
  <agent start_id="180" goal_id="67"/>
  <agent start_id="158" goal_id="168"/>
  <agent start_id="19" goal_id="98"/>
  <agent start_id="152" goal_id="104"/>
  <agent start_id="147" goal_id="7"/>
  <agent start_id="173" goal_id="86"/>
  <agent start_id="59" goal_id="189"/>
  <agent start_id="99" goal_id="132"/>
  <agent start_id="73" goal_id="27"/>
  <agent start_id="188" goal_id="107"/>
  <agent start_id="80" goal_id="184"/>
  <agent start_id="131" goal_id="60"/>
</root>
