<?xml version="1.0" ?>
<root>
  <agent start_id="122" goal_id="53"/>
  <agent start_id="69" goal_id="143"/>
  <agent start_id="22" goal_id="97"/>
  <agent start_id="111" goal_id="160"/>
  <agent start_id="11" goal_id="129"/>
  <agent start_id="8" goal_id="152"/>
  <agent start_id="172" goal_id="34"/>
  <agent start_id="68" goal_id="180"/>
  <agent start_id="82" goal_id="26"/>
  <agent start_id="174" goal_id="183"/>
  <agent start_id="57" goal_id="60"/>
  <agent start_id="40" goal_id="76"/>
  <agent start_id="18" goal_id="115"/>
  <agent start_id="121" goal_id="54"/>
  <agent start_id="9" goal_id="140"/>
  <agent start_id="91" goal_id="195"/>
  <agent start_id="137" goal_id="197"/>
  <agent start_id="106" goal_id="137"/>
  <agent start_id="128" goal_id="41"/>
  <agent start_id="168" goal_id="174"/>
  <agent start_id="81" goal_id="182"/>
  <agent start_id="178" goal_id="46"/>
  <agent start_id="65" goal_id="167"/>
  <agent start_id="198" goal_id="111"/>
  <agent start_id="100" goal_id="65"/>
  <agent start_id="17" goal_id="95"/>
  <agent start_id="52" goal_id="109"/>
  <agent start_id="187" goal_id="56"/>
  <agent start_id="20" goal_id="124"/>
  <agent start_id="188" goal_id="181"/>
  <agent start_id="118" goal_id="157"/>
  <agent start_id="149" goal_id="134"/>
  <agent start_id="86" goal_id="29"/>
  <agent start_id="184" goal_id="193"/>
  <agent start_id="26" goal_id="59"/>
  <agent start_id="76" goal_id="20"/>
  <agent start_id="39" goal_id="150"/>
  <agent start_id="43" goal_id="73"/>
  <agent start_id="73" goal_id="176"/>
  <agent start_id="30" goal_id="118"/>
  <agent start_id="169" goal_id="24"/>
  <agent start_id="194" goal_id="122"/>
  <agent start_id="182" goal_id="50"/>
  <agent start_id="88" goal_id="104"/>
  <agent start_id="171" goal_id="17"/>
  <agent start_id="36" goal_id="38"/>
  <agent start_id="19" goal_id="128"/>
  <agent start_id="147" goal_id="39"/>
  <agent start_id="161" goal_id="67"/>
  <agent start_id="2" goal_id="189"/>
</root>
