<?xml version="1.0" ?>
<root>
  <agent start_id="56" goal_id="78"/>
  <agent start_id="18" goal_id="54"/>
  <agent start_id="130" goal_id="56"/>
  <agent start_id="65" goal_id="83"/>
  <agent start_id="99" goal_id="48"/>
  <agent start_id="1" goal_id="156"/>
  <agent start_id="19" goal_id="65"/>
  <agent start_id="122" goal_id="120"/>
  <agent start_id="177" goal_id="89"/>
  <agent start_id="68" goal_id="179"/>
  <agent start_id="169" goal_id="3"/>
  <agent start_id="90" goal_id="21"/>
  <agent start_id="188" goal_id="88"/>
  <agent start_id="70" goal_id="35"/>
  <agent start_id="71" goal_id="11"/>
  <agent start_id="13" goal_id="128"/>
  <agent start_id="37" goal_id="34"/>
  <agent start_id="5" goal_id="159"/>
  <agent start_id="10" goal_id="29"/>
  <agent start_id="168" goal_id="71"/>
  <agent start_id="148" goal_id="177"/>
  <agent start_id="106" goal_id="62"/>
  <agent start_id="21" goal_id="20"/>
  <agent start_id="120" goal_id="86"/>
  <agent start_id="159" goal_id="38"/>
  <agent start_id="143" goal_id="135"/>
  <agent start_id="119" goal_id="142"/>
  <agent start_id="163" goal_id="91"/>
  <agent start_id="128" goal_id="187"/>
  <agent start_id="110" goal_id="125"/>
  <agent start_id="138" goal_id="184"/>
  <agent start_id="44" goal_id="107"/>
  <agent start_id="190" goal_id="185"/>
  <agent start_id="165" goal_id="126"/>
  <agent start_id="180" goal_id="140"/>
  <agent start_id="124" goal_id="53"/>
  <agent start_id="14" goal_id="182"/>
  <agent start_id="86" goal_id="167"/>
  <agent start_id="97" goal_id="60"/>
  <agent start_id="153" goal_id="64"/>
  <agent start_id="166" goal_id="183"/>
  <agent start_id="57" goal_id="190"/>
  <agent start_id="146" goal_id="195"/>
  <agent start_id="155" goal_id="141"/>
  <agent start_id="53" goal_id="47"/>
  <agent start_id="27" goal_id="191"/>
  <agent start_id="20" goal_id="116"/>
  <agent start_id="45" goal_id="77"/>
  <agent start_id="111" goal_id="27"/>
  <agent start_id="17" goal_id="69"/>
</root>
