<?xml version="1.0" ?>
<root>
  <agent start_id="50" goal_id="156"/>
  <agent start_id="18" goal_id="40"/>
  <agent start_id="133" goal_id="122"/>
  <agent start_id="170" goal_id="198"/>
  <agent start_id="103" goal_id="30"/>
  <agent start_id="184" goal_id="109"/>
  <agent start_id="43" goal_id="26"/>
  <agent start_id="180" goal_id="99"/>
  <agent start_id="64" goal_id="86"/>
  <agent start_id="16" goal_id="20"/>
  <agent start_id="99" goal_id="126"/>
  <agent start_id="136" goal_id="36"/>
  <agent start_id="130" goal_id="169"/>
  <agent start_id="63" goal_id="149"/>
  <agent start_id="48" goal_id="48"/>
  <agent start_id="9" goal_id="116"/>
  <agent start_id="178" goal_id="80"/>
  <agent start_id="129" goal_id="130"/>
  <agent start_id="113" goal_id="181"/>
  <agent start_id="87" goal_id="151"/>
  <agent start_id="183" goal_id="120"/>
  <agent start_id="172" goal_id="176"/>
  <agent start_id="124" goal_id="56"/>
  <agent start_id="39" goal_id="63"/>
  <agent start_id="121" goal_id="165"/>
  <agent start_id="146" goal_id="140"/>
  <agent start_id="161" goal_id="27"/>
  <agent start_id="94" goal_id="150"/>
  <agent start_id="53" goal_id="42"/>
  <agent start_id="29" goal_id="88"/>
  <agent start_id="62" goal_id="111"/>
  <agent start_id="195" goal_id="118"/>
  <agent start_id="17" goal_id="59"/>
  <agent start_id="196" goal_id="73"/>
  <agent start_id="90" goal_id="187"/>
  <agent start_id="137" goal_id="162"/>
  <agent start_id="7" goal_id="2"/>
  <agent start_id="169" goal_id="199"/>
  <agent start_id="148" goal_id="143"/>
  <agent start_id="192" goal_id="64"/>
  <agent start_id="157" goal_id="34"/>
  <agent start_id="144" goal_id="112"/>
  <agent start_id="1" goal_id="70"/>
  <agent start_id="60" goal_id="43"/>
  <agent start_id="112" goal_id="74"/>
  <agent start_id="171" goal_id="31"/>
  <agent start_id="54" goal_id="108"/>
  <agent start_id="70" goal_id="168"/>
  <agent start_id="186" goal_id="183"/>
  <agent start_id="65" goal_id="58"/>
</root>
