<?xml version="1.0" ?>
<root>
  <agent start_id="70" goal_id="126"/>
  <agent start_id="32" goal_id="93"/>
  <agent start_id="123" goal_id="81"/>
  <agent start_id="115" goal_id="112"/>
  <agent start_id="145" goal_id="25"/>
  <agent start_id="142" goal_id="38"/>
  <agent start_id="65" goal_id="118"/>
  <agent start_id="112" goal_id="156"/>
  <agent start_id="24" goal_id="198"/>
  <agent start_id="78" goal_id="55"/>
  <agent start_id="151" goal_id="189"/>
  <agent start_id="159" goal_id="163"/>
  <agent start_id="5" goal_id="48"/>
  <agent start_id="76" goal_id="176"/>
  <agent start_id="109" goal_id="108"/>
  <agent start_id="148" goal_id="82"/>
  <agent start_id="185" goal_id="30"/>
  <agent start_id="152" goal_id="151"/>
  <agent start_id="116" goal_id="192"/>
  <agent start_id="74" goal_id="100"/>
  <agent start_id="160" goal_id="135"/>
  <agent start_id="168" goal_id="16"/>
  <agent start_id="144" goal_id="68"/>
  <agent start_id="150" goal_id="184"/>
  <agent start_id="117" goal_id="145"/>
  <agent start_id="79" goal_id="116"/>
  <agent start_id="54" goal_id="46"/>
  <agent start_id="34" goal_id="3"/>
  <agent start_id="20" goal_id="87"/>
  <agent start_id="181" goal_id="4"/>
  <agent start_id="106" goal_id="180"/>
  <agent start_id="154" goal_id="95"/>
  <agent start_id="19" goal_id="124"/>
  <agent start_id="96" goal_id="143"/>
  <agent start_id="102" goal_id="107"/>
  <agent start_id="30" goal_id="159"/>
  <agent start_id="169" goal_id="160"/>
  <agent start_id="176" goal_id="149"/>
  <agent start_id="111" goal_id="154"/>
  <agent start_id="64" goal_id="13"/>
  <agent start_id="48" goal_id="21"/>
  <agent start_id="67" goal_id="98"/>
  <agent start_id="157" goal_id="194"/>
  <agent start_id="139" goal_id="17"/>
  <agent start_id="80" goal_id="24"/>
  <agent start_id="86" goal_id="71"/>
  <agent start_id="184" goal_id="77"/>
  <agent start_id="55" goal_id="186"/>
  <agent start_id="35" goal_id="41"/>
  <agent start_id="13" goal_id="181"/>
</root>
