<?xml version="1.0" ?>
<root>
  <agent start_id="8" goal_id="33"/>
  <agent start_id="129" goal_id="195"/>
  <agent start_id="127" goal_id="73"/>
  <agent start_id="85" goal_id="69"/>
  <agent start_id="141" goal_id="8"/>
  <agent start_id="61" goal_id="27"/>
  <agent start_id="159" goal_id="114"/>
  <agent start_id="14" goal_id="7"/>
  <agent start_id="5" goal_id="3"/>
  <agent start_id="95" goal_id="57"/>
  <agent start_id="30" goal_id="101"/>
  <agent start_id="40" goal_id="66"/>
  <agent start_id="15" goal_id="103"/>
  <agent start_id="46" goal_id="14"/>
  <agent start_id="48" goal_id="191"/>
  <agent start_id="100" goal_id="21"/>
  <agent start_id="107" goal_id="51"/>
  <agent start_id="108" goal_id="136"/>
  <agent start_id="49" goal_id="152"/>
  <agent start_id="82" goal_id="71"/>
  <agent start_id="184" goal_id="82"/>
  <agent start_id="194" goal_id="6"/>
  <agent start_id="147" goal_id="29"/>
  <agent start_id="79" goal_id="178"/>
  <agent start_id="189" goal_id="155"/>
  <agent start_id="137" goal_id="133"/>
  <agent start_id="193" goal_id="131"/>
  <agent start_id="17" goal_id="84"/>
  <agent start_id="109" goal_id="168"/>
  <agent start_id="60" goal_id="64"/>
  <agent start_id="185" goal_id="12"/>
  <agent start_id="166" goal_id="171"/>
  <agent start_id="196" goal_id="179"/>
  <agent start_id="102" goal_id="198"/>
  <agent start_id="91" goal_id="196"/>
  <agent start_id="117" goal_id="2"/>
  <agent start_id="126" goal_id="158"/>
  <agent start_id="123" goal_id="143"/>
  <agent start_id="158" goal_id="56"/>
  <agent start_id="54" goal_id="169"/>
  <agent start_id="2" goal_id="13"/>
  <agent start_id="165" goal_id="36"/>
  <agent start_id="62" goal_id="20"/>
  <agent start_id="154" goal_id="174"/>
  <agent start_id="39" goal_id="24"/>
  <agent start_id="139" goal_id="162"/>
  <agent start_id="151" goal_id="142"/>
  <agent start_id="50" goal_id="115"/>
  <agent start_id="92" goal_id="120"/>
  <agent start_id="56" goal_id="81"/>
</root>
