<?xml version="1.0" ?>
<root>
  <agent start_id="168" goal_id="179"/>
  <agent start_id="104" goal_id="5"/>
  <agent start_id="23" goal_id="49"/>
  <agent start_id="183" goal_id="173"/>
  <agent start_id="192" goal_id="159"/>
  <agent start_id="167" goal_id="115"/>
  <agent start_id="128" goal_id="106"/>
  <agent start_id="177" goal_id="145"/>
  <agent start_id="165" goal_id="4"/>
  <agent start_id="138" goal_id="48"/>
  <agent start_id="64" goal_id="54"/>
  <agent start_id="34" goal_id="45"/>
  <agent start_id="86" goal_id="76"/>
  <agent start_id="84" goal_id="189"/>
  <agent start_id="180" goal_id="94"/>
  <agent start_id="4" goal_id="127"/>
  <agent start_id="40" goal_id="134"/>
  <agent start_id="148" goal_id="70"/>
  <agent start_id="56" goal_id="61"/>
  <agent start_id="97" goal_id="30"/>
  <agent start_id="80" goal_id="17"/>
  <agent start_id="109" goal_id="32"/>
  <agent start_id="70" goal_id="105"/>
  <agent start_id="159" goal_id="196"/>
  <agent start_id="154" goal_id="187"/>
  <agent start_id="134" goal_id="103"/>
  <agent start_id="132" goal_id="168"/>
  <agent start_id="125" goal_id="84"/>
  <agent start_id="2" goal_id="163"/>
  <agent start_id="32" goal_id="155"/>
  <agent start_id="189" goal_id="67"/>
  <agent start_id="111" goal_id="18"/>
  <agent start_id="196" goal_id="56"/>
  <agent start_id="169" goal_id="52"/>
  <agent start_id="25" goal_id="26"/>
  <agent start_id="78" goal_id="110"/>
  <agent start_id="112" goal_id="57"/>
  <agent start_id="100" goal_id="37"/>
  <agent start_id="194" goal_id="51"/>
  <agent start_id="90" goal_id="1"/>
  <agent start_id="74" goal_id="73"/>
  <agent start_id="43" goal_id="77"/>
  <agent start_id="1" goal_id="123"/>
  <agent start_id="176" goal_id="33"/>
  <agent start_id="30" goal_id="23"/>
  <agent start_id="178" goal_id="85"/>
  <agent start_id="11" goal_id="154"/>
  <agent start_id="82" goal_id="27"/>
  <agent start_id="191" goal_id="191"/>
  <agent start_id="122" goal_id="125"/>
</root>
