<?xml version="1.0" ?>
<root>
  <agent start_id="177" goal_id="117"/>
  <agent start_id="31" goal_id="131"/>
  <agent start_id="185" goal_id="165"/>
  <agent start_id="184" goal_id="103"/>
  <agent start_id="180" goal_id="157"/>
  <agent start_id="126" goal_id="89"/>
  <agent start_id="79" goal_id="174"/>
  <agent start_id="170" goal_id="56"/>
  <agent start_id="191" goal_id="15"/>
  <agent start_id="178" goal_id="24"/>
  <agent start_id="133" goal_id="118"/>
  <agent start_id="168" goal_id="149"/>
  <agent start_id="67" goal_id="92"/>
  <agent start_id="83" goal_id="93"/>
  <agent start_id="196" goal_id="3"/>
  <agent start_id="174" goal_id="105"/>
  <agent start_id="42" goal_id="168"/>
  <agent start_id="117" goal_id="115"/>
  <agent start_id="33" goal_id="193"/>
  <agent start_id="91" goal_id="68"/>
  <agent start_id="34" goal_id="34"/>
  <agent start_id="96" goal_id="152"/>
  <agent start_id="1" goal_id="158"/>
  <agent start_id="119" goal_id="41"/>
  <agent start_id="58" goal_id="181"/>
  <agent start_id="68" goal_id="12"/>
  <agent start_id="199" goal_id="143"/>
  <agent start_id="182" goal_id="160"/>
  <agent start_id="27" goal_id="72"/>
  <agent start_id="64" goal_id="40"/>
  <agent start_id="107" goal_id="91"/>
  <agent start_id="109" goal_id="113"/>
  <agent start_id="190" goal_id="61"/>
  <agent start_id="82" goal_id="159"/>
  <agent start_id="30" goal_id="20"/>
  <agent start_id="49" goal_id="54"/>
  <agent start_id="150" goal_id="64"/>
  <agent start_id="145" goal_id="191"/>
  <agent start_id="89" goal_id="162"/>
  <agent start_id="130" goal_id="17"/>
  <agent start_id="166" goal_id="146"/>
  <agent start_id="156" goal_id="67"/>
  <agent start_id="63" goal_id="52"/>
  <agent start_id="135" goal_id="136"/>
  <agent start_id="128" goal_id="45"/>
  <agent start_id="141" goal_id="172"/>
  <agent start_id="73" goal_id="95"/>
  <agent start_id="100" goal_id="110"/>
  <agent start_id="192" goal_id="186"/>
  <agent start_id="123" goal_id="154"/>
</root>
