<?xml version="1.0" ?>
<root>
  <agent start_id="45" goal_id="93"/>
  <agent start_id="141" goal_id="180"/>
  <agent start_id="88" goal_id="99"/>
  <agent start_id="193" goal_id="47"/>
  <agent start_id="79" goal_id="144"/>
  <agent start_id="196" goal_id="13"/>
  <agent start_id="116" goal_id="198"/>
  <agent start_id="89" goal_id="160"/>
  <agent start_id="9" goal_id="33"/>
  <agent start_id="33" goal_id="3"/>
  <agent start_id="159" goal_id="149"/>
  <agent start_id="181" goal_id="1"/>
  <agent start_id="73" goal_id="166"/>
  <agent start_id="151" goal_id="136"/>
  <agent start_id="123" goal_id="175"/>
  <agent start_id="158" goal_id="118"/>
  <agent start_id="19" goal_id="171"/>
  <agent start_id="163" goal_id="26"/>
  <agent start_id="167" goal_id="182"/>
  <agent start_id="146" goal_id="22"/>
  <agent start_id="186" goal_id="194"/>
  <agent start_id="29" goal_id="125"/>
  <agent start_id="18" goal_id="30"/>
  <agent start_id="121" goal_id="61"/>
  <agent start_id="129" goal_id="95"/>
  <agent start_id="113" goal_id="137"/>
  <agent start_id="104" goal_id="59"/>
  <agent start_id="63" goal_id="32"/>
  <agent start_id="197" goal_id="37"/>
  <agent start_id="192" goal_id="114"/>
  <agent start_id="4" goal_id="80"/>
  <agent start_id="139" goal_id="199"/>
  <agent start_id="102" goal_id="133"/>
  <agent start_id="110" goal_id="126"/>
  <agent start_id="156" goal_id="77"/>
  <agent start_id="55" goal_id="188"/>
  <agent start_id="95" goal_id="101"/>
  <agent start_id="28" goal_id="73"/>
  <agent start_id="190" goal_id="98"/>
  <agent start_id="114" goal_id="130"/>
  <agent start_id="46" goal_id="128"/>
  <agent start_id="40" goal_id="90"/>
  <agent start_id="133" goal_id="152"/>
  <agent start_id="160" goal_id="159"/>
  <agent start_id="7" goal_id="181"/>
  <agent start_id="61" goal_id="192"/>
  <agent start_id="185" goal_id="5"/>
  <agent start_id="91" goal_id="68"/>
  <agent start_id="124" goal_id="108"/>
  <agent start_id="71" goal_id="172"/>
</root>
