<?xml version="1.0" ?>
<root>
  <agent start_id="183" goal_id="28"/>
  <agent start_id="140" goal_id="173"/>
  <agent start_id="135" goal_id="37"/>
  <agent start_id="186" goal_id="18"/>
  <agent start_id="167" goal_id="53"/>
  <agent start_id="179" goal_id="192"/>
  <agent start_id="27" goal_id="43"/>
  <agent start_id="116" goal_id="159"/>
  <agent start_id="126" goal_id="133"/>
  <agent start_id="25" goal_id="48"/>
  <agent start_id="101" goal_id="44"/>
  <agent start_id="185" goal_id="64"/>
  <agent start_id="129" goal_id="125"/>
  <agent start_id="15" goal_id="1"/>
  <agent start_id="59" goal_id="181"/>
  <agent start_id="138" goal_id="58"/>
  <agent start_id="61" goal_id="63"/>
  <agent start_id="118" goal_id="52"/>
  <agent start_id="107" goal_id="59"/>
  <agent start_id="80" goal_id="75"/>
  <agent start_id="14" goal_id="166"/>
  <agent start_id="187" goal_id="14"/>
  <agent start_id="32" goal_id="158"/>
  <agent start_id="198" goal_id="9"/>
  <agent start_id="88" goal_id="126"/>
  <agent start_id="38" goal_id="89"/>
  <agent start_id="145" goal_id="118"/>
  <agent start_id="148" goal_id="93"/>
  <agent start_id="153" goal_id="152"/>
  <agent start_id="76" goal_id="85"/>
  <agent start_id="93" goal_id="111"/>
  <agent start_id="194" goal_id="142"/>
  <agent start_id="83" goal_id="31"/>
  <agent start_id="150" goal_id="110"/>
  <agent start_id="51" goal_id="40"/>
  <agent start_id="109" goal_id="189"/>
  <agent start_id="144" goal_id="140"/>
  <agent start_id="139" goal_id="100"/>
  <agent start_id="17" goal_id="187"/>
  <agent start_id="151" goal_id="175"/>
  <agent start_id="37" goal_id="45"/>
  <agent start_id="195" goal_id="83"/>
  <agent start_id="22" goal_id="99"/>
  <agent start_id="152" goal_id="88"/>
  <agent start_id="92" goal_id="112"/>
  <agent start_id="100" goal_id="157"/>
  <agent start_id="90" goal_id="98"/>
  <agent start_id="67" goal_id="81"/>
  <agent start_id="5" goal_id="30"/>
  <agent start_id="56" goal_id="160"/>
</root>
