<?xml version="1.0" ?>
<root>
  <agent start_id="179" goal_id="136"/>
  <agent start_id="129" goal_id="176"/>
  <agent start_id="33" goal_id="91"/>
  <agent start_id="35" goal_id="158"/>
  <agent start_id="14" goal_id="1"/>
  <agent start_id="18" goal_id="134"/>
  <agent start_id="157" goal_id="190"/>
  <agent start_id="77" goal_id="94"/>
  <agent start_id="13" goal_id="8"/>
  <agent start_id="96" goal_id="107"/>
  <agent start_id="127" goal_id="160"/>
  <agent start_id="114" goal_id="126"/>
  <agent start_id="180" goal_id="63"/>
  <agent start_id="166" goal_id="116"/>
  <agent start_id="142" goal_id="70"/>
  <agent start_id="3" goal_id="39"/>
  <agent start_id="173" goal_id="172"/>
  <agent start_id="68" goal_id="115"/>
  <agent start_id="62" goal_id="7"/>
  <agent start_id="46" goal_id="69"/>
  <agent start_id="65" goal_id="165"/>
  <agent start_id="11" goal_id="195"/>
  <agent start_id="76" goal_id="20"/>
  <agent start_id="181" goal_id="43"/>
  <agent start_id="30" goal_id="71"/>
  <agent start_id="160" goal_id="173"/>
  <agent start_id="60" goal_id="119"/>
  <agent start_id="168" goal_id="33"/>
  <agent start_id="131" goal_id="5"/>
  <agent start_id="122" goal_id="157"/>
  <agent start_id="194" goal_id="47"/>
  <agent start_id="169" goal_id="123"/>
  <agent start_id="190" goal_id="183"/>
  <agent start_id="192" goal_id="76"/>
  <agent start_id="81" goal_id="78"/>
  <agent start_id="108" goal_id="27"/>
  <agent start_id="34" goal_id="164"/>
  <agent start_id="17" goal_id="121"/>
  <agent start_id="91" goal_id="32"/>
  <agent start_id="99" goal_id="148"/>
  <agent start_id="78" goal_id="53"/>
  <agent start_id="172" goal_id="87"/>
  <agent start_id="1" goal_id="108"/>
  <agent start_id="73" goal_id="162"/>
  <agent start_id="182" goal_id="19"/>
  <agent start_id="163" goal_id="137"/>
  <agent start_id="20" goal_id="30"/>
  <agent start_id="195" goal_id="142"/>
  <agent start_id="64" goal_id="45"/>
  <agent start_id="145" goal_id="96"/>
</root>
