<?xml version="1.0" ?>
<root>
  <agent start_id="169" goal_id="134"/>
  <agent start_id="161" goal_id="30"/>
  <agent start_id="155" goal_id="43"/>
  <agent start_id="193" goal_id="63"/>
  <agent start_id="110" goal_id="22"/>
  <agent start_id="20" goal_id="87"/>
  <agent start_id="179" goal_id="176"/>
  <agent start_id="44" goal_id="195"/>
  <agent start_id="195" goal_id="54"/>
  <agent start_id="124" goal_id="121"/>
  <agent start_id="170" goal_id="129"/>
  <agent start_id="26" goal_id="189"/>
  <agent start_id="182" goal_id="59"/>
  <agent start_id="190" goal_id="91"/>
  <agent start_id="4" goal_id="167"/>
  <agent start_id="178" goal_id="179"/>
  <agent start_id="57" goal_id="154"/>
  <agent start_id="15" goal_id="162"/>
  <agent start_id="62" goal_id="125"/>
  <agent start_id="14" goal_id="163"/>
  <agent start_id="133" goal_id="16"/>
  <agent start_id="59" goal_id="137"/>
  <agent start_id="89" goal_id="133"/>
  <agent start_id="72" goal_id="71"/>
  <agent start_id="163" goal_id="24"/>
  <agent start_id="68" goal_id="32"/>
  <agent start_id="184" goal_id="13"/>
  <agent start_id="16" goal_id="174"/>
  <agent start_id="13" goal_id="92"/>
  <agent start_id="22" goal_id="155"/>
  <agent start_id="79" goal_id="107"/>
  <agent start_id="19" goal_id="40"/>
  <agent start_id="25" goal_id="49"/>
  <agent start_id="187" goal_id="76"/>
  <agent start_id="112" goal_id="89"/>
  <agent start_id="198" goal_id="93"/>
  <agent start_id="145" goal_id="15"/>
  <agent start_id="30" goal_id="75"/>
  <agent start_id="114" goal_id="115"/>
  <agent start_id="147" goal_id="188"/>
  <agent start_id="82" goal_id="103"/>
  <agent start_id="92" goal_id="29"/>
  <agent start_id="141" goal_id="21"/>
  <agent start_id="176" goal_id="28"/>
  <agent start_id="154" goal_id="11"/>
  <agent start_id="18" goal_id="2"/>
  <agent start_id="128" goal_id="141"/>
  <agent start_id="134" goal_id="180"/>
  <agent start_id="180" goal_id="34"/>
  <agent start_id="34" goal_id="165"/>
</root>
