<?xml version="1.0" ?>
<root>
  <agent start_id="32" goal_id="146"/>
  <agent start_id="13" goal_id="69"/>
  <agent start_id="106" goal_id="46"/>
  <agent start_id="100" goal_id="118"/>
  <agent start_id="185" goal_id="29"/>
  <agent start_id="130" goal_id="145"/>
  <agent start_id="193" goal_id="182"/>
  <agent start_id="67" goal_id="6"/>
  <agent start_id="4" goal_id="2"/>
  <agent start_id="190" goal_id="24"/>
  <agent start_id="39" goal_id="42"/>
  <agent start_id="140" goal_id="124"/>
  <agent start_id="19" goal_id="15"/>
  <agent start_id="82" goal_id="45"/>
  <agent start_id="123" goal_id="7"/>
  <agent start_id="187" goal_id="107"/>
  <agent start_id="152" goal_id="115"/>
  <agent start_id="22" goal_id="137"/>
  <agent start_id="198" goal_id="173"/>
  <agent start_id="30" goal_id="157"/>
  <agent start_id="84" goal_id="60"/>
  <agent start_id="184" goal_id="130"/>
  <agent start_id="80" goal_id="181"/>
  <agent start_id="20" goal_id="119"/>
  <agent start_id="74" goal_id="134"/>
  <agent start_id="107" goal_id="101"/>
  <agent start_id="114" goal_id="163"/>
  <agent start_id="197" goal_id="20"/>
  <agent start_id="108" goal_id="105"/>
  <agent start_id="15" goal_id="72"/>
  <agent start_id="85" goal_id="187"/>
  <agent start_id="24" goal_id="44"/>
  <agent start_id="79" goal_id="165"/>
  <agent start_id="157" goal_id="99"/>
  <agent start_id="16" goal_id="56"/>
  <agent start_id="62" goal_id="104"/>
  <agent start_id="142" goal_id="10"/>
  <agent start_id="10" goal_id="67"/>
  <agent start_id="41" goal_id="184"/>
  <agent start_id="111" goal_id="171"/>
  <agent start_id="29" goal_id="172"/>
  <agent start_id="196" goal_id="186"/>
  <agent start_id="116" goal_id="199"/>
  <agent start_id="58" goal_id="31"/>
  <agent start_id="64" goal_id="75"/>
  <agent start_id="43" goal_id="73"/>
  <agent start_id="128" goal_id="41"/>
  <agent start_id="136" goal_id="100"/>
  <agent start_id="89" goal_id="116"/>
  <agent start_id="113" goal_id="14"/>
</root>
