<?xml version="1.0" ?>
<root>
  <agent start_id="18" goal_id="122"/>
  <agent start_id="72" goal_id="90"/>
  <agent start_id="134" goal_id="62"/>
  <agent start_id="193" goal_id="196"/>
  <agent start_id="48" goal_id="166"/>
  <agent start_id="89" goal_id="128"/>
  <agent start_id="156" goal_id="25"/>
  <agent start_id="142" goal_id="131"/>
  <agent start_id="137" goal_id="5"/>
  <agent start_id="184" goal_id="161"/>
  <agent start_id="172" goal_id="26"/>
  <agent start_id="19" goal_id="19"/>
  <agent start_id="101" goal_id="107"/>
  <agent start_id="30" goal_id="197"/>
  <agent start_id="124" goal_id="10"/>
  <agent start_id="41" goal_id="182"/>
  <agent start_id="91" goal_id="73"/>
  <agent start_id="195" goal_id="138"/>
  <agent start_id="191" goal_id="118"/>
  <agent start_id="31" goal_id="8"/>
  <agent start_id="114" goal_id="105"/>
  <agent start_id="139" goal_id="88"/>
  <agent start_id="130" goal_id="121"/>
  <agent start_id="12" goal_id="92"/>
  <agent start_id="112" goal_id="68"/>
  <agent start_id="80" goal_id="41"/>
  <agent start_id="77" goal_id="49"/>
  <agent start_id="123" goal_id="4"/>
  <agent start_id="37" goal_id="158"/>
  <agent start_id="74" goal_id="20"/>
  <agent start_id="1" goal_id="132"/>
  <agent start_id="57" goal_id="30"/>
  <agent start_id="180" goal_id="3"/>
  <agent start_id="87" goal_id="199"/>
  <agent start_id="106" goal_id="94"/>
  <agent start_id="165" goal_id="144"/>
  <agent start_id="3" goal_id="52"/>
  <agent start_id="186" goal_id="106"/>
  <agent start_id="25" goal_id="130"/>
  <agent start_id="0" goal_id="38"/>
  <agent start_id="149" goal_id="119"/>
  <agent start_id="15" goal_id="85"/>
  <agent start_id="169" goal_id="175"/>
  <agent start_id="152" goal_id="136"/>
  <agent start_id="122" goal_id="157"/>
  <agent start_id="150" goal_id="120"/>
  <agent start_id="22" goal_id="101"/>
  <agent start_id="199" goal_id="29"/>
  <agent start_id="59" goal_id="183"/>
  <agent start_id="104" goal_id="63"/>
</root>
