<?xml version="1.0" ?>
<root>
  <agent start_id="172" goal_id="7"/>
  <agent start_id="125" goal_id="41"/>
  <agent start_id="81" goal_id="85"/>
  <agent start_id="150" goal_id="62"/>
  <agent start_id="129" goal_id="128"/>
  <agent start_id="176" goal_id="160"/>
  <agent start_id="74" goal_id="112"/>
  <agent start_id="114" goal_id="45"/>
  <agent start_id="42" goal_id="75"/>
  <agent start_id="103" goal_id="125"/>
  <agent start_id="110" goal_id="167"/>
  <agent start_id="41" goal_id="58"/>
  <agent start_id="85" goal_id="171"/>
  <agent start_id="34" goal_id="109"/>
  <agent start_id="173" goal_id="143"/>
  <agent start_id="135" goal_id="48"/>
  <agent start_id="127" goal_id="67"/>
  <agent start_id="52" goal_id="130"/>
  <agent start_id="139" goal_id="26"/>
  <agent start_id="118" goal_id="147"/>
  <agent start_id="188" goal_id="39"/>
  <agent start_id="119" goal_id="33"/>
  <agent start_id="58" goal_id="139"/>
  <agent start_id="39" goal_id="135"/>
  <agent start_id="15" goal_id="80"/>
  <agent start_id="189" goal_id="35"/>
  <agent start_id="6" goal_id="177"/>
  <agent start_id="146" goal_id="56"/>
  <agent start_id="92" goal_id="49"/>
  <agent start_id="124" goal_id="51"/>
  <agent start_id="191" goal_id="90"/>
  <agent start_id="45" goal_id="18"/>
  <agent start_id="113" goal_id="193"/>
  <agent start_id="11" goal_id="154"/>
  <agent start_id="47" goal_id="78"/>
  <agent start_id="30" goal_id="20"/>
  <agent start_id="160" goal_id="157"/>
  <agent start_id="50" goal_id="189"/>
  <agent start_id="154" goal_id="105"/>
  <agent start_id="141" goal_id="10"/>
  <agent start_id="37" goal_id="133"/>
  <agent start_id="100" goal_id="190"/>
  <agent start_id="44" goal_id="14"/>
  <agent start_id="72" goal_id="121"/>
  <agent start_id="157" goal_id="152"/>
  <agent start_id="175" goal_id="174"/>
  <agent start_id="18" goal_id="156"/>
  <agent start_id="54" goal_id="82"/>
  <agent start_id="165" goal_id="118"/>
  <agent start_id="98" goal_id="182"/>
</root>
