<?xml version="1.0" ?>
<root>
  <agent start_id="171" goal_id="136"/>
  <agent start_id="139" goal_id="124"/>
  <agent start_id="8" goal_id="90"/>
  <agent start_id="15" goal_id="150"/>
  <agent start_id="114" goal_id="82"/>
  <agent start_id="16" goal_id="38"/>
  <agent start_id="130" goal_id="108"/>
  <agent start_id="78" goal_id="71"/>
  <agent start_id="119" goal_id="30"/>
  <agent start_id="173" goal_id="141"/>
  <agent start_id="62" goal_id="183"/>
  <agent start_id="165" goal_id="131"/>
  <agent start_id="138" goal_id="159"/>
  <agent start_id="191" goal_id="181"/>
  <agent start_id="178" goal_id="145"/>
  <agent start_id="109" goal_id="94"/>
  <agent start_id="12" goal_id="5"/>
  <agent start_id="96" goal_id="55"/>
  <agent start_id="34" goal_id="167"/>
  <agent start_id="127" goal_id="133"/>
  <agent start_id="93" goal_id="99"/>
  <agent start_id="77" goal_id="118"/>
  <agent start_id="136" goal_id="119"/>
  <agent start_id="133" goal_id="10"/>
  <agent start_id="187" goal_id="113"/>
  <agent start_id="2" goal_id="178"/>
  <agent start_id="186" goal_id="57"/>
  <agent start_id="29" goal_id="61"/>
  <agent start_id="76" goal_id="40"/>
  <agent start_id="149" goal_id="194"/>
  <agent start_id="198" goal_id="23"/>
  <agent start_id="140" goal_id="160"/>
  <agent start_id="112" goal_id="114"/>
  <agent start_id="72" goal_id="76"/>
  <agent start_id="169" goal_id="80"/>
  <agent start_id="118" goal_id="86"/>
  <agent start_id="32" goal_id="1"/>
  <agent start_id="60" goal_id="28"/>
  <agent start_id="128" goal_id="134"/>
  <agent start_id="7" goal_id="11"/>
  <agent start_id="73" goal_id="68"/>
  <agent start_id="48" goal_id="130"/>
  <agent start_id="154" goal_id="182"/>
  <agent start_id="30" goal_id="120"/>
  <agent start_id="82" goal_id="16"/>
  <agent start_id="88" goal_id="21"/>
  <agent start_id="162" goal_id="174"/>
  <agent start_id="35" goal_id="81"/>
  <agent start_id="101" goal_id="64"/>
  <agent start_id="43" goal_id="69"/>
</root>
