<?xml version="1.0" ?>
<root>
  <agent start_id="195" goal_id="65"/>
  <agent start_id="15" goal_id="77"/>
  <agent start_id="117" goal_id="177"/>
  <agent start_id="45" goal_id="148"/>
  <agent start_id="96" goal_id="49"/>
  <agent start_id="170" goal_id="141"/>
  <agent start_id="190" goal_id="32"/>
  <agent start_id="115" goal_id="3"/>
  <agent start_id="103" goal_id="89"/>
  <agent start_id="137" goal_id="113"/>
  <agent start_id="60" goal_id="47"/>
  <agent start_id="127" goal_id="120"/>
  <agent start_id="1" goal_id="171"/>
  <agent start_id="18" goal_id="195"/>
  <agent start_id="27" goal_id="79"/>
  <agent start_id="63" goal_id="145"/>
  <agent start_id="88" goal_id="18"/>
  <agent start_id="144" goal_id="91"/>
  <agent start_id="140" goal_id="74"/>
  <agent start_id="41" goal_id="188"/>
  <agent start_id="169" goal_id="60"/>
  <agent start_id="182" goal_id="134"/>
  <agent start_id="6" goal_id="152"/>
  <agent start_id="57" goal_id="108"/>
  <agent start_id="32" goal_id="137"/>
  <agent start_id="73" goal_id="124"/>
  <agent start_id="148" goal_id="51"/>
  <agent start_id="90" goal_id="84"/>
  <agent start_id="156" goal_id="129"/>
  <agent start_id="62" goal_id="16"/>
  <agent start_id="194" goal_id="31"/>
  <agent start_id="75" goal_id="115"/>
  <agent start_id="95" goal_id="62"/>
  <agent start_id="19" goal_id="175"/>
  <agent start_id="72" goal_id="160"/>
  <agent start_id="51" goal_id="132"/>
  <agent start_id="8" goal_id="184"/>
  <agent start_id="157" goal_id="193"/>
  <agent start_id="187" goal_id="181"/>
  <agent start_id="192" goal_id="14"/>
  <agent start_id="11" goal_id="139"/>
  <agent start_id="116" goal_id="176"/>
  <agent start_id="174" goal_id="192"/>
  <agent start_id="105" goal_id="36"/>
  <agent start_id="196" goal_id="180"/>
  <agent start_id="98" goal_id="27"/>
  <agent start_id="136" goal_id="190"/>
  <agent start_id="122" goal_id="58"/>
  <agent start_id="185" goal_id="55"/>
  <agent start_id="179" goal_id="154"/>
</root>
