<?xml version="1.0" ?>
<root>
  <agent start_id="54" goal_id="128"/>
  <agent start_id="18" goal_id="46"/>
  <agent start_id="117" goal_id="189"/>
  <agent start_id="76" goal_id="1"/>
  <agent start_id="1" goal_id="40"/>
  <agent start_id="173" goal_id="168"/>
  <agent start_id="152" goal_id="0"/>
  <agent start_id="30" goal_id="141"/>
  <agent start_id="60" goal_id="192"/>
  <agent start_id="35" goal_id="116"/>
  <agent start_id="157" goal_id="178"/>
  <agent start_id="166" goal_id="152"/>
  <agent start_id="89" goal_id="28"/>
  <agent start_id="180" goal_id="105"/>
  <agent start_id="104" goal_id="124"/>
  <agent start_id="14" goal_id="78"/>
  <agent start_id="165" goal_id="197"/>
  <agent start_id="184" goal_id="25"/>
  <agent start_id="141" goal_id="27"/>
  <agent start_id="73" goal_id="117"/>
  <agent start_id="27" goal_id="98"/>
  <agent start_id="55" goal_id="138"/>
  <agent start_id="178" goal_id="77"/>
  <agent start_id="71" goal_id="166"/>
  <agent start_id="116" goal_id="31"/>
  <agent start_id="78" goal_id="59"/>
  <agent start_id="6" goal_id="38"/>
  <agent start_id="111" goal_id="70"/>
  <agent start_id="102" goal_id="191"/>
  <agent start_id="41" goal_id="67"/>
  <agent start_id="64" goal_id="184"/>
  <agent start_id="63" goal_id="45"/>
  <agent start_id="101" goal_id="55"/>
  <agent start_id="99" goal_id="131"/>
  <agent start_id="62" goal_id="126"/>
  <agent start_id="57" goal_id="143"/>
  <agent start_id="105" goal_id="60"/>
  <agent start_id="182" goal_id="12"/>
  <agent start_id="122" goal_id="101"/>
  <agent start_id="195" goal_id="171"/>
  <agent start_id="32" goal_id="103"/>
  <agent start_id="22" goal_id="185"/>
  <agent start_id="151" goal_id="17"/>
  <agent start_id="28" goal_id="135"/>
  <agent start_id="108" goal_id="14"/>
  <agent start_id="192" goal_id="125"/>
  <agent start_id="133" goal_id="92"/>
  <agent start_id="149" goal_id="6"/>
  <agent start_id="156" goal_id="151"/>
  <agent start_id="137" goal_id="123"/>
</root>
