<?xml version="1.0" ?>
<root>
  <agent start_id="41" goal_id="149"/>
  <agent start_id="144" goal_id="44"/>
  <agent start_id="52" goal_id="55"/>
  <agent start_id="98" goal_id="12"/>
  <agent start_id="151" goal_id="3"/>
  <agent start_id="135" goal_id="34"/>
  <agent start_id="174" goal_id="112"/>
  <agent start_id="152" goal_id="106"/>
  <agent start_id="103" goal_id="86"/>
  <agent start_id="18" goal_id="41"/>
  <agent start_id="35" goal_id="153"/>
  <agent start_id="149" goal_id="25"/>
  <agent start_id="155" goal_id="188"/>
  <agent start_id="37" goal_id="128"/>
  <agent start_id="182" goal_id="9"/>
  <agent start_id="97" goal_id="74"/>
  <agent start_id="114" goal_id="172"/>
  <agent start_id="16" goal_id="84"/>
  <agent start_id="86" goal_id="163"/>
  <agent start_id="102" goal_id="13"/>
  <agent start_id="2" goal_id="165"/>
  <agent start_id="183" goal_id="174"/>
  <agent start_id="46" goal_id="134"/>
  <agent start_id="92" goal_id="20"/>
  <agent start_id="177" goal_id="49"/>
  <agent start_id="66" goal_id="101"/>
  <agent start_id="50" goal_id="30"/>
  <agent start_id="170" goal_id="190"/>
  <agent start_id="6" goal_id="139"/>
  <agent start_id="181" goal_id="46"/>
  <agent start_id="34" goal_id="61"/>
  <agent start_id="44" goal_id="150"/>
  <agent start_id="39" goal_id="90"/>
  <agent start_id="165" goal_id="151"/>
  <agent start_id="160" goal_id="80"/>
  <agent start_id="31" goal_id="118"/>
  <agent start_id="173" goal_id="82"/>
  <agent start_id="178" goal_id="6"/>
  <agent start_id="81" goal_id="72"/>
  <agent start_id="93" goal_id="4"/>
  <agent start_id="100" goal_id="87"/>
  <agent start_id="10" goal_id="186"/>
  <agent start_id="121" goal_id="162"/>
  <agent start_id="198" goal_id="108"/>
  <agent start_id="171" goal_id="40"/>
  <agent start_id="13" goal_id="197"/>
  <agent start_id="67" goal_id="33"/>
  <agent start_id="163" goal_id="103"/>
  <agent start_id="82" goal_id="133"/>
  <agent start_id="140" goal_id="178"/>
</root>
