<?xml version="1.0" ?>
<root>
  <agent start_id="80" goal_id="167"/>
  <agent start_id="85" goal_id="91"/>
  <agent start_id="167" goal_id="88"/>
  <agent start_id="68" goal_id="3"/>
  <agent start_id="161" goal_id="193"/>
  <agent start_id="148" goal_id="110"/>
  <agent start_id="139" goal_id="76"/>
  <agent start_id="185" goal_id="46"/>
  <agent start_id="129" goal_id="129"/>
  <agent start_id="14" goal_id="29"/>
  <agent start_id="50" goal_id="179"/>
  <agent start_id="111" goal_id="19"/>
  <agent start_id="127" goal_id="94"/>
  <agent start_id="179" goal_id="98"/>
  <agent start_id="113" goal_id="5"/>
  <agent start_id="189" goal_id="116"/>
  <agent start_id="121" goal_id="27"/>
  <agent start_id="24" goal_id="35"/>
  <agent start_id="197" goal_id="122"/>
  <agent start_id="188" goal_id="155"/>
  <agent start_id="120" goal_id="171"/>
  <agent start_id="42" goal_id="44"/>
  <agent start_id="5" goal_id="30"/>
  <agent start_id="27" goal_id="56"/>
  <agent start_id="51" goal_id="175"/>
  <agent start_id="37" goal_id="196"/>
  <agent start_id="1" goal_id="39"/>
  <agent start_id="45" goal_id="141"/>
  <agent start_id="90" goal_id="8"/>
  <agent start_id="19" goal_id="64"/>
  <agent start_id="87" goal_id="54"/>
  <agent start_id="130" goal_id="89"/>
  <agent start_id="10" goal_id="58"/>
  <agent start_id="184" goal_id="114"/>
  <agent start_id="103" goal_id="172"/>
  <agent start_id="150" goal_id="150"/>
  <agent start_id="11" goal_id="69"/>
  <agent start_id="47" goal_id="151"/>
  <agent start_id="77" goal_id="126"/>
  <agent start_id="143" goal_id="85"/>
  <agent start_id="104" goal_id="63"/>
  <agent start_id="38" goal_id="109"/>
  <agent start_id="43" goal_id="53"/>
  <agent start_id="199" goal_id="185"/>
  <agent start_id="96" goal_id="189"/>
  <agent start_id="107" goal_id="168"/>
  <agent start_id="7" goal_id="164"/>
  <agent start_id="123" goal_id="143"/>
  <agent start_id="33" goal_id="42"/>
  <agent start_id="145" goal_id="138"/>
</root>
