<?xml version="1.0" ?>
<root>
  <agent start_id="95" goal_id="122"/>
  <agent start_id="29" goal_id="17"/>
  <agent start_id="91" goal_id="130"/>
  <agent start_id="30" goal_id="196"/>
  <agent start_id="167" goal_id="93"/>
  <agent start_id="168" goal_id="24"/>
  <agent start_id="123" goal_id="170"/>
  <agent start_id="150" goal_id="34"/>
  <agent start_id="143" goal_id="167"/>
  <agent start_id="1" goal_id="60"/>
  <agent start_id="76" goal_id="144"/>
  <agent start_id="197" goal_id="146"/>
  <agent start_id="114" goal_id="138"/>
  <agent start_id="78" goal_id="108"/>
  <agent start_id="171" goal_id="92"/>
  <agent start_id="187" goal_id="63"/>
  <agent start_id="141" goal_id="2"/>
  <agent start_id="131" goal_id="58"/>
  <agent start_id="38" goal_id="79"/>
  <agent start_id="69" goal_id="127"/>
  <agent start_id="26" goal_id="56"/>
  <agent start_id="101" goal_id="177"/>
  <agent start_id="179" goal_id="133"/>
  <agent start_id="87" goal_id="29"/>
  <agent start_id="170" goal_id="87"/>
  <agent start_id="18" goal_id="21"/>
  <agent start_id="98" goal_id="151"/>
  <agent start_id="44" goal_id="141"/>
  <agent start_id="173" goal_id="110"/>
  <agent start_id="47" goal_id="14"/>
  <agent start_id="132" goal_id="100"/>
  <agent start_id="147" goal_id="90"/>
  <agent start_id="6" goal_id="183"/>
  <agent start_id="127" goal_id="32"/>
  <agent start_id="118" goal_id="83"/>
  <agent start_id="14" goal_id="46"/>
  <agent start_id="154" goal_id="81"/>
  <agent start_id="162" goal_id="72"/>
  <agent start_id="89" goal_id="154"/>
  <agent start_id="8" goal_id="30"/>
  <agent start_id="42" goal_id="16"/>
  <agent start_id="180" goal_id="137"/>
  <agent start_id="152" goal_id="75"/>
  <agent start_id="156" goal_id="165"/>
  <agent start_id="120" goal_id="119"/>
  <agent start_id="145" goal_id="37"/>
  <agent start_id="75" goal_id="124"/>
  <agent start_id="139" goal_id="82"/>
  <agent start_id="33" goal_id="161"/>
  <agent start_id="60" goal_id="152"/>
</root>
