<?xml version="1.0" ?>
<root>
  <agent start_id="99" goal_id="24"/>
  <agent start_id="101" goal_id="62"/>
  <agent start_id="145" goal_id="130"/>
  <agent start_id="84" goal_id="4"/>
  <agent start_id="70" goal_id="188"/>
  <agent start_id="58" goal_id="145"/>
  <agent start_id="163" goal_id="186"/>
  <agent start_id="13" goal_id="22"/>
  <agent start_id="8" goal_id="6"/>
  <agent start_id="130" goal_id="11"/>
  <agent start_id="4" goal_id="28"/>
  <agent start_id="135" goal_id="73"/>
  <agent start_id="160" goal_id="116"/>
  <agent start_id="39" goal_id="132"/>
  <agent start_id="177" goal_id="127"/>
  <agent start_id="90" goal_id="70"/>
  <agent start_id="149" goal_id="9"/>
  <agent start_id="121" goal_id="119"/>
  <agent start_id="137" goal_id="98"/>
  <agent start_id="186" goal_id="173"/>
  <agent start_id="43" goal_id="108"/>
  <agent start_id="198" goal_id="169"/>
  <agent start_id="47" goal_id="33"/>
  <agent start_id="173" goal_id="122"/>
  <agent start_id="143" goal_id="176"/>
  <agent start_id="115" goal_id="83"/>
  <agent start_id="92" goal_id="179"/>
  <agent start_id="96" goal_id="184"/>
  <agent start_id="144" goal_id="150"/>
  <agent start_id="125" goal_id="23"/>
  <agent start_id="178" goal_id="153"/>
  <agent start_id="128" goal_id="165"/>
  <agent start_id="127" goal_id="160"/>
  <agent start_id="147" goal_id="81"/>
  <agent start_id="75" goal_id="65"/>
  <agent start_id="18" goal_id="89"/>
  <agent start_id="193" goal_id="128"/>
  <agent start_id="55" goal_id="170"/>
  <agent start_id="85" goal_id="41"/>
  <agent start_id="77" goal_id="124"/>
  <agent start_id="22" goal_id="114"/>
  <agent start_id="114" goal_id="51"/>
  <agent start_id="5" goal_id="25"/>
  <agent start_id="89" goal_id="198"/>
  <agent start_id="31" goal_id="40"/>
  <agent start_id="29" goal_id="43"/>
  <agent start_id="103" goal_id="67"/>
  <agent start_id="138" goal_id="76"/>
  <agent start_id="176" goal_id="158"/>
  <agent start_id="44" goal_id="197"/>
</root>
