<?xml version="1.0" ?>
<root>
  <agent start_id="189" goal_id="177"/>
  <agent start_id="45" goal_id="27"/>
  <agent start_id="26" goal_id="159"/>
  <agent start_id="69" goal_id="171"/>
  <agent start_id="11" goal_id="134"/>
  <agent start_id="79" goal_id="48"/>
  <agent start_id="148" goal_id="151"/>
  <agent start_id="47" goal_id="174"/>
  <agent start_id="146" goal_id="30"/>
  <agent start_id="18" goal_id="40"/>
  <agent start_id="111" goal_id="106"/>
  <agent start_id="175" goal_id="176"/>
  <agent start_id="188" goal_id="191"/>
  <agent start_id="145" goal_id="45"/>
  <agent start_id="149" goal_id="4"/>
  <agent start_id="50" goal_id="39"/>
  <agent start_id="127" goal_id="117"/>
  <agent start_id="195" goal_id="19"/>
  <agent start_id="139" goal_id="24"/>
  <agent start_id="101" goal_id="195"/>
  <agent start_id="173" goal_id="198"/>
  <agent start_id="40" goal_id="86"/>
  <agent start_id="142" goal_id="107"/>
  <agent start_id="58" goal_id="8"/>
  <agent start_id="60" goal_id="34"/>
  <agent start_id="93" goal_id="41"/>
  <agent start_id="152" goal_id="183"/>
  <agent start_id="71" goal_id="156"/>
  <agent start_id="106" goal_id="147"/>
  <agent start_id="104" goal_id="7"/>
  <agent start_id="157" goal_id="2"/>
  <agent start_id="33" goal_id="118"/>
  <agent start_id="116" goal_id="149"/>
  <agent start_id="41" goal_id="55"/>
  <agent start_id="94" goal_id="154"/>
  <agent start_id="91" goal_id="33"/>
  <agent start_id="143" goal_id="102"/>
  <agent start_id="115" goal_id="101"/>
  <agent start_id="128" goal_id="52"/>
  <agent start_id="174" goal_id="66"/>
  <agent start_id="48" goal_id="168"/>
  <agent start_id="185" goal_id="83"/>
  <agent start_id="166" goal_id="72"/>
  <agent start_id="56" goal_id="23"/>
  <agent start_id="5" goal_id="180"/>
  <agent start_id="85" goal_id="120"/>
  <agent start_id="1" goal_id="122"/>
  <agent start_id="98" goal_id="135"/>
  <agent start_id="156" goal_id="165"/>
  <agent start_id="180" goal_id="152"/>
</root>
