<?xml version="1.0" ?>
<root>
  <agent start_id="59" goal_id="100"/>
  <agent start_id="163" goal_id="4"/>
  <agent start_id="140" goal_id="27"/>
  <agent start_id="115" goal_id="67"/>
  <agent start_id="94" goal_id="138"/>
  <agent start_id="162" goal_id="9"/>
  <agent start_id="23" goal_id="69"/>
  <agent start_id="123" goal_id="140"/>
  <agent start_id="183" goal_id="103"/>
  <agent start_id="190" goal_id="44"/>
  <agent start_id="139" goal_id="92"/>
  <agent start_id="158" goal_id="56"/>
  <agent start_id="48" goal_id="81"/>
  <agent start_id="166" goal_id="39"/>
  <agent start_id="122" goal_id="157"/>
  <agent start_id="60" goal_id="123"/>
  <agent start_id="1" goal_id="196"/>
  <agent start_id="66" goal_id="173"/>
  <agent start_id="69" goal_id="28"/>
  <agent start_id="146" goal_id="184"/>
  <agent start_id="193" goal_id="57"/>
  <agent start_id="93" goal_id="30"/>
  <agent start_id="4" goal_id="117"/>
  <agent start_id="128" goal_id="193"/>
  <agent start_id="50" goal_id="68"/>
  <agent start_id="77" goal_id="128"/>
  <agent start_id="26" goal_id="115"/>
  <agent start_id="168" goal_id="195"/>
  <agent start_id="41" goal_id="61"/>
  <agent start_id="180" goal_id="83"/>
  <agent start_id="117" goal_id="53"/>
  <agent start_id="185" goal_id="108"/>
  <agent start_id="111" goal_id="84"/>
  <agent start_id="176" goal_id="86"/>
  <agent start_id="171" goal_id="25"/>
  <agent start_id="56" goal_id="102"/>
  <agent start_id="198" goal_id="2"/>
  <agent start_id="96" goal_id="165"/>
  <agent start_id="119" goal_id="106"/>
  <agent start_id="188" goal_id="63"/>
  <agent start_id="63" goal_id="155"/>
  <agent start_id="53" goal_id="150"/>
  <agent start_id="44" goal_id="122"/>
  <agent start_id="152" goal_id="76"/>
  <agent start_id="22" goal_id="48"/>
  <agent start_id="51" goal_id="32"/>
  <agent start_id="104" goal_id="125"/>
  <agent start_id="113" goal_id="135"/>
  <agent start_id="134" goal_id="71"/>
  <agent start_id="72" goal_id="159"/>
</root>
