<?xml version="1.0" ?>
<root>
  <agent start_id="72" goal_id="11"/>
  <agent start_id="144" goal_id="195"/>
  <agent start_id="131" goal_id="168"/>
  <agent start_id="47" goal_id="23"/>
  <agent start_id="101" goal_id="172"/>
  <agent start_id="59" goal_id="50"/>
  <agent start_id="92" goal_id="137"/>
  <agent start_id="169" goal_id="82"/>
  <agent start_id="156" goal_id="65"/>
  <agent start_id="172" goal_id="46"/>
  <agent start_id="66" goal_id="185"/>
  <agent start_id="127" goal_id="100"/>
  <agent start_id="45" goal_id="102"/>
  <agent start_id="70" goal_id="51"/>
  <agent start_id="141" goal_id="112"/>
  <agent start_id="197" goal_id="7"/>
  <agent start_id="13" goal_id="177"/>
  <agent start_id="73" goal_id="154"/>
  <agent start_id="152" goal_id="151"/>
  <agent start_id="190" goal_id="106"/>
  <agent start_id="109" goal_id="63"/>
  <agent start_id="192" goal_id="53"/>
  <agent start_id="164" goal_id="14"/>
  <agent start_id="125" goal_id="5"/>
  <agent start_id="186" goal_id="76"/>
  <agent start_id="37" goal_id="10"/>
  <agent start_id="26" goal_id="192"/>
  <agent start_id="12" goal_id="158"/>
  <agent start_id="119" goal_id="160"/>
  <agent start_id="158" goal_id="69"/>
  <agent start_id="179" goal_id="52"/>
  <agent start_id="50" goal_id="16"/>
  <agent start_id="62" goal_id="91"/>
  <agent start_id="147" goal_id="4"/>
  <agent start_id="0" goal_id="56"/>
  <agent start_id="35" goal_id="89"/>
  <agent start_id="183" goal_id="74"/>
  <agent start_id="105" goal_id="127"/>
  <agent start_id="17" goal_id="139"/>
  <agent start_id="2" goal_id="170"/>
  <agent start_id="150" goal_id="81"/>
  <agent start_id="123" goal_id="37"/>
  <agent start_id="132" goal_id="84"/>
  <agent start_id="23" goal_id="68"/>
  <agent start_id="80" goal_id="146"/>
  <agent start_id="42" goal_id="145"/>
  <agent start_id="91" goal_id="197"/>
  <agent start_id="177" goal_id="18"/>
  <agent start_id="5" goal_id="147"/>
  <agent start_id="103" goal_id="13"/>
</root>
