<?xml version="1.0" ?>
<root>
  <agent start_id="123" goal_id="20"/>
  <agent start_id="138" goal_id="185"/>
  <agent start_id="152" goal_id="127"/>
  <agent start_id="21" goal_id="137"/>
  <agent start_id="77" goal_id="9"/>
  <agent start_id="51" goal_id="43"/>
  <agent start_id="186" goal_id="153"/>
  <agent start_id="180" goal_id="147"/>
  <agent start_id="174" goal_id="166"/>
  <agent start_id="66" goal_id="11"/>
  <agent start_id="65" goal_id="82"/>
  <agent start_id="60" goal_id="44"/>
  <agent start_id="158" goal_id="28"/>
  <agent start_id="126" goal_id="130"/>
  <agent start_id="84" goal_id="38"/>
  <agent start_id="87" goal_id="199"/>
  <agent start_id="191" goal_id="197"/>
  <agent start_id="28" goal_id="1"/>
  <agent start_id="176" goal_id="16"/>
  <agent start_id="144" goal_id="102"/>
  <agent start_id="129" goal_id="52"/>
  <agent start_id="199" goal_id="33"/>
  <agent start_id="54" goal_id="69"/>
  <agent start_id="114" goal_id="90"/>
  <agent start_id="159" goal_id="54"/>
  <agent start_id="96" goal_id="195"/>
  <agent start_id="15" goal_id="103"/>
  <agent start_id="151" goal_id="139"/>
  <agent start_id="99" goal_id="19"/>
  <agent start_id="43" goal_id="125"/>
  <agent start_id="163" goal_id="168"/>
  <agent start_id="145" goal_id="155"/>
  <agent start_id="100" goal_id="123"/>
  <agent start_id="56" goal_id="159"/>
  <agent start_id="113" goal_id="5"/>
  <agent start_id="3" goal_id="7"/>
  <agent start_id="130" goal_id="2"/>
  <agent start_id="94" goal_id="17"/>
  <agent start_id="141" goal_id="98"/>
  <agent start_id="1" goal_id="76"/>
  <agent start_id="46" goal_id="141"/>
  <agent start_id="17" goal_id="174"/>
  <agent start_id="70" goal_id="18"/>
  <agent start_id="112" goal_id="109"/>
  <agent start_id="63" goal_id="22"/>
  <agent start_id="193" goal_id="190"/>
  <agent start_id="82" goal_id="47"/>
  <agent start_id="168" goal_id="85"/>
  <agent start_id="91" goal_id="112"/>
  <agent start_id="155" goal_id="51"/>
</root>
