<?xml version="1.0" ?>
<root>
  <agent start_id="23" goal_id="198"/>
  <agent start_id="118" goal_id="195"/>
  <agent start_id="57" goal_id="153"/>
  <agent start_id="125" goal_id="121"/>
  <agent start_id="4" goal_id="88"/>
  <agent start_id="97" goal_id="100"/>
  <agent start_id="25" goal_id="125"/>
  <agent start_id="38" goal_id="64"/>
  <agent start_id="186" goal_id="42"/>
  <agent start_id="143" goal_id="127"/>
  <agent start_id="178" goal_id="137"/>
  <agent start_id="78" goal_id="70"/>
  <agent start_id="1" goal_id="31"/>
  <agent start_id="184" goal_id="38"/>
  <agent start_id="55" goal_id="182"/>
  <agent start_id="192" goal_id="186"/>
  <agent start_id="103" goal_id="180"/>
  <agent start_id="122" goal_id="117"/>
  <agent start_id="148" goal_id="66"/>
  <agent start_id="194" goal_id="118"/>
  <agent start_id="197" goal_id="158"/>
  <agent start_id="43" goal_id="160"/>
  <agent start_id="126" goal_id="17"/>
  <agent start_id="150" goal_id="174"/>
  <agent start_id="111" goal_id="34"/>
  <agent start_id="20" goal_id="194"/>
  <agent start_id="41" goal_id="68"/>
  <agent start_id="160" goal_id="23"/>
  <agent start_id="89" goal_id="84"/>
  <agent start_id="174" goal_id="10"/>
  <agent start_id="100" goal_id="170"/>
  <agent start_id="147" goal_id="148"/>
  <agent start_id="2" goal_id="142"/>
  <agent start_id="87" goal_id="15"/>
  <agent start_id="169" goal_id="60"/>
  <agent start_id="172" goal_id="97"/>
  <agent start_id="44" goal_id="169"/>
  <agent start_id="50" goal_id="0"/>
  <agent start_id="74" goal_id="130"/>
  <agent start_id="85" goal_id="171"/>
  <agent start_id="175" goal_id="51"/>
  <agent start_id="37" goal_id="49"/>
  <agent start_id="60" goal_id="8"/>
  <agent start_id="152" goal_id="167"/>
  <agent start_id="8" goal_id="73"/>
  <agent start_id="9" goal_id="2"/>
  <agent start_id="165" goal_id="5"/>
  <agent start_id="48" goal_id="78"/>
  <agent start_id="63" goal_id="178"/>
  <agent start_id="141" goal_id="32"/>
</root>
