<?xml version="1.0" ?>
<root>
  <agent start_id="190" goal_id="5"/>
  <agent start_id="196" goal_id="36"/>
  <agent start_id="175" goal_id="151"/>
  <agent start_id="15" goal_id="196"/>
  <agent start_id="75" goal_id="143"/>
  <agent start_id="21" goal_id="113"/>
  <agent start_id="72" goal_id="93"/>
  <agent start_id="161" goal_id="83"/>
  <agent start_id="158" goal_id="100"/>
  <agent start_id="184" goal_id="58"/>
  <agent start_id="145" goal_id="90"/>
  <agent start_id="37" goal_id="107"/>
  <agent start_id="6" goal_id="56"/>
  <agent start_id="113" goal_id="162"/>
  <agent start_id="180" goal_id="144"/>
  <agent start_id="155" goal_id="70"/>
  <agent start_id="198" goal_id="77"/>
  <agent start_id="10" goal_id="82"/>
  <agent start_id="182" goal_id="156"/>
  <agent start_id="135" goal_id="105"/>
  <agent start_id="50" goal_id="154"/>
  <agent start_id="188" goal_id="153"/>
  <agent start_id="179" goal_id="42"/>
  <agent start_id="115" goal_id="99"/>
  <agent start_id="65" goal_id="45"/>
  <agent start_id="81" goal_id="114"/>
  <agent start_id="172" goal_id="76"/>
  <agent start_id="199" goal_id="199"/>
  <agent start_id="194" goal_id="187"/>
  <agent start_id="170" goal_id="28"/>
  <agent start_id="11" goal_id="48"/>
  <agent start_id="4" goal_id="21"/>
  <agent start_id="29" goal_id="165"/>
  <agent start_id="39" goal_id="7"/>
  <agent start_id="98" goal_id="160"/>
  <agent start_id="77" goal_id="125"/>
  <agent start_id="127" goal_id="24"/>
  <agent start_id="89" goal_id="146"/>
  <agent start_id="18" goal_id="32"/>
  <agent start_id="130" goal_id="179"/>
  <agent start_id="5" goal_id="190"/>
  <agent start_id="120" goal_id="73"/>
  <agent start_id="167" goal_id="0"/>
  <agent start_id="177" goal_id="17"/>
  <agent start_id="43" goal_id="66"/>
  <agent start_id="60" goal_id="192"/>
  <agent start_id="2" goal_id="131"/>
  <agent start_id="137" goal_id="40"/>
  <agent start_id="41" goal_id="97"/>
  <agent start_id="32" goal_id="185"/>
</root>
