<?xml version="1.0" ?>
<root>
  <agent start_id="73" goal_id="108"/>
  <agent start_id="57" goal_id="188"/>
  <agent start_id="49" goal_id="40"/>
  <agent start_id="120" goal_id="178"/>
  <agent start_id="124" goal_id="171"/>
  <agent start_id="136" goal_id="64"/>
  <agent start_id="52" goal_id="46"/>
  <agent start_id="23" goal_id="62"/>
  <agent start_id="36" goal_id="177"/>
  <agent start_id="98" goal_id="19"/>
  <agent start_id="91" goal_id="151"/>
  <agent start_id="107" goal_id="37"/>
  <agent start_id="92" goal_id="111"/>
  <agent start_id="182" goal_id="7"/>
  <agent start_id="129" goal_id="104"/>
  <agent start_id="39" goal_id="113"/>
  <agent start_id="12" goal_id="133"/>
  <agent start_id="118" goal_id="29"/>
  <agent start_id="111" goal_id="137"/>
  <agent start_id="18" goal_id="92"/>
  <agent start_id="157" goal_id="89"/>
  <agent start_id="6" goal_id="82"/>
  <agent start_id="58" goal_id="30"/>
  <agent start_id="34" goal_id="8"/>
  <agent start_id="178" goal_id="187"/>
  <agent start_id="199" goal_id="140"/>
  <agent start_id="195" goal_id="33"/>
  <agent start_id="126" goal_id="1"/>
  <agent start_id="10" goal_id="186"/>
  <agent start_id="2" goal_id="101"/>
  <agent start_id="83" goal_id="43"/>
  <agent start_id="180" goal_id="123"/>
  <agent start_id="190" goal_id="78"/>
  <agent start_id="53" goal_id="161"/>
  <agent start_id="61" goal_id="129"/>
  <agent start_id="116" goal_id="54"/>
  <agent start_id="45" goal_id="100"/>
  <agent start_id="31" goal_id="70"/>
  <agent start_id="68" goal_id="144"/>
  <agent start_id="1" goal_id="175"/>
  <agent start_id="101" goal_id="199"/>
  <agent start_id="93" goal_id="134"/>
  <agent start_id="169" goal_id="18"/>
  <agent start_id="71" goal_id="2"/>
  <agent start_id="172" goal_id="15"/>
  <agent start_id="54" goal_id="181"/>
  <agent start_id="179" goal_id="176"/>
  <agent start_id="170" goal_id="114"/>
  <agent start_id="167" goal_id="65"/>
  <agent start_id="104" goal_id="149"/>
</root>
