<?xml version="1.0" ?>
<root>
  <agent start_id="148" goal_id="152"/>
  <agent start_id="27" goal_id="174"/>
  <agent start_id="88" goal_id="51"/>
  <agent start_id="40" goal_id="124"/>
  <agent start_id="59" goal_id="77"/>
  <agent start_id="30" goal_id="89"/>
  <agent start_id="93" goal_id="13"/>
  <agent start_id="150" goal_id="175"/>
  <agent start_id="35" goal_id="15"/>
  <agent start_id="155" goal_id="171"/>
  <agent start_id="68" goal_id="181"/>
  <agent start_id="174" goal_id="62"/>
  <agent start_id="23" goal_id="38"/>
  <agent start_id="99" goal_id="115"/>
  <agent start_id="158" goal_id="48"/>
  <agent start_id="114" goal_id="110"/>
  <agent start_id="66" goal_id="28"/>
  <agent start_id="32" goal_id="101"/>
  <agent start_id="173" goal_id="37"/>
  <agent start_id="103" goal_id="172"/>
  <agent start_id="78" goal_id="70"/>
  <agent start_id="54" goal_id="165"/>
  <agent start_id="152" goal_id="73"/>
  <agent start_id="177" goal_id="76"/>
  <agent start_id="133" goal_id="159"/>
  <agent start_id="126" goal_id="63"/>
  <agent start_id="163" goal_id="57"/>
  <agent start_id="159" goal_id="197"/>
  <agent start_id="198" goal_id="179"/>
  <agent start_id="164" goal_id="93"/>
  <agent start_id="176" goal_id="140"/>
  <agent start_id="168" goal_id="2"/>
  <agent start_id="199" goal_id="23"/>
  <agent start_id="95" goal_id="82"/>
  <agent start_id="138" goal_id="44"/>
  <agent start_id="46" goal_id="85"/>
  <agent start_id="19" goal_id="167"/>
  <agent start_id="7" goal_id="107"/>
  <agent start_id="132" goal_id="123"/>
  <agent start_id="128" goal_id="9"/>
  <agent start_id="110" goal_id="41"/>
  <agent start_id="147" goal_id="168"/>
  <agent start_id="20" goal_id="154"/>
  <agent start_id="165" goal_id="122"/>
  <agent start_id="11" goal_id="190"/>
  <agent start_id="62" goal_id="25"/>
  <agent start_id="117" goal_id="84"/>
  <agent start_id="130" goal_id="126"/>
  <agent start_id="89" goal_id="141"/>
  <agent start_id="16" goal_id="160"/>
</root>
