<?xml version="1.0" ?>
<root>
  <agent start_id="50" goal_id="59"/>
  <agent start_id="22" goal_id="36"/>
  <agent start_id="131" goal_id="138"/>
  <agent start_id="122" goal_id="92"/>
  <agent start_id="117" goal_id="40"/>
  <agent start_id="189" goal_id="190"/>
  <agent start_id="130" goal_id="194"/>
  <agent start_id="174" goal_id="17"/>
  <agent start_id="15" goal_id="82"/>
  <agent start_id="41" goal_id="57"/>
  <agent start_id="29" goal_id="197"/>
  <agent start_id="78" goal_id="75"/>
  <agent start_id="139" goal_id="28"/>
  <agent start_id="118" goal_id="89"/>
  <agent start_id="127" goal_id="4"/>
  <agent start_id="80" goal_id="94"/>
  <agent start_id="169" goal_id="179"/>
  <agent start_id="160" goal_id="77"/>
  <agent start_id="93" goal_id="54"/>
  <agent start_id="152" goal_id="70"/>
  <agent start_id="19" goal_id="85"/>
  <agent start_id="143" goal_id="147"/>
  <agent start_id="8" goal_id="25"/>
  <agent start_id="112" goal_id="104"/>
  <agent start_id="70" goal_id="9"/>
  <agent start_id="25" goal_id="87"/>
  <agent start_id="172" goal_id="173"/>
  <agent start_id="10" goal_id="144"/>
  <agent start_id="90" goal_id="139"/>
  <agent start_id="95" goal_id="196"/>
  <agent start_id="32" goal_id="79"/>
  <agent start_id="182" goal_id="150"/>
  <agent start_id="88" goal_id="160"/>
  <agent start_id="83" goal_id="184"/>
  <agent start_id="142" goal_id="116"/>
  <agent start_id="134" goal_id="45"/>
  <agent start_id="166" goal_id="13"/>
  <agent start_id="141" goal_id="6"/>
  <agent start_id="148" goal_id="21"/>
  <agent start_id="45" goal_id="163"/>
  <agent start_id="199" goal_id="169"/>
  <agent start_id="44" goal_id="133"/>
  <agent start_id="16" goal_id="51"/>
  <agent start_id="7" goal_id="93"/>
  <agent start_id="65" goal_id="43"/>
  <agent start_id="102" goal_id="41"/>
  <agent start_id="156" goal_id="174"/>
  <agent start_id="123" goal_id="132"/>
  <agent start_id="191" goal_id="141"/>
  <agent start_id="20" goal_id="136"/>
</root>
