<?xml version="1.0" ?>
<root>
  <agent start_id="141" goal_id="24"/>
  <agent start_id="102" goal_id="121"/>
  <agent start_id="11" goal_id="128"/>
  <agent start_id="128" goal_id="78"/>
  <agent start_id="100" goal_id="113"/>
  <agent start_id="58" goal_id="39"/>
  <agent start_id="46" goal_id="150"/>
  <agent start_id="183" goal_id="15"/>
  <agent start_id="65" goal_id="86"/>
  <agent start_id="69" goal_id="155"/>
  <agent start_id="125" goal_id="168"/>
  <agent start_id="35" goal_id="93"/>
  <agent start_id="19" goal_id="125"/>
  <agent start_id="155" goal_id="80"/>
  <agent start_id="147" goal_id="32"/>
  <agent start_id="87" goal_id="96"/>
  <agent start_id="119" goal_id="73"/>
  <agent start_id="89" goal_id="70"/>
  <agent start_id="110" goal_id="182"/>
  <agent start_id="189" goal_id="187"/>
  <agent start_id="95" goal_id="116"/>
  <agent start_id="137" goal_id="55"/>
  <agent start_id="85" goal_id="90"/>
  <agent start_id="12" goal_id="5"/>
  <agent start_id="63" goal_id="82"/>
  <agent start_id="1" goal_id="157"/>
  <agent start_id="166" goal_id="148"/>
  <agent start_id="64" goal_id="109"/>
  <agent start_id="171" goal_id="84"/>
  <agent start_id="199" goal_id="152"/>
  <agent start_id="139" goal_id="172"/>
  <agent start_id="20" goal_id="34"/>
  <agent start_id="2" goal_id="131"/>
  <agent start_id="52" goal_id="48"/>
  <agent start_id="43" goal_id="192"/>
  <agent start_id="6" goal_id="126"/>
  <agent start_id="78" goal_id="194"/>
  <agent start_id="178" goal_id="42"/>
  <agent start_id="23" goal_id="79"/>
  <agent start_id="104" goal_id="43"/>
  <agent start_id="160" goal_id="33"/>
  <agent start_id="135" goal_id="7"/>
  <agent start_id="25" goal_id="189"/>
  <agent start_id="133" goal_id="46"/>
  <agent start_id="9" goal_id="58"/>
  <agent start_id="152" goal_id="40"/>
  <agent start_id="149" goal_id="51"/>
  <agent start_id="181" goal_id="108"/>
  <agent start_id="4" goal_id="179"/>
  <agent start_id="36" goal_id="177"/>
</root>
