<?xml version="1.0" ?>
<root>
  <agent start_id="78" goal_id="125"/>
  <agent start_id="196" goal_id="119"/>
  <agent start_id="118" goal_id="37"/>
  <agent start_id="162" goal_id="54"/>
  <agent start_id="133" goal_id="147"/>
  <agent start_id="84" goal_id="58"/>
  <agent start_id="152" goal_id="133"/>
  <agent start_id="139" goal_id="55"/>
  <agent start_id="24" goal_id="155"/>
  <agent start_id="143" goal_id="66"/>
  <agent start_id="157" goal_id="184"/>
  <agent start_id="29" goal_id="149"/>
  <agent start_id="101" goal_id="141"/>
  <agent start_id="161" goal_id="190"/>
  <agent start_id="175" goal_id="138"/>
  <agent start_id="0" goal_id="11"/>
  <agent start_id="164" goal_id="42"/>
  <agent start_id="52" goal_id="33"/>
  <agent start_id="171" goal_id="91"/>
  <agent start_id="154" goal_id="49"/>
  <agent start_id="59" goal_id="21"/>
  <agent start_id="47" goal_id="89"/>
  <agent start_id="116" goal_id="5"/>
  <agent start_id="177" goal_id="18"/>
  <agent start_id="94" goal_id="98"/>
  <agent start_id="21" goal_id="70"/>
  <agent start_id="41" goal_id="77"/>
  <agent start_id="63" goal_id="97"/>
  <agent start_id="147" goal_id="79"/>
  <agent start_id="79" goal_id="87"/>
  <agent start_id="183" goal_id="193"/>
  <agent start_id="125" goal_id="120"/>
  <agent start_id="111" goal_id="194"/>
  <agent start_id="89" goal_id="74"/>
  <agent start_id="96" goal_id="95"/>
  <agent start_id="16" goal_id="23"/>
  <agent start_id="102" goal_id="162"/>
  <agent start_id="129" goal_id="143"/>
  <agent start_id="60" goal_id="38"/>
  <agent start_id="130" goal_id="80"/>
  <agent start_id="54" goal_id="176"/>
  <agent start_id="69" goal_id="30"/>
  <agent start_id="181" goal_id="104"/>
  <agent start_id="15" goal_id="130"/>
  <agent start_id="110" goal_id="26"/>
  <agent start_id="105" goal_id="24"/>
  <agent start_id="135" goal_id="168"/>
  <agent start_id="112" goal_id="111"/>
  <agent start_id="150" goal_id="170"/>
  <agent start_id="149" goal_id="112"/>
</root>
