<?xml version="1.0" ?>
<root>
  <agent start_id="27" goal_id="147"/>
  <agent start_id="150" goal_id="39"/>
  <agent start_id="34" goal_id="174"/>
  <agent start_id="116" goal_id="79"/>
  <agent start_id="114" goal_id="68"/>
  <agent start_id="182" goal_id="90"/>
  <agent start_id="2" goal_id="137"/>
  <agent start_id="173" goal_id="184"/>
  <agent start_id="25" goal_id="95"/>
  <agent start_id="50" goal_id="1"/>
  <agent start_id="193" goal_id="105"/>
  <agent start_id="180" goal_id="191"/>
  <agent start_id="117" goal_id="6"/>
  <agent start_id="106" goal_id="113"/>
  <agent start_id="30" goal_id="178"/>
  <agent start_id="26" goal_id="93"/>
  <agent start_id="104" goal_id="133"/>
  <agent start_id="185" goal_id="65"/>
  <agent start_id="18" goal_id="193"/>
  <agent start_id="148" goal_id="186"/>
  <agent start_id="64" goal_id="166"/>
  <agent start_id="126" goal_id="16"/>
  <agent start_id="178" goal_id="11"/>
  <agent start_id="12" goal_id="58"/>
  <agent start_id="46" goal_id="10"/>
  <agent start_id="137" goal_id="152"/>
  <agent start_id="161" goal_id="42"/>
  <agent start_id="39" goal_id="71"/>
  <agent start_id="42" goal_id="9"/>
  <agent start_id="176" goal_id="118"/>
  <agent start_id="82" goal_id="149"/>
  <agent start_id="179" goal_id="101"/>
  <agent start_id="112" goal_id="102"/>
  <agent start_id="20" goal_id="143"/>
  <agent start_id="60" goal_id="67"/>
  <agent start_id="102" goal_id="175"/>
  <agent start_id="190" goal_id="180"/>
  <agent start_id="97" goal_id="116"/>
  <agent start_id="8" goal_id="64"/>
  <agent start_id="120" goal_id="81"/>
  <agent start_id="165" goal_id="92"/>
  <agent start_id="57" goal_id="4"/>
  <agent start_id="44" goal_id="78"/>
  <agent start_id="75" goal_id="197"/>
  <agent start_id="74" goal_id="120"/>
  <agent start_id="162" goal_id="176"/>
  <agent start_id="96" goal_id="114"/>
  <agent start_id="72" goal_id="28"/>
  <agent start_id="91" goal_id="154"/>
  <agent start_id="61" goal_id="12"/>
</root>
