<?xml version="1.0" ?>
<root>
  <agent start_id="185" goal_id="27"/>
  <agent start_id="141" goal_id="146"/>
  <agent start_id="74" goal_id="142"/>
  <agent start_id="150" goal_id="87"/>
  <agent start_id="191" goal_id="19"/>
  <agent start_id="37" goal_id="116"/>
  <agent start_id="22" goal_id="113"/>
  <agent start_id="44" goal_id="58"/>
  <agent start_id="127" goal_id="80"/>
  <agent start_id="152" goal_id="105"/>
  <agent start_id="104" goal_id="183"/>
  <agent start_id="153" goal_id="56"/>
  <agent start_id="92" goal_id="54"/>
  <agent start_id="51" goal_id="187"/>
  <agent start_id="155" goal_id="90"/>
  <agent start_id="33" goal_id="70"/>
  <agent start_id="29" goal_id="133"/>
  <agent start_id="78" goal_id="18"/>
  <agent start_id="133" goal_id="14"/>
  <agent start_id="65" goal_id="95"/>
  <agent start_id="195" goal_id="131"/>
  <agent start_id="70" goal_id="149"/>
  <agent start_id="157" goal_id="102"/>
  <agent start_id="169" goal_id="191"/>
  <agent start_id="1" goal_id="125"/>
  <agent start_id="8" goal_id="103"/>
  <agent start_id="35" goal_id="160"/>
  <agent start_id="122" goal_id="23"/>
  <agent start_id="38" goal_id="174"/>
  <agent start_id="62" goal_id="182"/>
  <agent start_id="83" goal_id="33"/>
  <agent start_id="113" goal_id="110"/>
  <agent start_id="90" goal_id="164"/>
  <agent start_id="50" goal_id="184"/>
  <agent start_id="119" goal_id="188"/>
  <agent start_id="145" goal_id="180"/>
  <agent start_id="86" goal_id="83"/>
  <agent start_id="100" goal_id="50"/>
  <agent start_id="20" goal_id="178"/>
  <agent start_id="31" goal_id="13"/>
  <agent start_id="80" goal_id="119"/>
  <agent start_id="188" goal_id="172"/>
  <agent start_id="196" goal_id="179"/>
  <agent start_id="75" goal_id="76"/>
  <agent start_id="108" goal_id="163"/>
  <agent start_id="25" goal_id="152"/>
  <agent start_id="131" goal_id="138"/>
  <agent start_id="105" goal_id="65"/>
  <agent start_id="49" goal_id="140"/>
  <agent start_id="21" goal_id="61"/>
</root>
