<?xml version="1.0" ?>
<root>
  <agent start_id="41" goal_id="140"/>
  <agent start_id="90" goal_id="117"/>
  <agent start_id="17" goal_id="63"/>
  <agent start_id="47" goal_id="94"/>
  <agent start_id="94" goal_id="81"/>
  <agent start_id="145" goal_id="148"/>
  <agent start_id="11" goal_id="76"/>
  <agent start_id="170" goal_id="152"/>
  <agent start_id="107" goal_id="24"/>
  <agent start_id="54" goal_id="171"/>
  <agent start_id="112" goal_id="125"/>
  <agent start_id="49" goal_id="29"/>
  <agent start_id="188" goal_id="129"/>
  <agent start_id="79" goal_id="99"/>
  <agent start_id="175" goal_id="163"/>
  <agent start_id="87" goal_id="150"/>
  <agent start_id="198" goal_id="21"/>
  <agent start_id="70" goal_id="120"/>
  <agent start_id="136" goal_id="25"/>
  <agent start_id="193" goal_id="39"/>
  <agent start_id="3" goal_id="10"/>
  <agent start_id="168" goal_id="155"/>
  <agent start_id="10" goal_id="133"/>
  <agent start_id="71" goal_id="138"/>
  <agent start_id="43" goal_id="188"/>
  <agent start_id="28" goal_id="176"/>
  <agent start_id="63" goal_id="26"/>
  <agent start_id="161" goal_id="164"/>
  <agent start_id="75" goal_id="98"/>
  <agent start_id="89" goal_id="187"/>
  <agent start_id="158" goal_id="182"/>
  <agent start_id="72" goal_id="69"/>
  <agent start_id="97" goal_id="194"/>
  <agent start_id="162" goal_id="12"/>
  <agent start_id="169" goal_id="90"/>
  <agent start_id="51" goal_id="48"/>
  <agent start_id="184" goal_id="113"/>
  <agent start_id="115" goal_id="158"/>
  <agent start_id="196" goal_id="174"/>
  <agent start_id="73" goal_id="52"/>
  <agent start_id="197" goal_id="75"/>
  <agent start_id="29" goal_id="84"/>
  <agent start_id="31" goal_id="183"/>
  <agent start_id="133" goal_id="62"/>
  <agent start_id="140" goal_id="186"/>
  <agent start_id="42" goal_id="128"/>
  <agent start_id="144" goal_id="87"/>
  <agent start_id="110" goal_id="71"/>
  <agent start_id="166" goal_id="22"/>
  <agent start_id="84" goal_id="15"/>
</root>
