<?xml version="1.0" ?>
<root>
  <agent start_id="176" goal_id="141"/>
  <agent start_id="49" goal_id="110"/>
  <agent start_id="46" goal_id="80"/>
  <agent start_id="32" goal_id="36"/>
  <agent start_id="54" goal_id="145"/>
  <agent start_id="21" goal_id="89"/>
  <agent start_id="127" goal_id="137"/>
  <agent start_id="158" goal_id="109"/>
  <agent start_id="109" goal_id="183"/>
  <agent start_id="160" goal_id="168"/>
  <agent start_id="134" goal_id="182"/>
  <agent start_id="187" goal_id="43"/>
  <agent start_id="12" goal_id="196"/>
  <agent start_id="161" goal_id="154"/>
  <agent start_id="97" goal_id="116"/>
  <agent start_id="62" goal_id="87"/>
  <agent start_id="30" goal_id="52"/>
  <agent start_id="13" goal_id="26"/>
  <agent start_id="39" goal_id="84"/>
  <agent start_id="170" goal_id="187"/>
  <agent start_id="114" goal_id="124"/>
  <agent start_id="55" goal_id="158"/>
  <agent start_id="9" goal_id="92"/>
  <agent start_id="180" goal_id="57"/>
  <agent start_id="117" goal_id="190"/>
  <agent start_id="2" goal_id="105"/>
  <agent start_id="191" goal_id="40"/>
  <agent start_id="103" goal_id="65"/>
  <agent start_id="96" goal_id="173"/>
  <agent start_id="108" goal_id="175"/>
  <agent start_id="93" goal_id="98"/>
  <agent start_id="166" goal_id="143"/>
  <agent start_id="87" goal_id="136"/>
  <agent start_id="184" goal_id="88"/>
  <agent start_id="52" goal_id="159"/>
  <agent start_id="173" goal_id="12"/>
  <agent start_id="91" goal_id="4"/>
  <agent start_id="77" goal_id="74"/>
  <agent start_id="175" goal_id="198"/>
  <agent start_id="1" goal_id="126"/>
  <agent start_id="148" goal_id="156"/>
  <agent start_id="188" goal_id="99"/>
  <agent start_id="102" goal_id="68"/>
  <agent start_id="190" goal_id="55"/>
  <agent start_id="181" goal_id="164"/>
  <agent start_id="38" goal_id="103"/>
  <agent start_id="140" goal_id="120"/>
  <agent start_id="156" goal_id="33"/>
  <agent start_id="100" goal_id="152"/>
  <agent start_id="23" goal_id="93"/>
</root>
