<?xml version="1.0" ?>
<root>
  <agent start_id="16" goal_id="62"/>
  <agent start_id="103" goal_id="106"/>
  <agent start_id="174" goal_id="116"/>
  <agent start_id="72" goal_id="47"/>
  <agent start_id="15" goal_id="124"/>
  <agent start_id="7" goal_id="96"/>
  <agent start_id="18" goal_id="2"/>
  <agent start_id="192" goal_id="173"/>
  <agent start_id="106" goal_id="10"/>
  <agent start_id="164" goal_id="83"/>
  <agent start_id="126" goal_id="130"/>
  <agent start_id="67" goal_id="115"/>
  <agent start_id="169" goal_id="180"/>
  <agent start_id="185" goal_id="40"/>
  <agent start_id="87" goal_id="39"/>
  <agent start_id="100" goal_id="6"/>
  <agent start_id="89" goal_id="147"/>
  <agent start_id="175" goal_id="176"/>
  <agent start_id="197" goal_id="99"/>
  <agent start_id="84" goal_id="91"/>
  <agent start_id="88" goal_id="178"/>
  <agent start_id="64" goal_id="120"/>
  <agent start_id="161" goal_id="104"/>
  <agent start_id="4" goal_id="7"/>
  <agent start_id="125" goal_id="171"/>
  <agent start_id="90" goal_id="194"/>
  <agent start_id="75" goal_id="140"/>
  <agent start_id="183" goal_id="164"/>
  <agent start_id="182" goal_id="58"/>
  <agent start_id="81" goal_id="117"/>
  <agent start_id="48" goal_id="183"/>
  <agent start_id="178" goal_id="112"/>
  <agent start_id="109" goal_id="135"/>
  <agent start_id="62" goal_id="138"/>
  <agent start_id="142" goal_id="109"/>
  <agent start_id="53" goal_id="15"/>
  <agent start_id="10" goal_id="1"/>
  <agent start_id="37" goal_id="4"/>
  <agent start_id="63" goal_id="182"/>
  <agent start_id="127" goal_id="126"/>
  <agent start_id="79" goal_id="64"/>
  <agent start_id="0" goal_id="199"/>
  <agent start_id="196" goal_id="19"/>
  <agent start_id="131" goal_id="51"/>
  <agent start_id="166" goal_id="123"/>
  <agent start_id="132" goal_id="77"/>
  <agent start_id="32" goal_id="25"/>
  <agent start_id="96" goal_id="186"/>
  <agent start_id="118" goal_id="42"/>
  <agent start_id="199" goal_id="144"/>
</root>
