<?xml version="1.0" ?>
<root>
  <agent start_id="81" goal_id="123"/>
  <agent start_id="155" goal_id="34"/>
  <agent start_id="12" goal_id="54"/>
  <agent start_id="66" goal_id="18"/>
  <agent start_id="119" goal_id="179"/>
  <agent start_id="96" goal_id="100"/>
  <agent start_id="49" goal_id="23"/>
  <agent start_id="62" goal_id="87"/>
  <agent start_id="152" goal_id="193"/>
  <agent start_id="97" goal_id="129"/>
  <agent start_id="32" goal_id="132"/>
  <agent start_id="138" goal_id="81"/>
  <agent start_id="171" goal_id="63"/>
  <agent start_id="126" goal_id="104"/>
  <agent start_id="11" goal_id="124"/>
  <agent start_id="0" goal_id="26"/>
  <agent start_id="199" goal_id="109"/>
  <agent start_id="194" goal_id="102"/>
  <agent start_id="160" goal_id="171"/>
  <agent start_id="70" goal_id="65"/>
  <agent start_id="122" goal_id="69"/>
  <agent start_id="61" goal_id="73"/>
  <agent start_id="161" goal_id="114"/>
  <agent start_id="57" goal_id="158"/>
  <agent start_id="33" goal_id="172"/>
  <agent start_id="101" goal_id="75"/>
  <agent start_id="24" goal_id="68"/>
  <agent start_id="142" goal_id="120"/>
  <agent start_id="26" goal_id="175"/>
  <agent start_id="15" goal_id="165"/>
  <agent start_id="7" goal_id="41"/>
  <agent start_id="172" goal_id="76"/>
  <agent start_id="166" goal_id="128"/>
  <agent start_id="187" goal_id="78"/>
  <agent start_id="153" goal_id="39"/>
  <agent start_id="58" goal_id="176"/>
  <agent start_id="148" goal_id="82"/>
  <agent start_id="84" goal_id="4"/>
  <agent start_id="117" goal_id="6"/>
  <agent start_id="188" goal_id="173"/>
  <agent start_id="25" goal_id="154"/>
  <agent start_id="178" goal_id="183"/>
  <agent start_id="74" goal_id="141"/>
  <agent start_id="107" goal_id="121"/>
  <agent start_id="88" goal_id="72"/>
  <agent start_id="195" goal_id="91"/>
  <agent start_id="85" goal_id="194"/>
  <agent start_id="19" goal_id="115"/>
  <agent start_id="20" goal_id="107"/>
  <agent start_id="112" goal_id="170"/>
</root>
