<?xml version="1.0" ?>
<root>
  <agent start_id="168" goal_id="128"/>
  <agent start_id="45" goal_id="176"/>
  <agent start_id="166" goal_id="162"/>
  <agent start_id="105" goal_id="13"/>
  <agent start_id="152" goal_id="59"/>
  <agent start_id="63" goal_id="132"/>
  <agent start_id="29" goal_id="122"/>
  <agent start_id="99" goal_id="117"/>
  <agent start_id="1" goal_id="114"/>
  <agent start_id="124" goal_id="68"/>
  <agent start_id="16" goal_id="159"/>
  <agent start_id="133" goal_id="187"/>
  <agent start_id="57" goal_id="93"/>
  <agent start_id="198" goal_id="70"/>
  <agent start_id="108" goal_id="21"/>
  <agent start_id="77" goal_id="87"/>
  <agent start_id="184" goal_id="45"/>
  <agent start_id="86" goal_id="142"/>
  <agent start_id="117" goal_id="163"/>
  <agent start_id="157" goal_id="72"/>
  <agent start_id="175" goal_id="146"/>
  <agent start_id="14" goal_id="10"/>
  <agent start_id="102" goal_id="96"/>
  <agent start_id="115" goal_id="172"/>
  <agent start_id="35" goal_id="51"/>
  <agent start_id="165" goal_id="102"/>
  <agent start_id="128" goal_id="14"/>
  <agent start_id="75" goal_id="19"/>
  <agent start_id="137" goal_id="80"/>
  <agent start_id="197" goal_id="42"/>
  <agent start_id="69" goal_id="183"/>
  <agent start_id="151" goal_id="126"/>
  <agent start_id="160" goal_id="170"/>
  <agent start_id="100" goal_id="134"/>
  <agent start_id="54" goal_id="185"/>
  <agent start_id="107" goal_id="27"/>
  <agent start_id="48" goal_id="26"/>
  <agent start_id="56" goal_id="118"/>
  <agent start_id="120" goal_id="151"/>
  <agent start_id="6" goal_id="67"/>
  <agent start_id="21" goal_id="98"/>
  <agent start_id="12" goal_id="141"/>
  <agent start_id="111" goal_id="195"/>
  <agent start_id="65" goal_id="18"/>
  <agent start_id="182" goal_id="180"/>
  <agent start_id="31" goal_id="89"/>
  <agent start_id="73" goal_id="82"/>
  <agent start_id="0" goal_id="55"/>
  <agent start_id="154" goal_id="50"/>
  <agent start_id="71" goal_id="11"/>
</root>
