<?xml version="1.0" ?>
<root>
  <agent start_id="60" goal_id="128"/>
  <agent start_id="11" goal_id="152"/>
  <agent start_id="97" goal_id="148"/>
  <agent start_id="82" goal_id="197"/>
  <agent start_id="32" goal_id="157"/>
  <agent start_id="134" goal_id="19"/>
  <agent start_id="40" goal_id="74"/>
  <agent start_id="185" goal_id="165"/>
  <agent start_id="17" goal_id="31"/>
  <agent start_id="50" goal_id="78"/>
  <agent start_id="58" goal_id="48"/>
  <agent start_id="109" goal_id="33"/>
  <agent start_id="0" goal_id="191"/>
  <agent start_id="46" goal_id="29"/>
  <agent start_id="153" goal_id="187"/>
  <agent start_id="79" goal_id="66"/>
  <agent start_id="143" goal_id="23"/>
  <agent start_id="172" goal_id="91"/>
  <agent start_id="113" goal_id="81"/>
  <agent start_id="123" goal_id="34"/>
  <agent start_id="18" goal_id="190"/>
  <agent start_id="199" goal_id="17"/>
  <agent start_id="83" goal_id="171"/>
  <agent start_id="44" goal_id="25"/>
  <agent start_id="110" goal_id="125"/>
  <agent start_id="137" goal_id="64"/>
  <agent start_id="155" goal_id="69"/>
  <agent start_id="158" goal_id="73"/>
  <agent start_id="93" goal_id="108"/>
  <agent start_id="26" goal_id="12"/>
  <agent start_id="33" goal_id="113"/>
  <agent start_id="156" goal_id="35"/>
  <agent start_id="7" goal_id="159"/>
  <agent start_id="162" goal_id="146"/>
  <agent start_id="27" goal_id="86"/>
  <agent start_id="150" goal_id="51"/>
  <agent start_id="170" goal_id="143"/>
  <agent start_id="10" goal_id="167"/>
  <agent start_id="190" goal_id="120"/>
  <agent start_id="121" goal_id="28"/>
  <agent start_id="28" goal_id="184"/>
  <agent start_id="127" goal_id="117"/>
  <agent start_id="85" goal_id="80"/>
  <agent start_id="75" goal_id="97"/>
  <agent start_id="126" goal_id="199"/>
  <agent start_id="12" goal_id="124"/>
  <agent start_id="36" goal_id="40"/>
  <agent start_id="37" goal_id="55"/>
  <agent start_id="49" goal_id="192"/>
  <agent start_id="77" goal_id="24"/>
</root>
