<?xml version="1.0" ?>
<root>
  <agent start_id="72" goal_id="43"/>
  <agent start_id="152" goal_id="95"/>
  <agent start_id="89" goal_id="63"/>
  <agent start_id="160" goal_id="46"/>
  <agent start_id="174" goal_id="0"/>
  <agent start_id="92" goal_id="90"/>
  <agent start_id="50" goal_id="25"/>
  <agent start_id="27" goal_id="157"/>
  <agent start_id="16" goal_id="173"/>
  <agent start_id="149" goal_id="30"/>
  <agent start_id="183" goal_id="148"/>
  <agent start_id="151" goal_id="162"/>
  <agent start_id="13" goal_id="145"/>
  <agent start_id="62" goal_id="144"/>
  <agent start_id="136" goal_id="165"/>
  <agent start_id="28" goal_id="150"/>
  <agent start_id="122" goal_id="68"/>
  <agent start_id="75" goal_id="114"/>
  <agent start_id="137" goal_id="11"/>
  <agent start_id="177" goal_id="84"/>
  <agent start_id="115" goal_id="170"/>
  <agent start_id="161" goal_id="146"/>
  <agent start_id="188" goal_id="174"/>
  <agent start_id="68" goal_id="199"/>
  <agent start_id="43" goal_id="37"/>
  <agent start_id="81" goal_id="19"/>
  <agent start_id="142" goal_id="117"/>
  <agent start_id="60" goal_id="154"/>
  <agent start_id="29" goal_id="83"/>
  <agent start_id="87" goal_id="18"/>
  <agent start_id="70" goal_id="74"/>
  <agent start_id="65" goal_id="1"/>
  <agent start_id="124" goal_id="61"/>
  <agent start_id="53" goal_id="27"/>
  <agent start_id="179" goal_id="191"/>
  <agent start_id="84" goal_id="181"/>
  <agent start_id="5" goal_id="92"/>
  <agent start_id="112" goal_id="62"/>
  <agent start_id="59" goal_id="134"/>
  <agent start_id="17" goal_id="40"/>
  <agent start_id="67" goal_id="192"/>
  <agent start_id="190" goal_id="77"/>
  <agent start_id="40" goal_id="118"/>
  <agent start_id="31" goal_id="52"/>
  <agent start_id="24" goal_id="86"/>
  <agent start_id="176" goal_id="122"/>
  <agent start_id="80" goal_id="108"/>
  <agent start_id="36" goal_id="33"/>
  <agent start_id="186" goal_id="128"/>
  <agent start_id="109" goal_id="101"/>
</root>
