<?xml version="1.0" ?>
<root>
  <agent start_id="134" goal_id="74"/>
  <agent start_id="171" goal_id="15"/>
  <agent start_id="37" goal_id="19"/>
  <agent start_id="95" goal_id="125"/>
  <agent start_id="32" goal_id="181"/>
  <agent start_id="62" goal_id="192"/>
  <agent start_id="55" goal_id="170"/>
  <agent start_id="102" goal_id="48"/>
  <agent start_id="142" goal_id="120"/>
  <agent start_id="137" goal_id="158"/>
  <agent start_id="14" goal_id="141"/>
  <agent start_id="51" goal_id="96"/>
  <agent start_id="3" goal_id="0"/>
  <agent start_id="177" goal_id="168"/>
  <agent start_id="152" goal_id="139"/>
  <agent start_id="166" goal_id="143"/>
  <agent start_id="178" goal_id="55"/>
  <agent start_id="80" goal_id="121"/>
  <agent start_id="187" goal_id="109"/>
  <agent start_id="139" goal_id="102"/>
  <agent start_id="26" goal_id="89"/>
  <agent start_id="64" goal_id="60"/>
  <agent start_id="27" goal_id="26"/>
  <agent start_id="57" goal_id="87"/>
  <agent start_id="140" goal_id="180"/>
  <agent start_id="192" goal_id="136"/>
  <agent start_id="28" goal_id="3"/>
  <agent start_id="70" goal_id="40"/>
  <agent start_id="20" goal_id="28"/>
  <agent start_id="184" goal_id="88"/>
  <agent start_id="84" goal_id="174"/>
  <agent start_id="69" goal_id="61"/>
  <agent start_id="130" goal_id="118"/>
  <agent start_id="153" goal_id="161"/>
  <agent start_id="74" goal_id="126"/>
  <agent start_id="186" goal_id="39"/>
  <agent start_id="161" goal_id="35"/>
  <agent start_id="170" goal_id="7"/>
  <agent start_id="11" goal_id="197"/>
  <agent start_id="24" goal_id="134"/>
  <agent start_id="52" goal_id="142"/>
  <agent start_id="5" goal_id="171"/>
  <agent start_id="47" goal_id="166"/>
  <agent start_id="127" goal_id="106"/>
  <agent start_id="73" goal_id="151"/>
  <agent start_id="59" goal_id="115"/>
  <agent start_id="158" goal_id="63"/>
  <agent start_id="104" goal_id="69"/>
  <agent start_id="41" goal_id="77"/>
  <agent start_id="150" goal_id="94"/>
</root>
