<?xml version="1.0" ?>
<root>
  <agent start_id="25" goal_id="164"/>
  <agent start_id="59" goal_id="65"/>
  <agent start_id="5" goal_id="141"/>
  <agent start_id="148" goal_id="2"/>
  <agent start_id="141" goal_id="109"/>
  <agent start_id="67" goal_id="81"/>
  <agent start_id="61" goal_id="64"/>
  <agent start_id="77" goal_id="51"/>
  <agent start_id="196" goal_id="138"/>
  <agent start_id="45" goal_id="178"/>
  <agent start_id="138" goal_id="57"/>
  <agent start_id="123" goal_id="67"/>
  <agent start_id="195" goal_id="150"/>
  <agent start_id="121" goal_id="17"/>
  <agent start_id="142" goal_id="95"/>
  <agent start_id="8" goal_id="30"/>
  <agent start_id="22" goal_id="128"/>
  <agent start_id="126" goal_id="22"/>
  <agent start_id="64" goal_id="124"/>
  <agent start_id="35" goal_id="89"/>
  <agent start_id="80" goal_id="136"/>
  <agent start_id="84" goal_id="32"/>
  <agent start_id="190" goal_id="194"/>
  <agent start_id="56" goal_id="35"/>
  <agent start_id="83" goal_id="143"/>
  <agent start_id="128" goal_id="94"/>
  <agent start_id="151" goal_id="45"/>
  <agent start_id="113" goal_id="79"/>
  <agent start_id="162" goal_id="15"/>
  <agent start_id="29" goal_id="23"/>
  <agent start_id="191" goal_id="163"/>
  <agent start_id="125" goal_id="147"/>
  <agent start_id="107" goal_id="188"/>
  <agent start_id="28" goal_id="183"/>
  <agent start_id="24" goal_id="25"/>
  <agent start_id="34" goal_id="38"/>
  <agent start_id="48" goal_id="0"/>
  <agent start_id="88" goal_id="77"/>
  <agent start_id="65" goal_id="91"/>
  <agent start_id="79" goal_id="140"/>
  <agent start_id="0" goal_id="117"/>
  <agent start_id="19" goal_id="44"/>
  <agent start_id="116" goal_id="160"/>
  <agent start_id="183" goal_id="182"/>
  <agent start_id="192" goal_id="104"/>
  <agent start_id="106" goal_id="148"/>
  <agent start_id="14" goal_id="172"/>
  <agent start_id="173" goal_id="88"/>
  <agent start_id="37" goal_id="37"/>
  <agent start_id="100" goal_id="195"/>
</root>
