<?xml version="1.0" ?>
<root>
  <agent start_id="139" goal_id="136"/>
  <agent start_id="154" goal_id="79"/>
  <agent start_id="197" goal_id="57"/>
  <agent start_id="71" goal_id="108"/>
  <agent start_id="79" goal_id="152"/>
  <agent start_id="178" goal_id="174"/>
  <agent start_id="170" goal_id="184"/>
  <agent start_id="14" goal_id="45"/>
  <agent start_id="155" goal_id="43"/>
  <agent start_id="138" goal_id="89"/>
  <agent start_id="42" goal_id="111"/>
  <agent start_id="108" goal_id="86"/>
  <agent start_id="194" goal_id="90"/>
  <agent start_id="21" goal_id="121"/>
  <agent start_id="195" goal_id="173"/>
  <agent start_id="27" goal_id="73"/>
  <agent start_id="107" goal_id="4"/>
  <agent start_id="67" goal_id="181"/>
  <agent start_id="3" goal_id="167"/>
  <agent start_id="92" goal_id="189"/>
  <agent start_id="55" goal_id="104"/>
  <agent start_id="121" goal_id="0"/>
  <agent start_id="51" goal_id="60"/>
  <agent start_id="98" goal_id="117"/>
  <agent start_id="128" goal_id="178"/>
  <agent start_id="173" goal_id="59"/>
  <agent start_id="148" goal_id="100"/>
  <agent start_id="199" goal_id="170"/>
  <agent start_id="49" goal_id="109"/>
  <agent start_id="86" goal_id="21"/>
  <agent start_id="30" goal_id="23"/>
  <agent start_id="174" goal_id="77"/>
  <agent start_id="63" goal_id="106"/>
  <agent start_id="164" goal_id="37"/>
  <agent start_id="147" goal_id="144"/>
  <agent start_id="2" goal_id="126"/>
  <agent start_id="142" goal_id="27"/>
  <agent start_id="15" goal_id="13"/>
  <agent start_id="96" goal_id="172"/>
  <agent start_id="58" goal_id="168"/>
  <agent start_id="24" goal_id="157"/>
  <agent start_id="103" goal_id="62"/>
  <agent start_id="80" goal_id="163"/>
  <agent start_id="188" goal_id="47"/>
  <agent start_id="74" goal_id="161"/>
  <agent start_id="162" goal_id="61"/>
  <agent start_id="26" goal_id="137"/>
  <agent start_id="9" goal_id="115"/>
  <agent start_id="129" goal_id="28"/>
  <agent start_id="45" goal_id="180"/>
</root>
