<?xml version="1.0" ?>
<root>
  <agent start_id="12" goal_id="68"/>
  <agent start_id="185" goal_id="97"/>
  <agent start_id="172" goal_id="65"/>
  <agent start_id="125" goal_id="150"/>
  <agent start_id="64" goal_id="144"/>
  <agent start_id="101" goal_id="78"/>
  <agent start_id="85" goal_id="192"/>
  <agent start_id="176" goal_id="24"/>
  <agent start_id="77" goal_id="20"/>
  <agent start_id="131" goal_id="148"/>
  <agent start_id="81" goal_id="106"/>
  <agent start_id="51" goal_id="89"/>
  <agent start_id="75" goal_id="118"/>
  <agent start_id="181" goal_id="199"/>
  <agent start_id="169" goal_id="187"/>
  <agent start_id="109" goal_id="43"/>
  <agent start_id="144" goal_id="175"/>
  <agent start_id="16" goal_id="71"/>
  <agent start_id="192" goal_id="56"/>
  <agent start_id="34" goal_id="14"/>
  <agent start_id="76" goal_id="146"/>
  <agent start_id="39" goal_id="128"/>
  <agent start_id="72" goal_id="129"/>
  <agent start_id="32" goal_id="73"/>
  <agent start_id="147" goal_id="55"/>
  <agent start_id="7" goal_id="35"/>
  <agent start_id="146" goal_id="145"/>
  <agent start_id="14" goal_id="12"/>
  <agent start_id="6" goal_id="194"/>
  <agent start_id="145" goal_id="196"/>
  <agent start_id="57" goal_id="111"/>
  <agent start_id="96" goal_id="47"/>
  <agent start_id="3" goal_id="178"/>
  <agent start_id="180" goal_id="136"/>
  <agent start_id="10" goal_id="123"/>
  <agent start_id="148" goal_id="10"/>
  <agent start_id="175" goal_id="165"/>
  <agent start_id="35" goal_id="172"/>
  <agent start_id="138" goal_id="139"/>
  <agent start_id="89" goal_id="37"/>
  <agent start_id="104" goal_id="190"/>
  <agent start_id="119" goal_id="160"/>
  <agent start_id="50" goal_id="138"/>
  <agent start_id="152" goal_id="143"/>
  <agent start_id="60" goal_id="6"/>
  <agent start_id="113" goal_id="88"/>
  <agent start_id="62" goal_id="164"/>
  <agent start_id="178" goal_id="62"/>
  <agent start_id="110" goal_id="25"/>
  <agent start_id="98" goal_id="115"/>
</root>
