<?xml version="1.0" ?>
<root>
  <agent start_id="33" goal_id="95"/>
  <agent start_id="162" goal_id="187"/>
  <agent start_id="26" goal_id="57"/>
  <agent start_id="21" goal_id="167"/>
  <agent start_id="4" goal_id="190"/>
  <agent start_id="98" goal_id="62"/>
  <agent start_id="147" goal_id="24"/>
  <agent start_id="130" goal_id="103"/>
  <agent start_id="134" goal_id="78"/>
  <agent start_id="164" goal_id="177"/>
  <agent start_id="190" goal_id="22"/>
  <agent start_id="17" goal_id="127"/>
  <agent start_id="90" goal_id="199"/>
  <agent start_id="118" goal_id="91"/>
  <agent start_id="198" goal_id="149"/>
  <agent start_id="174" goal_id="3"/>
  <agent start_id="61" goal_id="181"/>
  <agent start_id="27" goal_id="158"/>
  <agent start_id="158" goal_id="100"/>
  <agent start_id="65" goal_id="165"/>
  <agent start_id="140" goal_id="80"/>
  <agent start_id="179" goal_id="175"/>
  <agent start_id="192" goal_id="143"/>
  <agent start_id="11" goal_id="99"/>
  <agent start_id="67" goal_id="161"/>
  <agent start_id="139" goal_id="16"/>
  <agent start_id="38" goal_id="140"/>
  <agent start_id="86" goal_id="75"/>
  <agent start_id="101" goal_id="64"/>
  <agent start_id="71" goal_id="139"/>
  <agent start_id="100" goal_id="133"/>
  <agent start_id="106" goal_id="56"/>
  <agent start_id="30" goal_id="138"/>
  <agent start_id="69" goal_id="6"/>
  <agent start_id="150" goal_id="35"/>
  <agent start_id="54" goal_id="101"/>
  <agent start_id="95" goal_id="46"/>
  <agent start_id="82" goal_id="88"/>
  <agent start_id="79" goal_id="196"/>
  <agent start_id="36" goal_id="108"/>
  <agent start_id="48" goal_id="153"/>
  <agent start_id="73" goal_id="54"/>
  <agent start_id="194" goal_id="20"/>
  <agent start_id="126" goal_id="163"/>
  <agent start_id="9" goal_id="195"/>
  <agent start_id="23" goal_id="142"/>
  <agent start_id="64" goal_id="136"/>
  <agent start_id="62" goal_id="132"/>
  <agent start_id="171" goal_id="109"/>
  <agent start_id="119" goal_id="194"/>
</root>
