<?xml version="1.0" ?>
<root>
  <agent start_id="54" goal_id="8"/>
  <agent start_id="44" goal_id="146"/>
  <agent start_id="92" goal_id="50"/>
  <agent start_id="106" goal_id="23"/>
  <agent start_id="198" goal_id="161"/>
  <agent start_id="0" goal_id="163"/>
  <agent start_id="188" goal_id="156"/>
  <agent start_id="27" goal_id="169"/>
  <agent start_id="174" goal_id="19"/>
  <agent start_id="149" goal_id="130"/>
  <agent start_id="142" goal_id="179"/>
  <agent start_id="165" goal_id="195"/>
  <agent start_id="46" goal_id="109"/>
  <agent start_id="26" goal_id="27"/>
  <agent start_id="58" goal_id="197"/>
  <agent start_id="12" goal_id="45"/>
  <agent start_id="131" goal_id="62"/>
  <agent start_id="112" goal_id="79"/>
  <agent start_id="14" goal_id="65"/>
  <agent start_id="120" goal_id="6"/>
  <agent start_id="45" goal_id="77"/>
  <agent start_id="103" goal_id="82"/>
  <agent start_id="128" goal_id="58"/>
  <agent start_id="163" goal_id="73"/>
  <agent start_id="70" goal_id="44"/>
  <agent start_id="146" goal_id="104"/>
  <agent start_id="154" goal_id="183"/>
  <agent start_id="124" goal_id="71"/>
  <agent start_id="95" goal_id="25"/>
  <agent start_id="192" goal_id="131"/>
  <agent start_id="101" goal_id="75"/>
  <agent start_id="187" goal_id="180"/>
  <agent start_id="9" goal_id="100"/>
  <agent start_id="186" goal_id="52"/>
  <agent start_id="65" goal_id="117"/>
  <agent start_id="191" goal_id="189"/>
  <agent start_id="78" goal_id="31"/>
  <agent start_id="133" goal_id="95"/>
  <agent start_id="143" goal_id="92"/>
  <agent start_id="11" goal_id="20"/>
  <agent start_id="122" goal_id="12"/>
  <agent start_id="171" goal_id="5"/>
  <agent start_id="182" goal_id="152"/>
  <agent start_id="138" goal_id="141"/>
  <agent start_id="100" goal_id="192"/>
  <agent start_id="148" goal_id="88"/>
  <agent start_id="68" goal_id="193"/>
  <agent start_id="69" goal_id="188"/>
  <agent start_id="52" goal_id="29"/>
  <agent start_id="139" goal_id="198"/>
</root>
