<?xml version="1.0" ?>
<root>
  <agent start_id="83" goal_id="86"/>
  <agent start_id="189" goal_id="198"/>
  <agent start_id="144" goal_id="73"/>
  <agent start_id="179" goal_id="137"/>
  <agent start_id="122" goal_id="44"/>
  <agent start_id="20" goal_id="54"/>
  <agent start_id="119" goal_id="92"/>
  <agent start_id="35" goal_id="56"/>
  <agent start_id="57" goal_id="0"/>
  <agent start_id="59" goal_id="32"/>
  <agent start_id="19" goal_id="169"/>
  <agent start_id="32" goal_id="23"/>
  <agent start_id="175" goal_id="80"/>
  <agent start_id="170" goal_id="98"/>
  <agent start_id="111" goal_id="55"/>
  <agent start_id="148" goal_id="17"/>
  <agent start_id="54" goal_id="41"/>
  <agent start_id="195" goal_id="102"/>
  <agent start_id="197" goal_id="144"/>
  <agent start_id="60" goal_id="130"/>
  <agent start_id="40" goal_id="191"/>
  <agent start_id="141" goal_id="85"/>
  <agent start_id="154" goal_id="186"/>
  <agent start_id="94" goal_id="100"/>
  <agent start_id="56" goal_id="180"/>
  <agent start_id="53" goal_id="20"/>
  <agent start_id="127" goal_id="126"/>
  <agent start_id="138" goal_id="83"/>
  <agent start_id="64" goal_id="141"/>
  <agent start_id="121" goal_id="48"/>
  <agent start_id="26" goal_id="19"/>
  <agent start_id="95" goal_id="149"/>
  <agent start_id="79" goal_id="176"/>
  <agent start_id="72" goal_id="197"/>
  <agent start_id="51" goal_id="40"/>
  <agent start_id="8" goal_id="133"/>
  <agent start_id="48" goal_id="157"/>
  <agent start_id="58" goal_id="139"/>
  <agent start_id="21" goal_id="145"/>
  <agent start_id="125" goal_id="153"/>
  <agent start_id="188" goal_id="5"/>
  <agent start_id="42" goal_id="29"/>
  <agent start_id="27" goal_id="10"/>
  <agent start_id="174" goal_id="27"/>
  <agent start_id="163" goal_id="170"/>
  <agent start_id="89" goal_id="91"/>
  <agent start_id="81" goal_id="114"/>
  <agent start_id="55" goal_id="193"/>
  <agent start_id="4" goal_id="52"/>
  <agent start_id="5" goal_id="146"/>
</root>
