<?xml version="1.0" ?>
<root>
  <agent start_id="144" goal_id="157"/>
  <agent start_id="90" goal_id="124"/>
  <agent start_id="87" goal_id="172"/>
  <agent start_id="173" goal_id="165"/>
  <agent start_id="55" goal_id="42"/>
  <agent start_id="136" goal_id="120"/>
  <agent start_id="116" goal_id="27"/>
  <agent start_id="75" goal_id="161"/>
  <agent start_id="194" goal_id="183"/>
  <agent start_id="143" goal_id="67"/>
  <agent start_id="139" goal_id="128"/>
  <agent start_id="169" goal_id="46"/>
  <agent start_id="154" goal_id="119"/>
  <agent start_id="181" goal_id="58"/>
  <agent start_id="43" goal_id="35"/>
  <agent start_id="195" goal_id="125"/>
  <agent start_id="54" goal_id="130"/>
  <agent start_id="67" goal_id="19"/>
  <agent start_id="35" goal_id="40"/>
  <agent start_id="161" goal_id="61"/>
  <agent start_id="160" goal_id="63"/>
  <agent start_id="60" goal_id="162"/>
  <agent start_id="21" goal_id="177"/>
  <agent start_id="166" goal_id="79"/>
  <agent start_id="18" goal_id="57"/>
  <agent start_id="102" goal_id="25"/>
  <agent start_id="186" goal_id="113"/>
  <agent start_id="109" goal_id="0"/>
  <agent start_id="124" goal_id="193"/>
  <agent start_id="110" goal_id="159"/>
  <agent start_id="191" goal_id="137"/>
  <agent start_id="94" goal_id="170"/>
  <agent start_id="140" goal_id="21"/>
  <agent start_id="31" goal_id="65"/>
  <agent start_id="28" goal_id="36"/>
  <agent start_id="182" goal_id="76"/>
  <agent start_id="187" goal_id="52"/>
  <agent start_id="155" goal_id="144"/>
  <agent start_id="147" goal_id="197"/>
  <agent start_id="96" goal_id="181"/>
  <agent start_id="24" goal_id="91"/>
  <agent start_id="80" goal_id="83"/>
  <agent start_id="65" goal_id="175"/>
  <agent start_id="46" goal_id="37"/>
  <agent start_id="12" goal_id="87"/>
  <agent start_id="137" goal_id="169"/>
  <agent start_id="170" goal_id="143"/>
  <agent start_id="29" goal_id="70"/>
  <agent start_id="99" goal_id="151"/>
  <agent start_id="131" goal_id="156"/>
</root>
