<?xml version="1.0" ?>
<root>
  <agent start_id="100" goal_id="195"/>
  <agent start_id="112" goal_id="174"/>
  <agent start_id="155" goal_id="177"/>
  <agent start_id="188" goal_id="140"/>
  <agent start_id="58" goal_id="1"/>
  <agent start_id="99" goal_id="83"/>
  <agent start_id="135" goal_id="49"/>
  <agent start_id="154" goal_id="118"/>
  <agent start_id="14" goal_id="175"/>
  <agent start_id="159" goal_id="109"/>
  <agent start_id="88" goal_id="16"/>
  <agent start_id="65" goal_id="162"/>
  <agent start_id="1" goal_id="33"/>
  <agent start_id="169" goal_id="39"/>
  <agent start_id="193" goal_id="132"/>
  <agent start_id="153" goal_id="30"/>
  <agent start_id="140" goal_id="180"/>
  <agent start_id="9" goal_id="13"/>
  <agent start_id="113" goal_id="34"/>
  <agent start_id="43" goal_id="55"/>
  <agent start_id="199" goal_id="114"/>
  <agent start_id="32" goal_id="103"/>
  <agent start_id="55" goal_id="169"/>
  <agent start_id="27" goal_id="46"/>
  <agent start_id="177" goal_id="61"/>
  <agent start_id="40" goal_id="179"/>
  <agent start_id="160" goal_id="71"/>
  <agent start_id="37" goal_id="87"/>
  <agent start_id="156" goal_id="156"/>
  <agent start_id="36" goal_id="157"/>
  <agent start_id="162" goal_id="70"/>
  <agent start_id="150" goal_id="123"/>
  <agent start_id="93" goal_id="168"/>
  <agent start_id="115" goal_id="88"/>
  <agent start_id="74" goal_id="38"/>
  <agent start_id="164" goal_id="85"/>
  <agent start_id="63" goal_id="68"/>
  <agent start_id="121" goal_id="197"/>
  <agent start_id="96" goal_id="80"/>
  <agent start_id="181" goal_id="154"/>
  <agent start_id="124" goal_id="187"/>
  <agent start_id="21" goal_id="26"/>
  <agent start_id="145" goal_id="164"/>
  <agent start_id="170" goal_id="148"/>
  <agent start_id="126" goal_id="106"/>
  <agent start_id="60" goal_id="91"/>
  <agent start_id="73" goal_id="2"/>
  <agent start_id="122" goal_id="12"/>
  <agent start_id="70" goal_id="44"/>
  <agent start_id="148" goal_id="42"/>
</root>
