<?xml version="1.0" ?>
<root>
  <agent start_id="52" goal_id="81"/>
  <agent start_id="186" goal_id="85"/>
  <agent start_id="26" goal_id="152"/>
  <agent start_id="19" goal_id="114"/>
  <agent start_id="168" goal_id="189"/>
  <agent start_id="95" goal_id="125"/>
  <agent start_id="102" goal_id="22"/>
  <agent start_id="108" goal_id="43"/>
  <agent start_id="140" goal_id="7"/>
  <agent start_id="36" goal_id="191"/>
  <agent start_id="84" goal_id="107"/>
  <agent start_id="101" goal_id="117"/>
  <agent start_id="25" goal_id="25"/>
  <agent start_id="122" goal_id="20"/>
  <agent start_id="42" goal_id="89"/>
  <agent start_id="41" goal_id="181"/>
  <agent start_id="3" goal_id="122"/>
  <agent start_id="169" goal_id="100"/>
  <agent start_id="78" goal_id="26"/>
  <agent start_id="76" goal_id="184"/>
  <agent start_id="29" goal_id="38"/>
  <agent start_id="23" goal_id="176"/>
  <agent start_id="107" goal_id="172"/>
  <agent start_id="192" goal_id="17"/>
  <agent start_id="139" goal_id="66"/>
  <agent start_id="44" goal_id="186"/>
  <agent start_id="63" goal_id="106"/>
  <agent start_id="37" goal_id="149"/>
  <agent start_id="71" goal_id="45"/>
  <agent start_id="110" goal_id="134"/>
  <agent start_id="171" goal_id="5"/>
  <agent start_id="70" goal_id="9"/>
  <agent start_id="148" goal_id="154"/>
  <agent start_id="177" goal_id="4"/>
  <agent start_id="181" goal_id="19"/>
  <agent start_id="7" goal_id="159"/>
  <agent start_id="146" goal_id="112"/>
  <agent start_id="60" goal_id="0"/>
  <agent start_id="90" goal_id="130"/>
  <agent start_id="20" goal_id="13"/>
  <agent start_id="117" goal_id="124"/>
  <agent start_id="50" goal_id="188"/>
  <agent start_id="54" goal_id="187"/>
  <agent start_id="131" goal_id="135"/>
  <agent start_id="182" goal_id="57"/>
  <agent start_id="187" goal_id="62"/>
  <agent start_id="164" goal_id="44"/>
  <agent start_id="57" goal_id="140"/>
  <agent start_id="174" goal_id="34"/>
  <agent start_id="85" goal_id="101"/>
</root>
