<?xml version="1.0" ?>
<root>
  <agent start_id="95" goal_id="121"/>
  <agent start_id="92" goal_id="17"/>
  <agent start_id="59" goal_id="103"/>
  <agent start_id="51" goal_id="140"/>
  <agent start_id="190" goal_id="26"/>
  <agent start_id="134" goal_id="85"/>
  <agent start_id="160" goal_id="139"/>
  <agent start_id="199" goal_id="105"/>
  <agent start_id="28" goal_id="24"/>
  <agent start_id="11" goal_id="1"/>
  <agent start_id="147" goal_id="114"/>
  <agent start_id="112" goal_id="75"/>
  <agent start_id="133" goal_id="163"/>
  <agent start_id="110" goal_id="104"/>
  <agent start_id="97" goal_id="153"/>
  <agent start_id="0" goal_id="58"/>
  <agent start_id="152" goal_id="187"/>
  <agent start_id="45" goal_id="166"/>
  <agent start_id="139" goal_id="194"/>
  <agent start_id="100" goal_id="184"/>
  <agent start_id="47" goal_id="94"/>
  <agent start_id="57" goal_id="169"/>
  <agent start_id="184" goal_id="128"/>
  <agent start_id="25" goal_id="133"/>
  <agent start_id="99" goal_id="147"/>
  <agent start_id="129" goal_id="177"/>
  <agent start_id="77" goal_id="56"/>
  <agent start_id="23" goal_id="48"/>
  <agent start_id="56" goal_id="53"/>
  <agent start_id="151" goal_id="40"/>
  <agent start_id="149" goal_id="117"/>
  <agent start_id="124" goal_id="197"/>
  <agent start_id="53" goal_id="145"/>
  <agent start_id="82" goal_id="13"/>
  <agent start_id="88" goal_id="10"/>
  <agent start_id="58" goal_id="156"/>
  <agent start_id="161" goal_id="81"/>
  <agent start_id="41" goal_id="72"/>
  <agent start_id="127" goal_id="158"/>
  <agent start_id="103" goal_id="29"/>
  <agent start_id="20" goal_id="150"/>
  <agent start_id="105" goal_id="11"/>
  <agent start_id="144" goal_id="50"/>
  <agent start_id="186" goal_id="19"/>
  <agent start_id="193" goal_id="34"/>
  <agent start_id="34" goal_id="144"/>
  <agent start_id="91" goal_id="119"/>
  <agent start_id="13" goal_id="67"/>
  <agent start_id="33" goal_id="116"/>
  <agent start_id="5" goal_id="173"/>
</root>
