<?xml version="1.0" ?>
<root>
  <agent start_id="195" goal_id="178"/>
  <agent start_id="25" goal_id="41"/>
  <agent start_id="102" goal_id="38"/>
  <agent start_id="65" goal_id="182"/>
  <agent start_id="37" goal_id="156"/>
  <agent start_id="188" goal_id="171"/>
  <agent start_id="118" goal_id="187"/>
  <agent start_id="57" goal_id="99"/>
  <agent start_id="30" goal_id="165"/>
  <agent start_id="184" goal_id="199"/>
  <agent start_id="167" goal_id="71"/>
  <agent start_id="176" goal_id="116"/>
  <agent start_id="82" goal_id="179"/>
  <agent start_id="27" goal_id="132"/>
  <agent start_id="136" goal_id="36"/>
  <agent start_id="32" goal_id="72"/>
  <agent start_id="19" goal_id="20"/>
  <agent start_id="186" goal_id="91"/>
  <agent start_id="1" goal_id="123"/>
  <agent start_id="73" goal_id="148"/>
  <agent start_id="70" goal_id="25"/>
  <agent start_id="108" goal_id="115"/>
  <agent start_id="53" goal_id="185"/>
  <agent start_id="137" goal_id="59"/>
  <agent start_id="182" goal_id="15"/>
  <agent start_id="72" goal_id="94"/>
  <agent start_id="36" goal_id="11"/>
  <agent start_id="171" goal_id="30"/>
  <agent start_id="151" goal_id="189"/>
  <agent start_id="113" goal_id="98"/>
  <agent start_id="138" goal_id="167"/>
  <agent start_id="190" goal_id="24"/>
  <agent start_id="104" goal_id="49"/>
  <agent start_id="14" goal_id="53"/>
  <agent start_id="189" goal_id="67"/>
  <agent start_id="174" goal_id="33"/>
  <agent start_id="128" goal_id="122"/>
  <agent start_id="162" goal_id="147"/>
  <agent start_id="124" goal_id="81"/>
  <agent start_id="109" goal_id="84"/>
  <agent start_id="95" goal_id="172"/>
  <agent start_id="134" goal_id="61"/>
  <agent start_id="29" goal_id="161"/>
  <agent start_id="122" goal_id="57"/>
  <agent start_id="103" goal_id="34"/>
  <agent start_id="63" goal_id="149"/>
  <agent start_id="100" goal_id="18"/>
  <agent start_id="140" goal_id="159"/>
  <agent start_id="177" goal_id="119"/>
  <agent start_id="42" goal_id="194"/>
</root>
