<?xml version="1.0" ?>
<root>
  <agent start_id="15" goal_id="196"/>
  <agent start_id="178" goal_id="169"/>
  <agent start_id="181" goal_id="153"/>
  <agent start_id="176" goal_id="161"/>
  <agent start_id="67" goal_id="47"/>
  <agent start_id="106" goal_id="31"/>
  <agent start_id="141" goal_id="1"/>
  <agent start_id="39" goal_id="38"/>
  <agent start_id="38" goal_id="174"/>
  <agent start_id="185" goal_id="120"/>
  <agent start_id="195" goal_id="60"/>
  <agent start_id="80" goal_id="101"/>
  <agent start_id="75" goal_id="136"/>
  <agent start_id="32" goal_id="137"/>
  <agent start_id="120" goal_id="155"/>
  <agent start_id="165" goal_id="14"/>
  <agent start_id="74" goal_id="90"/>
  <agent start_id="31" goal_id="53"/>
  <agent start_id="148" goal_id="147"/>
  <agent start_id="188" goal_id="72"/>
  <agent start_id="90" goal_id="92"/>
  <agent start_id="16" goal_id="77"/>
  <agent start_id="3" goal_id="99"/>
  <agent start_id="56" goal_id="157"/>
  <agent start_id="87" goal_id="133"/>
  <agent start_id="17" goal_id="139"/>
  <agent start_id="167" goal_id="104"/>
  <agent start_id="198" goal_id="130"/>
  <agent start_id="111" goal_id="194"/>
  <agent start_id="196" goal_id="94"/>
  <agent start_id="156" goal_id="106"/>
  <agent start_id="43" goal_id="98"/>
  <agent start_id="159" goal_id="156"/>
  <agent start_id="146" goal_id="116"/>
  <agent start_id="18" goal_id="119"/>
  <agent start_id="82" goal_id="84"/>
  <agent start_id="47" goal_id="178"/>
  <agent start_id="1" goal_id="180"/>
  <agent start_id="84" goal_id="28"/>
  <agent start_id="44" goal_id="24"/>
  <agent start_id="171" goal_id="63"/>
  <agent start_id="154" goal_id="175"/>
  <agent start_id="12" goal_id="45"/>
  <agent start_id="20" goal_id="8"/>
  <agent start_id="25" goal_id="152"/>
  <agent start_id="95" goal_id="33"/>
  <agent start_id="89" goal_id="30"/>
  <agent start_id="96" goal_id="42"/>
  <agent start_id="193" goal_id="48"/>
  <agent start_id="52" goal_id="79"/>
</root>
