<?xml version="1.0" ?>
<root>
  <agent start_id="171" goal_id="105"/>
  <agent start_id="109" goal_id="17"/>
  <agent start_id="114" goal_id="96"/>
  <agent start_id="159" goal_id="46"/>
  <agent start_id="35" goal_id="60"/>
  <agent start_id="48" goal_id="29"/>
  <agent start_id="54" goal_id="140"/>
  <agent start_id="52" goal_id="128"/>
  <agent start_id="85" goal_id="61"/>
  <agent start_id="89" goal_id="149"/>
  <agent start_id="101" goal_id="125"/>
  <agent start_id="20" goal_id="112"/>
  <agent start_id="63" goal_id="145"/>
  <agent start_id="25" goal_id="36"/>
  <agent start_id="172" goal_id="129"/>
  <agent start_id="197" goal_id="55"/>
  <agent start_id="66" goal_id="177"/>
  <agent start_id="182" goal_id="90"/>
  <agent start_id="64" goal_id="63"/>
  <agent start_id="147" goal_id="139"/>
  <agent start_id="4" goal_id="80"/>
  <agent start_id="135" goal_id="198"/>
  <agent start_id="136" goal_id="153"/>
  <agent start_id="28" goal_id="178"/>
  <agent start_id="138" goal_id="24"/>
  <agent start_id="30" goal_id="42"/>
  <agent start_id="123" goal_id="57"/>
  <agent start_id="122" goal_id="92"/>
  <agent start_id="78" goal_id="50"/>
  <agent start_id="39" goal_id="127"/>
  <agent start_id="13" goal_id="131"/>
  <agent start_id="148" goal_id="16"/>
  <agent start_id="34" goal_id="74"/>
  <agent start_id="180" goal_id="117"/>
  <agent start_id="62" goal_id="170"/>
  <agent start_id="96" goal_id="181"/>
  <agent start_id="111" goal_id="102"/>
  <agent start_id="112" goal_id="37"/>
  <agent start_id="32" goal_id="64"/>
  <agent start_id="113" goal_id="87"/>
  <agent start_id="160" goal_id="167"/>
  <agent start_id="31" goal_id="83"/>
  <agent start_id="16" goal_id="135"/>
  <agent start_id="144" goal_id="27"/>
  <agent start_id="60" goal_id="76"/>
  <agent start_id="41" goal_id="72"/>
  <agent start_id="106" goal_id="142"/>
  <agent start_id="169" goal_id="18"/>
  <agent start_id="74" goal_id="130"/>
  <agent start_id="131" goal_id="79"/>
</root>
