<?xml version="1.0" ?>
<root>
  <agent start_id="103" goal_id="168"/>
  <agent start_id="21" goal_id="155"/>
  <agent start_id="18" goal_id="49"/>
  <agent start_id="142" goal_id="66"/>
  <agent start_id="8" goal_id="1"/>
  <agent start_id="131" goal_id="195"/>
  <agent start_id="63" goal_id="32"/>
  <agent start_id="40" goal_id="6"/>
  <agent start_id="168" goal_id="161"/>
  <agent start_id="113" goal_id="126"/>
  <agent start_id="109" goal_id="153"/>
  <agent start_id="146" goal_id="91"/>
  <agent start_id="172" goal_id="9"/>
  <agent start_id="31" goal_id="162"/>
  <agent start_id="104" goal_id="76"/>
  <agent start_id="114" goal_id="177"/>
  <agent start_id="68" goal_id="41"/>
  <agent start_id="106" goal_id="101"/>
  <agent start_id="107" goal_id="10"/>
  <agent start_id="35" goal_id="188"/>
  <agent start_id="14" goal_id="70"/>
  <agent start_id="178" goal_id="109"/>
  <agent start_id="127" goal_id="57"/>
  <agent start_id="82" goal_id="75"/>
  <agent start_id="162" goal_id="139"/>
  <agent start_id="53" goal_id="135"/>
  <agent start_id="13" goal_id="55"/>
  <agent start_id="43" goal_id="150"/>
  <agent start_id="199" goal_id="53"/>
  <agent start_id="57" goal_id="84"/>
  <agent start_id="144" goal_id="196"/>
  <agent start_id="182" goal_id="190"/>
  <agent start_id="141" goal_id="35"/>
  <agent start_id="171" goal_id="156"/>
  <agent start_id="71" goal_id="146"/>
  <agent start_id="193" goal_id="44"/>
  <agent start_id="0" goal_id="127"/>
  <agent start_id="112" goal_id="160"/>
  <agent start_id="92" goal_id="178"/>
  <agent start_id="100" goal_id="137"/>
  <agent start_id="180" goal_id="39"/>
  <agent start_id="186" goal_id="193"/>
  <agent start_id="12" goal_id="46"/>
  <agent start_id="72" goal_id="5"/>
  <agent start_id="67" goal_id="172"/>
  <agent start_id="126" goal_id="180"/>
  <agent start_id="179" goal_id="128"/>
  <agent start_id="155" goal_id="192"/>
  <agent start_id="27" goal_id="8"/>
  <agent start_id="153" goal_id="197"/>
</root>
