<?xml version="1.0" ?>
<root>
  <agent start_id="7" goal_id="51"/>
  <agent start_id="8" goal_id="80"/>
  <agent start_id="191" goal_id="84"/>
  <agent start_id="122" goal_id="95"/>
  <agent start_id="34" goal_id="137"/>
  <agent start_id="65" goal_id="36"/>
  <agent start_id="161" goal_id="42"/>
  <agent start_id="160" goal_id="16"/>
  <agent start_id="168" goal_id="47"/>
  <agent start_id="159" goal_id="12"/>
  <agent start_id="90" goal_id="120"/>
  <agent start_id="183" goal_id="49"/>
  <agent start_id="81" goal_id="184"/>
  <agent start_id="35" goal_id="141"/>
  <agent start_id="185" goal_id="24"/>
  <agent start_id="132" goal_id="22"/>
  <agent start_id="24" goal_id="96"/>
  <agent start_id="135" goal_id="43"/>
  <agent start_id="108" goal_id="87"/>
  <agent start_id="100" goal_id="151"/>
  <agent start_id="1" goal_id="112"/>
  <agent start_id="56" goal_id="189"/>
  <agent start_id="104" goal_id="156"/>
  <agent start_id="52" goal_id="123"/>
  <agent start_id="0" goal_id="153"/>
  <agent start_id="177" goal_id="143"/>
  <agent start_id="195" goal_id="76"/>
  <agent start_id="30" goal_id="102"/>
  <agent start_id="67" goal_id="122"/>
  <agent start_id="172" goal_id="149"/>
  <agent start_id="23" goal_id="2"/>
  <agent start_id="25" goal_id="183"/>
  <agent start_id="175" goal_id="66"/>
  <agent start_id="120" goal_id="57"/>
  <agent start_id="17" goal_id="97"/>
  <agent start_id="167" goal_id="45"/>
  <agent start_id="83" goal_id="70"/>
  <agent start_id="5" goal_id="198"/>
  <agent start_id="28" goal_id="85"/>
  <agent start_id="184" goal_id="3"/>
  <agent start_id="55" goal_id="133"/>
  <agent start_id="46" goal_id="197"/>
  <agent start_id="63" goal_id="155"/>
  <agent start_id="198" goal_id="158"/>
  <agent start_id="53" goal_id="6"/>
  <agent start_id="189" goal_id="178"/>
  <agent start_id="151" goal_id="26"/>
  <agent start_id="62" goal_id="17"/>
  <agent start_id="58" goal_id="48"/>
  <agent start_id="126" goal_id="21"/>
</root>
