<?xml version="1.0" ?>
<root>
  <agent start_id="171" goal_id="38"/>
  <agent start_id="148" goal_id="150"/>
  <agent start_id="163" goal_id="160"/>
  <agent start_id="127" goal_id="13"/>
  <agent start_id="40" goal_id="179"/>
  <agent start_id="106" goal_id="118"/>
  <agent start_id="94" goal_id="75"/>
  <agent start_id="122" goal_id="52"/>
  <agent start_id="153" goal_id="53"/>
  <agent start_id="130" goal_id="163"/>
  <agent start_id="39" goal_id="51"/>
  <agent start_id="55" goal_id="83"/>
  <agent start_id="155" goal_id="64"/>
  <agent start_id="108" goal_id="98"/>
  <agent start_id="166" goal_id="139"/>
  <agent start_id="180" goal_id="183"/>
  <agent start_id="131" goal_id="172"/>
  <agent start_id="31" goal_id="25"/>
  <agent start_id="195" goal_id="198"/>
  <agent start_id="118" goal_id="49"/>
  <agent start_id="72" goal_id="26"/>
  <agent start_id="162" goal_id="32"/>
  <agent start_id="170" goal_id="67"/>
  <agent start_id="159" goal_id="73"/>
  <agent start_id="149" goal_id="168"/>
  <agent start_id="197" goal_id="55"/>
  <agent start_id="158" goal_id="157"/>
  <agent start_id="18" goal_id="196"/>
  <agent start_id="32" goal_id="76"/>
  <agent start_id="104" goal_id="145"/>
  <agent start_id="129" goal_id="59"/>
  <agent start_id="79" goal_id="81"/>
  <agent start_id="68" goal_id="102"/>
  <agent start_id="81" goal_id="30"/>
  <agent start_id="188" goal_id="188"/>
  <agent start_id="61" goal_id="184"/>
  <agent start_id="199" goal_id="167"/>
  <agent start_id="84" goal_id="111"/>
  <agent start_id="82" goal_id="24"/>
  <agent start_id="44" goal_id="191"/>
  <agent start_id="185" goal_id="31"/>
  <agent start_id="121" goal_id="142"/>
  <agent start_id="38" goal_id="107"/>
  <agent start_id="174" goal_id="121"/>
  <agent start_id="33" goal_id="12"/>
  <agent start_id="114" goal_id="178"/>
  <agent start_id="13" goal_id="164"/>
  <agent start_id="146" goal_id="133"/>
  <agent start_id="140" goal_id="33"/>
  <agent start_id="96" goal_id="131"/>
</root>
