<?xml version="1.0" ?>
<root>
  <agent start_id="84" goal_id="66"/>
  <agent start_id="150" goal_id="160"/>
  <agent start_id="71" goal_id="188"/>
  <agent start_id="165" goal_id="196"/>
  <agent start_id="168" goal_id="83"/>
  <agent start_id="195" goal_id="92"/>
  <agent start_id="85" goal_id="79"/>
  <agent start_id="100" goal_id="162"/>
  <agent start_id="74" goal_id="180"/>
  <agent start_id="178" goal_id="183"/>
  <agent start_id="156" goal_id="32"/>
  <agent start_id="24" goal_id="53"/>
  <agent start_id="56" goal_id="184"/>
  <agent start_id="57" goal_id="41"/>
  <agent start_id="26" goal_id="86"/>
  <agent start_id="111" goal_id="88"/>
  <agent start_id="12" goal_id="123"/>
  <agent start_id="114" goal_id="61"/>
  <agent start_id="139" goal_id="125"/>
  <agent start_id="33" goal_id="176"/>
  <agent start_id="7" goal_id="34"/>
  <agent start_id="30" goal_id="38"/>
  <agent start_id="158" goal_id="39"/>
  <agent start_id="160" goal_id="107"/>
  <agent start_id="99" goal_id="191"/>
  <agent start_id="66" goal_id="174"/>
  <agent start_id="93" goal_id="166"/>
  <agent start_id="124" goal_id="73"/>
  <agent start_id="8" goal_id="14"/>
  <agent start_id="127" goal_id="142"/>
  <agent start_id="60" goal_id="170"/>
  <agent start_id="90" goal_id="195"/>
  <agent start_id="107" goal_id="111"/>
  <agent start_id="61" goal_id="128"/>
  <agent start_id="134" goal_id="148"/>
  <agent start_id="1" goal_id="18"/>
  <agent start_id="63" goal_id="13"/>
  <agent start_id="23" goal_id="51"/>
  <agent start_id="130" goal_id="116"/>
  <agent start_id="72" goal_id="149"/>
  <agent start_id="126" goal_id="4"/>
  <agent start_id="76" goal_id="6"/>
  <agent start_id="109" goal_id="121"/>
  <agent start_id="34" goal_id="193"/>
  <agent start_id="29" goal_id="60"/>
  <agent start_id="15" goal_id="10"/>
  <agent start_id="80" goal_id="104"/>
  <agent start_id="144" goal_id="136"/>
  <agent start_id="78" goal_id="177"/>
  <agent start_id="193" goal_id="143"/>
</root>
