<?xml version="1.0" ?>
<root>
  <agent start_id="9" goal_id="37"/>
  <agent start_id="172" goal_id="95"/>
  <agent start_id="11" goal_id="144"/>
  <agent start_id="148" goal_id="81"/>
  <agent start_id="26" goal_id="159"/>
  <agent start_id="108" goal_id="92"/>
  <agent start_id="150" goal_id="194"/>
  <agent start_id="102" goal_id="181"/>
  <agent start_id="95" goal_id="162"/>
  <agent start_id="55" goal_id="51"/>
  <agent start_id="168" goal_id="107"/>
  <agent start_id="73" goal_id="154"/>
  <agent start_id="187" goal_id="197"/>
  <agent start_id="132" goal_id="65"/>
  <agent start_id="18" goal_id="163"/>
  <agent start_id="58" goal_id="58"/>
  <agent start_id="135" goal_id="18"/>
  <agent start_id="125" goal_id="199"/>
  <agent start_id="167" goal_id="139"/>
  <agent start_id="40" goal_id="25"/>
  <agent start_id="139" goal_id="152"/>
  <agent start_id="53" goal_id="77"/>
  <agent start_id="100" goal_id="118"/>
  <agent start_id="33" goal_id="108"/>
  <agent start_id="180" goal_id="14"/>
  <agent start_id="196" goal_id="59"/>
  <agent start_id="107" goal_id="69"/>
  <agent start_id="138" goal_id="117"/>
  <agent start_id="78" goal_id="142"/>
  <agent start_id="131" goal_id="34"/>
  <agent start_id="61" goal_id="63"/>
  <agent start_id="193" goal_id="131"/>
  <agent start_id="113" goal_id="64"/>
  <agent start_id="165" goal_id="28"/>
  <agent start_id="36" goal_id="83"/>
  <agent start_id="52" goal_id="22"/>
  <agent start_id="140" goal_id="136"/>
  <agent start_id="123" goal_id="134"/>
  <agent start_id="77" goal_id="113"/>
  <agent start_id="105" goal_id="183"/>
  <agent start_id="67" goal_id="169"/>
  <agent start_id="24" goal_id="161"/>
  <agent start_id="25" goal_id="129"/>
  <agent start_id="64" goal_id="114"/>
  <agent start_id="120" goal_id="174"/>
  <agent start_id="109" goal_id="125"/>
  <agent start_id="186" goal_id="75"/>
  <agent start_id="71" goal_id="48"/>
  <agent start_id="179" goal_id="85"/>
  <agent start_id="80" goal_id="147"/>
</root>
