<?xml version="1.0" ?>
<root>
  <agent start_id="103" goal_id="114"/>
  <agent start_id="37" goal_id="90"/>
  <agent start_id="116" goal_id="96"/>
  <agent start_id="130" goal_id="92"/>
  <agent start_id="53" goal_id="151"/>
  <agent start_id="180" goal_id="60"/>
  <agent start_id="71" goal_id="84"/>
  <agent start_id="90" goal_id="156"/>
  <agent start_id="155" goal_id="126"/>
  <agent start_id="27" goal_id="31"/>
  <agent start_id="198" goal_id="115"/>
  <agent start_id="55" goal_id="142"/>
  <agent start_id="46" goal_id="68"/>
  <agent start_id="11" goal_id="106"/>
  <agent start_id="109" goal_id="4"/>
  <agent start_id="140" goal_id="120"/>
  <agent start_id="74" goal_id="192"/>
  <agent start_id="15" goal_id="154"/>
  <agent start_id="131" goal_id="163"/>
  <agent start_id="178" goal_id="191"/>
  <agent start_id="29" goal_id="8"/>
  <agent start_id="185" goal_id="42"/>
  <agent start_id="135" goal_id="150"/>
  <agent start_id="162" goal_id="52"/>
  <agent start_id="58" goal_id="46"/>
  <agent start_id="18" goal_id="82"/>
  <agent start_id="152" goal_id="59"/>
  <agent start_id="114" goal_id="17"/>
  <agent start_id="187" goal_id="73"/>
  <agent start_id="5" goal_id="102"/>
  <agent start_id="197" goal_id="128"/>
  <agent start_id="40" goal_id="185"/>
  <agent start_id="25" goal_id="22"/>
  <agent start_id="1" goal_id="19"/>
  <agent start_id="36" goal_id="81"/>
  <agent start_id="45" goal_id="121"/>
  <agent start_id="191" goal_id="77"/>
  <agent start_id="105" goal_id="149"/>
  <agent start_id="44" goal_id="162"/>
  <agent start_id="61" goal_id="5"/>
  <agent start_id="32" goal_id="113"/>
  <agent start_id="85" goal_id="10"/>
  <agent start_id="150" goal_id="64"/>
  <agent start_id="23" goal_id="165"/>
  <agent start_id="107" goal_id="23"/>
  <agent start_id="95" goal_id="175"/>
  <agent start_id="183" goal_id="178"/>
  <agent start_id="72" goal_id="35"/>
  <agent start_id="147" goal_id="194"/>
  <agent start_id="20" goal_id="55"/>
</root>
