<?xml version="1.0" ?>
<root>
  <agent start_id="153" goal_id="160"/>
  <agent start_id="134" goal_id="103"/>
  <agent start_id="39" goal_id="187"/>
  <agent start_id="40" goal_id="106"/>
  <agent start_id="110" goal_id="58"/>
  <agent start_id="121" goal_id="39"/>
  <agent start_id="27" goal_id="31"/>
  <agent start_id="9" goal_id="5"/>
  <agent start_id="182" goal_id="41"/>
  <agent start_id="139" goal_id="64"/>
  <agent start_id="80" goal_id="151"/>
  <agent start_id="111" goal_id="59"/>
  <agent start_id="164" goal_id="168"/>
  <agent start_id="36" goal_id="158"/>
  <agent start_id="186" goal_id="170"/>
  <agent start_id="47" goal_id="172"/>
  <agent start_id="102" goal_id="118"/>
  <agent start_id="69" goal_id="192"/>
  <agent start_id="157" goal_id="34"/>
  <agent start_id="86" goal_id="194"/>
  <agent start_id="123" goal_id="113"/>
  <agent start_id="87" goal_id="77"/>
  <agent start_id="108" goal_id="23"/>
  <agent start_id="124" goal_id="46"/>
  <agent start_id="174" goal_id="108"/>
  <agent start_id="88" goal_id="189"/>
  <agent start_id="184" goal_id="11"/>
  <agent start_id="17" goal_id="112"/>
  <agent start_id="32" goal_id="132"/>
  <agent start_id="193" goal_id="24"/>
  <agent start_id="125" goal_id="115"/>
  <agent start_id="11" goal_id="45"/>
  <agent start_id="147" goal_id="83"/>
  <agent start_id="34" goal_id="25"/>
  <agent start_id="135" goal_id="91"/>
  <agent start_id="112" goal_id="4"/>
  <agent start_id="83" goal_id="8"/>
  <agent start_id="82" goal_id="78"/>
  <agent start_id="178" goal_id="50"/>
  <agent start_id="146" goal_id="193"/>
  <agent start_id="57" goal_id="117"/>
  <agent start_id="118" goal_id="49"/>
  <agent start_id="117" goal_id="76"/>
  <agent start_id="113" goal_id="96"/>
  <agent start_id="73" goal_id="79"/>
  <agent start_id="51" goal_id="130"/>
  <agent start_id="18" goal_id="80"/>
  <agent start_id="95" goal_id="124"/>
  <agent start_id="197" goal_id="20"/>
  <agent start_id="25" goal_id="121"/>
</root>
