<?xml version="1.0" ?>
<root>
  <agent start_id="82" goal_id="92"/>
  <agent start_id="20" goal_id="148"/>
  <agent start_id="85" goal_id="44"/>
  <agent start_id="115" goal_id="88"/>
  <agent start_id="94" goal_id="165"/>
  <agent start_id="83" goal_id="20"/>
  <agent start_id="46" goal_id="84"/>
  <agent start_id="161" goal_id="19"/>
  <agent start_id="29" goal_id="82"/>
  <agent start_id="133" goal_id="40"/>
  <agent start_id="78" goal_id="54"/>
  <agent start_id="187" goal_id="87"/>
  <agent start_id="14" goal_id="109"/>
  <agent start_id="135" goal_id="156"/>
  <agent start_id="117" goal_id="86"/>
  <agent start_id="155" goal_id="52"/>
  <agent start_id="177" goal_id="100"/>
  <agent start_id="68" goal_id="61"/>
  <agent start_id="21" goal_id="16"/>
  <agent start_id="144" goal_id="102"/>
  <agent start_id="79" goal_id="80"/>
  <agent start_id="2" goal_id="78"/>
  <agent start_id="56" goal_id="160"/>
  <agent start_id="38" goal_id="42"/>
  <agent start_id="176" goal_id="91"/>
  <agent start_id="71" goal_id="157"/>
  <agent start_id="55" goal_id="73"/>
  <agent start_id="195" goal_id="122"/>
  <agent start_id="121" goal_id="130"/>
  <agent start_id="99" goal_id="108"/>
  <agent start_id="17" goal_id="31"/>
  <agent start_id="44" goal_id="38"/>
  <agent start_id="142" goal_id="77"/>
  <agent start_id="198" goal_id="164"/>
  <agent start_id="183" goal_id="7"/>
  <agent start_id="166" goal_id="81"/>
  <agent start_id="160" goal_id="55"/>
  <agent start_id="59" goal_id="185"/>
  <agent start_id="132" goal_id="118"/>
  <agent start_id="13" goal_id="24"/>
  <agent start_id="148" goal_id="29"/>
  <agent start_id="106" goal_id="115"/>
  <agent start_id="191" goal_id="71"/>
  <agent start_id="118" goal_id="22"/>
  <agent start_id="172" goal_id="5"/>
  <agent start_id="53" goal_id="143"/>
  <agent start_id="145" goal_id="169"/>
  <agent start_id="129" goal_id="179"/>
  <agent start_id="189" goal_id="147"/>
  <agent start_id="120" goal_id="178"/>
</root>
