<?xml version="1.0" ?>
<root>
  <agent start_id="34" goal_id="172"/>
  <agent start_id="115" goal_id="117"/>
  <agent start_id="46" goal_id="27"/>
  <agent start_id="116" goal_id="29"/>
  <agent start_id="185" goal_id="64"/>
  <agent start_id="125" goal_id="90"/>
  <agent start_id="112" goal_id="63"/>
  <agent start_id="20" goal_id="118"/>
  <agent start_id="64" goal_id="6"/>
  <agent start_id="122" goal_id="72"/>
  <agent start_id="75" goal_id="37"/>
  <agent start_id="6" goal_id="71"/>
  <agent start_id="91" goal_id="51"/>
  <agent start_id="67" goal_id="194"/>
  <agent start_id="80" goal_id="35"/>
  <agent start_id="197" goal_id="44"/>
  <agent start_id="194" goal_id="34"/>
  <agent start_id="83" goal_id="144"/>
  <agent start_id="132" goal_id="158"/>
  <agent start_id="49" goal_id="36"/>
  <agent start_id="88" goal_id="28"/>
  <agent start_id="43" goal_id="141"/>
  <agent start_id="79" goal_id="100"/>
  <agent start_id="175" goal_id="48"/>
  <agent start_id="137" goal_id="67"/>
  <agent start_id="21" goal_id="31"/>
  <agent start_id="199" goal_id="161"/>
  <agent start_id="17" goal_id="96"/>
  <agent start_id="129" goal_id="149"/>
  <agent start_id="124" goal_id="94"/>
  <agent start_id="25" goal_id="116"/>
  <agent start_id="13" goal_id="65"/>
  <agent start_id="71" goal_id="180"/>
  <agent start_id="15" goal_id="69"/>
  <agent start_id="187" goal_id="114"/>
  <agent start_id="144" goal_id="127"/>
  <agent start_id="179" goal_id="197"/>
  <agent start_id="33" goal_id="79"/>
  <agent start_id="182" goal_id="107"/>
  <agent start_id="102" goal_id="190"/>
  <agent start_id="37" goal_id="60"/>
  <agent start_id="69" goal_id="151"/>
  <agent start_id="180" goal_id="120"/>
  <agent start_id="191" goal_id="183"/>
  <agent start_id="28" goal_id="145"/>
  <agent start_id="114" goal_id="4"/>
  <agent start_id="111" goal_id="58"/>
  <agent start_id="176" goal_id="104"/>
  <agent start_id="11" goal_id="20"/>
  <agent start_id="118" goal_id="193"/>
</root>
