<?xml version="1.0" ?>
<root>
  <agent start_id="37" goal_id="136"/>
  <agent start_id="179" goal_id="90"/>
  <agent start_id="195" goal_id="174"/>
  <agent start_id="181" goal_id="109"/>
  <agent start_id="198" goal_id="183"/>
  <agent start_id="157" goal_id="117"/>
  <agent start_id="170" goal_id="17"/>
  <agent start_id="137" goal_id="88"/>
  <agent start_id="145" goal_id="89"/>
  <agent start_id="133" goal_id="179"/>
  <agent start_id="82" goal_id="30"/>
  <agent start_id="199" goal_id="107"/>
  <agent start_id="107" goal_id="67"/>
  <agent start_id="71" goal_id="181"/>
  <agent start_id="76" goal_id="70"/>
  <agent start_id="166" goal_id="111"/>
  <agent start_id="102" goal_id="118"/>
  <agent start_id="186" goal_id="124"/>
  <agent start_id="50" goal_id="152"/>
  <agent start_id="16" goal_id="10"/>
  <agent start_id="183" goal_id="68"/>
  <agent start_id="121" goal_id="131"/>
  <agent start_id="21" goal_id="82"/>
  <agent start_id="162" goal_id="80"/>
  <agent start_id="192" goal_id="16"/>
  <agent start_id="45" goal_id="7"/>
  <agent start_id="81" goal_id="121"/>
  <agent start_id="85" goal_id="46"/>
  <agent start_id="96" goal_id="85"/>
  <agent start_id="1" goal_id="5"/>
  <agent start_id="116" goal_id="59"/>
  <agent start_id="164" goal_id="54"/>
  <agent start_id="129" goal_id="153"/>
  <agent start_id="11" goal_id="76"/>
  <agent start_id="26" goal_id="114"/>
  <agent start_id="98" goal_id="189"/>
  <agent start_id="10" goal_id="167"/>
  <agent start_id="23" goal_id="146"/>
  <agent start_id="3" goal_id="78"/>
  <agent start_id="150" goal_id="2"/>
  <agent start_id="77" goal_id="86"/>
  <agent start_id="52" goal_id="51"/>
  <agent start_id="99" goal_id="133"/>
  <agent start_id="119" goal_id="129"/>
  <agent start_id="49" goal_id="176"/>
  <agent start_id="72" goal_id="169"/>
  <agent start_id="178" goal_id="12"/>
  <agent start_id="74" goal_id="185"/>
  <agent start_id="167" goal_id="195"/>
  <agent start_id="18" goal_id="142"/>
</root>
