<?xml version="1.0" ?>
<root>
  <agent start_id="62" goal_id="167"/>
  <agent start_id="140" goal_id="160"/>
  <agent start_id="141" goal_id="194"/>
  <agent start_id="18" goal_id="158"/>
  <agent start_id="76" goal_id="57"/>
  <agent start_id="120" goal_id="93"/>
  <agent start_id="46" goal_id="43"/>
  <agent start_id="52" goal_id="26"/>
  <agent start_id="192" goal_id="5"/>
  <agent start_id="145" goal_id="30"/>
  <agent start_id="105" goal_id="137"/>
  <agent start_id="40" goal_id="99"/>
  <agent start_id="22" goal_id="110"/>
  <agent start_id="164" goal_id="68"/>
  <agent start_id="136" goal_id="62"/>
  <agent start_id="115" goal_id="159"/>
  <agent start_id="73" goal_id="168"/>
  <agent start_id="113" goal_id="10"/>
  <agent start_id="78" goal_id="49"/>
  <agent start_id="53" goal_id="149"/>
  <agent start_id="103" goal_id="88"/>
  <agent start_id="132" goal_id="163"/>
  <agent start_id="39" goal_id="40"/>
  <agent start_id="196" goal_id="4"/>
  <agent start_id="89" goal_id="151"/>
  <agent start_id="5" goal_id="174"/>
  <agent start_id="92" goal_id="177"/>
  <agent start_id="175" goal_id="106"/>
  <agent start_id="193" goal_id="75"/>
  <agent start_id="178" goal_id="198"/>
  <agent start_id="48" goal_id="47"/>
  <agent start_id="28" goal_id="54"/>
  <agent start_id="36" goal_id="79"/>
  <agent start_id="64" goal_id="128"/>
  <agent start_id="75" goal_id="80"/>
  <agent start_id="162" goal_id="156"/>
  <agent start_id="58" goal_id="51"/>
  <agent start_id="101" goal_id="193"/>
  <agent start_id="71" goal_id="37"/>
  <agent start_id="33" goal_id="143"/>
  <agent start_id="123" goal_id="181"/>
  <agent start_id="127" goal_id="144"/>
  <agent start_id="166" goal_id="154"/>
  <agent start_id="161" goal_id="112"/>
  <agent start_id="35" goal_id="117"/>
  <agent start_id="54" goal_id="86"/>
  <agent start_id="12" goal_id="107"/>
  <agent start_id="173" goal_id="2"/>
  <agent start_id="98" goal_id="146"/>
  <agent start_id="96" goal_id="103"/>
</root>
