<?xml version="1.0" ?>
<root>
  <agent start_id="137" goal_id="164"/>
  <agent start_id="50" goal_id="148"/>
  <agent start_id="108" goal_id="66"/>
  <agent start_id="95" goal_id="117"/>
  <agent start_id="146" goal_id="170"/>
  <agent start_id="45" goal_id="88"/>
  <agent start_id="195" goal_id="21"/>
  <agent start_id="188" goal_id="33"/>
  <agent start_id="173" goal_id="85"/>
  <agent start_id="19" goal_id="55"/>
  <agent start_id="51" goal_id="9"/>
  <agent start_id="162" goal_id="44"/>
  <agent start_id="128" goal_id="18"/>
  <agent start_id="118" goal_id="128"/>
  <agent start_id="199" goal_id="19"/>
  <agent start_id="7" goal_id="191"/>
  <agent start_id="196" goal_id="153"/>
  <agent start_id="105" goal_id="198"/>
  <agent start_id="28" goal_id="158"/>
  <agent start_id="113" goal_id="20"/>
  <agent start_id="62" goal_id="103"/>
  <agent start_id="106" goal_id="97"/>
  <agent start_id="18" goal_id="132"/>
  <agent start_id="170" goal_id="61"/>
  <agent start_id="133" goal_id="126"/>
  <agent start_id="60" goal_id="131"/>
  <agent start_id="120" goal_id="94"/>
  <agent start_id="89" goal_id="69"/>
  <agent start_id="35" goal_id="196"/>
  <agent start_id="165" goal_id="72"/>
  <agent start_id="171" goal_id="106"/>
  <agent start_id="11" goal_id="130"/>
  <agent start_id="103" goal_id="12"/>
  <agent start_id="30" goal_id="134"/>
  <agent start_id="0" goal_id="107"/>
  <agent start_id="73" goal_id="141"/>
  <agent start_id="80" goal_id="163"/>
  <agent start_id="197" goal_id="5"/>
  <agent start_id="158" goal_id="113"/>
  <agent start_id="37" goal_id="137"/>
  <agent start_id="57" goal_id="171"/>
  <agent start_id="59" goal_id="52"/>
  <agent start_id="15" goal_id="142"/>
  <agent start_id="2" goal_id="188"/>
  <agent start_id="86" goal_id="23"/>
  <agent start_id="179" goal_id="150"/>
  <agent start_id="139" goal_id="99"/>
  <agent start_id="186" goal_id="0"/>
  <agent start_id="29" goal_id="184"/>
  <agent start_id="192" goal_id="139"/>
</root>
