<?xml version="1.0" ?>
<root>
  <agent start_id="125" goal_id="40"/>
  <agent start_id="146" goal_id="19"/>
  <agent start_id="100" goal_id="2"/>
  <agent start_id="29" goal_id="86"/>
  <agent start_id="92" goal_id="169"/>
  <agent start_id="184" goal_id="45"/>
  <agent start_id="17" goal_id="13"/>
  <agent start_id="5" goal_id="123"/>
  <agent start_id="53" goal_id="82"/>
  <agent start_id="38" goal_id="128"/>
  <agent start_id="181" goal_id="144"/>
  <agent start_id="143" goal_id="119"/>
  <agent start_id="67" goal_id="73"/>
  <agent start_id="88" goal_id="198"/>
  <agent start_id="0" goal_id="154"/>
  <agent start_id="6" goal_id="83"/>
  <agent start_id="141" goal_id="35"/>
  <agent start_id="137" goal_id="97"/>
  <agent start_id="25" goal_id="178"/>
  <agent start_id="70" goal_id="131"/>
  <agent start_id="86" goal_id="72"/>
  <agent start_id="56" goal_id="88"/>
  <agent start_id="32" goal_id="36"/>
  <agent start_id="175" goal_id="11"/>
  <agent start_id="106" goal_id="139"/>
  <agent start_id="115" goal_id="100"/>
  <agent start_id="22" goal_id="116"/>
  <agent start_id="76" goal_id="135"/>
  <agent start_id="91" goal_id="106"/>
  <agent start_id="133" goal_id="55"/>
  <agent start_id="160" goal_id="101"/>
  <agent start_id="102" goal_id="49"/>
  <agent start_id="27" goal_id="10"/>
  <agent start_id="130" goal_id="79"/>
  <agent start_id="45" goal_id="52"/>
  <agent start_id="166" goal_id="111"/>
  <agent start_id="19" goal_id="23"/>
  <agent start_id="120" goal_id="0"/>
  <agent start_id="103" goal_id="183"/>
  <agent start_id="112" goal_id="50"/>
  <agent start_id="64" goal_id="153"/>
  <agent start_id="186" goal_id="93"/>
  <agent start_id="99" goal_id="89"/>
  <agent start_id="177" goal_id="85"/>
  <agent start_id="77" goal_id="164"/>
  <agent start_id="127" goal_id="113"/>
  <agent start_id="187" goal_id="196"/>
  <agent start_id="81" goal_id="190"/>
  <agent start_id="114" goal_id="187"/>
  <agent start_id="176" goal_id="133"/>
</root>
