<?xml version="1.0" ?>
<root>
  <agent start_id="92" goal_id="134"/>
  <agent start_id="90" goal_id="111"/>
  <agent start_id="32" goal_id="96"/>
  <agent start_id="188" goal_id="19"/>
  <agent start_id="145" goal_id="6"/>
  <agent start_id="0" goal_id="1"/>
  <agent start_id="88" goal_id="192"/>
  <agent start_id="154" goal_id="29"/>
  <agent start_id="31" goal_id="50"/>
  <agent start_id="178" goal_id="163"/>
  <agent start_id="139" goal_id="186"/>
  <agent start_id="125" goal_id="35"/>
  <agent start_id="96" goal_id="85"/>
  <agent start_id="147" goal_id="188"/>
  <agent start_id="12" goal_id="176"/>
  <agent start_id="67" goal_id="152"/>
  <agent start_id="63" goal_id="30"/>
  <agent start_id="161" goal_id="2"/>
  <agent start_id="21" goal_id="146"/>
  <agent start_id="77" goal_id="113"/>
  <agent start_id="193" goal_id="78"/>
  <agent start_id="126" goal_id="126"/>
  <agent start_id="157" goal_id="160"/>
  <agent start_id="169" goal_id="54"/>
  <agent start_id="54" goal_id="130"/>
  <agent start_id="94" goal_id="179"/>
  <agent start_id="175" goal_id="118"/>
  <agent start_id="22" goal_id="44"/>
  <agent start_id="7" goal_id="34"/>
  <agent start_id="123" goal_id="10"/>
  <agent start_id="41" goal_id="148"/>
  <agent start_id="95" goal_id="77"/>
  <agent start_id="141" goal_id="106"/>
  <agent start_id="149" goal_id="38"/>
  <agent start_id="102" goal_id="46"/>
  <agent start_id="25" goal_id="161"/>
  <agent start_id="176" goal_id="75"/>
  <agent start_id="159" goal_id="156"/>
  <agent start_id="82" goal_id="17"/>
  <agent start_id="28" goal_id="140"/>
  <agent start_id="158" goal_id="127"/>
  <agent start_id="160" goal_id="136"/>
  <agent start_id="71" goal_id="49"/>
  <agent start_id="184" goal_id="31"/>
  <agent start_id="59" goal_id="4"/>
  <agent start_id="13" goal_id="11"/>
  <agent start_id="45" goal_id="171"/>
  <agent start_id="4" goal_id="184"/>
  <agent start_id="177" goal_id="151"/>
  <agent start_id="130" goal_id="52"/>
</root>
