<?xml version="1.0" ?>
<root>
  <agent start_id="28" goal_id="181"/>
  <agent start_id="192" goal_id="63"/>
  <agent start_id="61" goal_id="173"/>
  <agent start_id="60" goal_id="125"/>
  <agent start_id="190" goal_id="163"/>
  <agent start_id="91" goal_id="69"/>
  <agent start_id="198" goal_id="57"/>
  <agent start_id="15" goal_id="45"/>
  <agent start_id="43" goal_id="15"/>
  <agent start_id="197" goal_id="148"/>
  <agent start_id="47" goal_id="53"/>
  <agent start_id="18" goal_id="112"/>
  <agent start_id="41" goal_id="131"/>
  <agent start_id="6" goal_id="177"/>
  <agent start_id="84" goal_id="46"/>
  <agent start_id="182" goal_id="35"/>
  <agent start_id="97" goal_id="78"/>
  <agent start_id="35" goal_id="65"/>
  <agent start_id="188" goal_id="103"/>
  <agent start_id="65" goal_id="187"/>
  <agent start_id="151" goal_id="43"/>
  <agent start_id="153" goal_id="149"/>
  <agent start_id="94" goal_id="91"/>
  <agent start_id="127" goal_id="1"/>
  <agent start_id="33" goal_id="179"/>
  <agent start_id="110" goal_id="140"/>
  <agent start_id="175" goal_id="60"/>
  <agent start_id="150" goal_id="184"/>
  <agent start_id="167" goal_id="118"/>
  <agent start_id="101" goal_id="29"/>
  <agent start_id="145" goal_id="116"/>
  <agent start_id="26" goal_id="133"/>
  <agent start_id="27" goal_id="171"/>
  <agent start_id="67" goal_id="146"/>
  <agent start_id="86" goal_id="90"/>
  <agent start_id="161" goal_id="33"/>
  <agent start_id="36" goal_id="95"/>
  <agent start_id="124" goal_id="165"/>
  <agent start_id="63" goal_id="74"/>
  <agent start_id="87" goal_id="27"/>
  <agent start_id="138" goal_id="183"/>
  <agent start_id="131" goal_id="119"/>
  <agent start_id="17" goal_id="108"/>
  <agent start_id="116" goal_id="89"/>
  <agent start_id="112" goal_id="23"/>
  <agent start_id="103" goal_id="9"/>
  <agent start_id="134" goal_id="25"/>
  <agent start_id="165" goal_id="127"/>
  <agent start_id="29" goal_id="151"/>
  <agent start_id="2" goal_id="8"/>
</root>
