<?xml version="1.0" ?>
<root>
  <agent start_id="72" goal_id="146"/>
  <agent start_id="13" goal_id="63"/>
  <agent start_id="79" goal_id="166"/>
  <agent start_id="9" goal_id="91"/>
  <agent start_id="153" goal_id="2"/>
  <agent start_id="66" goal_id="68"/>
  <agent start_id="199" goal_id="161"/>
  <agent start_id="163" goal_id="94"/>
  <agent start_id="18" goal_id="19"/>
  <agent start_id="140" goal_id="187"/>
  <agent start_id="80" goal_id="143"/>
  <agent start_id="10" goal_id="75"/>
  <agent start_id="36" goal_id="23"/>
  <agent start_id="178" goal_id="58"/>
  <agent start_id="14" goal_id="116"/>
  <agent start_id="54" goal_id="20"/>
  <agent start_id="135" goal_id="119"/>
  <agent start_id="81" goal_id="99"/>
  <agent start_id="106" goal_id="122"/>
  <agent start_id="52" goal_id="198"/>
  <agent start_id="139" goal_id="171"/>
  <agent start_id="69" goal_id="118"/>
  <agent start_id="158" goal_id="170"/>
  <agent start_id="17" goal_id="138"/>
  <agent start_id="59" goal_id="176"/>
  <agent start_id="113" goal_id="4"/>
  <agent start_id="12" goal_id="14"/>
  <agent start_id="97" goal_id="103"/>
  <agent start_id="71" goal_id="77"/>
  <agent start_id="84" goal_id="145"/>
  <agent start_id="107" goal_id="31"/>
  <agent start_id="109" goal_id="141"/>
  <agent start_id="94" goal_id="133"/>
  <agent start_id="195" goal_id="185"/>
  <agent start_id="154" goal_id="151"/>
  <agent start_id="28" goal_id="195"/>
  <agent start_id="144" goal_id="115"/>
  <agent start_id="83" goal_id="26"/>
  <agent start_id="4" goal_id="12"/>
  <agent start_id="151" goal_id="101"/>
  <agent start_id="75" goal_id="70"/>
  <agent start_id="138" goal_id="97"/>
  <agent start_id="114" goal_id="109"/>
  <agent start_id="130" goal_id="24"/>
  <agent start_id="70" goal_id="72"/>
  <agent start_id="118" goal_id="134"/>
  <agent start_id="29" goal_id="60"/>
  <agent start_id="177" goal_id="197"/>
  <agent start_id="159" goal_id="53"/>
  <agent start_id="171" goal_id="73"/>
</root>
