<?xml version="1.0" ?>
<root>
  <agent start_id="7" goal_id="107"/>
  <agent start_id="172" goal_id="37"/>
  <agent start_id="13" goal_id="186"/>
  <agent start_id="178" goal_id="112"/>
  <agent start_id="72" goal_id="139"/>
  <agent start_id="35" goal_id="21"/>
  <agent start_id="102" goal_id="10"/>
  <agent start_id="66" goal_id="43"/>
  <agent start_id="20" goal_id="188"/>
  <agent start_id="92" goal_id="55"/>
  <agent start_id="85" goal_id="194"/>
  <agent start_id="4" goal_id="118"/>
  <agent start_id="98" goal_id="150"/>
  <agent start_id="124" goal_id="130"/>
  <agent start_id="143" goal_id="9"/>
  <agent start_id="174" goal_id="106"/>
  <agent start_id="59" goal_id="132"/>
  <agent start_id="17" goal_id="120"/>
  <agent start_id="36" goal_id="42"/>
  <agent start_id="167" goal_id="100"/>
  <agent start_id="169" goal_id="4"/>
  <agent start_id="159" goal_id="57"/>
  <agent start_id="83" goal_id="78"/>
  <agent start_id="22" goal_id="96"/>
  <agent start_id="155" goal_id="134"/>
  <agent start_id="120" goal_id="58"/>
  <agent start_id="129" goal_id="64"/>
  <agent start_id="182" goal_id="111"/>
  <agent start_id="165" goal_id="182"/>
  <agent start_id="161" goal_id="163"/>
  <agent start_id="44" goal_id="95"/>
  <agent start_id="194" goal_id="102"/>
  <agent start_id="54" goal_id="80"/>
  <agent start_id="23" goal_id="168"/>
  <agent start_id="198" goal_id="161"/>
  <agent start_id="73" goal_id="116"/>
  <agent start_id="109" goal_id="153"/>
  <agent start_id="116" goal_id="170"/>
  <agent start_id="108" goal_id="142"/>
  <agent start_id="119" goal_id="73"/>
  <agent start_id="185" goal_id="172"/>
  <agent start_id="153" goal_id="192"/>
  <agent start_id="100" goal_id="179"/>
  <agent start_id="29" goal_id="90"/>
  <agent start_id="95" goal_id="174"/>
  <agent start_id="104" goal_id="197"/>
  <agent start_id="188" goal_id="24"/>
  <agent start_id="5" goal_id="54"/>
  <agent start_id="50" goal_id="32"/>
  <agent start_id="64" goal_id="88"/>
</root>
