<?xml version="1.0" ?>
<root>
  <agent start_id="18" goal_id="75"/>
  <agent start_id="163" goal_id="43"/>
  <agent start_id="116" goal_id="125"/>
  <agent start_id="139" goal_id="98"/>
  <agent start_id="180" goal_id="107"/>
  <agent start_id="66" goal_id="39"/>
  <agent start_id="29" goal_id="22"/>
  <agent start_id="64" goal_id="30"/>
  <agent start_id="0" goal_id="198"/>
  <agent start_id="62" goal_id="95"/>
  <agent start_id="165" goal_id="124"/>
  <agent start_id="51" goal_id="38"/>
  <agent start_id="6" goal_id="104"/>
  <agent start_id="124" goal_id="138"/>
  <agent start_id="94" goal_id="28"/>
  <agent start_id="190" goal_id="67"/>
  <agent start_id="76" goal_id="162"/>
  <agent start_id="173" goal_id="10"/>
  <agent start_id="43" goal_id="192"/>
  <agent start_id="41" goal_id="97"/>
  <agent start_id="7" goal_id="164"/>
  <agent start_id="99" goal_id="32"/>
  <agent start_id="32" goal_id="155"/>
  <agent start_id="77" goal_id="68"/>
  <agent start_id="193" goal_id="168"/>
  <agent start_id="130" goal_id="185"/>
  <agent start_id="121" goal_id="91"/>
  <agent start_id="42" goal_id="83"/>
  <agent start_id="85" goal_id="143"/>
  <agent start_id="87" goal_id="0"/>
  <agent start_id="122" goal_id="165"/>
  <agent start_id="73" goal_id="122"/>
  <agent start_id="53" goal_id="169"/>
  <agent start_id="83" goal_id="37"/>
  <agent start_id="54" goal_id="3"/>
  <agent start_id="186" goal_id="57"/>
  <agent start_id="13" goal_id="49"/>
  <agent start_id="10" goal_id="99"/>
  <agent start_id="114" goal_id="131"/>
  <agent start_id="160" goal_id="173"/>
  <agent start_id="144" goal_id="197"/>
  <agent start_id="111" goal_id="128"/>
  <agent start_id="36" goal_id="70"/>
  <agent start_id="60" goal_id="6"/>
  <agent start_id="46" goal_id="132"/>
  <agent start_id="25" goal_id="146"/>
  <agent start_id="147" goal_id="56"/>
  <agent start_id="159" goal_id="106"/>
  <agent start_id="34" goal_id="139"/>
  <agent start_id="118" goal_id="45"/>
</root>
