<?xml version="1.0" ?>
<root>
  <agent start_id="133" goal_id="182"/>
  <agent start_id="76" goal_id="121"/>
  <agent start_id="67" goal_id="178"/>
  <agent start_id="11" goal_id="192"/>
  <agent start_id="97" goal_id="198"/>
  <agent start_id="100" goal_id="55"/>
  <agent start_id="53" goal_id="69"/>
  <agent start_id="36" goal_id="99"/>
  <agent start_id="39" goal_id="133"/>
  <agent start_id="148" goal_id="191"/>
  <agent start_id="110" goal_id="145"/>
  <agent start_id="154" goal_id="10"/>
  <agent start_id="191" goal_id="85"/>
  <agent start_id="114" goal_id="131"/>
  <agent start_id="155" goal_id="150"/>
  <agent start_id="17" goal_id="51"/>
  <agent start_id="46" goal_id="16"/>
  <agent start_id="57" goal_id="8"/>
  <agent start_id="84" goal_id="114"/>
  <agent start_id="195" goal_id="151"/>
  <agent start_id="150" goal_id="165"/>
  <agent start_id="75" goal_id="144"/>
  <agent start_id="80" goal_id="163"/>
  <agent start_id="91" goal_id="154"/>
  <agent start_id="21" goal_id="57"/>
  <agent start_id="4" goal_id="67"/>
  <agent start_id="42" goal_id="126"/>
  <agent start_id="107" goal_id="138"/>
  <agent start_id="159" goal_id="175"/>
  <agent start_id="94" goal_id="187"/>
  <agent start_id="92" goal_id="73"/>
  <agent start_id="82" goal_id="43"/>
  <agent start_id="7" goal_id="27"/>
  <agent start_id="70" goal_id="95"/>
  <agent start_id="172" goal_id="142"/>
  <agent start_id="165" goal_id="159"/>
  <agent start_id="118" goal_id="39"/>
  <agent start_id="64" goal_id="91"/>
  <agent start_id="163" goal_id="129"/>
  <agent start_id="55" goal_id="15"/>
  <agent start_id="152" goal_id="158"/>
  <agent start_id="60" goal_id="76"/>
  <agent start_id="136" goal_id="74"/>
  <agent start_id="182" goal_id="23"/>
  <agent start_id="104" goal_id="98"/>
  <agent start_id="2" goal_id="135"/>
  <agent start_id="146" goal_id="1"/>
  <agent start_id="167" goal_id="110"/>
  <agent start_id="140" goal_id="12"/>
  <agent start_id="169" goal_id="199"/>
</root>
