<?xml version="1.0" ?>
<root>
  <agent start_id="199" goal_id="16"/>
  <agent start_id="54" goal_id="122"/>
  <agent start_id="38" goal_id="43"/>
  <agent start_id="57" goal_id="18"/>
  <agent start_id="94" goal_id="158"/>
  <agent start_id="136" goal_id="13"/>
  <agent start_id="10" goal_id="51"/>
  <agent start_id="92" goal_id="155"/>
  <agent start_id="173" goal_id="65"/>
  <agent start_id="171" goal_id="44"/>
  <agent start_id="17" goal_id="76"/>
  <agent start_id="83" goal_id="125"/>
  <agent start_id="191" goal_id="175"/>
  <agent start_id="41" goal_id="127"/>
  <agent start_id="8" goal_id="37"/>
  <agent start_id="188" goal_id="12"/>
  <agent start_id="117" goal_id="130"/>
  <agent start_id="32" goal_id="179"/>
  <agent start_id="34" goal_id="72"/>
  <agent start_id="147" goal_id="61"/>
  <agent start_id="81" goal_id="23"/>
  <agent start_id="164" goal_id="199"/>
  <agent start_id="87" goal_id="121"/>
  <agent start_id="193" goal_id="153"/>
  <agent start_id="152" goal_id="182"/>
  <agent start_id="28" goal_id="66"/>
  <agent start_id="13" goal_id="168"/>
  <agent start_id="124" goal_id="27"/>
  <agent start_id="158" goal_id="112"/>
  <agent start_id="36" goal_id="126"/>
  <agent start_id="40" goal_id="15"/>
  <agent start_id="104" goal_id="45"/>
  <agent start_id="96" goal_id="28"/>
  <agent start_id="196" goal_id="144"/>
  <agent start_id="161" goal_id="91"/>
  <agent start_id="113" goal_id="79"/>
  <agent start_id="114" goal_id="140"/>
  <agent start_id="3" goal_id="90"/>
  <agent start_id="138" goal_id="55"/>
  <agent start_id="121" goal_id="173"/>
  <agent start_id="149" goal_id="21"/>
  <agent start_id="183" goal_id="176"/>
  <agent start_id="56" goal_id="93"/>
  <agent start_id="60" goal_id="190"/>
  <agent start_id="129" goal_id="186"/>
  <agent start_id="78" goal_id="94"/>
  <agent start_id="165" goal_id="85"/>
  <agent start_id="105" goal_id="161"/>
  <agent start_id="120" goal_id="39"/>
  <agent start_id="189" goal_id="159"/>
</root>
