<?xml version="1.0" ?>
<root>
  <agent start_id="44" goal_id="112"/>
  <agent start_id="187" goal_id="148"/>
  <agent start_id="3" goal_id="152"/>
  <agent start_id="97" goal_id="62"/>
  <agent start_id="30" goal_id="50"/>
  <agent start_id="135" goal_id="189"/>
  <agent start_id="69" goal_id="40"/>
  <agent start_id="16" goal_id="39"/>
  <agent start_id="185" goal_id="154"/>
  <agent start_id="151" goal_id="28"/>
  <agent start_id="95" goal_id="186"/>
  <agent start_id="132" goal_id="24"/>
  <agent start_id="37" goal_id="106"/>
  <agent start_id="188" goal_id="199"/>
  <agent start_id="140" goal_id="89"/>
  <agent start_id="19" goal_id="137"/>
  <agent start_id="199" goal_id="4"/>
  <agent start_id="29" goal_id="196"/>
  <agent start_id="193" goal_id="57"/>
  <agent start_id="183" goal_id="194"/>
  <agent start_id="157" goal_id="43"/>
  <agent start_id="142" goal_id="18"/>
  <agent start_id="7" goal_id="150"/>
  <agent start_id="125" goal_id="11"/>
  <agent start_id="71" goal_id="46"/>
  <agent start_id="177" goal_id="60"/>
  <agent start_id="156" goal_id="181"/>
  <agent start_id="166" goal_id="72"/>
  <agent start_id="61" goal_id="85"/>
  <agent start_id="59" goal_id="14"/>
  <agent start_id="144" goal_id="51"/>
  <agent start_id="11" goal_id="110"/>
  <agent start_id="197" goal_id="44"/>
  <agent start_id="24" goal_id="178"/>
  <agent start_id="58" goal_id="164"/>
  <agent start_id="123" goal_id="173"/>
  <agent start_id="73" goal_id="20"/>
  <agent start_id="114" goal_id="113"/>
  <agent start_id="42" goal_id="34"/>
  <agent start_id="102" goal_id="35"/>
  <agent start_id="178" goal_id="120"/>
  <agent start_id="2" goal_id="170"/>
  <agent start_id="21" goal_id="159"/>
  <agent start_id="89" goal_id="162"/>
  <agent start_id="181" goal_id="71"/>
  <agent start_id="192" goal_id="21"/>
  <agent start_id="91" goal_id="8"/>
  <agent start_id="32" goal_id="192"/>
  <agent start_id="35" goal_id="185"/>
  <agent start_id="136" goal_id="80"/>
</root>
