<?xml version="1.0" ?>
<root>
  <agent start_id="172" goal_id="16"/>
  <agent start_id="140" goal_id="181"/>
  <agent start_id="58" goal_id="2"/>
  <agent start_id="50" goal_id="63"/>
  <agent start_id="170" goal_id="127"/>
  <agent start_id="97" goal_id="27"/>
  <agent start_id="42" goal_id="133"/>
  <agent start_id="150" goal_id="61"/>
  <agent start_id="197" goal_id="130"/>
  <agent start_id="136" goal_id="46"/>
  <agent start_id="154" goal_id="29"/>
  <agent start_id="164" goal_id="3"/>
  <agent start_id="101" goal_id="90"/>
  <agent start_id="16" goal_id="193"/>
  <agent start_id="43" goal_id="96"/>
  <agent start_id="104" goal_id="124"/>
  <agent start_id="66" goal_id="8"/>
  <agent start_id="199" goal_id="50"/>
  <agent start_id="130" goal_id="163"/>
  <agent start_id="39" goal_id="40"/>
  <agent start_id="8" goal_id="106"/>
  <agent start_id="81" goal_id="126"/>
  <agent start_id="95" goal_id="128"/>
  <agent start_id="157" goal_id="137"/>
  <agent start_id="141" goal_id="77"/>
  <agent start_id="166" goal_id="185"/>
  <agent start_id="79" goal_id="196"/>
  <agent start_id="52" goal_id="184"/>
  <agent start_id="185" goal_id="12"/>
  <agent start_id="147" goal_id="142"/>
  <agent start_id="184" goal_id="21"/>
  <agent start_id="78" goal_id="158"/>
  <agent start_id="109" goal_id="117"/>
  <agent start_id="116" goal_id="79"/>
  <agent start_id="87" goal_id="4"/>
  <agent start_id="175" goal_id="148"/>
  <agent start_id="181" goal_id="14"/>
  <agent start_id="173" goal_id="37"/>
  <agent start_id="96" goal_id="188"/>
  <agent start_id="11" goal_id="55"/>
  <agent start_id="119" goal_id="1"/>
  <agent start_id="89" goal_id="82"/>
  <agent start_id="49" goal_id="165"/>
  <agent start_id="2" goal_id="101"/>
  <agent start_id="71" goal_id="175"/>
  <agent start_id="106" goal_id="52"/>
  <agent start_id="149" goal_id="95"/>
  <agent start_id="178" goal_id="38"/>
  <agent start_id="27" goal_id="13"/>
  <agent start_id="193" goal_id="114"/>
</root>
