<?xml version="1.0" ?>
<root>
  <agent start_id="42" goal_id="117"/>
  <agent start_id="169" goal_id="41"/>
  <agent start_id="136" goal_id="174"/>
  <agent start_id="79" goal_id="170"/>
  <agent start_id="189" goal_id="191"/>
  <agent start_id="33" goal_id="116"/>
  <agent start_id="114" goal_id="11"/>
  <agent start_id="138" goal_id="81"/>
  <agent start_id="132" goal_id="110"/>
  <agent start_id="66" goal_id="187"/>
  <agent start_id="15" goal_id="19"/>
  <agent start_id="144" goal_id="74"/>
  <agent start_id="125" goal_id="169"/>
  <agent start_id="146" goal_id="22"/>
  <agent start_id="73" goal_id="4"/>
  <agent start_id="185" goal_id="86"/>
  <agent start_id="84" goal_id="108"/>
  <agent start_id="96" goal_id="89"/>
  <agent start_id="160" goal_id="130"/>
  <agent start_id="88" goal_id="123"/>
  <agent start_id="5" goal_id="120"/>
  <agent start_id="155" goal_id="122"/>
  <agent start_id="101" goal_id="149"/>
  <agent start_id="20" goal_id="100"/>
  <agent start_id="184" goal_id="173"/>
  <agent start_id="145" goal_id="135"/>
  <agent start_id="6" goal_id="180"/>
  <agent start_id="90" goal_id="163"/>
  <agent start_id="188" goal_id="168"/>
  <agent start_id="165" goal_id="55"/>
  <agent start_id="53" goal_id="162"/>
  <agent start_id="175" goal_id="151"/>
  <agent start_id="9" goal_id="137"/>
  <agent start_id="74" goal_id="132"/>
  <agent start_id="29" goal_id="71"/>
  <agent start_id="26" goal_id="77"/>
  <agent start_id="63" goal_id="119"/>
  <agent start_id="129" goal_id="28"/>
  <agent start_id="47" goal_id="69"/>
  <agent start_id="109" goal_id="3"/>
  <agent start_id="158" goal_id="199"/>
  <agent start_id="181" goal_id="145"/>
  <agent start_id="50" goal_id="18"/>
  <agent start_id="3" goal_id="21"/>
  <agent start_id="32" goal_id="114"/>
  <agent start_id="95" goal_id="1"/>
  <agent start_id="150" goal_id="160"/>
  <agent start_id="111" goal_id="51"/>
  <agent start_id="179" goal_id="85"/>
  <agent start_id="70" goal_id="141"/>
</root>
