<?xml version="1.0" ?>
<root>
  <agent start_id="64" goal_id="12"/>
  <agent start_id="48" goal_id="194"/>
  <agent start_id="34" goal_id="19"/>
  <agent start_id="192" goal_id="58"/>
  <agent start_id="181" goal_id="127"/>
  <agent start_id="195" goal_id="128"/>
  <agent start_id="19" goal_id="102"/>
  <agent start_id="55" goal_id="144"/>
  <agent start_id="103" goal_id="74"/>
  <agent start_id="91" goal_id="156"/>
  <agent start_id="187" goal_id="6"/>
  <agent start_id="38" goal_id="120"/>
  <agent start_id="136" goal_id="171"/>
  <agent start_id="112" goal_id="130"/>
  <agent start_id="175" goal_id="183"/>
  <agent start_id="138" goal_id="106"/>
  <agent start_id="178" goal_id="108"/>
  <agent start_id="10" goal_id="181"/>
  <agent start_id="98" goal_id="2"/>
  <agent start_id="193" goal_id="145"/>
  <agent start_id="74" goal_id="149"/>
  <agent start_id="172" goal_id="34"/>
  <agent start_id="160" goal_id="97"/>
  <agent start_id="168" goal_id="66"/>
  <agent start_id="177" goal_id="124"/>
  <agent start_id="102" goal_id="186"/>
  <agent start_id="69" goal_id="7"/>
  <agent start_id="173" goal_id="198"/>
  <agent start_id="45" goal_id="51"/>
  <agent start_id="8" goal_id="158"/>
  <agent start_id="42" goal_id="119"/>
  <agent start_id="144" goal_id="85"/>
  <agent start_id="135" goal_id="64"/>
  <agent start_id="79" goal_id="141"/>
  <agent start_id="20" goal_id="139"/>
  <agent start_id="62" goal_id="4"/>
  <agent start_id="35" goal_id="125"/>
  <agent start_id="88" goal_id="191"/>
  <agent start_id="129" goal_id="56"/>
  <agent start_id="89" goal_id="43"/>
  <agent start_id="121" goal_id="96"/>
  <agent start_id="67" goal_id="33"/>
  <agent start_id="6" goal_id="87"/>
  <agent start_id="43" goal_id="98"/>
  <agent start_id="185" goal_id="80"/>
  <agent start_id="148" goal_id="169"/>
  <agent start_id="73" goal_id="9"/>
  <agent start_id="197" goal_id="71"/>
  <agent start_id="71" goal_id="27"/>
  <agent start_id="183" goal_id="40"/>
</root>
