<?xml version="1.0" ?>
<root>
  <agent start_id="150" goal_id="140"/>
  <agent start_id="37" goal_id="156"/>
  <agent start_id="69" goal_id="48"/>
  <agent start_id="162" goal_id="17"/>
  <agent start_id="3" goal_id="133"/>
  <agent start_id="99" goal_id="75"/>
  <agent start_id="169" goal_id="6"/>
  <agent start_id="154" goal_id="179"/>
  <agent start_id="122" goal_id="135"/>
  <agent start_id="120" goal_id="131"/>
  <agent start_id="27" goal_id="116"/>
  <agent start_id="72" goal_id="72"/>
  <agent start_id="39" goal_id="10"/>
  <agent start_id="84" goal_id="181"/>
  <agent start_id="118" goal_id="56"/>
  <agent start_id="57" goal_id="82"/>
  <agent start_id="153" goal_id="74"/>
  <agent start_id="187" goal_id="154"/>
  <agent start_id="59" goal_id="37"/>
  <agent start_id="100" goal_id="93"/>
  <agent start_id="78" goal_id="77"/>
  <agent start_id="151" goal_id="152"/>
  <agent start_id="26" goal_id="9"/>
  <agent start_id="18" goal_id="30"/>
  <agent start_id="182" goal_id="198"/>
  <agent start_id="161" goal_id="4"/>
  <agent start_id="53" goal_id="157"/>
  <agent start_id="159" goal_id="61"/>
  <agent start_id="32" goal_id="59"/>
  <agent start_id="13" goal_id="183"/>
  <agent start_id="156" goal_id="119"/>
  <agent start_id="199" goal_id="68"/>
  <agent start_id="125" goal_id="144"/>
  <agent start_id="128" goal_id="66"/>
  <agent start_id="148" goal_id="127"/>
  <agent start_id="22" goal_id="29"/>
  <agent start_id="136" goal_id="148"/>
  <agent start_id="123" goal_id="126"/>
  <agent start_id="178" goal_id="112"/>
  <agent start_id="46" goal_id="124"/>
  <agent start_id="62" goal_id="34"/>
  <agent start_id="92" goal_id="118"/>
  <agent start_id="73" goal_id="122"/>
  <agent start_id="114" goal_id="98"/>
  <agent start_id="47" goal_id="44"/>
  <agent start_id="194" goal_id="169"/>
  <agent start_id="167" goal_id="99"/>
  <agent start_id="101" goal_id="192"/>
  <agent start_id="189" goal_id="186"/>
  <agent start_id="21" goal_id="110"/>
</root>
