<?xml version="1.0" ?>
<root>
  <agent start_id="14" goal_id="47"/>
  <agent start_id="106" goal_id="156"/>
  <agent start_id="165" goal_id="170"/>
  <agent start_id="85" goal_id="3"/>
  <agent start_id="55" goal_id="97"/>
  <agent start_id="110" goal_id="85"/>
  <agent start_id="17" goal_id="188"/>
  <agent start_id="83" goal_id="101"/>
  <agent start_id="35" goal_id="134"/>
  <agent start_id="119" goal_id="88"/>
  <agent start_id="190" goal_id="161"/>
  <agent start_id="69" goal_id="99"/>
  <agent start_id="23" goal_id="196"/>
  <agent start_id="127" goal_id="11"/>
  <agent start_id="157" goal_id="105"/>
  <agent start_id="91" goal_id="111"/>
  <agent start_id="136" goal_id="150"/>
  <agent start_id="104" goal_id="194"/>
  <agent start_id="130" goal_id="59"/>
  <agent start_id="67" goal_id="167"/>
  <agent start_id="170" goal_id="128"/>
  <agent start_id="25" goal_id="115"/>
  <agent start_id="152" goal_id="119"/>
  <agent start_id="158" goal_id="92"/>
  <agent start_id="6" goal_id="71"/>
  <agent start_id="24" goal_id="43"/>
  <agent start_id="197" goal_id="16"/>
  <agent start_id="126" goal_id="173"/>
  <agent start_id="73" goal_id="67"/>
  <agent start_id="193" goal_id="60"/>
  <agent start_id="8" goal_id="81"/>
  <agent start_id="19" goal_id="145"/>
  <agent start_id="140" goal_id="30"/>
  <agent start_id="78" goal_id="192"/>
  <agent start_id="115" goal_id="151"/>
  <agent start_id="123" goal_id="130"/>
  <agent start_id="1" goal_id="8"/>
  <agent start_id="59" goal_id="127"/>
  <agent start_id="41" goal_id="185"/>
  <agent start_id="117" goal_id="79"/>
  <agent start_id="169" goal_id="56"/>
  <agent start_id="168" goal_id="180"/>
  <agent start_id="179" goal_id="89"/>
  <agent start_id="171" goal_id="183"/>
  <agent start_id="176" goal_id="52"/>
  <agent start_id="12" goal_id="184"/>
  <agent start_id="151" goal_id="169"/>
  <agent start_id="112" goal_id="0"/>
  <agent start_id="56" goal_id="57"/>
  <agent start_id="134" goal_id="42"/>
</root>
