<?xml version="1.0" ?>
<root>
  <agent start_id="75" goal_id="137"/>
  <agent start_id="95" goal_id="122"/>
  <agent start_id="15" goal_id="124"/>
  <agent start_id="140" goal_id="135"/>
  <agent start_id="87" goal_id="18"/>
  <agent start_id="69" goal_id="3"/>
  <agent start_id="113" goal_id="79"/>
  <agent start_id="12" goal_id="88"/>
  <agent start_id="92" goal_id="40"/>
  <agent start_id="180" goal_id="136"/>
  <agent start_id="28" goal_id="10"/>
  <agent start_id="141" goal_id="1"/>
  <agent start_id="101" goal_id="92"/>
  <agent start_id="31" goal_id="133"/>
  <agent start_id="97" goal_id="196"/>
  <agent start_id="190" goal_id="107"/>
  <agent start_id="183" goal_id="96"/>
  <agent start_id="161" goal_id="13"/>
  <agent start_id="3" goal_id="187"/>
  <agent start_id="71" goal_id="195"/>
  <agent start_id="168" goal_id="80"/>
  <agent start_id="34" goal_id="149"/>
  <agent start_id="166" goal_id="159"/>
  <agent start_id="155" goal_id="109"/>
  <agent start_id="36" goal_id="44"/>
  <agent start_id="144" goal_id="106"/>
  <agent start_id="17" goal_id="115"/>
  <agent start_id="30" goal_id="144"/>
  <agent start_id="0" goal_id="98"/>
  <agent start_id="186" goal_id="60"/>
  <agent start_id="136" goal_id="138"/>
  <agent start_id="125" goal_id="26"/>
  <agent start_id="152" goal_id="82"/>
  <agent start_id="9" goal_id="73"/>
  <agent start_id="82" goal_id="20"/>
  <agent start_id="195" goal_id="155"/>
  <agent start_id="198" goal_id="150"/>
  <agent start_id="6" goal_id="5"/>
  <agent start_id="145" goal_id="33"/>
  <agent start_id="80" goal_id="91"/>
  <agent start_id="112" goal_id="152"/>
  <agent start_id="84" goal_id="191"/>
  <agent start_id="29" goal_id="16"/>
  <agent start_id="25" goal_id="22"/>
  <agent start_id="185" goal_id="117"/>
  <agent start_id="50" goal_id="103"/>
  <agent start_id="110" goal_id="174"/>
  <agent start_id="108" goal_id="160"/>
  <agent start_id="138" goal_id="170"/>
  <agent start_id="162" goal_id="75"/>
</root>
