<?xml version="1.0" ?>
<root>
  <agent start_id="166" goal_id="28"/>
  <agent start_id="180" goal_id="170"/>
  <agent start_id="160" goal_id="0"/>
  <agent start_id="153" goal_id="81"/>
  <agent start_id="84" goal_id="139"/>
  <agent start_id="125" goal_id="58"/>
  <agent start_id="15" goal_id="73"/>
  <agent start_id="61" goal_id="142"/>
  <agent start_id="109" goal_id="30"/>
  <agent start_id="107" goal_id="61"/>
  <agent start_id="28" goal_id="128"/>
  <agent start_id="0" goal_id="106"/>
  <agent start_id="119" goal_id="121"/>
  <agent start_id="192" goal_id="119"/>
  <agent start_id="7" goal_id="24"/>
  <agent start_id="182" goal_id="98"/>
  <agent start_id="18" goal_id="189"/>
  <agent start_id="36" goal_id="193"/>
  <agent start_id="130" goal_id="134"/>
  <agent start_id="188" goal_id="97"/>
  <agent start_id="81" goal_id="182"/>
  <agent start_id="100" goal_id="25"/>
  <agent start_id="136" goal_id="48"/>
  <agent start_id="194" goal_id="109"/>
  <agent start_id="54" goal_id="6"/>
  <agent start_id="124" goal_id="77"/>
  <agent start_id="187" goal_id="19"/>
  <agent start_id="161" goal_id="64"/>
  <agent start_id="32" goal_id="26"/>
  <agent start_id="3" goal_id="74"/>
  <agent start_id="132" goal_id="108"/>
  <agent start_id="143" goal_id="59"/>
  <agent start_id="35" goal_id="176"/>
  <agent start_id="121" goal_id="184"/>
  <agent start_id="91" goal_id="4"/>
  <agent start_id="184" goal_id="126"/>
  <agent start_id="6" goal_id="9"/>
  <agent start_id="49" goal_id="67"/>
  <agent start_id="115" goal_id="91"/>
  <agent start_id="67" goal_id="93"/>
  <agent start_id="198" goal_id="70"/>
  <agent start_id="45" goal_id="157"/>
  <agent start_id="11" goal_id="146"/>
  <agent start_id="172" goal_id="33"/>
  <agent start_id="43" goal_id="42"/>
  <agent start_id="117" goal_id="100"/>
  <agent start_id="94" goal_id="38"/>
  <agent start_id="5" goal_id="168"/>
  <agent start_id="158" goal_id="90"/>
  <agent start_id="111" goal_id="111"/>
</root>
