<?xml version="1.0" ?>
<root>
  <agent start_id="82" goal_id="35"/>
  <agent start_id="35" goal_id="105"/>
  <agent start_id="198" goal_id="30"/>
  <agent start_id="71" goal_id="114"/>
  <agent start_id="86" goal_id="179"/>
  <agent start_id="177" goal_id="187"/>
  <agent start_id="25" goal_id="113"/>
  <agent start_id="56" goal_id="69"/>
  <agent start_id="153" goal_id="136"/>
  <agent start_id="37" goal_id="133"/>
  <agent start_id="97" goal_id="149"/>
  <agent start_id="113" goal_id="76"/>
  <agent start_id="169" goal_id="5"/>
  <agent start_id="187" goal_id="57"/>
  <agent start_id="101" goal_id="91"/>
  <agent start_id="23" goal_id="53"/>
  <agent start_id="132" goal_id="66"/>
  <agent start_id="49" goal_id="71"/>
  <agent start_id="160" goal_id="37"/>
  <agent start_id="188" goal_id="152"/>
  <agent start_id="159" goal_id="101"/>
  <agent start_id="57" goal_id="155"/>
  <agent start_id="118" goal_id="94"/>
  <agent start_id="185" goal_id="26"/>
  <agent start_id="95" goal_id="29"/>
  <agent start_id="104" goal_id="192"/>
  <agent start_id="129" goal_id="87"/>
  <agent start_id="89" goal_id="161"/>
  <agent start_id="44" goal_id="131"/>
  <agent start_id="30" goal_id="38"/>
  <agent start_id="151" goal_id="21"/>
  <agent start_id="69" goal_id="88"/>
  <agent start_id="64" goal_id="92"/>
  <agent start_id="142" goal_id="44"/>
  <agent start_id="46" goal_id="135"/>
  <agent start_id="155" goal_id="49"/>
  <agent start_id="192" goal_id="90"/>
  <agent start_id="8" goal_id="117"/>
  <agent start_id="124" goal_id="27"/>
  <agent start_id="158" goal_id="180"/>
  <agent start_id="40" goal_id="178"/>
  <agent start_id="73" goal_id="170"/>
  <agent start_id="107" goal_id="63"/>
  <agent start_id="12" goal_id="17"/>
  <agent start_id="80" goal_id="176"/>
  <agent start_id="195" goal_id="166"/>
  <agent start_id="16" goal_id="164"/>
  <agent start_id="26" goal_id="199"/>
  <agent start_id="134" goal_id="62"/>
  <agent start_id="55" goal_id="102"/>
</root>
