<?xml version="1.0" ?>
<root>
  <agent start_id="115" goal_id="131"/>
  <agent start_id="13" goal_id="1"/>
  <agent start_id="177" goal_id="119"/>
  <agent start_id="149" goal_id="175"/>
  <agent start_id="165" goal_id="160"/>
  <agent start_id="136" goal_id="138"/>
  <agent start_id="128" goal_id="0"/>
  <agent start_id="0" goal_id="135"/>
  <agent start_id="59" goal_id="31"/>
  <agent start_id="2" goal_id="133"/>
  <agent start_id="87" goal_id="47"/>
  <agent start_id="7" goal_id="49"/>
  <agent start_id="81" goal_id="185"/>
  <agent start_id="157" goal_id="108"/>
  <agent start_id="103" goal_id="196"/>
  <agent start_id="25" goal_id="18"/>
  <agent start_id="112" goal_id="36"/>
  <agent start_id="93" goal_id="186"/>
  <agent start_id="20" goal_id="55"/>
  <agent start_id="78" goal_id="83"/>
  <agent start_id="187" goal_id="139"/>
  <agent start_id="181" goal_id="195"/>
  <agent start_id="11" goal_id="188"/>
  <agent start_id="143" goal_id="59"/>
  <agent start_id="27" goal_id="152"/>
  <agent start_id="96" goal_id="35"/>
  <agent start_id="15" goal_id="158"/>
  <agent start_id="146" goal_id="146"/>
  <agent start_id="8" goal_id="178"/>
  <agent start_id="22" goal_id="72"/>
  <agent start_id="62" goal_id="17"/>
  <agent start_id="121" goal_id="157"/>
  <agent start_id="171" goal_id="32"/>
  <agent start_id="127" goal_id="33"/>
  <agent start_id="79" goal_id="2"/>
  <agent start_id="163" goal_id="12"/>
  <agent start_id="39" goal_id="162"/>
  <agent start_id="63" goal_id="45"/>
  <agent start_id="119" goal_id="21"/>
  <agent start_id="5" goal_id="122"/>
  <agent start_id="176" goal_id="194"/>
  <agent start_id="182" goal_id="85"/>
  <agent start_id="53" goal_id="105"/>
  <agent start_id="105" goal_id="37"/>
  <agent start_id="44" goal_id="14"/>
  <agent start_id="196" goal_id="77"/>
  <agent start_id="156" goal_id="74"/>
  <agent start_id="199" goal_id="20"/>
  <agent start_id="167" goal_id="90"/>
  <agent start_id="33" goal_id="46"/>
</root>
