<?xml version="1.0" ?>
<root>
  <agent start_id="133" goal_id="148"/>
  <agent start_id="178" goal_id="105"/>
  <agent start_id="95" goal_id="103"/>
  <agent start_id="196" goal_id="71"/>
  <agent start_id="92" goal_id="178"/>
  <agent start_id="128" goal_id="94"/>
  <agent start_id="141" goal_id="117"/>
  <agent start_id="80" goal_id="5"/>
  <agent start_id="55" goal_id="140"/>
  <agent start_id="112" goal_id="154"/>
  <agent start_id="90" goal_id="109"/>
  <agent start_id="111" goal_id="190"/>
  <agent start_id="56" goal_id="170"/>
  <agent start_id="1" goal_id="134"/>
  <agent start_id="167" goal_id="95"/>
  <agent start_id="170" goal_id="68"/>
  <agent start_id="76" goal_id="182"/>
  <agent start_id="60" goal_id="137"/>
  <agent start_id="164" goal_id="51"/>
  <agent start_id="148" goal_id="41"/>
  <agent start_id="106" goal_id="14"/>
  <agent start_id="137" goal_id="174"/>
  <agent start_id="19" goal_id="101"/>
  <agent start_id="113" goal_id="26"/>
  <agent start_id="130" goal_id="81"/>
  <agent start_id="143" goal_id="152"/>
  <agent start_id="131" goal_id="180"/>
  <agent start_id="29" goal_id="157"/>
  <agent start_id="182" goal_id="151"/>
  <agent start_id="66" goal_id="99"/>
  <agent start_id="93" goal_id="45"/>
  <agent start_id="140" goal_id="79"/>
  <agent start_id="54" goal_id="169"/>
  <agent start_id="190" goal_id="173"/>
  <agent start_id="102" goal_id="22"/>
  <agent start_id="114" goal_id="187"/>
  <agent start_id="7" goal_id="60"/>
  <agent start_id="31" goal_id="69"/>
  <agent start_id="62" goal_id="179"/>
  <agent start_id="180" goal_id="116"/>
  <agent start_id="156" goal_id="188"/>
  <agent start_id="139" goal_id="10"/>
  <agent start_id="125" goal_id="59"/>
  <agent start_id="109" goal_id="76"/>
  <agent start_id="36" goal_id="88"/>
  <agent start_id="49" goal_id="17"/>
  <agent start_id="50" goal_id="107"/>
  <agent start_id="24" goal_id="168"/>
  <agent start_id="123" goal_id="13"/>
  <agent start_id="64" goal_id="55"/>
</root>
