<?xml version="1.0" ?>
<root>
  <agent start_id="27" goal_id="53"/>
  <agent start_id="0" goal_id="70"/>
  <agent start_id="31" goal_id="31"/>
  <agent start_id="100" goal_id="126"/>
  <agent start_id="122" goal_id="123"/>
  <agent start_id="77" goal_id="10"/>
  <agent start_id="129" goal_id="67"/>
  <agent start_id="187" goal_id="136"/>
  <agent start_id="131" goal_id="159"/>
  <agent start_id="41" goal_id="91"/>
  <agent start_id="38" goal_id="162"/>
  <agent start_id="168" goal_id="45"/>
  <agent start_id="113" goal_id="18"/>
  <agent start_id="42" goal_id="48"/>
  <agent start_id="188" goal_id="66"/>
  <agent start_id="99" goal_id="3"/>
  <agent start_id="148" goal_id="189"/>
  <agent start_id="36" goal_id="169"/>
  <agent start_id="135" goal_id="166"/>
  <agent start_id="134" goal_id="6"/>
  <agent start_id="190" goal_id="150"/>
  <agent start_id="30" goal_id="81"/>
  <agent start_id="107" goal_id="21"/>
  <agent start_id="142" goal_id="183"/>
  <agent start_id="21" goal_id="108"/>
  <agent start_id="197" goal_id="75"/>
  <agent start_id="49" goal_id="34"/>
  <agent start_id="102" goal_id="115"/>
  <agent start_id="103" goal_id="176"/>
  <agent start_id="45" goal_id="74"/>
  <agent start_id="171" goal_id="139"/>
  <agent start_id="105" goal_id="100"/>
  <agent start_id="137" goal_id="106"/>
  <agent start_id="173" goal_id="192"/>
  <agent start_id="101" goal_id="39"/>
  <agent start_id="85" goal_id="60"/>
  <agent start_id="3" goal_id="132"/>
  <agent start_id="195" goal_id="185"/>
  <agent start_id="172" goal_id="112"/>
  <agent start_id="140" goal_id="84"/>
  <agent start_id="192" goal_id="195"/>
  <agent start_id="109" goal_id="83"/>
  <agent start_id="136" goal_id="157"/>
  <agent start_id="74" goal_id="178"/>
  <agent start_id="180" goal_id="71"/>
  <agent start_id="71" goal_id="179"/>
  <agent start_id="56" goal_id="173"/>
  <agent start_id="70" goal_id="58"/>
  <agent start_id="155" goal_id="8"/>
  <agent start_id="175" goal_id="147"/>
</root>
