<?xml version="1.0" ?>
<root>
  <agent start_id="28" goal_id="196"/>
  <agent start_id="164" goal_id="47"/>
  <agent start_id="105" goal_id="29"/>
  <agent start_id="137" goal_id="140"/>
  <agent start_id="46" goal_id="24"/>
  <agent start_id="86" goal_id="105"/>
  <agent start_id="79" goal_id="151"/>
  <agent start_id="18" goal_id="66"/>
  <agent start_id="3" goal_id="171"/>
  <agent start_id="144" goal_id="0"/>
  <agent start_id="138" goal_id="149"/>
  <agent start_id="170" goal_id="183"/>
  <agent start_id="92" goal_id="84"/>
  <agent start_id="81" goal_id="95"/>
  <agent start_id="107" goal_id="5"/>
  <agent start_id="182" goal_id="101"/>
  <agent start_id="163" goal_id="163"/>
  <agent start_id="43" goal_id="174"/>
  <agent start_id="128" goal_id="114"/>
  <agent start_id="88" goal_id="88"/>
  <agent start_id="175" goal_id="32"/>
  <agent start_id="114" goal_id="158"/>
  <agent start_id="75" goal_id="109"/>
  <agent start_id="38" goal_id="77"/>
  <agent start_id="55" goal_id="55"/>
  <agent start_id="23" goal_id="79"/>
  <agent start_id="100" goal_id="132"/>
  <agent start_id="31" goal_id="97"/>
  <agent start_id="20" goal_id="7"/>
  <agent start_id="110" goal_id="164"/>
  <agent start_id="123" goal_id="128"/>
  <agent start_id="119" goal_id="69"/>
  <agent start_id="149" goal_id="57"/>
  <agent start_id="172" goal_id="80"/>
  <agent start_id="96" goal_id="184"/>
  <agent start_id="1" goal_id="195"/>
  <agent start_id="74" goal_id="130"/>
  <agent start_id="142" goal_id="198"/>
  <agent start_id="140" goal_id="144"/>
  <agent start_id="34" goal_id="103"/>
  <agent start_id="133" goal_id="92"/>
  <agent start_id="181" goal_id="173"/>
  <agent start_id="49" goal_id="178"/>
  <agent start_id="159" goal_id="68"/>
  <agent start_id="8" goal_id="16"/>
  <agent start_id="9" goal_id="117"/>
  <agent start_id="64" goal_id="176"/>
  <agent start_id="190" goal_id="142"/>
  <agent start_id="155" goal_id="28"/>
  <agent start_id="57" goal_id="50"/>
</root>
