<?xml version="1.0" ?>
<root>
  <agent start_id="116" goal_id="39"/>
  <agent start_id="28" goal_id="89"/>
  <agent start_id="11" goal_id="29"/>
  <agent start_id="3" goal_id="199"/>
  <agent start_id="9" goal_id="52"/>
  <agent start_id="91" goal_id="63"/>
  <agent start_id="78" goal_id="142"/>
  <agent start_id="101" goal_id="132"/>
  <agent start_id="10" goal_id="155"/>
  <agent start_id="113" goal_id="55"/>
  <agent start_id="90" goal_id="70"/>
  <agent start_id="184" goal_id="37"/>
  <agent start_id="23" goal_id="190"/>
  <agent start_id="176" goal_id="77"/>
  <agent start_id="62" goal_id="183"/>
  <agent start_id="83" goal_id="48"/>
  <agent start_id="32" goal_id="197"/>
  <agent start_id="154" goal_id="41"/>
  <agent start_id="80" goal_id="189"/>
  <agent start_id="131" goal_id="57"/>
  <agent start_id="33" goal_id="24"/>
  <agent start_id="141" goal_id="184"/>
  <agent start_id="16" goal_id="134"/>
  <agent start_id="170" goal_id="196"/>
  <agent start_id="153" goal_id="114"/>
  <agent start_id="103" goal_id="21"/>
  <agent start_id="77" goal_id="137"/>
  <agent start_id="129" goal_id="51"/>
  <agent start_id="26" goal_id="88"/>
  <agent start_id="60" goal_id="167"/>
  <agent start_id="164" goal_id="139"/>
  <agent start_id="124" goal_id="65"/>
  <agent start_id="108" goal_id="118"/>
  <agent start_id="120" goal_id="8"/>
  <agent start_id="155" goal_id="80"/>
  <agent start_id="72" goal_id="91"/>
  <agent start_id="53" goal_id="176"/>
  <agent start_id="142" goal_id="110"/>
  <agent start_id="105" goal_id="153"/>
  <agent start_id="45" goal_id="177"/>
  <agent start_id="144" goal_id="105"/>
  <agent start_id="1" goal_id="64"/>
  <agent start_id="66" goal_id="102"/>
  <agent start_id="70" goal_id="46"/>
  <agent start_id="191" goal_id="163"/>
  <agent start_id="67" goal_id="186"/>
  <agent start_id="166" goal_id="5"/>
  <agent start_id="93" goal_id="117"/>
  <agent start_id="55" goal_id="115"/>
  <agent start_id="75" goal_id="33"/>
</root>
