<?xml version="1.0" ?>
<root>
  <agent start_id="99" goal_id="71"/>
  <agent start_id="17" goal_id="47"/>
  <agent start_id="161" goal_id="33"/>
  <agent start_id="111" goal_id="154"/>
  <agent start_id="129" goal_id="176"/>
  <agent start_id="142" goal_id="76"/>
  <agent start_id="39" goal_id="50"/>
  <agent start_id="183" goal_id="45"/>
  <agent start_id="127" goal_id="98"/>
  <agent start_id="13" goal_id="23"/>
  <agent start_id="49" goal_id="138"/>
  <agent start_id="192" goal_id="168"/>
  <agent start_id="110" goal_id="2"/>
  <agent start_id="61" goal_id="151"/>
  <agent start_id="76" goal_id="6"/>
  <agent start_id="64" goal_id="96"/>
  <agent start_id="11" goal_id="89"/>
  <agent start_id="40" goal_id="27"/>
  <agent start_id="143" goal_id="55"/>
  <agent start_id="79" goal_id="131"/>
  <agent start_id="186" goal_id="105"/>
  <agent start_id="166" goal_id="58"/>
  <agent start_id="139" goal_id="26"/>
  <agent start_id="193" goal_id="17"/>
  <agent start_id="6" goal_id="173"/>
  <agent start_id="72" goal_id="185"/>
  <agent start_id="103" goal_id="88"/>
  <agent start_id="190" goal_id="136"/>
  <agent start_id="171" goal_id="64"/>
  <agent start_id="98" goal_id="196"/>
  <agent start_id="188" goal_id="40"/>
  <agent start_id="27" goal_id="4"/>
  <agent start_id="141" goal_id="38"/>
  <agent start_id="35" goal_id="95"/>
  <agent start_id="144" goal_id="5"/>
  <agent start_id="120" goal_id="122"/>
  <agent start_id="138" goal_id="190"/>
  <agent start_id="94" goal_id="82"/>
  <agent start_id="5" goal_id="0"/>
  <agent start_id="10" goal_id="52"/>
  <agent start_id="34" goal_id="124"/>
  <agent start_id="173" goal_id="10"/>
  <agent start_id="88" goal_id="7"/>
  <agent start_id="71" goal_id="167"/>
  <agent start_id="174" goal_id="164"/>
  <agent start_id="157" goal_id="103"/>
  <agent start_id="67" goal_id="67"/>
  <agent start_id="165" goal_id="79"/>
  <agent start_id="65" goal_id="29"/>
  <agent start_id="123" goal_id="150"/>
</root>
