<?xml version="1.0" ?>
<root>
  <agent start_id="118" goal_id="164"/>
  <agent start_id="74" goal_id="139"/>
  <agent start_id="143" goal_id="120"/>
  <agent start_id="108" goal_id="54"/>
  <agent start_id="72" goal_id="60"/>
  <agent start_id="134" goal_id="135"/>
  <agent start_id="32" goal_id="7"/>
  <agent start_id="46" goal_id="132"/>
  <agent start_id="23" goal_id="130"/>
  <agent start_id="114" goal_id="134"/>
  <agent start_id="87" goal_id="125"/>
  <agent start_id="30" goal_id="20"/>
  <agent start_id="140" goal_id="96"/>
  <agent start_id="82" goal_id="26"/>
  <agent start_id="175" goal_id="27"/>
  <agent start_id="170" goal_id="33"/>
  <agent start_id="141" goal_id="157"/>
  <agent start_id="25" goal_id="5"/>
  <agent start_id="195" goal_id="191"/>
  <agent start_id="151" goal_id="2"/>
  <agent start_id="97" goal_id="102"/>
  <agent start_id="86" goal_id="86"/>
  <agent start_id="14" goal_id="19"/>
  <agent start_id="59" goal_id="16"/>
  <agent start_id="1" goal_id="84"/>
  <agent start_id="38" goal_id="122"/>
  <agent start_id="60" goal_id="118"/>
  <agent start_id="116" goal_id="184"/>
  <agent start_id="3" goal_id="181"/>
  <agent start_id="147" goal_id="141"/>
  <agent start_id="185" goal_id="140"/>
  <agent start_id="164" goal_id="108"/>
  <agent start_id="84" goal_id="29"/>
  <agent start_id="45" goal_id="30"/>
  <agent start_id="7" goal_id="177"/>
  <agent start_id="85" goal_id="52"/>
  <agent start_id="199" goal_id="21"/>
  <agent start_id="75" goal_id="64"/>
  <agent start_id="76" goal_id="49"/>
  <agent start_id="18" goal_id="92"/>
  <agent start_id="13" goal_id="42"/>
  <agent start_id="146" goal_id="174"/>
  <agent start_id="42" goal_id="87"/>
  <agent start_id="193" goal_id="68"/>
  <agent start_id="22" goal_id="71"/>
  <agent start_id="51" goal_id="95"/>
  <agent start_id="91" goal_id="137"/>
  <agent start_id="11" goal_id="32"/>
  <agent start_id="152" goal_id="151"/>
  <agent start_id="173" goal_id="170"/>
</root>
