<?xml version="1.0" ?>
<root>
  <agent start_id="137" goal_id="140"/>
  <agent start_id="24" goal_id="55"/>
  <agent start_id="48" goal_id="77"/>
  <agent start_id="73" goal_id="186"/>
  <agent start_id="45" goal_id="139"/>
  <agent start_id="91" goal_id="11"/>
  <agent start_id="172" goal_id="134"/>
  <agent start_id="83" goal_id="42"/>
  <agent start_id="136" goal_id="48"/>
  <agent start_id="80" goal_id="74"/>
  <agent start_id="33" goal_id="5"/>
  <agent start_id="81" goal_id="148"/>
  <agent start_id="190" goal_id="52"/>
  <agent start_id="157" goal_id="177"/>
  <agent start_id="170" goal_id="57"/>
  <agent start_id="169" goal_id="195"/>
  <agent start_id="68" goal_id="45"/>
  <agent start_id="40" goal_id="143"/>
  <agent start_id="75" goal_id="33"/>
  <agent start_id="130" goal_id="100"/>
  <agent start_id="193" goal_id="30"/>
  <agent start_id="168" goal_id="39"/>
  <agent start_id="99" goal_id="96"/>
  <agent start_id="4" goal_id="157"/>
  <agent start_id="100" goal_id="194"/>
  <agent start_id="31" goal_id="152"/>
  <agent start_id="177" goal_id="94"/>
  <agent start_id="187" goal_id="15"/>
  <agent start_id="63" goal_id="193"/>
  <agent start_id="41" goal_id="103"/>
  <agent start_id="134" goal_id="54"/>
  <agent start_id="8" goal_id="153"/>
  <agent start_id="28" goal_id="175"/>
  <agent start_id="152" goal_id="107"/>
  <agent start_id="97" goal_id="29"/>
  <agent start_id="94" goal_id="163"/>
  <agent start_id="109" goal_id="161"/>
  <agent start_id="114" goal_id="121"/>
  <agent start_id="165" goal_id="26"/>
  <agent start_id="184" goal_id="130"/>
  <agent start_id="64" goal_id="167"/>
  <agent start_id="181" goal_id="149"/>
  <agent start_id="5" goal_id="4"/>
  <agent start_id="57" goal_id="51"/>
  <agent start_id="198" goal_id="129"/>
  <agent start_id="138" goal_id="38"/>
  <agent start_id="1" goal_id="176"/>
  <agent start_id="113" goal_id="21"/>
  <agent start_id="161" goal_id="108"/>
  <agent start_id="188" goal_id="179"/>
</root>
