<?xml version="1.0" ?>
<root>
  <agent start_id="103" goal_id="120"/>
  <agent start_id="56" goal_id="150"/>
  <agent start_id="156" goal_id="17"/>
  <agent start_id="198" goal_id="188"/>
  <agent start_id="48" goal_id="198"/>
  <agent start_id="40" goal_id="62"/>
  <agent start_id="121" goal_id="118"/>
  <agent start_id="185" goal_id="83"/>
  <agent start_id="167" goal_id="9"/>
  <agent start_id="12" goal_id="105"/>
  <agent start_id="24" goal_id="173"/>
  <agent start_id="191" goal_id="96"/>
  <agent start_id="19" goal_id="151"/>
  <agent start_id="41" goal_id="135"/>
  <agent start_id="113" goal_id="36"/>
  <agent start_id="50" goal_id="185"/>
  <agent start_id="78" goal_id="178"/>
  <agent start_id="122" goal_id="47"/>
  <agent start_id="97" goal_id="55"/>
  <agent start_id="31" goal_id="170"/>
  <agent start_id="66" goal_id="79"/>
  <agent start_id="199" goal_id="172"/>
  <agent start_id="88" goal_id="133"/>
  <agent start_id="15" goal_id="40"/>
  <agent start_id="183" goal_id="101"/>
  <agent start_id="145" goal_id="116"/>
  <agent start_id="138" goal_id="65"/>
  <agent start_id="179" goal_id="190"/>
  <agent start_id="46" goal_id="71"/>
  <agent start_id="143" goal_id="97"/>
  <agent start_id="62" goal_id="193"/>
  <agent start_id="136" goal_id="5"/>
  <agent start_id="165" goal_id="191"/>
  <agent start_id="150" goal_id="134"/>
  <agent start_id="92" goal_id="124"/>
  <agent start_id="59" goal_id="108"/>
  <agent start_id="152" goal_id="41"/>
  <agent start_id="2" goal_id="81"/>
  <agent start_id="54" goal_id="39"/>
  <agent start_id="90" goal_id="91"/>
  <agent start_id="96" goal_id="80"/>
  <agent start_id="27" goal_id="195"/>
  <agent start_id="57" goal_id="189"/>
  <agent start_id="17" goal_id="78"/>
  <agent start_id="170" goal_id="51"/>
  <agent start_id="125" goal_id="18"/>
  <agent start_id="53" goal_id="1"/>
  <agent start_id="106" goal_id="86"/>
  <agent start_id="49" goal_id="111"/>
  <agent start_id="16" goal_id="112"/>
</root>
