<?xml version="1.0" ?>
<root>
  <agent start_id="139" goal_id="2"/>
  <agent start_id="168" goal_id="191"/>
  <agent start_id="193" goal_id="43"/>
  <agent start_id="125" goal_id="189"/>
  <agent start_id="44" goal_id="196"/>
  <agent start_id="149" goal_id="78"/>
  <agent start_id="144" goal_id="149"/>
  <agent start_id="146" goal_id="96"/>
  <agent start_id="195" goal_id="28"/>
  <agent start_id="107" goal_id="89"/>
  <agent start_id="95" goal_id="97"/>
  <agent start_id="5" goal_id="10"/>
  <agent start_id="101" goal_id="187"/>
  <agent start_id="68" goal_id="123"/>
  <agent start_id="120" goal_id="70"/>
  <agent start_id="45" goal_id="24"/>
  <agent start_id="128" goal_id="118"/>
  <agent start_id="0" goal_id="159"/>
  <agent start_id="132" goal_id="31"/>
  <agent start_id="169" goal_id="92"/>
  <agent start_id="29" goal_id="194"/>
  <agent start_id="31" goal_id="104"/>
  <agent start_id="191" goal_id="63"/>
  <agent start_id="78" goal_id="68"/>
  <agent start_id="59" goal_id="152"/>
  <agent start_id="46" goal_id="132"/>
  <agent start_id="64" goal_id="165"/>
  <agent start_id="189" goal_id="139"/>
  <agent start_id="194" goal_id="60"/>
  <agent start_id="77" goal_id="37"/>
  <agent start_id="75" goal_id="120"/>
  <agent start_id="104" goal_id="33"/>
  <agent start_id="145" goal_id="146"/>
  <agent start_id="28" goal_id="55"/>
  <agent start_id="190" goal_id="21"/>
  <agent start_id="85" goal_id="170"/>
  <agent start_id="49" goal_id="90"/>
  <agent start_id="24" goal_id="74"/>
  <agent start_id="173" goal_id="20"/>
  <agent start_id="83" goal_id="107"/>
  <agent start_id="170" goal_id="198"/>
  <agent start_id="57" goal_id="57"/>
  <agent start_id="98" goal_id="85"/>
  <agent start_id="2" goal_id="188"/>
  <agent start_id="63" goal_id="108"/>
  <agent start_id="92" goal_id="99"/>
  <agent start_id="188" goal_id="5"/>
  <agent start_id="176" goal_id="4"/>
  <agent start_id="179" goal_id="41"/>
  <agent start_id="1" goal_id="67"/>
</root>
