<?xml version="1.0" ?>
<root>
  <agent start_id="154" goal_id="177"/>
  <agent start_id="163" goal_id="51"/>
  <agent start_id="112" goal_id="124"/>
  <agent start_id="50" goal_id="82"/>
  <agent start_id="115" goal_id="113"/>
  <agent start_id="45" goal_id="25"/>
  <agent start_id="158" goal_id="131"/>
  <agent start_id="104" goal_id="73"/>
  <agent start_id="199" goal_id="57"/>
  <agent start_id="107" goal_id="190"/>
  <agent start_id="167" goal_id="76"/>
  <agent start_id="127" goal_id="1"/>
  <agent start_id="7" goal_id="68"/>
  <agent start_id="183" goal_id="43"/>
  <agent start_id="88" goal_id="93"/>
  <agent start_id="37" goal_id="122"/>
  <agent start_id="81" goal_id="192"/>
  <agent start_id="149" goal_id="198"/>
  <agent start_id="180" goal_id="17"/>
  <agent start_id="114" goal_id="139"/>
  <agent start_id="98" goal_id="134"/>
  <agent start_id="0" goal_id="127"/>
  <agent start_id="194" goal_id="121"/>
  <agent start_id="30" goal_id="20"/>
  <agent start_id="187" goal_id="197"/>
  <agent start_id="189" goal_id="105"/>
  <agent start_id="28" goal_id="99"/>
  <agent start_id="47" goal_id="36"/>
  <agent start_id="111" goal_id="163"/>
  <agent start_id="152" goal_id="179"/>
  <agent start_id="140" goal_id="21"/>
  <agent start_id="192" goal_id="183"/>
  <agent start_id="196" goal_id="27"/>
  <agent start_id="23" goal_id="114"/>
  <agent start_id="198" goal_id="167"/>
  <agent start_id="156" goal_id="8"/>
  <agent start_id="90" goal_id="38"/>
  <agent start_id="35" goal_id="182"/>
  <agent start_id="53" goal_id="173"/>
  <agent start_id="21" goal_id="184"/>
  <agent start_id="110" goal_id="109"/>
  <agent start_id="144" goal_id="176"/>
  <agent start_id="32" goal_id="35"/>
  <agent start_id="97" goal_id="89"/>
  <agent start_id="79" goal_id="90"/>
  <agent start_id="9" goal_id="115"/>
  <agent start_id="100" goal_id="46"/>
  <agent start_id="69" goal_id="150"/>
  <agent start_id="26" goal_id="111"/>
  <agent start_id="14" goal_id="162"/>
</root>
