<?xml version="1.0" ?>
<root>
  <agent start_id="198" goal_id="138"/>
  <agent start_id="196" goal_id="124"/>
  <agent start_id="58" goal_id="71"/>
  <agent start_id="143" goal_id="9"/>
  <agent start_id="35" goal_id="5"/>
  <agent start_id="174" goal_id="144"/>
  <agent start_id="82" goal_id="74"/>
  <agent start_id="73" goal_id="86"/>
  <agent start_id="53" goal_id="183"/>
  <agent start_id="67" goal_id="83"/>
  <agent start_id="121" goal_id="79"/>
  <agent start_id="108" goal_id="96"/>
  <agent start_id="181" goal_id="128"/>
  <agent start_id="126" goal_id="178"/>
  <agent start_id="84" goal_id="24"/>
  <agent start_id="160" goal_id="28"/>
  <agent start_id="48" goal_id="165"/>
  <agent start_id="120" goal_id="51"/>
  <agent start_id="199" goal_id="46"/>
  <agent start_id="91" goal_id="152"/>
  <agent start_id="116" goal_id="173"/>
  <agent start_id="14" goal_id="54"/>
  <agent start_id="72" goal_id="143"/>
  <agent start_id="77" goal_id="149"/>
  <agent start_id="180" goal_id="107"/>
  <agent start_id="28" goal_id="10"/>
  <agent start_id="103" goal_id="153"/>
  <agent start_id="63" goal_id="140"/>
  <agent start_id="88" goal_id="68"/>
  <agent start_id="54" goal_id="30"/>
  <agent start_id="137" goal_id="127"/>
  <agent start_id="134" goal_id="27"/>
  <agent start_id="92" goal_id="15"/>
  <agent start_id="158" goal_id="172"/>
  <agent start_id="188" goal_id="186"/>
  <agent start_id="144" goal_id="174"/>
  <agent start_id="41" goal_id="176"/>
  <agent start_id="170" goal_id="6"/>
  <agent start_id="183" goal_id="93"/>
  <agent start_id="31" goal_id="114"/>
  <agent start_id="90" goal_id="4"/>
  <agent start_id="191" goal_id="12"/>
  <agent start_id="164" goal_id="111"/>
  <agent start_id="0" goal_id="39"/>
  <agent start_id="86" goal_id="45"/>
  <agent start_id="135" goal_id="48"/>
  <agent start_id="1" goal_id="190"/>
  <agent start_id="50" goal_id="95"/>
  <agent start_id="87" goal_id="36"/>
  <agent start_id="27" goal_id="43"/>
</root>
