<?xml version="1.0" ?>
<root>
  <agent start_id="113" goal_id="69"/>
  <agent start_id="36" goal_id="141"/>
  <agent start_id="131" goal_id="146"/>
  <agent start_id="11" goal_id="166"/>
  <agent start_id="51" goal_id="66"/>
  <agent start_id="166" goal_id="29"/>
  <agent start_id="193" goal_id="168"/>
  <agent start_id="181" goal_id="120"/>
  <agent start_id="170" goal_id="81"/>
  <agent start_id="15" goal_id="4"/>
  <agent start_id="180" goal_id="172"/>
  <agent start_id="114" goal_id="181"/>
  <agent start_id="176" goal_id="170"/>
  <agent start_id="67" goal_id="73"/>
  <agent start_id="75" goal_id="142"/>
  <agent start_id="65" goal_id="76"/>
  <agent start_id="104" goal_id="157"/>
  <agent start_id="35" goal_id="152"/>
  <agent start_id="81" goal_id="129"/>
  <agent start_id="103" goal_id="9"/>
  <agent start_id="23" goal_id="183"/>
  <agent start_id="40" goal_id="164"/>
  <agent start_id="82" goal_id="14"/>
  <agent start_id="146" goal_id="106"/>
  <agent start_id="79" goal_id="185"/>
  <agent start_id="86" goal_id="8"/>
  <agent start_id="148" goal_id="47"/>
  <agent start_id="0" goal_id="103"/>
  <agent start_id="76" goal_id="144"/>
  <agent start_id="153" goal_id="53"/>
  <agent start_id="187" goal_id="91"/>
  <agent start_id="34" goal_id="87"/>
  <agent start_id="117" goal_id="0"/>
  <agent start_id="196" goal_id="58"/>
  <agent start_id="91" goal_id="154"/>
  <agent start_id="177" goal_id="137"/>
  <agent start_id="74" goal_id="25"/>
  <agent start_id="87" goal_id="194"/>
  <agent start_id="169" goal_id="105"/>
  <agent start_id="60" goal_id="173"/>
  <agent start_id="93" goal_id="7"/>
  <agent start_id="61" goal_id="199"/>
  <agent start_id="72" goal_id="2"/>
  <agent start_id="9" goal_id="95"/>
  <agent start_id="44" goal_id="55"/>
  <agent start_id="38" goal_id="158"/>
  <agent start_id="28" goal_id="41"/>
  <agent start_id="7" goal_id="109"/>
  <agent start_id="138" goal_id="175"/>
  <agent start_id="94" goal_id="19"/>
</root>
