<?xml version="1.0" ?>
<root>
  <agent start_id="92" goal_id="91"/>
  <agent start_id="185" goal_id="119"/>
  <agent start_id="8" goal_id="57"/>
  <agent start_id="1" goal_id="69"/>
  <agent start_id="173" goal_id="174"/>
  <agent start_id="53" goal_id="187"/>
  <agent start_id="23" goal_id="163"/>
  <agent start_id="52" goal_id="35"/>
  <agent start_id="48" goal_id="84"/>
  <agent start_id="17" goal_id="41"/>
  <agent start_id="29" goal_id="150"/>
  <agent start_id="176" goal_id="145"/>
  <agent start_id="14" goal_id="157"/>
  <agent start_id="183" goal_id="154"/>
  <agent start_id="153" goal_id="12"/>
  <agent start_id="187" goal_id="193"/>
  <agent start_id="146" goal_id="20"/>
  <agent start_id="184" goal_id="82"/>
  <agent start_id="27" goal_id="38"/>
  <agent start_id="49" goal_id="22"/>
  <agent start_id="34" goal_id="66"/>
  <agent start_id="111" goal_id="6"/>
  <agent start_id="122" goal_id="161"/>
  <agent start_id="16" goal_id="75"/>
  <agent start_id="65" goal_id="72"/>
  <agent start_id="110" goal_id="2"/>
  <agent start_id="124" goal_id="115"/>
  <agent start_id="11" goal_id="182"/>
  <agent start_id="170" goal_id="18"/>
  <agent start_id="198" goal_id="78"/>
  <agent start_id="51" goal_id="122"/>
  <agent start_id="12" goal_id="98"/>
  <agent start_id="171" goal_id="24"/>
  <agent start_id="85" goal_id="195"/>
  <agent start_id="95" goal_id="121"/>
  <agent start_id="105" goal_id="190"/>
  <agent start_id="30" goal_id="27"/>
  <agent start_id="149" goal_id="172"/>
  <agent start_id="165" goal_id="137"/>
  <agent start_id="36" goal_id="46"/>
  <agent start_id="168" goal_id="106"/>
  <agent start_id="114" goal_id="120"/>
  <agent start_id="119" goal_id="70"/>
  <agent start_id="191" goal_id="10"/>
  <agent start_id="128" goal_id="0"/>
  <agent start_id="131" goal_id="100"/>
  <agent start_id="84" goal_id="43"/>
  <agent start_id="138" goal_id="199"/>
  <agent start_id="190" goal_id="73"/>
  <agent start_id="125" goal_id="54"/>
</root>
