<?xml version="1.0" ?>
<root>
  <agent start_id="140" goal_id="187"/>
  <agent start_id="38" goal_id="191"/>
  <agent start_id="148" goal_id="129"/>
  <agent start_id="60" goal_id="190"/>
  <agent start_id="17" goal_id="28"/>
  <agent start_id="110" goal_id="92"/>
  <agent start_id="75" goal_id="70"/>
  <agent start_id="4" goal_id="197"/>
  <agent start_id="96" goal_id="163"/>
  <agent start_id="46" goal_id="120"/>
  <agent start_id="41" goal_id="36"/>
  <agent start_id="191" goal_id="102"/>
  <agent start_id="113" goal_id="153"/>
  <agent start_id="47" goal_id="91"/>
  <agent start_id="79" goal_id="125"/>
  <agent start_id="125" goal_id="76"/>
  <agent start_id="1" goal_id="146"/>
  <agent start_id="166" goal_id="43"/>
  <agent start_id="130" goal_id="49"/>
  <agent start_id="189" goal_id="192"/>
  <agent start_id="35" goal_id="100"/>
  <agent start_id="62" goal_id="81"/>
  <agent start_id="68" goal_id="56"/>
  <agent start_id="197" goal_id="40"/>
  <agent start_id="71" goal_id="21"/>
  <agent start_id="181" goal_id="113"/>
  <agent start_id="13" goal_id="176"/>
  <agent start_id="44" goal_id="31"/>
  <agent start_id="101" goal_id="67"/>
  <agent start_id="56" goal_id="186"/>
  <agent start_id="156" goal_id="42"/>
  <agent start_id="19" goal_id="199"/>
  <agent start_id="184" goal_id="4"/>
  <agent start_id="93" goal_id="138"/>
  <agent start_id="144" goal_id="86"/>
  <agent start_id="83" goal_id="194"/>
  <agent start_id="94" goal_id="5"/>
  <agent start_id="147" goal_id="182"/>
  <agent start_id="153" goal_id="103"/>
  <agent start_id="186" goal_id="170"/>
  <agent start_id="171" goal_id="26"/>
  <agent start_id="102" goal_id="117"/>
  <agent start_id="120" goal_id="52"/>
  <agent start_id="39" goal_id="15"/>
  <agent start_id="20" goal_id="137"/>
  <agent start_id="143" goal_id="90"/>
  <agent start_id="78" goal_id="107"/>
  <agent start_id="6" goal_id="8"/>
  <agent start_id="5" goal_id="147"/>
  <agent start_id="85" goal_id="85"/>
</root>
