<?xml version="1.0" ?>
<root>
  <agent start_id="29" goal_id="31"/>
  <agent start_id="46" goal_id="135"/>
  <agent start_id="0" goal_id="3"/>
  <agent start_id="144" goal_id="91"/>
  <agent start_id="72" goal_id="17"/>
  <agent start_id="94" goal_id="193"/>
  <agent start_id="166" goal_id="154"/>
  <agent start_id="168" goal_id="131"/>
  <agent start_id="32" goal_id="81"/>
  <agent start_id="35" goal_id="93"/>
  <agent start_id="147" goal_id="109"/>
  <agent start_id="90" goal_id="56"/>
  <agent start_id="179" goal_id="114"/>
  <agent start_id="31" goal_id="191"/>
  <agent start_id="80" goal_id="95"/>
  <agent start_id="100" goal_id="129"/>
  <agent start_id="169" goal_id="25"/>
  <agent start_id="107" goal_id="140"/>
  <agent start_id="78" goal_id="22"/>
  <agent start_id="64" goal_id="171"/>
  <agent start_id="89" goal_id="120"/>
  <agent start_id="5" goal_id="37"/>
  <agent start_id="187" goal_id="54"/>
  <agent start_id="42" goal_id="179"/>
  <agent start_id="44" goal_id="149"/>
  <agent start_id="37" goal_id="64"/>
  <agent start_id="137" goal_id="187"/>
  <agent start_id="134" goal_id="9"/>
  <agent start_id="132" goal_id="185"/>
  <agent start_id="142" goal_id="162"/>
  <agent start_id="129" goal_id="159"/>
  <agent start_id="126" goal_id="40"/>
  <agent start_id="26" goal_id="52"/>
  <agent start_id="131" goal_id="86"/>
  <agent start_id="123" goal_id="189"/>
  <agent start_id="174" goal_id="84"/>
  <agent start_id="1" goal_id="90"/>
  <agent start_id="98" goal_id="163"/>
  <agent start_id="105" goal_id="183"/>
  <agent start_id="23" goal_id="166"/>
  <agent start_id="19" goal_id="144"/>
  <agent start_id="7" goal_id="69"/>
  <agent start_id="69" goal_id="62"/>
  <agent start_id="109" goal_id="24"/>
  <agent start_id="81" goal_id="79"/>
  <agent start_id="157" goal_id="119"/>
  <agent start_id="56" goal_id="66"/>
  <agent start_id="67" goal_id="180"/>
  <agent start_id="65" goal_id="132"/>
  <agent start_id="34" goal_id="15"/>
</root>
