<?xml version="1.0" ?>
<root>
  <agent start_id="10" goal_id="166"/>
  <agent start_id="18" goal_id="133"/>
  <agent start_id="24" goal_id="180"/>
  <agent start_id="65" goal_id="134"/>
  <agent start_id="86" goal_id="9"/>
  <agent start_id="82" goal_id="38"/>
  <agent start_id="14" goal_id="25"/>
  <agent start_id="0" goal_id="179"/>
  <agent start_id="156" goal_id="126"/>
  <agent start_id="28" goal_id="154"/>
  <agent start_id="7" goal_id="117"/>
  <agent start_id="35" goal_id="149"/>
  <agent start_id="38" goal_id="193"/>
  <agent start_id="129" goal_id="13"/>
  <agent start_id="118" goal_id="63"/>
  <agent start_id="109" goal_id="151"/>
  <agent start_id="76" goal_id="17"/>
  <agent start_id="45" goal_id="158"/>
  <agent start_id="8" goal_id="4"/>
  <agent start_id="102" goal_id="101"/>
  <agent start_id="95" goal_id="106"/>
  <agent start_id="159" goal_id="152"/>
  <agent start_id="191" goal_id="171"/>
  <agent start_id="20" goal_id="3"/>
  <agent start_id="144" goal_id="125"/>
  <agent start_id="60" goal_id="24"/>
  <agent start_id="152" goal_id="155"/>
  <agent start_id="174" goal_id="74"/>
  <agent start_id="124" goal_id="6"/>
  <agent start_id="52" goal_id="28"/>
  <agent start_id="49" goal_id="131"/>
  <agent start_id="81" goal_id="58"/>
  <agent start_id="184" goal_id="7"/>
  <agent start_id="167" goal_id="115"/>
  <agent start_id="165" goal_id="181"/>
  <agent start_id="150" goal_id="36"/>
  <agent start_id="111" goal_id="5"/>
  <agent start_id="112" goal_id="150"/>
  <agent start_id="158" goal_id="37"/>
  <agent start_id="189" goal_id="184"/>
  <agent start_id="11" goal_id="146"/>
  <agent start_id="33" goal_id="195"/>
  <agent start_id="47" goal_id="111"/>
  <agent start_id="73" goal_id="168"/>
  <agent start_id="116" goal_id="98"/>
  <agent start_id="199" goal_id="103"/>
  <agent start_id="176" goal_id="107"/>
  <agent start_id="41" goal_id="188"/>
  <agent start_id="2" goal_id="39"/>
  <agent start_id="56" goal_id="85"/>
</root>
