<?xml version="1.0" ?>
<root>
  <agent start_id="81" goal_id="17"/>
  <agent start_id="58" goal_id="86"/>
  <agent start_id="18" goal_id="157"/>
  <agent start_id="68" goal_id="137"/>
  <agent start_id="74" goal_id="82"/>
  <agent start_id="118" goal_id="104"/>
  <agent start_id="55" goal_id="124"/>
  <agent start_id="87" goal_id="161"/>
  <agent start_id="12" goal_id="195"/>
  <agent start_id="49" goal_id="148"/>
  <agent start_id="183" goal_id="133"/>
  <agent start_id="27" goal_id="7"/>
  <agent start_id="94" goal_id="89"/>
  <agent start_id="149" goal_id="117"/>
  <agent start_id="128" goal_id="13"/>
  <agent start_id="85" goal_id="39"/>
  <agent start_id="41" goal_id="67"/>
  <agent start_id="122" goal_id="120"/>
  <agent start_id="106" goal_id="144"/>
  <agent start_id="196" goal_id="60"/>
  <agent start_id="124" goal_id="123"/>
  <agent start_id="192" goal_id="152"/>
  <agent start_id="97" goal_id="74"/>
  <agent start_id="194" goal_id="56"/>
  <agent start_id="167" goal_id="79"/>
  <agent start_id="110" goal_id="155"/>
  <agent start_id="67" goal_id="173"/>
  <agent start_id="155" goal_id="92"/>
  <agent start_id="100" goal_id="81"/>
  <agent start_id="173" goal_id="130"/>
  <agent start_id="6" goal_id="23"/>
  <agent start_id="114" goal_id="11"/>
  <agent start_id="92" goal_id="177"/>
  <agent start_id="60" goal_id="25"/>
  <agent start_id="32" goal_id="126"/>
  <agent start_id="159" goal_id="20"/>
  <agent start_id="112" goal_id="96"/>
  <agent start_id="83" goal_id="18"/>
  <agent start_id="165" goal_id="194"/>
  <agent start_id="13" goal_id="166"/>
  <agent start_id="131" goal_id="119"/>
  <agent start_id="130" goal_id="15"/>
  <agent start_id="116" goal_id="198"/>
  <agent start_id="104" goal_id="9"/>
  <agent start_id="19" goal_id="65"/>
  <agent start_id="126" goal_id="85"/>
  <agent start_id="2" goal_id="27"/>
  <agent start_id="9" goal_id="141"/>
  <agent start_id="43" goal_id="164"/>
  <agent start_id="198" goal_id="77"/>
</root>
