<?xml version="1.0" ?>
<root>
  <agent start_id="183" goal_id="77"/>
  <agent start_id="35" goal_id="186"/>
  <agent start_id="172" goal_id="176"/>
  <agent start_id="43" goal_id="70"/>
  <agent start_id="88" goal_id="14"/>
  <agent start_id="182" goal_id="93"/>
  <agent start_id="106" goal_id="57"/>
  <agent start_id="56" goal_id="192"/>
  <agent start_id="136" goal_id="183"/>
  <agent start_id="147" goal_id="28"/>
  <agent start_id="21" goal_id="36"/>
  <agent start_id="196" goal_id="9"/>
  <agent start_id="89" goal_id="133"/>
  <agent start_id="194" goal_id="98"/>
  <agent start_id="3" goal_id="58"/>
  <agent start_id="137" goal_id="134"/>
  <agent start_id="19" goal_id="144"/>
  <agent start_id="131" goal_id="59"/>
  <agent start_id="33" goal_id="74"/>
  <agent start_id="94" goal_id="96"/>
  <agent start_id="186" goal_id="63"/>
  <agent start_id="7" goal_id="66"/>
  <agent start_id="9" goal_id="164"/>
  <agent start_id="15" goal_id="191"/>
  <agent start_id="150" goal_id="198"/>
  <agent start_id="62" goal_id="82"/>
  <agent start_id="37" goal_id="47"/>
  <agent start_id="108" goal_id="157"/>
  <agent start_id="44" goal_id="125"/>
  <agent start_id="146" goal_id="189"/>
  <agent start_id="25" goal_id="87"/>
  <agent start_id="54" goal_id="17"/>
  <agent start_id="193" goal_id="8"/>
  <agent start_id="124" goal_id="111"/>
  <agent start_id="148" goal_id="160"/>
  <agent start_id="65" goal_id="126"/>
  <agent start_id="121" goal_id="44"/>
  <agent start_id="105" goal_id="21"/>
  <agent start_id="171" goal_id="153"/>
  <agent start_id="20" goal_id="51"/>
  <agent start_id="145" goal_id="179"/>
  <agent start_id="158" goal_id="33"/>
  <agent start_id="42" goal_id="123"/>
  <agent start_id="191" goal_id="11"/>
  <agent start_id="165" goal_id="85"/>
  <agent start_id="149" goal_id="26"/>
  <agent start_id="49" goal_id="105"/>
  <agent start_id="30" goal_id="194"/>
  <agent start_id="75" goal_id="110"/>
  <agent start_id="155" goal_id="50"/>
</root>
