<?xml version="1.0" ?>
<root>
  <agent start_id="191" goal_id="101"/>
  <agent start_id="135" goal_id="131"/>
  <agent start_id="140" goal_id="120"/>
  <agent start_id="141" goal_id="186"/>
  <agent start_id="173" goal_id="11"/>
  <agent start_id="73" goal_id="163"/>
  <agent start_id="91" goal_id="3"/>
  <agent start_id="11" goal_id="190"/>
  <agent start_id="0" goal_id="106"/>
  <agent start_id="15" goal_id="88"/>
  <agent start_id="70" goal_id="5"/>
  <agent start_id="125" goal_id="1"/>
  <agent start_id="67" goal_id="99"/>
  <agent start_id="155" goal_id="52"/>
  <agent start_id="104" goal_id="153"/>
  <agent start_id="160" goal_id="100"/>
  <agent start_id="183" goal_id="148"/>
  <agent start_id="161" goal_id="197"/>
  <agent start_id="114" goal_id="167"/>
  <agent start_id="143" goal_id="89"/>
  <agent start_id="42" goal_id="87"/>
  <agent start_id="9" goal_id="21"/>
  <agent start_id="17" goal_id="144"/>
  <agent start_id="188" goal_id="20"/>
  <agent start_id="190" goal_id="53"/>
  <agent start_id="162" goal_id="179"/>
  <agent start_id="35" goal_id="27"/>
  <agent start_id="144" goal_id="65"/>
  <agent start_id="129" goal_id="93"/>
  <agent start_id="76" goal_id="9"/>
  <agent start_id="47" goal_id="39"/>
  <agent start_id="20" goal_id="96"/>
  <agent start_id="178" goal_id="110"/>
  <agent start_id="185" goal_id="178"/>
  <agent start_id="153" goal_id="111"/>
  <agent start_id="113" goal_id="109"/>
  <agent start_id="54" goal_id="161"/>
  <agent start_id="130" goal_id="117"/>
  <agent start_id="94" goal_id="160"/>
  <agent start_id="79" goal_id="123"/>
  <agent start_id="109" goal_id="139"/>
  <agent start_id="71" goal_id="30"/>
  <agent start_id="58" goal_id="151"/>
  <agent start_id="151" goal_id="125"/>
  <agent start_id="60" goal_id="113"/>
  <agent start_id="136" goal_id="162"/>
  <agent start_id="177" goal_id="127"/>
  <agent start_id="97" goal_id="84"/>
  <agent start_id="195" goal_id="191"/>
  <agent start_id="131" goal_id="55"/>
</root>
