<?xml version="1.0" ?>
<root>
  <agent start_id="12" goal_id="40"/>
  <agent start_id="169" goal_id="114"/>
  <agent start_id="151" goal_id="50"/>
  <agent start_id="75" goal_id="18"/>
  <agent start_id="186" goal_id="158"/>
  <agent start_id="79" goal_id="177"/>
  <agent start_id="74" goal_id="179"/>
  <agent start_id="98" goal_id="157"/>
  <agent start_id="129" goal_id="7"/>
  <agent start_id="181" goal_id="149"/>
  <agent start_id="14" goal_id="66"/>
  <agent start_id="123" goal_id="187"/>
  <agent start_id="22" goal_id="160"/>
  <agent start_id="199" goal_id="56"/>
  <agent start_id="36" goal_id="81"/>
  <agent start_id="194" goal_id="165"/>
  <agent start_id="136" goal_id="176"/>
  <agent start_id="89" goal_id="100"/>
  <agent start_id="62" goal_id="123"/>
  <agent start_id="183" goal_id="11"/>
  <agent start_id="39" goal_id="159"/>
  <agent start_id="147" goal_id="58"/>
  <agent start_id="56" goal_id="183"/>
  <agent start_id="150" goal_id="162"/>
  <agent start_id="196" goal_id="180"/>
  <agent start_id="18" goal_id="15"/>
  <agent start_id="179" goal_id="194"/>
  <agent start_id="124" goal_id="120"/>
  <agent start_id="138" goal_id="193"/>
  <agent start_id="78" goal_id="20"/>
  <agent start_id="41" goal_id="137"/>
  <agent start_id="103" goal_id="142"/>
  <agent start_id="0" goal_id="163"/>
  <agent start_id="38" goal_id="167"/>
  <agent start_id="163" goal_id="116"/>
  <agent start_id="108" goal_id="166"/>
  <agent start_id="170" goal_id="192"/>
  <agent start_id="142" goal_id="71"/>
  <agent start_id="68" goal_id="144"/>
  <agent start_id="173" goal_id="110"/>
  <agent start_id="91" goal_id="24"/>
  <agent start_id="191" goal_id="27"/>
  <agent start_id="16" goal_id="99"/>
  <agent start_id="2" goal_id="111"/>
  <agent start_id="82" goal_id="32"/>
  <agent start_id="195" goal_id="78"/>
  <agent start_id="133" goal_id="108"/>
  <agent start_id="69" goal_id="138"/>
  <agent start_id="11" goal_id="16"/>
  <agent start_id="23" goal_id="64"/>
</root>
