<?xml version="1.0" ?>
<root>
  <agent start_id="178" goal_id="96"/>
  <agent start_id="192" goal_id="179"/>
  <agent start_id="32" goal_id="120"/>
  <agent start_id="105" goal_id="55"/>
  <agent start_id="19" goal_id="185"/>
  <agent start_id="81" goal_id="165"/>
  <agent start_id="45" goal_id="59"/>
  <agent start_id="151" goal_id="186"/>
  <agent start_id="83" goal_id="180"/>
  <agent start_id="38" goal_id="143"/>
  <agent start_id="50" goal_id="140"/>
  <agent start_id="70" goal_id="32"/>
  <agent start_id="186" goal_id="70"/>
  <agent start_id="175" goal_id="122"/>
  <agent start_id="154" goal_id="11"/>
  <agent start_id="7" goal_id="21"/>
  <agent start_id="53" goal_id="137"/>
  <agent start_id="0" goal_id="119"/>
  <agent start_id="140" goal_id="81"/>
  <agent start_id="106" goal_id="156"/>
  <agent start_id="181" goal_id="183"/>
  <agent start_id="114" goal_id="114"/>
  <agent start_id="127" goal_id="124"/>
  <agent start_id="16" goal_id="2"/>
  <agent start_id="179" goal_id="66"/>
  <agent start_id="172" goal_id="6"/>
  <agent start_id="58" goal_id="132"/>
  <agent start_id="23" goal_id="138"/>
  <agent start_id="128" goal_id="7"/>
  <agent start_id="113" goal_id="151"/>
  <agent start_id="89" goal_id="73"/>
  <agent start_id="17" goal_id="174"/>
  <agent start_id="168" goal_id="95"/>
  <agent start_id="126" goal_id="106"/>
  <agent start_id="164" goal_id="85"/>
  <agent start_id="29" goal_id="198"/>
  <agent start_id="104" goal_id="111"/>
  <agent start_id="162" goal_id="113"/>
  <agent start_id="143" goal_id="105"/>
  <agent start_id="36" goal_id="87"/>
  <agent start_id="44" goal_id="35"/>
  <agent start_id="117" goal_id="24"/>
  <agent start_id="163" goal_id="38"/>
  <agent start_id="133" goal_id="117"/>
  <agent start_id="124" goal_id="92"/>
  <agent start_id="122" goal_id="135"/>
  <agent start_id="170" goal_id="3"/>
  <agent start_id="135" goal_id="77"/>
  <agent start_id="196" goal_id="48"/>
  <agent start_id="20" goal_id="193"/>
</root>
