<?xml version="1.0" ?>
<root>
  <agent start_id="98" goal_id="169"/>
  <agent start_id="134" goal_id="123"/>
  <agent start_id="50" goal_id="175"/>
  <agent start_id="11" goal_id="142"/>
  <agent start_id="83" goal_id="53"/>
  <agent start_id="62" goal_id="185"/>
  <agent start_id="193" goal_id="94"/>
  <agent start_id="120" goal_id="107"/>
  <agent start_id="181" goal_id="182"/>
  <agent start_id="111" goal_id="188"/>
  <agent start_id="116" goal_id="29"/>
  <agent start_id="190" goal_id="180"/>
  <agent start_id="56" goal_id="147"/>
  <agent start_id="131" goal_id="38"/>
  <agent start_id="191" goal_id="81"/>
  <agent start_id="37" goal_id="145"/>
  <agent start_id="176" goal_id="95"/>
  <agent start_id="89" goal_id="67"/>
  <agent start_id="13" goal_id="120"/>
  <agent start_id="68" goal_id="17"/>
  <agent start_id="14" goal_id="50"/>
  <agent start_id="10" goal_id="158"/>
  <agent start_id="159" goal_id="78"/>
  <agent start_id="123" goal_id="183"/>
  <agent start_id="72" goal_id="156"/>
  <agent start_id="95" goal_id="56"/>
  <agent start_id="162" goal_id="79"/>
  <agent start_id="157" goal_id="130"/>
  <agent start_id="172" goal_id="140"/>
  <agent start_id="106" goal_id="171"/>
  <agent start_id="170" goal_id="47"/>
  <agent start_id="24" goal_id="172"/>
  <agent start_id="1" goal_id="191"/>
  <agent start_id="143" goal_id="198"/>
  <agent start_id="110" goal_id="8"/>
  <agent start_id="52" goal_id="104"/>
  <agent start_id="169" goal_id="173"/>
  <agent start_id="64" goal_id="96"/>
  <agent start_id="148" goal_id="51"/>
  <agent start_id="195" goal_id="157"/>
  <agent start_id="101" goal_id="153"/>
  <agent start_id="17" goal_id="163"/>
  <agent start_id="117" goal_id="135"/>
  <agent start_id="94" goal_id="113"/>
  <agent start_id="164" goal_id="97"/>
  <agent start_id="25" goal_id="112"/>
  <agent start_id="29" goal_id="66"/>
  <agent start_id="82" goal_id="20"/>
  <agent start_id="152" goal_id="100"/>
  <agent start_id="3" goal_id="25"/>
</root>
