<?xml version="1.0" ?>
<root>
  <agent start_id="152" goal_id="155"/>
  <agent start_id="108" goal_id="79"/>
  <agent start_id="52" goal_id="31"/>
  <agent start_id="88" goal_id="80"/>
  <agent start_id="159" goal_id="131"/>
  <agent start_id="198" goal_id="101"/>
  <agent start_id="175" goal_id="10"/>
  <agent start_id="64" goal_id="191"/>
  <agent start_id="118" goal_id="73"/>
  <agent start_id="111" goal_id="156"/>
  <agent start_id="56" goal_id="192"/>
  <agent start_id="16" goal_id="15"/>
  <agent start_id="29" goal_id="182"/>
  <agent start_id="37" goal_id="125"/>
  <agent start_id="163" goal_id="123"/>
  <agent start_id="35" goal_id="134"/>
  <agent start_id="151" goal_id="43"/>
  <agent start_id="59" goal_id="157"/>
  <agent start_id="76" goal_id="70"/>
  <agent start_id="113" goal_id="196"/>
  <agent start_id="188" goal_id="36"/>
  <agent start_id="78" goal_id="9"/>
  <agent start_id="24" goal_id="132"/>
  <agent start_id="191" goal_id="114"/>
  <agent start_id="84" goal_id="58"/>
  <agent start_id="156" goal_id="128"/>
  <agent start_id="171" goal_id="199"/>
  <agent start_id="80" goal_id="14"/>
  <agent start_id="167" goal_id="115"/>
  <agent start_id="105" goal_id="185"/>
  <agent start_id="180" goal_id="56"/>
  <agent start_id="40" goal_id="55"/>
  <agent start_id="79" goal_id="119"/>
  <agent start_id="26" goal_id="21"/>
  <agent start_id="154" goal_id="4"/>
  <agent start_id="72" goal_id="120"/>
  <agent start_id="192" goal_id="74"/>
  <agent start_id="130" goal_id="42"/>
  <agent start_id="125" goal_id="167"/>
  <agent start_id="184" goal_id="149"/>
  <agent start_id="107" goal_id="124"/>
  <agent start_id="1" goal_id="3"/>
  <agent start_id="47" goal_id="147"/>
  <agent start_id="129" goal_id="189"/>
  <agent start_id="160" goal_id="161"/>
  <agent start_id="178" goal_id="175"/>
  <agent start_id="41" goal_id="34"/>
  <agent start_id="155" goal_id="16"/>
  <agent start_id="193" goal_id="194"/>
  <agent start_id="179" goal_id="38"/>
</root>
