<?xml version="1.0" ?>
<root>
  <agent start_id="109" goal_id="46"/>
  <agent start_id="51" goal_id="65"/>
  <agent start_id="27" goal_id="119"/>
  <agent start_id="134" goal_id="137"/>
  <agent start_id="40" goal_id="23"/>
  <agent start_id="159" goal_id="103"/>
  <agent start_id="161" goal_id="60"/>
  <agent start_id="22" goal_id="141"/>
  <agent start_id="95" goal_id="13"/>
  <agent start_id="119" goal_id="2"/>
  <agent start_id="77" goal_id="89"/>
  <agent start_id="58" goal_id="129"/>
  <agent start_id="90" goal_id="95"/>
  <agent start_id="149" goal_id="55"/>
  <agent start_id="33" goal_id="176"/>
  <agent start_id="176" goal_id="94"/>
  <agent start_id="64" goal_id="44"/>
  <agent start_id="81" goal_id="16"/>
  <agent start_id="105" goal_id="130"/>
  <agent start_id="191" goal_id="159"/>
  <agent start_id="74" goal_id="117"/>
  <agent start_id="65" goal_id="146"/>
  <agent start_id="125" goal_id="172"/>
  <agent start_id="88" goal_id="133"/>
  <agent start_id="174" goal_id="27"/>
  <agent start_id="16" goal_id="9"/>
  <agent start_id="135" goal_id="51"/>
  <agent start_id="79" goal_id="41"/>
  <agent start_id="19" goal_id="4"/>
  <agent start_id="128" goal_id="68"/>
  <agent start_id="63" goal_id="20"/>
  <agent start_id="4" goal_id="18"/>
  <agent start_id="127" goal_id="164"/>
  <agent start_id="44" goal_id="108"/>
  <agent start_id="184" goal_id="73"/>
  <agent start_id="23" goal_id="98"/>
  <agent start_id="168" goal_id="179"/>
  <agent start_id="102" goal_id="162"/>
  <agent start_id="100" goal_id="38"/>
  <agent start_id="144" goal_id="36"/>
  <agent start_id="94" goal_id="7"/>
  <agent start_id="131" goal_id="189"/>
  <agent start_id="140" goal_id="185"/>
  <agent start_id="126" goal_id="152"/>
  <agent start_id="148" goal_id="168"/>
  <agent start_id="152" goal_id="66"/>
  <agent start_id="195" goal_id="193"/>
  <agent start_id="11" goal_id="86"/>
  <agent start_id="138" goal_id="64"/>
  <agent start_id="123" goal_id="135"/>
</root>
