<?xml version="1.0" ?>
<root>
  <agent start_id="7" goal_id="140"/>
  <agent start_id="112" goal_id="199"/>
  <agent start_id="180" goal_id="69"/>
  <agent start_id="170" goal_id="77"/>
  <agent start_id="57" goal_id="163"/>
  <agent start_id="151" goal_id="119"/>
  <agent start_id="2" goal_id="86"/>
  <agent start_id="51" goal_id="136"/>
  <agent start_id="27" goal_id="184"/>
  <agent start_id="185" goal_id="9"/>
  <agent start_id="43" goal_id="52"/>
  <agent start_id="120" goal_id="186"/>
  <agent start_id="101" goal_id="114"/>
  <agent start_id="148" goal_id="150"/>
  <agent start_id="24" goal_id="74"/>
  <agent start_id="162" goal_id="196"/>
  <agent start_id="42" goal_id="36"/>
  <agent start_id="144" goal_id="93"/>
  <agent start_id="166" goal_id="132"/>
  <agent start_id="68" goal_id="84"/>
  <agent start_id="196" goal_id="121"/>
  <agent start_id="31" goal_id="89"/>
  <agent start_id="91" goal_id="87"/>
  <agent start_id="21" goal_id="145"/>
  <agent start_id="22" goal_id="55"/>
  <agent start_id="187" goal_id="42"/>
  <agent start_id="19" goal_id="32"/>
  <agent start_id="11" goal_id="62"/>
  <agent start_id="126" goal_id="160"/>
  <agent start_id="198" goal_id="70"/>
  <agent start_id="192" goal_id="43"/>
  <agent start_id="103" goal_id="111"/>
  <agent start_id="98" goal_id="2"/>
  <agent start_id="134" goal_id="159"/>
  <agent start_id="65" goal_id="40"/>
  <agent start_id="138" goal_id="30"/>
  <agent start_id="177" goal_id="28"/>
  <agent start_id="87" goal_id="124"/>
  <agent start_id="35" goal_id="7"/>
  <agent start_id="116" goal_id="35"/>
  <agent start_id="55" goal_id="46"/>
  <agent start_id="18" goal_id="128"/>
  <agent start_id="164" goal_id="110"/>
  <agent start_id="3" goal_id="76"/>
  <agent start_id="153" goal_id="126"/>
  <agent start_id="141" goal_id="104"/>
  <agent start_id="9" goal_id="19"/>
  <agent start_id="182" goal_id="173"/>
  <agent start_id="140" goal_id="118"/>
  <agent start_id="32" goal_id="148"/>
</root>
