<?xml version="1.0" ?>
<root>
  <agent start_id="150" goal_id="197"/>
  <agent start_id="160" goal_id="44"/>
  <agent start_id="172" goal_id="8"/>
  <agent start_id="9" goal_id="163"/>
  <agent start_id="77" goal_id="73"/>
  <agent start_id="53" goal_id="174"/>
  <agent start_id="198" goal_id="138"/>
  <agent start_id="135" goal_id="189"/>
  <agent start_id="110" goal_id="5"/>
  <agent start_id="142" goal_id="187"/>
  <agent start_id="168" goal_id="69"/>
  <agent start_id="62" goal_id="96"/>
  <agent start_id="89" goal_id="183"/>
  <agent start_id="157" goal_id="144"/>
  <agent start_id="13" goal_id="191"/>
  <agent start_id="36" goal_id="119"/>
  <agent start_id="45" goal_id="175"/>
  <agent start_id="156" goal_id="70"/>
  <agent start_id="126" goal_id="49"/>
  <agent start_id="85" goal_id="94"/>
  <agent start_id="59" goal_id="160"/>
  <agent start_id="87" goal_id="40"/>
  <agent start_id="152" goal_id="109"/>
  <agent start_id="40" goal_id="79"/>
  <agent start_id="148" goal_id="47"/>
  <agent start_id="22" goal_id="4"/>
  <agent start_id="64" goal_id="16"/>
  <agent start_id="179" goal_id="172"/>
  <agent start_id="193" goal_id="179"/>
  <agent start_id="130" goal_id="178"/>
  <agent start_id="84" goal_id="177"/>
  <agent start_id="12" goal_id="117"/>
  <agent start_id="165" goal_id="182"/>
  <agent start_id="81" goal_id="66"/>
  <agent start_id="158" goal_id="152"/>
  <agent start_id="144" goal_id="111"/>
  <agent start_id="124" goal_id="158"/>
  <agent start_id="72" goal_id="155"/>
  <agent start_id="63" goal_id="2"/>
  <agent start_id="138" goal_id="135"/>
  <agent start_id="113" goal_id="116"/>
  <agent start_id="96" goal_id="1"/>
  <agent start_id="199" goal_id="120"/>
  <agent start_id="145" goal_id="133"/>
  <agent start_id="79" goal_id="185"/>
  <agent start_id="38" goal_id="198"/>
  <agent start_id="159" goal_id="12"/>
  <agent start_id="49" goal_id="113"/>
  <agent start_id="42" goal_id="136"/>
  <agent start_id="19" goal_id="7"/>
</root>
