<?xml version="1.0" ?>
<root>
  <agent start_id="185" goal_id="93"/>
  <agent start_id="142" goal_id="54"/>
  <agent start_id="16" goal_id="96"/>
  <agent start_id="158" goal_id="142"/>
  <agent start_id="49" goal_id="58"/>
  <agent start_id="39" goal_id="80"/>
  <agent start_id="163" goal_id="61"/>
  <agent start_id="160" goal_id="33"/>
  <agent start_id="102" goal_id="129"/>
  <agent start_id="55" goal_id="180"/>
  <agent start_id="18" goal_id="150"/>
  <agent start_id="103" goal_id="128"/>
  <agent start_id="32" goal_id="8"/>
  <agent start_id="164" goal_id="193"/>
  <agent start_id="190" goal_id="192"/>
  <agent start_id="149" goal_id="141"/>
  <agent start_id="6" goal_id="176"/>
  <agent start_id="116" goal_id="144"/>
  <agent start_id="17" goal_id="194"/>
  <agent start_id="188" goal_id="197"/>
  <agent start_id="20" goal_id="159"/>
  <agent start_id="152" goal_id="35"/>
  <agent start_id="74" goal_id="6"/>
  <agent start_id="167" goal_id="72"/>
  <agent start_id="47" goal_id="46"/>
  <agent start_id="129" goal_id="171"/>
  <agent start_id="37" goal_id="134"/>
  <agent start_id="138" goal_id="18"/>
  <agent start_id="67" goal_id="138"/>
  <agent start_id="111" goal_id="186"/>
  <agent start_id="101" goal_id="109"/>
  <agent start_id="42" goal_id="184"/>
  <agent start_id="175" goal_id="75"/>
  <agent start_id="154" goal_id="49"/>
  <agent start_id="41" goal_id="69"/>
  <agent start_id="157" goal_id="170"/>
  <agent start_id="78" goal_id="66"/>
  <agent start_id="162" goal_id="162"/>
  <agent start_id="62" goal_id="189"/>
  <agent start_id="25" goal_id="158"/>
  <agent start_id="38" goal_id="74"/>
  <agent start_id="114" goal_id="98"/>
  <agent start_id="193" goal_id="21"/>
  <agent start_id="11" goal_id="14"/>
  <agent start_id="69" goal_id="47"/>
  <agent start_id="34" goal_id="20"/>
  <agent start_id="70" goal_id="167"/>
  <agent start_id="22" goal_id="97"/>
  <agent start_id="180" goal_id="52"/>
  <agent start_id="94" goal_id="135"/>
</root>
