<?xml version="1.0" ?>
<root>
  <agent start_id="111" goal_id="16"/>
  <agent start_id="182" goal_id="103"/>
  <agent start_id="164" goal_id="153"/>
  <agent start_id="110" goal_id="127"/>
  <agent start_id="192" goal_id="116"/>
  <agent start_id="56" goal_id="179"/>
  <agent start_id="23" goal_id="14"/>
  <agent start_id="64" goal_id="91"/>
  <agent start_id="79" goal_id="120"/>
  <agent start_id="177" goal_id="59"/>
  <agent start_id="25" goal_id="132"/>
  <agent start_id="136" goal_id="51"/>
  <agent start_id="132" goal_id="56"/>
  <agent start_id="92" goal_id="65"/>
  <agent start_id="8" goal_id="27"/>
  <agent start_id="37" goal_id="8"/>
  <agent start_id="18" goal_id="109"/>
  <agent start_id="195" goal_id="39"/>
  <agent start_id="158" goal_id="78"/>
  <agent start_id="122" goal_id="11"/>
  <agent start_id="97" goal_id="46"/>
  <agent start_id="59" goal_id="139"/>
  <agent start_id="62" goal_id="164"/>
  <agent start_id="188" goal_id="31"/>
  <agent start_id="151" goal_id="105"/>
  <agent start_id="114" goal_id="10"/>
  <agent start_id="41" goal_id="36"/>
  <agent start_id="67" goal_id="42"/>
  <agent start_id="190" goal_id="126"/>
  <agent start_id="57" goal_id="80"/>
  <agent start_id="66" goal_id="73"/>
  <agent start_id="99" goal_id="13"/>
  <agent start_id="11" goal_id="17"/>
  <agent start_id="21" goal_id="63"/>
  <agent start_id="10" goal_id="196"/>
  <agent start_id="40" goal_id="62"/>
  <agent start_id="146" goal_id="156"/>
  <agent start_id="82" goal_id="124"/>
  <agent start_id="137" goal_id="195"/>
  <agent start_id="29" goal_id="167"/>
  <agent start_id="26" goal_id="26"/>
  <agent start_id="134" goal_id="38"/>
  <agent start_id="124" goal_id="58"/>
  <agent start_id="54" goal_id="74"/>
  <agent start_id="17" goal_id="155"/>
  <agent start_id="47" goal_id="172"/>
  <agent start_id="167" goal_id="64"/>
  <agent start_id="166" goal_id="50"/>
  <agent start_id="172" goal_id="22"/>
  <agent start_id="6" goal_id="166"/>
</root>
