<?xml version="1.0" ?>
<root>
  <agent start_id="118" goal_id="42"/>
  <agent start_id="8" goal_id="188"/>
  <agent start_id="152" goal_id="163"/>
  <agent start_id="75" goal_id="116"/>
  <agent start_id="143" goal_id="165"/>
  <agent start_id="104" goal_id="176"/>
  <agent start_id="183" goal_id="26"/>
  <agent start_id="66" goal_id="50"/>
  <agent start_id="117" goal_id="152"/>
  <agent start_id="108" goal_id="5"/>
  <agent start_id="105" goal_id="74"/>
  <agent start_id="46" goal_id="79"/>
  <agent start_id="185" goal_id="16"/>
  <agent start_id="23" goal_id="90"/>
  <agent start_id="62" goal_id="154"/>
  <agent start_id="39" goal_id="54"/>
  <agent start_id="31" goal_id="40"/>
  <agent start_id="98" goal_id="131"/>
  <agent start_id="69" goal_id="97"/>
  <agent start_id="141" goal_id="7"/>
  <agent start_id="72" goal_id="181"/>
  <agent start_id="189" goal_id="100"/>
  <agent start_id="25" goal_id="9"/>
  <agent start_id="61" goal_id="84"/>
  <agent start_id="86" goal_id="169"/>
  <agent start_id="179" goal_id="43"/>
  <agent start_id="119" goal_id="166"/>
  <agent start_id="70" goal_id="140"/>
  <agent start_id="22" goal_id="35"/>
  <agent start_id="2" goal_id="96"/>
  <agent start_id="95" goal_id="19"/>
  <agent start_id="27" goal_id="62"/>
  <agent start_id="148" goal_id="123"/>
  <agent start_id="166" goal_id="51"/>
  <agent start_id="53" goal_id="8"/>
  <agent start_id="96" goal_id="30"/>
  <agent start_id="14" goal_id="157"/>
  <agent start_id="192" goal_id="102"/>
  <agent start_id="3" goal_id="37"/>
  <agent start_id="120" goal_id="94"/>
  <agent start_id="113" goal_id="114"/>
  <agent start_id="37" goal_id="118"/>
  <agent start_id="156" goal_id="109"/>
  <agent start_id="147" goal_id="66"/>
  <agent start_id="87" goal_id="15"/>
  <agent start_id="93" goal_id="29"/>
  <agent start_id="41" goal_id="32"/>
  <agent start_id="171" goal_id="46"/>
  <agent start_id="38" goal_id="194"/>
  <agent start_id="11" goal_id="162"/>
</root>
