<?xml version="1.0" ?>
<root>
  <agent start_id="23" goal_id="13"/>
  <agent start_id="24" goal_id="146"/>
  <agent start_id="88" goal_id="85"/>
  <agent start_id="50" goal_id="116"/>
  <agent start_id="11" goal_id="104"/>
  <agent start_id="65" goal_id="0"/>
  <agent start_id="131" goal_id="93"/>
  <agent start_id="102" goal_id="82"/>
  <agent start_id="127" goal_id="88"/>
  <agent start_id="133" goal_id="193"/>
  <agent start_id="116" goal_id="15"/>
  <agent start_id="90" goal_id="128"/>
  <agent start_id="33" goal_id="70"/>
  <agent start_id="103" goal_id="33"/>
  <agent start_id="58" goal_id="43"/>
  <agent start_id="2" goal_id="188"/>
  <agent start_id="147" goal_id="138"/>
  <agent start_id="159" goal_id="39"/>
  <agent start_id="37" goal_id="49"/>
  <agent start_id="87" goal_id="178"/>
  <agent start_id="7" goal_id="84"/>
  <agent start_id="96" goal_id="135"/>
  <agent start_id="47" goal_id="191"/>
  <agent start_id="99" goal_id="42"/>
  <agent start_id="175" goal_id="130"/>
  <agent start_id="92" goal_id="110"/>
  <agent start_id="145" goal_id="30"/>
  <agent start_id="160" goal_id="45"/>
  <agent start_id="72" goal_id="24"/>
  <agent start_id="109" goal_id="155"/>
  <agent start_id="100" goal_id="173"/>
  <agent start_id="161" goal_id="195"/>
  <agent start_id="25" goal_id="27"/>
  <agent start_id="151" goal_id="126"/>
  <agent start_id="18" goal_id="133"/>
  <agent start_id="105" goal_id="21"/>
  <agent start_id="150" goal_id="95"/>
  <agent start_id="5" goal_id="89"/>
  <agent start_id="55" goal_id="107"/>
  <agent start_id="31" goal_id="51"/>
  <agent start_id="106" goal_id="19"/>
  <agent start_id="134" goal_id="183"/>
  <agent start_id="74" goal_id="180"/>
  <agent start_id="179" goal_id="52"/>
  <agent start_id="9" goal_id="118"/>
  <agent start_id="83" goal_id="6"/>
  <agent start_id="42" goal_id="80"/>
  <agent start_id="157" goal_id="148"/>
  <agent start_id="63" goal_id="36"/>
  <agent start_id="119" goal_id="163"/>
</root>
