<?xml version="1.0" ?>
<root>
  <agent start_id="107" goal_id="3"/>
  <agent start_id="112" goal_id="171"/>
  <agent start_id="153" goal_id="135"/>
  <agent start_id="176" goal_id="101"/>
  <agent start_id="47" goal_id="146"/>
  <agent start_id="53" goal_id="99"/>
  <agent start_id="168" goal_id="153"/>
  <agent start_id="21" goal_id="193"/>
  <agent start_id="39" goal_id="85"/>
  <agent start_id="199" goal_id="118"/>
  <agent start_id="96" goal_id="168"/>
  <agent start_id="150" goal_id="65"/>
  <agent start_id="152" goal_id="53"/>
  <agent start_id="125" goal_id="183"/>
  <agent start_id="189" goal_id="127"/>
  <agent start_id="22" goal_id="113"/>
  <agent start_id="164" goal_id="110"/>
  <agent start_id="80" goal_id="126"/>
  <agent start_id="37" goal_id="124"/>
  <agent start_id="90" goal_id="119"/>
  <agent start_id="134" goal_id="157"/>
  <agent start_id="67" goal_id="82"/>
  <agent start_id="180" goal_id="196"/>
  <agent start_id="174" goal_id="115"/>
  <agent start_id="131" goal_id="58"/>
  <agent start_id="62" goal_id="121"/>
  <agent start_id="115" goal_id="15"/>
  <agent start_id="6" goal_id="114"/>
  <agent start_id="38" goal_id="176"/>
  <agent start_id="190" goal_id="31"/>
  <agent start_id="196" goal_id="7"/>
  <agent start_id="92" goal_id="150"/>
  <agent start_id="145" goal_id="21"/>
  <agent start_id="74" goal_id="194"/>
  <agent start_id="99" goal_id="9"/>
  <agent start_id="14" goal_id="11"/>
  <agent start_id="33" goal_id="67"/>
  <agent start_id="187" goal_id="111"/>
  <agent start_id="59" goal_id="145"/>
  <agent start_id="126" goal_id="132"/>
  <agent start_id="140" goal_id="49"/>
  <agent start_id="26" goal_id="83"/>
  <agent start_id="185" goal_id="28"/>
  <agent start_id="44" goal_id="36"/>
  <agent start_id="183" goal_id="30"/>
  <agent start_id="15" goal_id="92"/>
  <agent start_id="135" goal_id="143"/>
  <agent start_id="57" goal_id="131"/>
  <agent start_id="63" goal_id="140"/>
  <agent start_id="85" goal_id="108"/>
</root>
