<?xml version="1.0" ?>
<root>
  <agent start_id="139" goal_id="72"/>
  <agent start_id="48" goal_id="29"/>
  <agent start_id="78" goal_id="65"/>
  <agent start_id="102" goal_id="55"/>
  <agent start_id="97" goal_id="172"/>
  <agent start_id="175" goal_id="144"/>
  <agent start_id="94" goal_id="7"/>
  <agent start_id="184" goal_id="152"/>
  <agent start_id="32" goal_id="52"/>
  <agent start_id="15" goal_id="25"/>
  <agent start_id="124" goal_id="41"/>
  <agent start_id="172" goal_id="35"/>
  <agent start_id="130" goal_id="114"/>
  <agent start_id="194" goal_id="136"/>
  <agent start_id="9" goal_id="180"/>
  <agent start_id="28" goal_id="105"/>
  <agent start_id="147" goal_id="182"/>
  <agent start_id="165" goal_id="179"/>
  <agent start_id="64" goal_id="197"/>
  <agent start_id="160" goal_id="61"/>
  <agent start_id="73" goal_id="161"/>
  <agent start_id="45" goal_id="157"/>
  <agent start_id="140" goal_id="120"/>
  <agent start_id="40" goal_id="50"/>
  <agent start_id="83" goal_id="14"/>
  <agent start_id="61" goal_id="96"/>
  <agent start_id="24" goal_id="5"/>
  <agent start_id="54" goal_id="155"/>
  <agent start_id="100" goal_id="71"/>
  <agent start_id="192" goal_id="10"/>
  <agent start_id="66" goal_id="19"/>
  <agent start_id="92" goal_id="40"/>
  <agent start_id="167" goal_id="149"/>
  <agent start_id="127" goal_id="160"/>
  <agent start_id="189" goal_id="75"/>
  <agent start_id="79" goal_id="127"/>
  <agent start_id="74" goal_id="159"/>
  <agent start_id="106" goal_id="49"/>
  <agent start_id="110" goal_id="16"/>
  <agent start_id="91" goal_id="126"/>
  <agent start_id="4" goal_id="3"/>
  <agent start_id="193" goal_id="123"/>
  <agent start_id="57" goal_id="187"/>
  <agent start_id="89" goal_id="33"/>
  <agent start_id="137" goal_id="110"/>
  <agent start_id="199" goal_id="80"/>
  <agent start_id="93" goal_id="139"/>
  <agent start_id="148" goal_id="42"/>
  <agent start_id="156" goal_id="8"/>
  <agent start_id="67" goal_id="133"/>
</root>
