<?xml version="1.0" ?>
<root>
  <agent start_id="73" goal_id="28"/>
  <agent start_id="107" goal_id="147"/>
  <agent start_id="4" goal_id="143"/>
  <agent start_id="186" goal_id="133"/>
  <agent start_id="102" goal_id="10"/>
  <agent start_id="118" goal_id="11"/>
  <agent start_id="11" goal_id="157"/>
  <agent start_id="50" goal_id="7"/>
  <agent start_id="87" goal_id="52"/>
  <agent start_id="181" goal_id="174"/>
  <agent start_id="96" goal_id="88"/>
  <agent start_id="20" goal_id="41"/>
  <agent start_id="167" goal_id="196"/>
  <agent start_id="25" goal_id="182"/>
  <agent start_id="173" goal_id="104"/>
  <agent start_id="67" goal_id="185"/>
  <agent start_id="123" goal_id="100"/>
  <agent start_id="159" goal_id="161"/>
  <agent start_id="89" goal_id="36"/>
  <agent start_id="191" goal_id="51"/>
  <agent start_id="91" goal_id="150"/>
  <agent start_id="125" goal_id="144"/>
  <agent start_id="39" goal_id="6"/>
  <agent start_id="18" goal_id="23"/>
  <agent start_id="137" goal_id="159"/>
  <agent start_id="141" goal_id="107"/>
  <agent start_id="14" goal_id="139"/>
  <agent start_id="75" goal_id="184"/>
  <agent start_id="179" goal_id="12"/>
  <agent start_id="47" goal_id="42"/>
  <agent start_id="139" goal_id="110"/>
  <agent start_id="48" goal_id="60"/>
  <agent start_id="170" goal_id="56"/>
  <agent start_id="113" goal_id="78"/>
  <agent start_id="165" goal_id="59"/>
  <agent start_id="10" goal_id="4"/>
  <agent start_id="59" goal_id="71"/>
  <agent start_id="114" goal_id="30"/>
  <agent start_id="115" goal_id="119"/>
  <agent start_id="130" goal_id="122"/>
  <agent start_id="182" goal_id="91"/>
  <agent start_id="193" goal_id="74"/>
  <agent start_id="7" goal_id="140"/>
  <agent start_id="110" goal_id="179"/>
  <agent start_id="27" goal_id="53"/>
  <agent start_id="23" goal_id="176"/>
  <agent start_id="52" goal_id="3"/>
  <agent start_id="17" goal_id="190"/>
  <agent start_id="64" goal_id="20"/>
  <agent start_id="160" goal_id="17"/>
</root>
