<?xml version="1.0" ?>
<root>
  <agent start_id="39" goal_id="175"/>
  <agent start_id="119" goal_id="98"/>
  <agent start_id="143" goal_id="59"/>
  <agent start_id="26" goal_id="143"/>
  <agent start_id="60" goal_id="16"/>
  <agent start_id="128" goal_id="162"/>
  <agent start_id="149" goal_id="94"/>
  <agent start_id="99" goal_id="125"/>
  <agent start_id="161" goal_id="139"/>
  <agent start_id="153" goal_id="55"/>
  <agent start_id="30" goal_id="64"/>
  <agent start_id="52" goal_id="9"/>
  <agent start_id="93" goal_id="101"/>
  <agent start_id="191" goal_id="115"/>
  <agent start_id="74" goal_id="88"/>
  <agent start_id="185" goal_id="13"/>
  <agent start_id="14" goal_id="78"/>
  <agent start_id="54" goal_id="53"/>
  <agent start_id="57" goal_id="135"/>
  <agent start_id="156" goal_id="144"/>
  <agent start_id="28" goal_id="82"/>
  <agent start_id="27" goal_id="160"/>
  <agent start_id="115" goal_id="180"/>
  <agent start_id="184" goal_id="91"/>
  <agent start_id="114" goal_id="79"/>
  <agent start_id="17" goal_id="96"/>
  <agent start_id="59" goal_id="197"/>
  <agent start_id="4" goal_id="109"/>
  <agent start_id="70" goal_id="31"/>
  <agent start_id="102" goal_id="172"/>
  <agent start_id="104" goal_id="137"/>
  <agent start_id="13" goal_id="6"/>
  <agent start_id="48" goal_id="17"/>
  <agent start_id="138" goal_id="7"/>
  <agent start_id="62" goal_id="113"/>
  <agent start_id="42" goal_id="189"/>
  <agent start_id="167" goal_id="67"/>
  <agent start_id="9" goal_id="68"/>
  <agent start_id="36" goal_id="3"/>
  <agent start_id="135" goal_id="28"/>
  <agent start_id="63" goal_id="196"/>
  <agent start_id="5" goal_id="184"/>
  <agent start_id="175" goal_id="193"/>
  <agent start_id="66" goal_id="47"/>
  <agent start_id="146" goal_id="0"/>
  <agent start_id="197" goal_id="178"/>
  <agent start_id="144" goal_id="133"/>
  <agent start_id="111" goal_id="35"/>
  <agent start_id="163" goal_id="194"/>
  <agent start_id="158" goal_id="152"/>
</root>
