<?xml version="1.0" ?>
<root>
  <agent start_id="137" goal_id="14"/>
  <agent start_id="186" goal_id="97"/>
  <agent start_id="101" goal_id="65"/>
  <agent start_id="76" goal_id="175"/>
  <agent start_id="182" goal_id="100"/>
  <agent start_id="196" goal_id="129"/>
  <agent start_id="26" goal_id="66"/>
  <agent start_id="183" goal_id="60"/>
  <agent start_id="11" goal_id="2"/>
  <agent start_id="45" goal_id="46"/>
  <agent start_id="175" goal_id="91"/>
  <agent start_id="107" goal_id="199"/>
  <agent start_id="123" goal_id="72"/>
  <agent start_id="135" goal_id="119"/>
  <agent start_id="86" goal_id="171"/>
  <agent start_id="143" goal_id="8"/>
  <agent start_id="78" goal_id="141"/>
  <agent start_id="84" goal_id="41"/>
  <agent start_id="51" goal_id="50"/>
  <agent start_id="88" goal_id="180"/>
  <agent start_id="21" goal_id="131"/>
  <agent start_id="171" goal_id="96"/>
  <agent start_id="174" goal_id="73"/>
  <agent start_id="69" goal_id="52"/>
  <agent start_id="38" goal_id="176"/>
  <agent start_id="6" goal_id="24"/>
  <agent start_id="154" goal_id="146"/>
  <agent start_id="122" goal_id="120"/>
  <agent start_id="113" goal_id="150"/>
  <agent start_id="59" goal_id="162"/>
  <agent start_id="13" goal_id="11"/>
  <agent start_id="63" goal_id="70"/>
  <agent start_id="16" goal_id="84"/>
  <agent start_id="164" goal_id="165"/>
  <agent start_id="173" goal_id="116"/>
  <agent start_id="41" goal_id="7"/>
  <agent start_id="146" goal_id="143"/>
  <agent start_id="116" goal_id="71"/>
  <agent start_id="90" goal_id="187"/>
  <agent start_id="167" goal_id="112"/>
  <agent start_id="198" goal_id="43"/>
  <agent start_id="100" goal_id="158"/>
  <agent start_id="150" goal_id="157"/>
  <agent start_id="28" goal_id="135"/>
  <agent start_id="120" goal_id="121"/>
  <agent start_id="37" goal_id="48"/>
  <agent start_id="35" goal_id="81"/>
  <agent start_id="129" goal_id="44"/>
  <agent start_id="180" goal_id="133"/>
  <agent start_id="3" goal_id="168"/>
</root>
