<?xml version="1.0" ?>
<root>
  <agent start_id="161" goal_id="112"/>
  <agent start_id="153" goal_id="32"/>
  <agent start_id="19" goal_id="122"/>
  <agent start_id="189" goal_id="106"/>
  <agent start_id="135" goal_id="189"/>
  <agent start_id="110" goal_id="51"/>
  <agent start_id="22" goal_id="130"/>
  <agent start_id="166" goal_id="164"/>
  <agent start_id="32" goal_id="160"/>
  <agent start_id="48" goal_id="166"/>
  <agent start_id="41" goal_id="83"/>
  <agent start_id="114" goal_id="85"/>
  <agent start_id="180" goal_id="156"/>
  <agent start_id="61" goal_id="157"/>
  <agent start_id="97" goal_id="30"/>
  <agent start_id="191" goal_id="73"/>
  <agent start_id="60" goal_id="21"/>
  <agent start_id="70" goal_id="154"/>
  <agent start_id="16" goal_id="128"/>
  <agent start_id="96" goal_id="37"/>
  <agent start_id="107" goal_id="193"/>
  <agent start_id="138" goal_id="133"/>
  <agent start_id="170" goal_id="71"/>
  <agent start_id="24" goal_id="168"/>
  <agent start_id="9" goal_id="77"/>
  <agent start_id="39" goal_id="114"/>
  <agent start_id="182" goal_id="184"/>
  <agent start_id="21" goal_id="11"/>
  <agent start_id="78" goal_id="187"/>
  <agent start_id="104" goal_id="45"/>
  <agent start_id="7" goal_id="13"/>
  <agent start_id="14" goal_id="162"/>
  <agent start_id="69" goal_id="64"/>
  <agent start_id="184" goal_id="95"/>
  <agent start_id="186" goal_id="5"/>
  <agent start_id="38" goal_id="150"/>
  <agent start_id="193" goal_id="80"/>
  <agent start_id="159" goal_id="188"/>
  <agent start_id="188" goal_id="99"/>
  <agent start_id="148" goal_id="27"/>
  <agent start_id="121" goal_id="139"/>
  <agent start_id="127" goal_id="103"/>
  <agent start_id="162" goal_id="23"/>
  <agent start_id="11" goal_id="88"/>
  <agent start_id="169" goal_id="58"/>
  <agent start_id="128" goal_id="146"/>
  <agent start_id="29" goal_id="0"/>
  <agent start_id="194" goal_id="62"/>
  <agent start_id="46" goal_id="41"/>
  <agent start_id="54" goal_id="7"/>
</root>
