<?xml version="1.0" ?>
<root>
  <agent start_id="187" goal_id="86"/>
  <agent start_id="7" goal_id="159"/>
  <agent start_id="127" goal_id="24"/>
  <agent start_id="67" goal_id="67"/>
  <agent start_id="105" goal_id="129"/>
  <agent start_id="93" goal_id="115"/>
  <agent start_id="192" goal_id="57"/>
  <agent start_id="40" goal_id="110"/>
  <agent start_id="169" goal_id="108"/>
  <agent start_id="77" goal_id="49"/>
  <agent start_id="43" goal_id="127"/>
  <agent start_id="135" goal_id="109"/>
  <agent start_id="45" goal_id="153"/>
  <agent start_id="193" goal_id="26"/>
  <agent start_id="162" goal_id="68"/>
  <agent start_id="33" goal_id="80"/>
  <agent start_id="188" goal_id="78"/>
  <agent start_id="116" goal_id="187"/>
  <agent start_id="171" goal_id="75"/>
  <agent start_id="18" goal_id="176"/>
  <agent start_id="153" goal_id="116"/>
  <agent start_id="91" goal_id="104"/>
  <agent start_id="1" goal_id="160"/>
  <agent start_id="26" goal_id="28"/>
  <agent start_id="88" goal_id="30"/>
  <agent start_id="94" goal_id="46"/>
  <agent start_id="36" goal_id="157"/>
  <agent start_id="177" goal_id="145"/>
  <agent start_id="13" goal_id="100"/>
  <agent start_id="161" goal_id="99"/>
  <agent start_id="150" goal_id="87"/>
  <agent start_id="3" goal_id="119"/>
  <agent start_id="72" goal_id="132"/>
  <agent start_id="14" goal_id="192"/>
  <agent start_id="63" goal_id="10"/>
  <agent start_id="31" goal_id="22"/>
  <agent start_id="54" goal_id="125"/>
  <agent start_id="120" goal_id="181"/>
  <agent start_id="4" goal_id="174"/>
  <agent start_id="6" goal_id="32"/>
  <agent start_id="138" goal_id="151"/>
  <agent start_id="141" goal_id="155"/>
  <agent start_id="28" goal_id="33"/>
  <agent start_id="64" goal_id="42"/>
  <agent start_id="124" goal_id="34"/>
  <agent start_id="194" goal_id="190"/>
  <agent start_id="32" goal_id="199"/>
  <agent start_id="47" goal_id="9"/>
  <agent start_id="81" goal_id="51"/>
  <agent start_id="62" goal_id="70"/>
</root>
