<?xml version="1.0" ?>
<root>
  <agent start_id="65" goal_id="142"/>
  <agent start_id="196" goal_id="161"/>
  <agent start_id="133" goal_id="27"/>
  <agent start_id="55" goal_id="58"/>
  <agent start_id="32" goal_id="158"/>
  <agent start_id="150" goal_id="119"/>
  <agent start_id="185" goal_id="134"/>
  <agent start_id="130" goal_id="83"/>
  <agent start_id="197" goal_id="97"/>
  <agent start_id="138" goal_id="69"/>
  <agent start_id="142" goal_id="127"/>
  <agent start_id="103" goal_id="187"/>
  <agent start_id="3" goal_id="80"/>
  <agent start_id="190" goal_id="11"/>
  <agent start_id="36" goal_id="121"/>
  <agent start_id="4" goal_id="45"/>
  <agent start_id="173" goal_id="174"/>
  <agent start_id="146" goal_id="155"/>
  <agent start_id="187" goal_id="153"/>
  <agent start_id="68" goal_id="143"/>
  <agent start_id="123" goal_id="73"/>
  <agent start_id="91" goal_id="129"/>
  <agent start_id="154" goal_id="185"/>
  <agent start_id="25" goal_id="35"/>
  <agent start_id="118" goal_id="189"/>
  <agent start_id="66" goal_id="50"/>
  <agent start_id="35" goal_id="152"/>
  <agent start_id="72" goal_id="99"/>
  <agent start_id="93" goal_id="124"/>
  <agent start_id="45" goal_id="169"/>
  <agent start_id="169" goal_id="126"/>
  <agent start_id="77" goal_id="102"/>
  <agent start_id="141" goal_id="191"/>
  <agent start_id="54" goal_id="19"/>
  <agent start_id="60" goal_id="60"/>
  <agent start_id="75" goal_id="7"/>
  <agent start_id="18" goal_id="198"/>
  <agent start_id="148" goal_id="1"/>
  <agent start_id="198" goal_id="176"/>
  <agent start_id="183" goal_id="25"/>
  <agent start_id="17" goal_id="52"/>
  <agent start_id="74" goal_id="22"/>
  <agent start_id="22" goal_id="59"/>
  <agent start_id="152" goal_id="17"/>
  <agent start_id="104" goal_id="109"/>
  <agent start_id="108" goal_id="106"/>
  <agent start_id="42" goal_id="196"/>
  <agent start_id="9" goal_id="103"/>
  <agent start_id="86" goal_id="146"/>
  <agent start_id="124" goal_id="182"/>
</root>
