<?xml version="1.0" ?>
<root>
  <agent start_id="81" goal_id="130"/>
  <agent start_id="111" goal_id="114"/>
  <agent start_id="116" goal_id="31"/>
  <agent start_id="153" goal_id="126"/>
  <agent start_id="83" goal_id="104"/>
  <agent start_id="45" goal_id="175"/>
  <agent start_id="172" goal_id="121"/>
  <agent start_id="62" goal_id="98"/>
  <agent start_id="181" goal_id="50"/>
  <agent start_id="57" goal_id="144"/>
  <agent start_id="154" goal_id="157"/>
  <agent start_id="122" goal_id="199"/>
  <agent start_id="95" goal_id="117"/>
  <agent start_id="87" goal_id="9"/>
  <agent start_id="176" goal_id="42"/>
  <agent start_id="171" goal_id="80"/>
  <agent start_id="109" goal_id="178"/>
  <agent start_id="28" goal_id="67"/>
  <agent start_id="138" goal_id="128"/>
  <agent start_id="11" goal_id="176"/>
  <agent start_id="104" goal_id="90"/>
  <agent start_id="126" goal_id="151"/>
  <agent start_id="65" goal_id="161"/>
  <agent start_id="58" goal_id="192"/>
  <agent start_id="48" goal_id="82"/>
  <agent start_id="136" goal_id="162"/>
  <agent start_id="22" goal_id="58"/>
  <agent start_id="61" goal_id="40"/>
  <agent start_id="115" goal_id="23"/>
  <agent start_id="0" goal_id="180"/>
  <agent start_id="5" goal_id="46"/>
  <agent start_id="151" goal_id="37"/>
  <agent start_id="160" goal_id="89"/>
  <agent start_id="165" goal_id="166"/>
  <agent start_id="169" goal_id="25"/>
  <agent start_id="3" goal_id="27"/>
  <agent start_id="145" goal_id="123"/>
  <agent start_id="16" goal_id="1"/>
  <agent start_id="78" goal_id="34"/>
  <agent start_id="161" goal_id="32"/>
  <agent start_id="9" goal_id="131"/>
  <agent start_id="187" goal_id="73"/>
  <agent start_id="12" goal_id="64"/>
  <agent start_id="73" goal_id="53"/>
  <agent start_id="147" goal_id="7"/>
  <agent start_id="14" goal_id="4"/>
  <agent start_id="150" goal_id="48"/>
  <agent start_id="119" goal_id="44"/>
  <agent start_id="139" goal_id="61"/>
  <agent start_id="80" goal_id="101"/>
</root>
