<?xml version="1.0" ?>
<root>
  <agent start_id="130" goal_id="194"/>
  <agent start_id="114" goal_id="76"/>
  <agent start_id="137" goal_id="190"/>
  <agent start_id="180" goal_id="47"/>
  <agent start_id="102" goal_id="156"/>
  <agent start_id="37" goal_id="196"/>
  <agent start_id="160" goal_id="151"/>
  <agent start_id="175" goal_id="192"/>
  <agent start_id="184" goal_id="77"/>
  <agent start_id="69" goal_id="184"/>
  <agent start_id="135" goal_id="186"/>
  <agent start_id="85" goal_id="30"/>
  <agent start_id="0" goal_id="117"/>
  <agent start_id="87" goal_id="92"/>
  <agent start_id="100" goal_id="40"/>
  <agent start_id="9" goal_id="16"/>
  <agent start_id="74" goal_id="162"/>
  <agent start_id="169" goal_id="26"/>
  <agent start_id="133" goal_id="127"/>
  <agent start_id="40" goal_id="7"/>
  <agent start_id="196" goal_id="107"/>
  <agent start_id="176" goal_id="115"/>
  <agent start_id="163" goal_id="132"/>
  <agent start_id="35" goal_id="50"/>
  <agent start_id="198" goal_id="118"/>
  <agent start_id="154" goal_id="182"/>
  <agent start_id="41" goal_id="70"/>
  <agent start_id="6" goal_id="176"/>
  <agent start_id="71" goal_id="42"/>
  <agent start_id="187" goal_id="138"/>
  <agent start_id="99" goal_id="120"/>
  <agent start_id="152" goal_id="31"/>
  <agent start_id="161" goal_id="61"/>
  <agent start_id="58" goal_id="128"/>
  <agent start_id="111" goal_id="74"/>
  <agent start_id="14" goal_id="45"/>
  <agent start_id="104" goal_id="154"/>
  <agent start_id="77" goal_id="113"/>
  <agent start_id="159" goal_id="125"/>
  <agent start_id="72" goal_id="172"/>
  <agent start_id="121" goal_id="104"/>
  <agent start_id="12" goal_id="52"/>
  <agent start_id="75" goal_id="149"/>
  <agent start_id="127" goal_id="85"/>
  <agent start_id="43" goal_id="108"/>
  <agent start_id="3" goal_id="110"/>
  <agent start_id="101" goal_id="39"/>
  <agent start_id="195" goal_id="68"/>
  <agent start_id="61" goal_id="165"/>
  <agent start_id="46" goal_id="72"/>
</root>
