<?xml version="1.0" ?>
<root>
  <agent start_id="2" goal_id="196"/>
  <agent start_id="172" goal_id="135"/>
  <agent start_id="48" goal_id="166"/>
  <agent start_id="129" goal_id="143"/>
  <agent start_id="31" goal_id="22"/>
  <agent start_id="46" goal_id="56"/>
  <agent start_id="124" goal_id="193"/>
  <agent start_id="177" goal_id="8"/>
  <agent start_id="53" goal_id="13"/>
  <agent start_id="118" goal_id="7"/>
  <agent start_id="64" goal_id="117"/>
  <agent start_id="139" goal_id="104"/>
  <agent start_id="77" goal_id="175"/>
  <agent start_id="5" goal_id="71"/>
  <agent start_id="39" goal_id="126"/>
  <agent start_id="161" goal_id="107"/>
  <agent start_id="135" goal_id="163"/>
  <agent start_id="126" goal_id="15"/>
  <agent start_id="101" goal_id="154"/>
  <agent start_id="123" goal_id="48"/>
  <agent start_id="113" goal_id="131"/>
  <agent start_id="80" goal_id="34"/>
  <agent start_id="96" goal_id="185"/>
  <agent start_id="98" goal_id="138"/>
  <agent start_id="153" goal_id="43"/>
  <agent start_id="180" goal_id="41"/>
  <agent start_id="108" goal_id="172"/>
  <agent start_id="151" goal_id="192"/>
  <agent start_id="41" goal_id="119"/>
  <agent start_id="12" goal_id="106"/>
  <agent start_id="166" goal_id="121"/>
  <agent start_id="107" goal_id="151"/>
  <agent start_id="122" goal_id="52"/>
  <agent start_id="168" goal_id="97"/>
  <agent start_id="156" goal_id="40"/>
  <agent start_id="88" goal_id="189"/>
  <agent start_id="160" goal_id="93"/>
  <agent start_id="36" goal_id="51"/>
  <agent start_id="79" goal_id="112"/>
  <agent start_id="185" goal_id="30"/>
  <agent start_id="197" goal_id="96"/>
  <agent start_id="86" goal_id="62"/>
  <agent start_id="182" goal_id="74"/>
  <agent start_id="33" goal_id="118"/>
  <agent start_id="19" goal_id="128"/>
  <agent start_id="29" goal_id="65"/>
  <agent start_id="158" goal_id="130"/>
  <agent start_id="179" goal_id="164"/>
  <agent start_id="44" goal_id="159"/>
  <agent start_id="163" goal_id="83"/>
</root>
