<?xml version="1.0" encoding="UTF-8"?>
<graphml xmlns="http://graphml.graphdrawing.org/xmlns" xmlns:xsi="http://www.w3.org/2001/XMLSchema-instance" xsi:schemaLocation="http://graphml.graphdrawing.org/xmlns http://graphml.graphdrawing.org/xmlns/1.0/graphml.xsd">
  <key id="key0" for="node" attr.name="coords" attr.type="string" />
  <key id="key1" for="edge" attr.name="weight" attr.type="double" />
  <graph id="G" edgedefault="directed" parse.nodeids="free" parse.edgeids="canonical" parse.order="nodesfirst">
    <node id="n0">
      <data key="key0">0,1</data>
    </node>
    <node id="n1">
      <data key="key0">1,1</data>
    </node>
    <node id="n2">
      <data key="key0">2,1</data>
    </node>
    <node id="n3">
      <data key="key0">3,1</data>
    </node>
    <node id="n4">
      <data key="key0">0.5,0</data>
    </node>
    <node id="n5">
      <data key="key0">2,0</data>
    </node>
    <node id="n6">
      <data key="key0">3,0</data>
    </node>
    <edge id="e0" source="n0" target="n1">
      <data key="key1">1</data>
    </edge>
    <edge id="e1" source="n1" target="n0">
      <data key="key1">1</data>
    </edge>
    <edge id="e2" source="n1" target="n2">
      <data key="key1">1</data>
    </edge>
    <edge id="e3" source="n2" target="n1">
      <data key="key1">1</data>
    </edge>
    <edge id="e4" source="n2" target="n3">
      <data key="key1">1</data>
    </edge>
    <edge id="e5" source="n2" target="n5">
      <data key="key1">1</data>
    </edge>
    <edge id="e6" source="n3" target="n2">
      <data key="key1">1</data>
    </edge>
    <edge id="e7" source="n4" target="n5">
      <data key="key1">1</data>
    </edge>
    <edge id="e8" source="n5" target="n4">
      <data key="key1">1</data>
    </edge>
    <edge id="e9" source="n5" target="n2">
      <data key="key1">1</data>
    </edge>
    <edge id="e10" source="n5" target="n6">
      <data key="key1">1</data>
    </edge>
    <edge id="e11" source="n6" target="n5">
      <data key="key1">1</data>
    </edge>
  </graph>
</graphml>