<?xml version="1.0" ?>
<root>
    <agent start_id="4" goal_id="6"/>
    <agent start_id="5" goal_id="5"/>
    <agent start_id="1" goal_id="3"/>
    <agent start_id="0" goal_id="1"/>
    <log>
        <summary time="0.0010421250000000001" flowtime="9.0000001727212435" makespan="3.0000001008166088"/>
        <agent number="0">
            <path duration="3.0000000719046347">
                <section number="0" start_i="0.5" start_j="0" goal_i="0.5" goal_j="0" duration="0.50000007190463469"/>
                <section number="1" start_i="0.5" start_j="0" goal_i="2" goal_j="0" duration="1.5"/>
                <section number="2" start_i="2" start_j="0" goal_i="3" goal_j="0" duration="1"/>
            </path>
        </agent>
        <agent number="1">
            <path duration="3.0000001008166088">
                <section number="0" start_i="2" start_j="0" goal_i="2" goal_j="0" duration="1.0000000412119618"/>
                <section number="1" start_i="2" start_j="0" goal_i="2" goal_j="1" duration="1"/>
                <section number="2" start_i="2" start_j="1" goal_i="2" goal_j="1" duration="5.9604646995836674e-08"/>
                <section number="3" start_i="2" start_j="1" goal_i="2" goal_j="0" duration="1"/>
            </path>
        </agent>
        <agent number="2">
            <path duration="2">
                <section number="0" start_i="1" start_j="1" goal_i="2" goal_j="1" duration="1"/>
                <section number="1" start_i="2" start_j="1" goal_i="3" goal_j="1" duration="1"/>
            </path>
        </agent>
        <agent number="3">
            <path duration="1">
                <section number="0" start_i="0" start_j="1" goal_i="1" goal_j="1" duration="1"/>
            </path>
        </agent>
    </log>
</root>
