<?xml version="1.0" ?>
<root>
  <agent start_id="189" goal_id="84"/>
  <agent start_id="111" goal_id="191"/>
  <agent start_id="106" goal_id="5"/>
  <agent start_id="118" goal_id="24"/>
  <agent start_id="76" goal_id="3"/>
  <agent start_id="125" goal_id="2"/>
  <agent start_id="71" goal_id="174"/>
  <agent start_id="162" goal_id="192"/>
  <agent start_id="144" goal_id="77"/>
  <agent start_id="89" goal_id="131"/>
  <agent start_id="17" goal_id="176"/>
  <agent start_id="99" goal_id="106"/>
  <agent start_id="181" goal_id="135"/>
  <agent start_id="171" goal_id="150"/>
  <agent start_id="127" goal_id="82"/>
  <agent start_id="87" goal_id="94"/>
  <agent start_id="36" goal_id="96"/>
  <agent start_id="163" goal_id="65"/>
  <agent start_id="58" goal_id="166"/>
  <agent start_id="194" goal_id="79"/>
  <agent start_id="26" goal_id="63"/>
  <agent start_id="176" goal_id="165"/>
  <agent start_id="82" goal_id="6"/>
  <agent start_id="32" goal_id="66"/>
  <agent start_id="34" goal_id="103"/>
  <agent start_id="63" goal_id="178"/>
  <agent start_id="49" goal_id="89"/>
  <agent start_id="93" goal_id="68"/>
  <agent start_id="2" goal_id="169"/>
  <agent start_id="112" goal_id="194"/>
  <agent start_id="174" goal_id="31"/>
  <agent start_id="101" goal_id="26"/>
  <agent start_id="166" goal_id="199"/>
  <agent start_id="92" goal_id="36"/>
  <agent start_id="102" goal_id="111"/>
  <agent start_id="128" goal_id="183"/>
  <agent start_id="29" goal_id="181"/>
  <agent start_id="139" goal_id="37"/>
  <agent start_id="147" goal_id="38"/>
  <agent start_id="172" goal_id="11"/>
  <agent start_id="136" goal_id="132"/>
  <agent start_id="65" goal_id="137"/>
  <agent start_id="3" goal_id="91"/>
  <agent start_id="158" goal_id="197"/>
  <agent start_id="186" goal_id="33"/>
  <agent start_id="103" goal_id="119"/>
  <agent start_id="121" goal_id="139"/>
  <agent start_id="122" goal_id="0"/>
  <agent start_id="188" goal_id="188"/>
  <agent start_id="185" goal_id="56"/>
</root>
