<?xml version="1.0" ?>
<root>
  <agent start_id="78" goal_id="74"/>
  <agent start_id="143" goal_id="188"/>
  <agent start_id="134" goal_id="197"/>
  <agent start_id="185" goal_id="135"/>
  <agent start_id="176" goal_id="180"/>
  <agent start_id="92" goal_id="168"/>
  <agent start_id="191" goal_id="13"/>
  <agent start_id="179" goal_id="72"/>
  <agent start_id="16" goal_id="172"/>
  <agent start_id="153" goal_id="121"/>
  <agent start_id="164" goal_id="22"/>
  <agent start_id="4" goal_id="170"/>
  <agent start_id="51" goal_id="26"/>
  <agent start_id="64" goal_id="48"/>
  <agent start_id="61" goal_id="154"/>
  <agent start_id="34" goal_id="160"/>
  <agent start_id="20" goal_id="10"/>
  <agent start_id="145" goal_id="78"/>
  <agent start_id="55" goal_id="144"/>
  <agent start_id="103" goal_id="195"/>
  <agent start_id="173" goal_id="62"/>
  <agent start_id="87" goal_id="148"/>
  <agent start_id="70" goal_id="153"/>
  <agent start_id="96" goal_id="164"/>
  <agent start_id="58" goal_id="109"/>
  <agent start_id="1" goal_id="93"/>
  <agent start_id="146" goal_id="86"/>
  <agent start_id="32" goal_id="126"/>
  <agent start_id="158" goal_id="60"/>
  <agent start_id="50" goal_id="143"/>
  <agent start_id="88" goal_id="174"/>
  <agent start_id="17" goal_id="29"/>
  <agent start_id="24" goal_id="110"/>
  <agent start_id="127" goal_id="97"/>
  <agent start_id="121" goal_id="182"/>
  <agent start_id="28" goal_id="17"/>
  <agent start_id="129" goal_id="59"/>
  <agent start_id="193" goal_id="16"/>
  <agent start_id="150" goal_id="134"/>
  <agent start_id="116" goal_id="41"/>
  <agent start_id="90" goal_id="47"/>
  <agent start_id="93" goal_id="123"/>
  <agent start_id="73" goal_id="21"/>
  <agent start_id="8" goal_id="50"/>
  <agent start_id="147" goal_id="52"/>
  <agent start_id="114" goal_id="19"/>
  <agent start_id="54" goal_id="173"/>
  <agent start_id="112" goal_id="67"/>
  <agent start_id="12" goal_id="131"/>
  <agent start_id="168" goal_id="95"/>
</root>
