<?xml version="1.0" ?>
<root>
  <agent start_id="92" goal_id="179"/>
  <agent start_id="37" goal_id="28"/>
  <agent start_id="172" goal_id="116"/>
  <agent start_id="107" goal_id="93"/>
  <agent start_id="148" goal_id="175"/>
  <agent start_id="8" goal_id="190"/>
  <agent start_id="199" goal_id="55"/>
  <agent start_id="18" goal_id="122"/>
  <agent start_id="124" goal_id="162"/>
  <agent start_id="158" goal_id="134"/>
  <agent start_id="12" goal_id="184"/>
  <agent start_id="44" goal_id="105"/>
  <agent start_id="137" goal_id="123"/>
  <agent start_id="126" goal_id="19"/>
  <agent start_id="1" goal_id="61"/>
  <agent start_id="73" goal_id="91"/>
  <agent start_id="34" goal_id="65"/>
  <agent start_id="14" goal_id="180"/>
  <agent start_id="134" goal_id="43"/>
  <agent start_id="182" goal_id="187"/>
  <agent start_id="185" goal_id="33"/>
  <agent start_id="106" goal_id="3"/>
  <agent start_id="114" goal_id="18"/>
  <agent start_id="66" goal_id="195"/>
  <agent start_id="120" goal_id="191"/>
  <agent start_id="32" goal_id="66"/>
  <agent start_id="4" goal_id="102"/>
  <agent start_id="50" goal_id="135"/>
  <agent start_id="78" goal_id="173"/>
  <agent start_id="97" goal_id="97"/>
  <agent start_id="188" goal_id="11"/>
  <agent start_id="190" goal_id="137"/>
  <agent start_id="58" goal_id="185"/>
  <agent start_id="175" goal_id="47"/>
  <agent start_id="54" goal_id="48"/>
  <agent start_id="51" goal_id="194"/>
  <agent start_id="84" goal_id="192"/>
  <agent start_id="180" goal_id="104"/>
  <agent start_id="196" goal_id="52"/>
  <agent start_id="53" goal_id="58"/>
  <agent start_id="42" goal_id="34"/>
  <agent start_id="123" goal_id="169"/>
  <agent start_id="166" goal_id="145"/>
  <agent start_id="191" goal_id="160"/>
  <agent start_id="169" goal_id="101"/>
  <agent start_id="101" goal_id="6"/>
  <agent start_id="177" goal_id="50"/>
  <agent start_id="16" goal_id="10"/>
  <agent start_id="110" goal_id="157"/>
  <agent start_id="85" goal_id="189"/>
</root>
