<?xml version="1.0" ?>
<root>
  <agent start_id="172" goal_id="74"/>
  <agent start_id="70" goal_id="197"/>
  <agent start_id="192" goal_id="162"/>
  <agent start_id="1" goal_id="178"/>
  <agent start_id="22" goal_id="146"/>
  <agent start_id="105" goal_id="106"/>
  <agent start_id="68" goal_id="13"/>
  <agent start_id="173" goal_id="5"/>
  <agent start_id="101" goal_id="145"/>
  <agent start_id="37" goal_id="175"/>
  <agent start_id="95" goal_id="115"/>
  <agent start_id="23" goal_id="71"/>
  <agent start_id="90" goal_id="128"/>
  <agent start_id="84" goal_id="159"/>
  <agent start_id="189" goal_id="37"/>
  <agent start_id="194" goal_id="188"/>
  <agent start_id="126" goal_id="62"/>
  <agent start_id="190" goal_id="92"/>
  <agent start_id="91" goal_id="134"/>
  <agent start_id="178" goal_id="78"/>
  <agent start_id="114" goal_id="192"/>
  <agent start_id="35" goal_id="148"/>
  <agent start_id="87" goal_id="57"/>
  <agent start_id="98" goal_id="43"/>
  <agent start_id="108" goal_id="168"/>
  <agent start_id="56" goal_id="19"/>
  <agent start_id="16" goal_id="52"/>
  <agent start_id="138" goal_id="64"/>
  <agent start_id="63" goal_id="29"/>
  <agent start_id="39" goal_id="103"/>
  <agent start_id="143" goal_id="184"/>
  <agent start_id="154" goal_id="132"/>
  <agent start_id="165" goal_id="130"/>
  <agent start_id="180" goal_id="23"/>
  <agent start_id="109" goal_id="68"/>
  <agent start_id="77" goal_id="31"/>
  <agent start_id="150" goal_id="66"/>
  <agent start_id="199" goal_id="156"/>
  <agent start_id="10" goal_id="170"/>
  <agent start_id="120" goal_id="110"/>
  <agent start_id="179" goal_id="38"/>
  <agent start_id="6" goal_id="26"/>
  <agent start_id="49" goal_id="17"/>
  <agent start_id="51" goal_id="186"/>
  <agent start_id="191" goal_id="183"/>
  <agent start_id="8" goal_id="95"/>
  <agent start_id="46" goal_id="116"/>
  <agent start_id="54" goal_id="196"/>
  <agent start_id="140" goal_id="90"/>
  <agent start_id="153" goal_id="157"/>
</root>
