<?xml version="1.0" ?>
<root>
  <agent start_id="10" goal_id="79"/>
  <agent start_id="85" goal_id="108"/>
  <agent start_id="129" goal_id="163"/>
  <agent start_id="117" goal_id="6"/>
  <agent start_id="43" goal_id="76"/>
  <agent start_id="26" goal_id="101"/>
  <agent start_id="141" goal_id="184"/>
  <agent start_id="160" goal_id="10"/>
  <agent start_id="69" goal_id="155"/>
  <agent start_id="66" goal_id="68"/>
  <agent start_id="142" goal_id="90"/>
  <agent start_id="100" goal_id="193"/>
  <agent start_id="143" goal_id="33"/>
  <agent start_id="15" goal_id="80"/>
  <agent start_id="184" goal_id="135"/>
  <agent start_id="79" goal_id="165"/>
  <agent start_id="181" goal_id="17"/>
  <agent start_id="107" goal_id="110"/>
  <agent start_id="96" goal_id="15"/>
  <agent start_id="38" goal_id="127"/>
  <agent start_id="153" goal_id="181"/>
  <agent start_id="170" goal_id="168"/>
  <agent start_id="8" goal_id="102"/>
  <agent start_id="161" goal_id="20"/>
  <agent start_id="111" goal_id="139"/>
  <agent start_id="195" goal_id="117"/>
  <agent start_id="25" goal_id="50"/>
  <agent start_id="36" goal_id="29"/>
  <agent start_id="45" goal_id="61"/>
  <agent start_id="112" goal_id="170"/>
  <agent start_id="139" goal_id="199"/>
  <agent start_id="71" goal_id="185"/>
  <agent start_id="75" goal_id="94"/>
  <agent start_id="193" goal_id="136"/>
  <agent start_id="154" goal_id="2"/>
  <agent start_id="110" goal_id="115"/>
  <agent start_id="126" goal_id="75"/>
  <agent start_id="134" goal_id="45"/>
  <agent start_id="82" goal_id="182"/>
  <agent start_id="137" goal_id="146"/>
  <agent start_id="5" goal_id="167"/>
  <agent start_id="84" goal_id="25"/>
  <agent start_id="115" goal_id="144"/>
  <agent start_id="13" goal_id="151"/>
  <agent start_id="67" goal_id="125"/>
  <agent start_id="152" goal_id="140"/>
  <agent start_id="176" goal_id="63"/>
  <agent start_id="151" goal_id="128"/>
  <agent start_id="6" goal_id="152"/>
  <agent start_id="65" goal_id="12"/>
</root>
