<?xml version="1.0" ?>
<root>
  <agent start_id="186" goal_id="187"/>
  <agent start_id="4" goal_id="176"/>
  <agent start_id="12" goal_id="55"/>
  <agent start_id="148" goal_id="103"/>
  <agent start_id="77" goal_id="98"/>
  <agent start_id="14" goal_id="160"/>
  <agent start_id="115" goal_id="60"/>
  <agent start_id="154" goal_id="41"/>
  <agent start_id="13" goal_id="101"/>
  <agent start_id="178" goal_id="137"/>
  <agent start_id="163" goal_id="154"/>
  <agent start_id="126" goal_id="57"/>
  <agent start_id="36" goal_id="82"/>
  <agent start_id="42" goal_id="91"/>
  <agent start_id="92" goal_id="112"/>
  <agent start_id="20" goal_id="84"/>
  <agent start_id="24" goal_id="184"/>
  <agent start_id="195" goal_id="32"/>
  <agent start_id="1" goal_id="167"/>
  <agent start_id="177" goal_id="68"/>
  <agent start_id="70" goal_id="7"/>
  <agent start_id="182" goal_id="162"/>
  <agent start_id="136" goal_id="189"/>
  <agent start_id="99" goal_id="157"/>
  <agent start_id="0" goal_id="33"/>
  <agent start_id="199" goal_id="34"/>
  <agent start_id="23" goal_id="22"/>
  <agent start_id="100" goal_id="117"/>
  <agent start_id="51" goal_id="0"/>
  <agent start_id="64" goal_id="149"/>
  <agent start_id="27" goal_id="79"/>
  <agent start_id="8" goal_id="168"/>
  <agent start_id="187" goal_id="46"/>
  <agent start_id="139" goal_id="199"/>
  <agent start_id="55" goal_id="129"/>
  <agent start_id="120" goal_id="197"/>
  <agent start_id="191" goal_id="131"/>
  <agent start_id="108" goal_id="28"/>
  <agent start_id="26" goal_id="182"/>
  <agent start_id="153" goal_id="26"/>
  <agent start_id="59" goal_id="130"/>
  <agent start_id="145" goal_id="75"/>
  <agent start_id="43" goal_id="1"/>
  <agent start_id="166" goal_id="86"/>
  <agent start_id="133" goal_id="145"/>
  <agent start_id="18" goal_id="31"/>
  <agent start_id="74" goal_id="5"/>
  <agent start_id="192" goal_id="63"/>
  <agent start_id="167" goal_id="136"/>
  <agent start_id="172" goal_id="134"/>
</root>
