<?xml version="1.0" ?>
<root>
  <agent start_id="199" goal_id="16"/>
  <agent start_id="76" goal_id="91"/>
  <agent start_id="16" goal_id="62"/>
  <agent start_id="121" goal_id="187"/>
  <agent start_id="143" goal_id="198"/>
  <agent start_id="166" goal_id="39"/>
  <agent start_id="61" goal_id="167"/>
  <agent start_id="13" goal_id="157"/>
  <agent start_id="196" goal_id="70"/>
  <agent start_id="103" goal_id="84"/>
  <agent start_id="155" goal_id="156"/>
  <agent start_id="129" goal_id="141"/>
  <agent start_id="3" goal_id="80"/>
  <agent start_id="140" goal_id="133"/>
  <agent start_id="19" goal_id="128"/>
  <agent start_id="134" goal_id="12"/>
  <agent start_id="82" goal_id="165"/>
  <agent start_id="43" goal_id="169"/>
  <agent start_id="46" goal_id="22"/>
  <agent start_id="164" goal_id="123"/>
  <agent start_id="42" goal_id="21"/>
  <agent start_id="59" goal_id="134"/>
  <agent start_id="5" goal_id="20"/>
  <agent start_id="68" goal_id="9"/>
  <agent start_id="55" goal_id="37"/>
  <agent start_id="84" goal_id="35"/>
  <agent start_id="75" goal_id="109"/>
  <agent start_id="57" goal_id="88"/>
  <agent start_id="160" goal_id="69"/>
  <agent start_id="130" goal_id="24"/>
  <agent start_id="98" goal_id="27"/>
  <agent start_id="188" goal_id="5"/>
  <agent start_id="152" goal_id="65"/>
  <agent start_id="34" goal_id="164"/>
  <agent start_id="113" goal_id="153"/>
  <agent start_id="150" goal_id="145"/>
  <agent start_id="184" goal_id="124"/>
  <agent start_id="173" goal_id="194"/>
  <agent start_id="97" goal_id="135"/>
  <agent start_id="17" goal_id="192"/>
  <agent start_id="180" goal_id="182"/>
  <agent start_id="72" goal_id="18"/>
  <agent start_id="23" goal_id="79"/>
  <agent start_id="12" goal_id="112"/>
  <agent start_id="167" goal_id="72"/>
  <agent start_id="151" goal_id="85"/>
  <agent start_id="195" goal_id="100"/>
  <agent start_id="178" goal_id="191"/>
  <agent start_id="137" goal_id="59"/>
  <agent start_id="105" goal_id="90"/>
</root>
