<?xml version="1.0" ?>
<root>
  <agent start_id="188" goal_id="53"/>
  <agent start_id="136" goal_id="118"/>
  <agent start_id="113" goal_id="178"/>
  <agent start_id="196" goal_id="37"/>
  <agent start_id="125" goal_id="46"/>
  <agent start_id="180" goal_id="89"/>
  <agent start_id="9" goal_id="0"/>
  <agent start_id="189" goal_id="32"/>
  <agent start_id="75" goal_id="138"/>
  <agent start_id="11" goal_id="85"/>
  <agent start_id="107" goal_id="18"/>
  <agent start_id="162" goal_id="139"/>
  <agent start_id="53" goal_id="198"/>
  <agent start_id="115" goal_id="61"/>
  <agent start_id="68" goal_id="31"/>
  <agent start_id="178" goal_id="87"/>
  <agent start_id="66" goal_id="90"/>
  <agent start_id="144" goal_id="183"/>
  <agent start_id="25" goal_id="141"/>
  <agent start_id="140" goal_id="105"/>
  <agent start_id="149" goal_id="155"/>
  <agent start_id="186" goal_id="22"/>
  <agent start_id="90" goal_id="45"/>
  <agent start_id="155" goal_id="79"/>
  <agent start_id="15" goal_id="91"/>
  <agent start_id="99" goal_id="134"/>
  <agent start_id="129" goal_id="179"/>
  <agent start_id="92" goal_id="56"/>
  <agent start_id="153" goal_id="14"/>
  <agent start_id="57" goal_id="65"/>
  <agent start_id="6" goal_id="113"/>
  <agent start_id="81" goal_id="72"/>
  <agent start_id="176" goal_id="182"/>
  <agent start_id="34" goal_id="60"/>
  <agent start_id="17" goal_id="101"/>
  <agent start_id="130" goal_id="162"/>
  <agent start_id="170" goal_id="186"/>
  <agent start_id="48" goal_id="102"/>
  <agent start_id="22" goal_id="41"/>
  <agent start_id="142" goal_id="100"/>
  <agent start_id="139" goal_id="71"/>
  <agent start_id="167" goal_id="116"/>
  <agent start_id="19" goal_id="28"/>
  <agent start_id="42" goal_id="133"/>
  <agent start_id="8" goal_id="166"/>
  <agent start_id="65" goal_id="12"/>
  <agent start_id="100" goal_id="195"/>
  <agent start_id="36" goal_id="80"/>
  <agent start_id="83" goal_id="4"/>
  <agent start_id="131" goal_id="3"/>
</root>
