<?xml version="1.0" ?>
<root>
  <agent start_id="87" goal_id="84"/>
  <agent start_id="59" goal_id="123"/>
  <agent start_id="56" goal_id="142"/>
  <agent start_id="98" goal_id="166"/>
  <agent start_id="0" goal_id="91"/>
  <agent start_id="147" goal_id="183"/>
  <agent start_id="116" goal_id="125"/>
  <agent start_id="120" goal_id="15"/>
  <agent start_id="109" goal_id="187"/>
  <agent start_id="72" goal_id="65"/>
  <agent start_id="124" goal_id="41"/>
  <agent start_id="18" goal_id="180"/>
  <agent start_id="54" goal_id="186"/>
  <agent start_id="7" goal_id="167"/>
  <agent start_id="94" goal_id="120"/>
  <agent start_id="168" goal_id="43"/>
  <agent start_id="48" goal_id="83"/>
  <agent start_id="185" goal_id="37"/>
  <agent start_id="184" goal_id="8"/>
  <agent start_id="80" goal_id="78"/>
  <agent start_id="32" goal_id="196"/>
  <agent start_id="40" goal_id="29"/>
  <agent start_id="64" goal_id="111"/>
  <agent start_id="29" goal_id="72"/>
  <agent start_id="61" goal_id="42"/>
  <agent start_id="74" goal_id="179"/>
  <agent start_id="22" goal_id="35"/>
  <agent start_id="84" goal_id="80"/>
  <agent start_id="140" goal_id="26"/>
  <agent start_id="1" goal_id="112"/>
  <agent start_id="148" goal_id="156"/>
  <agent start_id="143" goal_id="56"/>
  <agent start_id="183" goal_id="69"/>
  <agent start_id="85" goal_id="137"/>
  <agent start_id="165" goal_id="191"/>
  <agent start_id="129" goal_id="97"/>
  <agent start_id="83" goal_id="107"/>
  <agent start_id="171" goal_id="103"/>
  <agent start_id="100" goal_id="45"/>
  <agent start_id="179" goal_id="199"/>
  <agent start_id="70" goal_id="54"/>
  <agent start_id="92" goal_id="161"/>
  <agent start_id="198" goal_id="53"/>
  <agent start_id="79" goal_id="12"/>
  <agent start_id="65" goal_id="39"/>
  <agent start_id="133" goal_id="165"/>
  <agent start_id="12" goal_id="3"/>
  <agent start_id="14" goal_id="150"/>
  <agent start_id="43" goal_id="102"/>
  <agent start_id="19" goal_id="151"/>
</root>
