<?xml version="1.0" ?>
<root>
  <agent start_id="79" goal_id="135"/>
  <agent start_id="27" goal_id="143"/>
  <agent start_id="118" goal_id="69"/>
  <agent start_id="64" goal_id="71"/>
  <agent start_id="37" goal_id="152"/>
  <agent start_id="114" goal_id="114"/>
  <agent start_id="57" goal_id="116"/>
  <agent start_id="22" goal_id="19"/>
  <agent start_id="185" goal_id="10"/>
  <agent start_id="14" goal_id="90"/>
  <agent start_id="51" goal_id="176"/>
  <agent start_id="80" goal_id="41"/>
  <agent start_id="112" goal_id="182"/>
  <agent start_id="65" goal_id="188"/>
  <agent start_id="101" goal_id="148"/>
  <agent start_id="190" goal_id="97"/>
  <agent start_id="134" goal_id="118"/>
  <agent start_id="175" goal_id="141"/>
  <agent start_id="100" goal_id="70"/>
  <agent start_id="75" goal_id="17"/>
  <agent start_id="107" goal_id="80"/>
  <agent start_id="89" goal_id="8"/>
  <agent start_id="33" goal_id="74"/>
  <agent start_id="157" goal_id="57"/>
  <agent start_id="183" goal_id="122"/>
  <agent start_id="73" goal_id="146"/>
  <agent start_id="151" goal_id="92"/>
  <agent start_id="76" goal_id="173"/>
  <agent start_id="154" goal_id="197"/>
  <agent start_id="162" goal_id="133"/>
  <agent start_id="62" goal_id="16"/>
  <agent start_id="153" goal_id="166"/>
  <agent start_id="173" goal_id="78"/>
  <agent start_id="167" goal_id="154"/>
  <agent start_id="172" goal_id="158"/>
  <agent start_id="102" goal_id="15"/>
  <agent start_id="49" goal_id="130"/>
  <agent start_id="147" goal_id="82"/>
  <agent start_id="1" goal_id="51"/>
  <agent start_id="166" goal_id="161"/>
  <agent start_id="7" goal_id="79"/>
  <agent start_id="10" goal_id="189"/>
  <agent start_id="71" goal_id="32"/>
  <agent start_id="13" goal_id="147"/>
  <agent start_id="158" goal_id="18"/>
  <agent start_id="120" goal_id="64"/>
  <agent start_id="36" goal_id="45"/>
  <agent start_id="105" goal_id="110"/>
  <agent start_id="137" goal_id="95"/>
  <agent start_id="171" goal_id="129"/>
</root>
