<?xml version="1.0" ?>
<root>
  <agent start_id="38" goal_id="133"/>
  <agent start_id="60" goal_id="18"/>
  <agent start_id="41" goal_id="169"/>
  <agent start_id="124" goal_id="95"/>
  <agent start_id="72" goal_id="158"/>
  <agent start_id="100" goal_id="17"/>
  <agent start_id="97" goal_id="66"/>
  <agent start_id="158" goal_id="132"/>
  <agent start_id="149" goal_id="89"/>
  <agent start_id="143" goal_id="105"/>
  <agent start_id="22" goal_id="181"/>
  <agent start_id="92" goal_id="152"/>
  <agent start_id="7" goal_id="182"/>
  <agent start_id="6" goal_id="73"/>
  <agent start_id="102" goal_id="174"/>
  <agent start_id="17" goal_id="51"/>
  <agent start_id="93" goal_id="97"/>
  <agent start_id="137" goal_id="70"/>
  <agent start_id="71" goal_id="185"/>
  <agent start_id="47" goal_id="60"/>
  <agent start_id="179" goal_id="81"/>
  <agent start_id="128" goal_id="193"/>
  <agent start_id="154" goal_id="184"/>
  <agent start_id="103" goal_id="127"/>
  <agent start_id="175" goal_id="1"/>
  <agent start_id="181" goal_id="45"/>
  <agent start_id="94" goal_id="23"/>
  <agent start_id="198" goal_id="62"/>
  <agent start_id="4" goal_id="187"/>
  <agent start_id="161" goal_id="164"/>
  <agent start_id="146" goal_id="179"/>
  <agent start_id="51" goal_id="26"/>
  <agent start_id="66" goal_id="125"/>
  <agent start_id="115" goal_id="40"/>
  <agent start_id="191" goal_id="77"/>
  <agent start_id="53" goal_id="30"/>
  <agent start_id="45" goal_id="83"/>
  <agent start_id="49" goal_id="32"/>
  <agent start_id="63" goal_id="112"/>
  <agent start_id="15" goal_id="173"/>
  <agent start_id="35" goal_id="94"/>
  <agent start_id="89" goal_id="44"/>
  <agent start_id="152" goal_id="15"/>
  <agent start_id="150" goal_id="16"/>
  <agent start_id="163" goal_id="142"/>
  <agent start_id="178" goal_id="104"/>
  <agent start_id="192" goal_id="115"/>
  <agent start_id="44" goal_id="167"/>
  <agent start_id="177" goal_id="119"/>
  <agent start_id="165" goal_id="111"/>
</root>
