<?xml version="1.0" ?>
<root>
  <agent start_id="173" goal_id="17"/>
  <agent start_id="104" goal_id="188"/>
  <agent start_id="172" goal_id="3"/>
  <agent start_id="198" goal_id="6"/>
  <agent start_id="132" goal_id="167"/>
  <agent start_id="69" goal_id="71"/>
  <agent start_id="193" goal_id="93"/>
  <agent start_id="56" goal_id="47"/>
  <agent start_id="71" goal_id="189"/>
  <agent start_id="46" goal_id="136"/>
  <agent start_id="197" goal_id="94"/>
  <agent start_id="169" goal_id="191"/>
  <agent start_id="14" goal_id="64"/>
  <agent start_id="178" goal_id="177"/>
  <agent start_id="170" goal_id="41"/>
  <agent start_id="74" goal_id="110"/>
  <agent start_id="143" goal_id="38"/>
  <agent start_id="62" goal_id="34"/>
  <agent start_id="105" goal_id="120"/>
  <agent start_id="179" goal_id="28"/>
  <agent start_id="53" goal_id="44"/>
  <agent start_id="118" goal_id="144"/>
  <agent start_id="114" goal_id="91"/>
  <agent start_id="57" goal_id="25"/>
  <agent start_id="45" goal_id="46"/>
  <agent start_id="133" goal_id="192"/>
  <agent start_id="70" goal_id="58"/>
  <agent start_id="137" goal_id="36"/>
  <agent start_id="154" goal_id="100"/>
  <agent start_id="166" goal_id="13"/>
  <agent start_id="49" goal_id="12"/>
  <agent start_id="156" goal_id="53"/>
  <agent start_id="195" goal_id="22"/>
  <agent start_id="160" goal_id="7"/>
  <agent start_id="37" goal_id="90"/>
  <agent start_id="171" goal_id="62"/>
  <agent start_id="88" goal_id="124"/>
  <agent start_id="85" goal_id="24"/>
  <agent start_id="36" goal_id="105"/>
  <agent start_id="189" goal_id="79"/>
  <agent start_id="76" goal_id="66"/>
  <agent start_id="4" goal_id="174"/>
  <agent start_id="185" goal_id="60"/>
  <agent start_id="80" goal_id="161"/>
  <agent start_id="64" goal_id="4"/>
  <agent start_id="73" goal_id="162"/>
  <agent start_id="125" goal_id="128"/>
  <agent start_id="139" goal_id="9"/>
  <agent start_id="78" goal_id="133"/>
  <agent start_id="92" goal_id="49"/>
</root>
