<?xml version="1.0" ?>
<root>
  <agent start_id="6" goal_id="156"/>
  <agent start_id="35" goal_id="190"/>
  <agent start_id="100" goal_id="1"/>
  <agent start_id="67" goal_id="133"/>
  <agent start_id="142" goal_id="36"/>
  <agent start_id="177" goal_id="29"/>
  <agent start_id="169" goal_id="184"/>
  <agent start_id="113" goal_id="101"/>
  <agent start_id="38" goal_id="160"/>
  <agent start_id="123" goal_id="131"/>
  <agent start_id="126" goal_id="87"/>
  <agent start_id="150" goal_id="50"/>
  <agent start_id="28" goal_id="167"/>
  <agent start_id="175" goal_id="172"/>
  <agent start_id="81" goal_id="39"/>
  <agent start_id="72" goal_id="67"/>
  <agent start_id="135" goal_id="60"/>
  <agent start_id="25" goal_id="76"/>
  <agent start_id="13" goal_id="23"/>
  <agent start_id="137" goal_id="182"/>
  <agent start_id="127" goal_id="59"/>
  <agent start_id="16" goal_id="148"/>
  <agent start_id="155" goal_id="74"/>
  <agent start_id="119" goal_id="130"/>
  <agent start_id="121" goal_id="42"/>
  <agent start_id="15" goal_id="185"/>
  <agent start_id="54" goal_id="193"/>
  <agent start_id="4" goal_id="159"/>
  <agent start_id="9" goal_id="35"/>
  <agent start_id="116" goal_id="27"/>
  <agent start_id="160" goal_id="138"/>
  <agent start_id="42" goal_id="106"/>
  <agent start_id="78" goal_id="10"/>
  <agent start_id="94" goal_id="4"/>
  <agent start_id="49" goal_id="122"/>
  <agent start_id="14" goal_id="188"/>
  <agent start_id="11" goal_id="18"/>
  <agent start_id="60" goal_id="16"/>
  <agent start_id="41" goal_id="38"/>
  <agent start_id="176" goal_id="20"/>
  <agent start_id="88" goal_id="170"/>
  <agent start_id="198" goal_id="181"/>
  <agent start_id="184" goal_id="24"/>
  <agent start_id="130" goal_id="137"/>
  <agent start_id="179" goal_id="2"/>
  <agent start_id="44" goal_id="11"/>
  <agent start_id="149" goal_id="149"/>
  <agent start_id="7" goal_id="104"/>
  <agent start_id="52" goal_id="41"/>
  <agent start_id="151" goal_id="134"/>
</root>
