<?xml version="1.0" ?>
<root>
  <agent start_id="180" goal_id="150"/>
  <agent start_id="38" goal_id="63"/>
  <agent start_id="9" goal_id="75"/>
  <agent start_id="42" goal_id="22"/>
  <agent start_id="40" goal_id="133"/>
  <agent start_id="49" goal_id="52"/>
  <agent start_id="144" goal_id="188"/>
  <agent start_id="22" goal_id="84"/>
  <agent start_id="111" goal_id="131"/>
  <agent start_id="136" goal_id="123"/>
  <agent start_id="167" goal_id="121"/>
  <agent start_id="5" goal_id="174"/>
  <agent start_id="172" goal_id="4"/>
  <agent start_id="60" goal_id="92"/>
  <agent start_id="168" goal_id="76"/>
  <agent start_id="179" goal_id="87"/>
  <agent start_id="142" goal_id="169"/>
  <agent start_id="8" goal_id="126"/>
  <agent start_id="20" goal_id="20"/>
  <agent start_id="16" goal_id="173"/>
  <agent start_id="117" goal_id="165"/>
  <agent start_id="97" goal_id="30"/>
  <agent start_id="79" goal_id="130"/>
  <agent start_id="72" goal_id="38"/>
  <agent start_id="18" goal_id="66"/>
  <agent start_id="55" goal_id="35"/>
  <agent start_id="156" goal_id="77"/>
  <agent start_id="63" goal_id="28"/>
  <agent start_id="120" goal_id="134"/>
  <agent start_id="151" goal_id="46"/>
  <agent start_id="45" goal_id="71"/>
  <agent start_id="193" goal_id="58"/>
  <agent start_id="70" goal_id="48"/>
  <agent start_id="15" goal_id="96"/>
  <agent start_id="86" goal_id="50"/>
  <agent start_id="87" goal_id="12"/>
  <agent start_id="113" goal_id="31"/>
  <agent start_id="41" goal_id="105"/>
  <agent start_id="134" goal_id="187"/>
  <agent start_id="124" goal_id="142"/>
  <agent start_id="128" goal_id="21"/>
  <agent start_id="147" goal_id="6"/>
  <agent start_id="61" goal_id="144"/>
  <agent start_id="30" goal_id="109"/>
  <agent start_id="176" goal_id="39"/>
  <agent start_id="129" goal_id="44"/>
  <agent start_id="56" goal_id="145"/>
  <agent start_id="163" goal_id="32"/>
  <agent start_id="27" goal_id="101"/>
  <agent start_id="197" goal_id="25"/>
</root>
