<?xml version="1.0" ?>
<root>
  <agent start_id="136" goal_id="148"/>
  <agent start_id="34" goal_id="157"/>
  <agent start_id="134" goal_id="73"/>
  <agent start_id="125" goal_id="136"/>
  <agent start_id="129" goal_id="103"/>
  <agent start_id="121" goal_id="89"/>
  <agent start_id="23" goal_id="176"/>
  <agent start_id="142" goal_id="145"/>
  <agent start_id="119" goal_id="43"/>
  <agent start_id="128" goal_id="24"/>
  <agent start_id="188" goal_id="119"/>
  <agent start_id="107" goal_id="165"/>
  <agent start_id="48" goal_id="58"/>
  <agent start_id="35" goal_id="105"/>
  <agent start_id="40" goal_id="21"/>
  <agent start_id="195" goal_id="189"/>
  <agent start_id="130" goal_id="15"/>
  <agent start_id="120" goal_id="55"/>
  <agent start_id="3" goal_id="47"/>
  <agent start_id="65" goal_id="31"/>
  <agent start_id="79" goal_id="1"/>
  <agent start_id="74" goal_id="101"/>
  <agent start_id="75" goal_id="98"/>
  <agent start_id="67" goal_id="18"/>
  <agent start_id="145" goal_id="66"/>
  <agent start_id="197" goal_id="82"/>
  <agent start_id="152" goal_id="88"/>
  <agent start_id="171" goal_id="107"/>
  <agent start_id="178" goal_id="71"/>
  <agent start_id="20" goal_id="27"/>
  <agent start_id="9" goal_id="49"/>
  <agent start_id="157" goal_id="110"/>
  <agent start_id="26" goal_id="79"/>
  <agent start_id="144" goal_id="16"/>
  <agent start_id="163" goal_id="154"/>
  <agent start_id="33" goal_id="2"/>
  <agent start_id="95" goal_id="96"/>
  <agent start_id="57" goal_id="135"/>
  <agent start_id="133" goal_id="163"/>
  <agent start_id="27" goal_id="9"/>
  <agent start_id="153" goal_id="114"/>
  <agent start_id="187" goal_id="158"/>
  <agent start_id="44" goal_id="133"/>
  <agent start_id="190" goal_id="164"/>
  <agent start_id="46" goal_id="182"/>
  <agent start_id="69" goal_id="11"/>
  <agent start_id="151" goal_id="169"/>
  <agent start_id="117" goal_id="26"/>
  <agent start_id="109" goal_id="140"/>
  <agent start_id="158" goal_id="159"/>
</root>
