<?xml version="1.0" ?>
<root>
  <agent start_id="60" goal_id="26"/>
  <agent start_id="40" goal_id="58"/>
  <agent start_id="55" goal_id="111"/>
  <agent start_id="144" goal_id="195"/>
  <agent start_id="152" goal_id="198"/>
  <agent start_id="164" goal_id="34"/>
  <agent start_id="166" goal_id="64"/>
  <agent start_id="176" goal_id="42"/>
  <agent start_id="76" goal_id="191"/>
  <agent start_id="107" goal_id="82"/>
  <agent start_id="173" goal_id="187"/>
  <agent start_id="92" goal_id="72"/>
  <agent start_id="93" goal_id="192"/>
  <agent start_id="18" goal_id="185"/>
  <agent start_id="156" goal_id="63"/>
  <agent start_id="83" goal_id="170"/>
  <agent start_id="10" goal_id="15"/>
  <agent start_id="82" goal_id="77"/>
  <agent start_id="77" goal_id="103"/>
  <agent start_id="78" goal_id="40"/>
  <agent start_id="50" goal_id="68"/>
  <agent start_id="159" goal_id="6"/>
  <agent start_id="141" goal_id="188"/>
  <agent start_id="84" goal_id="75"/>
  <agent start_id="58" goal_id="87"/>
  <agent start_id="39" goal_id="55"/>
  <agent start_id="47" goal_id="184"/>
  <agent start_id="161" goal_id="127"/>
  <agent start_id="178" goal_id="114"/>
  <agent start_id="150" goal_id="37"/>
  <agent start_id="114" goal_id="124"/>
  <agent start_id="155" goal_id="98"/>
  <agent start_id="191" goal_id="4"/>
  <agent start_id="52" goal_id="136"/>
  <agent start_id="42" goal_id="0"/>
  <agent start_id="145" goal_id="95"/>
  <agent start_id="136" goal_id="79"/>
  <agent start_id="168" goal_id="71"/>
  <agent start_id="75" goal_id="100"/>
  <agent start_id="5" goal_id="181"/>
  <agent start_id="195" goal_id="173"/>
  <agent start_id="22" goal_id="162"/>
  <agent start_id="182" goal_id="105"/>
  <agent start_id="72" goal_id="146"/>
  <agent start_id="68" goal_id="156"/>
  <agent start_id="100" goal_id="33"/>
  <agent start_id="73" goal_id="66"/>
  <agent start_id="95" goal_id="86"/>
  <agent start_id="171" goal_id="11"/>
  <agent start_id="7" goal_id="118"/>
</root>
