<?xml version="1.0" ?>
<root>
  <agent start_id="90" goal_id="92"/>
  <agent start_id="68" goal_id="123"/>
  <agent start_id="58" goal_id="97"/>
  <agent start_id="84" goal_id="23"/>
  <agent start_id="110" goal_id="194"/>
  <agent start_id="81" goal_id="172"/>
  <agent start_id="76" goal_id="81"/>
  <agent start_id="57" goal_id="186"/>
  <agent start_id="93" goal_id="160"/>
  <agent start_id="119" goal_id="112"/>
  <agent start_id="190" goal_id="38"/>
  <agent start_id="105" goal_id="117"/>
  <agent start_id="50" goal_id="166"/>
  <agent start_id="172" goal_id="158"/>
  <agent start_id="74" goal_id="75"/>
  <agent start_id="63" goal_id="79"/>
  <agent start_id="181" goal_id="131"/>
  <agent start_id="169" goal_id="68"/>
  <agent start_id="61" goal_id="49"/>
  <agent start_id="86" goal_id="69"/>
  <agent start_id="159" goal_id="32"/>
  <agent start_id="3" goal_id="115"/>
  <agent start_id="9" goal_id="105"/>
  <agent start_id="21" goal_id="168"/>
  <agent start_id="33" goal_id="43"/>
  <agent start_id="162" goal_id="130"/>
  <agent start_id="28" goal_id="36"/>
  <agent start_id="156" goal_id="2"/>
  <agent start_id="186" goal_id="60"/>
  <agent start_id="65" goal_id="159"/>
  <agent start_id="66" goal_id="184"/>
  <agent start_id="4" goal_id="197"/>
  <agent start_id="126" goal_id="156"/>
  <agent start_id="139" goal_id="57"/>
  <agent start_id="42" goal_id="80"/>
  <agent start_id="112" goal_id="53"/>
  <agent start_id="133" goal_id="17"/>
  <agent start_id="161" goal_id="19"/>
  <agent start_id="1" goal_id="193"/>
  <agent start_id="144" goal_id="144"/>
  <agent start_id="129" goal_id="121"/>
  <agent start_id="15" goal_id="161"/>
  <agent start_id="177" goal_id="111"/>
  <agent start_id="44" goal_id="59"/>
  <agent start_id="11" goal_id="88"/>
  <agent start_id="194" goal_id="99"/>
  <agent start_id="188" goal_id="124"/>
  <agent start_id="51" goal_id="154"/>
  <agent start_id="153" goal_id="0"/>
  <agent start_id="121" goal_id="104"/>
</root>
