<?xml version="1.0" ?>
<root>
  <agent start_id="176" goal_id="98"/>
  <agent start_id="1" goal_id="180"/>
  <agent start_id="121" goal_id="166"/>
  <agent start_id="62" goal_id="107"/>
  <agent start_id="79" goal_id="171"/>
  <agent start_id="164" goal_id="185"/>
  <agent start_id="40" goal_id="72"/>
  <agent start_id="20" goal_id="129"/>
  <agent start_id="125" goal_id="94"/>
  <agent start_id="75" goal_id="4"/>
  <agent start_id="178" goal_id="159"/>
  <agent start_id="190" goal_id="22"/>
  <agent start_id="50" goal_id="24"/>
  <agent start_id="88" goal_id="44"/>
  <agent start_id="92" goal_id="102"/>
  <agent start_id="8" goal_id="6"/>
  <agent start_id="58" goal_id="153"/>
  <agent start_id="146" goal_id="138"/>
  <agent start_id="199" goal_id="86"/>
  <agent start_id="182" goal_id="191"/>
  <agent start_id="81" goal_id="35"/>
  <agent start_id="153" goal_id="135"/>
  <agent start_id="132" goal_id="161"/>
  <agent start_id="163" goal_id="116"/>
  <agent start_id="47" goal_id="87"/>
  <agent start_id="162" goal_id="19"/>
  <agent start_id="15" goal_id="55"/>
  <agent start_id="155" goal_id="26"/>
  <agent start_id="123" goal_id="100"/>
  <agent start_id="85" goal_id="103"/>
  <agent start_id="161" goal_id="188"/>
  <agent start_id="136" goal_id="77"/>
  <agent start_id="186" goal_id="57"/>
  <agent start_id="37" goal_id="52"/>
  <agent start_id="111" goal_id="51"/>
  <agent start_id="56" goal_id="3"/>
  <agent start_id="27" goal_id="199"/>
  <agent start_id="68" goal_id="189"/>
  <agent start_id="84" goal_id="40"/>
  <agent start_id="154" goal_id="143"/>
  <agent start_id="93" goal_id="168"/>
  <agent start_id="124" goal_id="126"/>
  <agent start_id="13" goal_id="32"/>
  <agent start_id="169" goal_id="41"/>
  <agent start_id="130" goal_id="14"/>
  <agent start_id="71" goal_id="137"/>
  <agent start_id="82" goal_id="16"/>
  <agent start_id="184" goal_id="96"/>
  <agent start_id="83" goal_id="36"/>
  <agent start_id="64" goal_id="10"/>
</root>
