<?xml version="1.0" ?>
<root>
  <agent start_id="195" goal_id="19"/>
  <agent start_id="7" goal_id="20"/>
  <agent start_id="95" goal_id="153"/>
  <agent start_id="116" goal_id="24"/>
  <agent start_id="126" goal_id="85"/>
  <agent start_id="118" goal_id="133"/>
  <agent start_id="192" goal_id="144"/>
  <agent start_id="145" goal_id="78"/>
  <agent start_id="2" goal_id="14"/>
  <agent start_id="60" goal_id="186"/>
  <agent start_id="70" goal_id="163"/>
  <agent start_id="17" goal_id="46"/>
  <agent start_id="57" goal_id="8"/>
  <agent start_id="109" goal_id="105"/>
  <agent start_id="185" goal_id="172"/>
  <agent start_id="120" goal_id="171"/>
  <agent start_id="158" goal_id="191"/>
  <agent start_id="166" goal_id="199"/>
  <agent start_id="121" goal_id="162"/>
  <agent start_id="40" goal_id="124"/>
  <agent start_id="162" goal_id="196"/>
  <agent start_id="149" goal_id="64"/>
  <agent start_id="10" goal_id="168"/>
  <agent start_id="198" goal_id="138"/>
  <agent start_id="22" goal_id="123"/>
  <agent start_id="143" goal_id="92"/>
  <agent start_id="5" goal_id="79"/>
  <agent start_id="148" goal_id="90"/>
  <agent start_id="24" goal_id="21"/>
  <agent start_id="1" goal_id="63"/>
  <agent start_id="52" goal_id="175"/>
  <agent start_id="186" goal_id="100"/>
  <agent start_id="181" goal_id="137"/>
  <agent start_id="88" goal_id="38"/>
  <agent start_id="64" goal_id="96"/>
  <agent start_id="111" goal_id="190"/>
  <agent start_id="51" goal_id="10"/>
  <agent start_id="106" goal_id="115"/>
  <agent start_id="107" goal_id="18"/>
  <agent start_id="174" goal_id="167"/>
  <agent start_id="131" goal_id="59"/>
  <agent start_id="113" goal_id="121"/>
  <agent start_id="47" goal_id="27"/>
  <agent start_id="68" goal_id="104"/>
  <agent start_id="73" goal_id="160"/>
  <agent start_id="28" goal_id="74"/>
  <agent start_id="115" goal_id="135"/>
  <agent start_id="19" goal_id="34"/>
  <agent start_id="45" goal_id="80"/>
  <agent start_id="91" goal_id="53"/>
</root>
