<?xml version="1.0" ?>
<root>
  <agent start_id="193" goal_id="18"/>
  <agent start_id="1" goal_id="52"/>
  <agent start_id="156" goal_id="12"/>
  <agent start_id="38" goal_id="56"/>
  <agent start_id="146" goal_id="83"/>
  <agent start_id="78" goal_id="155"/>
  <agent start_id="163" goal_id="90"/>
  <agent start_id="198" goal_id="120"/>
  <agent start_id="75" goal_id="147"/>
  <agent start_id="65" goal_id="84"/>
  <agent start_id="170" goal_id="158"/>
  <agent start_id="69" goal_id="173"/>
  <agent start_id="2" goal_id="187"/>
  <agent start_id="43" goal_id="74"/>
  <agent start_id="35" goal_id="101"/>
  <agent start_id="142" goal_id="62"/>
  <agent start_id="97" goal_id="88"/>
  <agent start_id="126" goal_id="129"/>
  <agent start_id="33" goal_id="151"/>
  <agent start_id="179" goal_id="162"/>
  <agent start_id="150" goal_id="86"/>
  <agent start_id="79" goal_id="122"/>
  <agent start_id="191" goal_id="190"/>
  <agent start_id="160" goal_id="144"/>
  <agent start_id="90" goal_id="130"/>
  <agent start_id="23" goal_id="24"/>
  <agent start_id="74" goal_id="197"/>
  <agent start_id="26" goal_id="128"/>
  <agent start_id="5" goal_id="132"/>
  <agent start_id="22" goal_id="195"/>
  <agent start_id="37" goal_id="194"/>
  <agent start_id="99" goal_id="35"/>
  <agent start_id="123" goal_id="27"/>
  <agent start_id="181" goal_id="50"/>
  <agent start_id="182" goal_id="58"/>
  <agent start_id="19" goal_id="23"/>
  <agent start_id="82" goal_id="179"/>
  <agent start_id="109" goal_id="142"/>
  <agent start_id="176" goal_id="38"/>
  <agent start_id="68" goal_id="123"/>
  <agent start_id="157" goal_id="37"/>
  <agent start_id="192" goal_id="31"/>
  <agent start_id="30" goal_id="51"/>
  <agent start_id="180" goal_id="64"/>
  <agent start_id="121" goal_id="186"/>
  <agent start_id="10" goal_id="19"/>
  <agent start_id="28" goal_id="176"/>
  <agent start_id="25" goal_id="148"/>
  <agent start_id="14" goal_id="9"/>
  <agent start_id="168" goal_id="133"/>
</root>
