<?xml version="1.0" ?>
<root>
  <agent start_id="54" goal_id="175"/>
  <agent start_id="114" goal_id="7"/>
  <agent start_id="70" goal_id="9"/>
  <agent start_id="191" goal_id="104"/>
  <agent start_id="5" goal_id="71"/>
  <agent start_id="143" goal_id="172"/>
  <agent start_id="151" goal_id="54"/>
  <agent start_id="166" goal_id="188"/>
  <agent start_id="85" goal_id="197"/>
  <agent start_id="145" goal_id="66"/>
  <agent start_id="121" goal_id="5"/>
  <agent start_id="67" goal_id="107"/>
  <agent start_id="118" goal_id="61"/>
  <agent start_id="185" goal_id="38"/>
  <agent start_id="126" goal_id="114"/>
  <agent start_id="162" goal_id="184"/>
  <agent start_id="190" goal_id="178"/>
  <agent start_id="57" goal_id="0"/>
  <agent start_id="45" goal_id="140"/>
  <agent start_id="62" goal_id="159"/>
  <agent start_id="12" goal_id="199"/>
  <agent start_id="98" goal_id="168"/>
  <agent start_id="178" goal_id="39"/>
  <agent start_id="64" goal_id="152"/>
  <agent start_id="131" goal_id="56"/>
  <agent start_id="154" goal_id="51"/>
  <agent start_id="15" goal_id="183"/>
  <agent start_id="3" goal_id="126"/>
  <agent start_id="89" goal_id="89"/>
  <agent start_id="29" goal_id="96"/>
  <agent start_id="18" goal_id="88"/>
  <agent start_id="20" goal_id="25"/>
  <agent start_id="164" goal_id="34"/>
  <agent start_id="49" goal_id="130"/>
  <agent start_id="183" goal_id="190"/>
  <agent start_id="135" goal_id="31"/>
  <agent start_id="99" goal_id="24"/>
  <agent start_id="116" goal_id="181"/>
  <agent start_id="129" goal_id="76"/>
  <agent start_id="87" goal_id="171"/>
  <agent start_id="78" goal_id="142"/>
  <agent start_id="161" goal_id="99"/>
  <agent start_id="120" goal_id="36"/>
  <agent start_id="76" goal_id="113"/>
  <agent start_id="199" goal_id="2"/>
  <agent start_id="13" goal_id="156"/>
  <agent start_id="133" goal_id="157"/>
  <agent start_id="104" goal_id="86"/>
  <agent start_id="46" goal_id="111"/>
  <agent start_id="60" goal_id="26"/>
</root>
