<?xml version="1.0" ?>
<root>
  <agent start_id="127" goal_id="14"/>
  <agent start_id="74" goal_id="192"/>
  <agent start_id="86" goal_id="112"/>
  <agent start_id="121" goal_id="152"/>
  <agent start_id="198" goal_id="199"/>
  <agent start_id="90" goal_id="119"/>
  <agent start_id="172" goal_id="26"/>
  <agent start_id="50" goal_id="146"/>
  <agent start_id="144" goal_id="186"/>
  <agent start_id="117" goal_id="183"/>
  <agent start_id="55" goal_id="37"/>
  <agent start_id="182" goal_id="162"/>
  <agent start_id="135" goal_id="54"/>
  <agent start_id="168" goal_id="88"/>
  <agent start_id="158" goal_id="180"/>
  <agent start_id="34" goal_id="115"/>
  <agent start_id="189" goal_id="20"/>
  <agent start_id="38" goal_id="24"/>
  <agent start_id="157" goal_id="29"/>
  <agent start_id="113" goal_id="133"/>
  <agent start_id="196" goal_id="173"/>
  <agent start_id="63" goal_id="49"/>
  <agent start_id="61" goal_id="140"/>
  <agent start_id="31" goal_id="25"/>
  <agent start_id="110" goal_id="177"/>
  <agent start_id="27" goal_id="117"/>
  <agent start_id="69" goal_id="18"/>
  <agent start_id="136" goal_id="7"/>
  <agent start_id="76" goal_id="157"/>
  <agent start_id="185" goal_id="5"/>
  <agent start_id="37" goal_id="165"/>
  <agent start_id="150" goal_id="59"/>
  <agent start_id="4" goal_id="123"/>
  <agent start_id="32" goal_id="44"/>
  <agent start_id="108" goal_id="109"/>
  <agent start_id="28" goal_id="77"/>
  <agent start_id="77" goal_id="53"/>
  <agent start_id="14" goal_id="82"/>
  <agent start_id="183" goal_id="110"/>
  <agent start_id="166" goal_id="9"/>
  <agent start_id="159" goal_id="12"/>
  <agent start_id="129" goal_id="62"/>
  <agent start_id="81" goal_id="52"/>
  <agent start_id="134" goal_id="197"/>
  <agent start_id="167" goal_id="141"/>
  <agent start_id="187" goal_id="169"/>
  <agent start_id="16" goal_id="27"/>
  <agent start_id="155" goal_id="98"/>
  <agent start_id="8" goal_id="103"/>
  <agent start_id="84" goal_id="155"/>
</root>
