<?xml version="1.0" ?>
<root>
  <agent start_id="41" goal_id="20"/>
  <agent start_id="113" goal_id="70"/>
  <agent start_id="178" goal_id="51"/>
  <agent start_id="133" goal_id="15"/>
  <agent start_id="52" goal_id="175"/>
  <agent start_id="184" goal_id="143"/>
  <agent start_id="68" goal_id="25"/>
  <agent start_id="150" goal_id="115"/>
  <agent start_id="34" goal_id="10"/>
  <agent start_id="164" goal_id="193"/>
  <agent start_id="196" goal_id="41"/>
  <agent start_id="69" goal_id="152"/>
  <agent start_id="63" goal_id="199"/>
  <agent start_id="74" goal_id="182"/>
  <agent start_id="14" goal_id="48"/>
  <agent start_id="90" goal_id="153"/>
  <agent start_id="140" goal_id="114"/>
  <agent start_id="104" goal_id="186"/>
  <agent start_id="131" goal_id="102"/>
  <agent start_id="95" goal_id="91"/>
  <agent start_id="45" goal_id="9"/>
  <agent start_id="91" goal_id="112"/>
  <agent start_id="107" goal_id="35"/>
  <agent start_id="165" goal_id="65"/>
  <agent start_id="182" goal_id="96"/>
  <agent start_id="57" goal_id="52"/>
  <agent start_id="118" goal_id="0"/>
  <agent start_id="19" goal_id="38"/>
  <agent start_id="173" goal_id="4"/>
  <agent start_id="37" goal_id="129"/>
  <agent start_id="172" goal_id="192"/>
  <agent start_id="126" goal_id="83"/>
  <agent start_id="121" goal_id="45"/>
  <agent start_id="47" goal_id="33"/>
  <agent start_id="167" goal_id="167"/>
  <agent start_id="24" goal_id="103"/>
  <agent start_id="8" goal_id="117"/>
  <agent start_id="175" goal_id="18"/>
  <agent start_id="166" goal_id="62"/>
  <agent start_id="117" goal_id="106"/>
  <agent start_id="22" goal_id="151"/>
  <agent start_id="89" goal_id="140"/>
  <agent start_id="191" goal_id="162"/>
  <agent start_id="43" goal_id="121"/>
  <agent start_id="79" goal_id="57"/>
  <agent start_id="4" goal_id="17"/>
  <agent start_id="159" goal_id="43"/>
  <agent start_id="180" goal_id="14"/>
  <agent start_id="25" goal_id="107"/>
  <agent start_id="170" goal_id="135"/>
</root>
