<?xml version="1.0" ?>
<root>
  <agent start_id="69" goal_id="40"/>
  <agent start_id="37" goal_id="150"/>
  <agent start_id="75" goal_id="68"/>
  <agent start_id="97" goal_id="81"/>
  <agent start_id="22" goal_id="142"/>
  <agent start_id="105" goal_id="105"/>
  <agent start_id="82" goal_id="16"/>
  <agent start_id="0" goal_id="165"/>
  <agent start_id="45" goal_id="154"/>
  <agent start_id="124" goal_id="104"/>
  <agent start_id="42" goal_id="9"/>
  <agent start_id="196" goal_id="124"/>
  <agent start_id="189" goal_id="2"/>
  <agent start_id="181" goal_id="24"/>
  <agent start_id="162" goal_id="93"/>
  <agent start_id="40" goal_id="143"/>
  <agent start_id="27" goal_id="87"/>
  <agent start_id="95" goal_id="85"/>
  <agent start_id="160" goal_id="33"/>
  <agent start_id="121" goal_id="192"/>
  <agent start_id="192" goal_id="38"/>
  <agent start_id="195" goal_id="106"/>
  <agent start_id="183" goal_id="166"/>
  <agent start_id="73" goal_id="160"/>
  <agent start_id="19" goal_id="46"/>
  <agent start_id="15" goal_id="43"/>
  <agent start_id="78" goal_id="62"/>
  <agent start_id="89" goal_id="198"/>
  <agent start_id="157" goal_id="128"/>
  <agent start_id="39" goal_id="6"/>
  <agent start_id="13" goal_id="173"/>
  <agent start_id="179" goal_id="149"/>
  <agent start_id="123" goal_id="117"/>
  <agent start_id="182" goal_id="25"/>
  <agent start_id="53" goal_id="119"/>
  <agent start_id="104" goal_id="65"/>
  <agent start_id="11" goal_id="191"/>
  <agent start_id="187" goal_id="199"/>
  <agent start_id="94" goal_id="138"/>
  <agent start_id="151" goal_id="7"/>
  <agent start_id="110" goal_id="147"/>
  <agent start_id="92" goal_id="19"/>
  <agent start_id="20" goal_id="76"/>
  <agent start_id="52" goal_id="79"/>
  <agent start_id="167" goal_id="30"/>
  <agent start_id="91" goal_id="107"/>
  <agent start_id="111" goal_id="122"/>
  <agent start_id="168" goal_id="167"/>
  <agent start_id="98" goal_id="131"/>
  <agent start_id="115" goal_id="53"/>
</root>
