<?xml version="1.0" ?>
<root>
  <agent start_id="89" goal_id="190"/>
  <agent start_id="90" goal_id="116"/>
  <agent start_id="133" goal_id="102"/>
  <agent start_id="87" goal_id="54"/>
  <agent start_id="76" goal_id="134"/>
  <agent start_id="150" goal_id="17"/>
  <agent start_id="140" goal_id="197"/>
  <agent start_id="54" goal_id="195"/>
  <agent start_id="170" goal_id="105"/>
  <agent start_id="126" goal_id="126"/>
  <agent start_id="40" goal_id="145"/>
  <agent start_id="180" goal_id="168"/>
  <agent start_id="69" goal_id="93"/>
  <agent start_id="57" goal_id="6"/>
  <agent start_id="71" goal_id="147"/>
  <agent start_id="107" goal_id="193"/>
  <agent start_id="189" goal_id="75"/>
  <agent start_id="64" goal_id="11"/>
  <agent start_id="35" goal_id="153"/>
  <agent start_id="191" goal_id="42"/>
  <agent start_id="11" goal_id="162"/>
  <agent start_id="26" goal_id="108"/>
  <agent start_id="144" goal_id="61"/>
  <agent start_id="175" goal_id="159"/>
  <agent start_id="95" goal_id="84"/>
  <agent start_id="182" goal_id="143"/>
  <agent start_id="152" goal_id="140"/>
  <agent start_id="48" goal_id="177"/>
  <agent start_id="30" goal_id="27"/>
  <agent start_id="173" goal_id="62"/>
  <agent start_id="118" goal_id="4"/>
  <agent start_id="58" goal_id="33"/>
  <agent start_id="73" goal_id="67"/>
  <agent start_id="135" goal_id="112"/>
  <agent start_id="199" goal_id="96"/>
  <agent start_id="43" goal_id="156"/>
  <agent start_id="46" goal_id="87"/>
  <agent start_id="195" goal_id="39"/>
  <agent start_id="147" goal_id="100"/>
  <agent start_id="21" goal_id="184"/>
  <agent start_id="196" goal_id="85"/>
  <agent start_id="9" goal_id="165"/>
  <agent start_id="2" goal_id="68"/>
  <agent start_id="145" goal_id="31"/>
  <agent start_id="117" goal_id="37"/>
  <agent start_id="190" goal_id="22"/>
  <agent start_id="192" goal_id="137"/>
  <agent start_id="0" goal_id="171"/>
  <agent start_id="96" goal_id="8"/>
  <agent start_id="79" goal_id="82"/>
</root>
