<?xml version="1.0" ?>
<root>
  <agent start_id="144" goal_id="168"/>
  <agent start_id="83" goal_id="137"/>
  <agent start_id="20" goal_id="85"/>
  <agent start_id="57" goal_id="76"/>
  <agent start_id="14" goal_id="128"/>
  <agent start_id="134" goal_id="63"/>
  <agent start_id="75" goal_id="92"/>
  <agent start_id="46" goal_id="189"/>
  <agent start_id="115" goal_id="9"/>
  <agent start_id="163" goal_id="176"/>
  <agent start_id="92" goal_id="21"/>
  <agent start_id="167" goal_id="66"/>
  <agent start_id="121" goal_id="82"/>
  <agent start_id="4" goal_id="64"/>
  <agent start_id="155" goal_id="112"/>
  <agent start_id="126" goal_id="173"/>
  <agent start_id="68" goal_id="32"/>
  <agent start_id="11" goal_id="167"/>
  <agent start_id="71" goal_id="10"/>
  <agent start_id="101" goal_id="78"/>
  <agent start_id="196" goal_id="96"/>
  <agent start_id="194" goal_id="48"/>
  <agent start_id="112" goal_id="186"/>
  <agent start_id="147" goal_id="75"/>
  <agent start_id="199" goal_id="192"/>
  <agent start_id="99" goal_id="104"/>
  <agent start_id="55" goal_id="115"/>
  <agent start_id="72" goal_id="43"/>
  <agent start_id="25" goal_id="153"/>
  <agent start_id="198" goal_id="28"/>
  <agent start_id="107" goal_id="107"/>
  <agent start_id="87" goal_id="44"/>
  <agent start_id="88" goal_id="109"/>
  <agent start_id="168" goal_id="57"/>
  <agent start_id="67" goal_id="89"/>
  <agent start_id="95" goal_id="150"/>
  <agent start_id="103" goal_id="146"/>
  <agent start_id="108" goal_id="52"/>
  <agent start_id="5" goal_id="102"/>
  <agent start_id="45" goal_id="183"/>
  <agent start_id="58" goal_id="159"/>
  <agent start_id="170" goal_id="164"/>
  <agent start_id="93" goal_id="116"/>
  <agent start_id="27" goal_id="170"/>
  <agent start_id="161" goal_id="61"/>
  <agent start_id="183" goal_id="100"/>
  <agent start_id="41" goal_id="180"/>
  <agent start_id="191" goal_id="0"/>
  <agent start_id="39" goal_id="12"/>
  <agent start_id="148" goal_id="113"/>
</root>
