<?xml version="1.0" ?>
<root>
  <agent start_id="22" goal_id="65"/>
  <agent start_id="52" goal_id="168"/>
  <agent start_id="155" goal_id="55"/>
  <agent start_id="144" goal_id="86"/>
  <agent start_id="162" goal_id="28"/>
  <agent start_id="27" goal_id="61"/>
  <agent start_id="54" goal_id="24"/>
  <agent start_id="159" goal_id="161"/>
  <agent start_id="72" goal_id="157"/>
  <agent start_id="137" goal_id="0"/>
  <agent start_id="62" goal_id="153"/>
  <agent start_id="94" goal_id="195"/>
  <agent start_id="145" goal_id="51"/>
  <agent start_id="103" goal_id="43"/>
  <agent start_id="29" goal_id="84"/>
  <agent start_id="34" goal_id="103"/>
  <agent start_id="56" goal_id="151"/>
  <agent start_id="127" goal_id="196"/>
  <agent start_id="182" goal_id="12"/>
  <agent start_id="36" goal_id="177"/>
  <agent start_id="71" goal_id="62"/>
  <agent start_id="13" goal_id="58"/>
  <agent start_id="170" goal_id="189"/>
  <agent start_id="160" goal_id="108"/>
  <agent start_id="31" goal_id="10"/>
  <agent start_id="85" goal_id="146"/>
  <agent start_id="116" goal_id="164"/>
  <agent start_id="150" goal_id="184"/>
  <agent start_id="154" goal_id="97"/>
  <agent start_id="163" goal_id="73"/>
  <agent start_id="63" goal_id="100"/>
  <agent start_id="168" goal_id="30"/>
  <agent start_id="9" goal_id="191"/>
  <agent start_id="121" goal_id="71"/>
  <agent start_id="89" goal_id="112"/>
  <agent start_id="132" goal_id="178"/>
  <agent start_id="48" goal_id="160"/>
  <agent start_id="17" goal_id="66"/>
  <agent start_id="169" goal_id="17"/>
  <agent start_id="195" goal_id="44"/>
  <agent start_id="14" goal_id="95"/>
  <agent start_id="86" goal_id="165"/>
  <agent start_id="172" goal_id="36"/>
  <agent start_id="181" goal_id="155"/>
  <agent start_id="185" goal_id="26"/>
  <agent start_id="120" goal_id="125"/>
  <agent start_id="165" goal_id="170"/>
  <agent start_id="113" goal_id="127"/>
  <agent start_id="135" goal_id="3"/>
  <agent start_id="197" goal_id="126"/>
</root>
