<?xml version="1.0" ?>
<root>
  <agent start_id="134" goal_id="2"/>
  <agent start_id="169" goal_id="167"/>
  <agent start_id="150" goal_id="59"/>
  <agent start_id="89" goal_id="132"/>
  <agent start_id="117" goal_id="136"/>
  <agent start_id="105" goal_id="161"/>
  <agent start_id="160" goal_id="41"/>
  <agent start_id="23" goal_id="107"/>
  <agent start_id="39" goal_id="16"/>
  <agent start_id="0" goal_id="157"/>
  <agent start_id="7" goal_id="126"/>
  <agent start_id="55" goal_id="114"/>
  <agent start_id="95" goal_id="47"/>
  <agent start_id="45" goal_id="130"/>
  <agent start_id="101" goal_id="124"/>
  <agent start_id="53" goal_id="147"/>
  <agent start_id="56" goal_id="63"/>
  <agent start_id="124" goal_id="86"/>
  <agent start_id="10" goal_id="153"/>
  <agent start_id="186" goal_id="9"/>
  <agent start_id="183" goal_id="197"/>
  <agent start_id="79" goal_id="97"/>
  <agent start_id="196" goal_id="23"/>
  <agent start_id="12" goal_id="145"/>
  <agent start_id="171" goal_id="55"/>
  <agent start_id="133" goal_id="183"/>
  <agent start_id="184" goal_id="4"/>
  <agent start_id="131" goal_id="52"/>
  <agent start_id="28" goal_id="19"/>
  <agent start_id="162" goal_id="80"/>
  <agent start_id="125" goal_id="89"/>
  <agent start_id="178" goal_id="148"/>
  <agent start_id="43" goal_id="71"/>
  <agent start_id="40" goal_id="98"/>
  <agent start_id="21" goal_id="151"/>
  <agent start_id="77" goal_id="120"/>
  <agent start_id="188" goal_id="26"/>
  <agent start_id="110" goal_id="96"/>
  <agent start_id="180" goal_id="43"/>
  <agent start_id="193" goal_id="102"/>
  <agent start_id="51" goal_id="190"/>
  <agent start_id="167" goal_id="195"/>
  <agent start_id="83" goal_id="7"/>
  <agent start_id="17" goal_id="24"/>
  <agent start_id="112" goal_id="187"/>
  <agent start_id="14" goal_id="160"/>
  <agent start_id="36" goal_id="40"/>
  <agent start_id="67" goal_id="5"/>
  <agent start_id="27" goal_id="192"/>
  <agent start_id="99" goal_id="140"/>
</root>
