<?xml version="1.0" ?>
<root>
  <agent start_id="122" goal_id="173"/>
  <agent start_id="78" goal_id="38"/>
  <agent start_id="133" goal_id="164"/>
  <agent start_id="116" goal_id="144"/>
  <agent start_id="59" goal_id="145"/>
  <agent start_id="185" goal_id="82"/>
  <agent start_id="62" goal_id="172"/>
  <agent start_id="154" goal_id="17"/>
  <agent start_id="17" goal_id="127"/>
  <agent start_id="11" goal_id="43"/>
  <agent start_id="168" goal_id="130"/>
  <agent start_id="199" goal_id="84"/>
  <agent start_id="97" goal_id="104"/>
  <agent start_id="20" goal_id="97"/>
  <agent start_id="176" goal_id="126"/>
  <agent start_id="170" goal_id="177"/>
  <agent start_id="47" goal_id="96"/>
  <agent start_id="12" goal_id="83"/>
  <agent start_id="25" goal_id="199"/>
  <agent start_id="159" goal_id="70"/>
  <agent start_id="13" goal_id="34"/>
  <agent start_id="113" goal_id="189"/>
  <agent start_id="130" goal_id="165"/>
  <agent start_id="63" goal_id="169"/>
  <agent start_id="53" goal_id="194"/>
  <agent start_id="124" goal_id="161"/>
  <agent start_id="164" goal_id="79"/>
  <agent start_id="14" goal_id="137"/>
  <agent start_id="108" goal_id="58"/>
  <agent start_id="186" goal_id="140"/>
  <agent start_id="98" goal_id="88"/>
  <agent start_id="10" goal_id="192"/>
  <agent start_id="150" goal_id="114"/>
  <agent start_id="5" goal_id="80"/>
  <agent start_id="37" goal_id="195"/>
  <agent start_id="143" goal_id="134"/>
  <agent start_id="6" goal_id="65"/>
  <agent start_id="129" goal_id="44"/>
  <agent start_id="94" goal_id="170"/>
  <agent start_id="115" goal_id="57"/>
  <agent start_id="191" goal_id="42"/>
  <agent start_id="167" goal_id="185"/>
  <agent start_id="141" goal_id="29"/>
  <agent start_id="90" goal_id="78"/>
  <agent start_id="158" goal_id="5"/>
  <agent start_id="179" goal_id="4"/>
  <agent start_id="32" goal_id="118"/>
  <agent start_id="60" goal_id="151"/>
  <agent start_id="148" goal_id="48"/>
  <agent start_id="147" goal_id="191"/>
</root>
