<?xml version="1.0" ?>
<root>
  <agent start_id="157" goal_id="9"/>
  <agent start_id="46" goal_id="28"/>
  <agent start_id="84" goal_id="26"/>
  <agent start_id="61" goal_id="167"/>
  <agent start_id="124" goal_id="135"/>
  <agent start_id="19" goal_id="179"/>
  <agent start_id="44" goal_id="112"/>
  <agent start_id="35" goal_id="74"/>
  <agent start_id="79" goal_id="0"/>
  <agent start_id="152" goal_id="69"/>
  <agent start_id="18" goal_id="169"/>
  <agent start_id="53" goal_id="90"/>
  <agent start_id="93" goal_id="148"/>
  <agent start_id="141" goal_id="87"/>
  <agent start_id="130" goal_id="80"/>
  <agent start_id="135" goal_id="23"/>
  <agent start_id="23" goal_id="173"/>
  <agent start_id="107" goal_id="99"/>
  <agent start_id="80" goal_id="36"/>
  <agent start_id="111" goal_id="21"/>
  <agent start_id="75" goal_id="138"/>
  <agent start_id="15" goal_id="42"/>
  <agent start_id="131" goal_id="34"/>
  <agent start_id="160" goal_id="198"/>
  <agent start_id="183" goal_id="17"/>
  <agent start_id="181" goal_id="165"/>
  <agent start_id="45" goal_id="117"/>
  <agent start_id="62" goal_id="137"/>
  <agent start_id="109" goal_id="51"/>
  <agent start_id="41" goal_id="79"/>
  <agent start_id="169" goal_id="196"/>
  <agent start_id="6" goal_id="171"/>
  <agent start_id="144" goal_id="103"/>
  <agent start_id="11" goal_id="127"/>
  <agent start_id="180" goal_id="5"/>
  <agent start_id="103" goal_id="120"/>
  <agent start_id="154" goal_id="126"/>
  <agent start_id="168" goal_id="68"/>
  <agent start_id="50" goal_id="65"/>
  <agent start_id="13" goal_id="39"/>
  <agent start_id="146" goal_id="61"/>
  <agent start_id="125" goal_id="96"/>
  <agent start_id="74" goal_id="67"/>
  <agent start_id="199" goal_id="91"/>
  <agent start_id="136" goal_id="37"/>
  <agent start_id="191" goal_id="175"/>
  <agent start_id="5" goal_id="154"/>
  <agent start_id="158" goal_id="183"/>
  <agent start_id="72" goal_id="50"/>
  <agent start_id="40" goal_id="130"/>
</root>
