<?xml version="1.0" ?>
<root>
  <agent start_id="45" goal_id="165"/>
  <agent start_id="192" goal_id="166"/>
  <agent start_id="71" goal_id="42"/>
  <agent start_id="178" goal_id="176"/>
  <agent start_id="153" goal_id="51"/>
  <agent start_id="163" goal_id="25"/>
  <agent start_id="102" goal_id="33"/>
  <agent start_id="184" goal_id="8"/>
  <agent start_id="28" goal_id="31"/>
  <agent start_id="44" goal_id="55"/>
  <agent start_id="38" goal_id="16"/>
  <agent start_id="137" goal_id="155"/>
  <agent start_id="60" goal_id="38"/>
  <agent start_id="76" goal_id="183"/>
  <agent start_id="32" goal_id="107"/>
  <agent start_id="141" goal_id="144"/>
  <agent start_id="21" goal_id="34"/>
  <agent start_id="63" goal_id="123"/>
  <agent start_id="154" goal_id="65"/>
  <agent start_id="152" goal_id="178"/>
  <agent start_id="105" goal_id="169"/>
  <agent start_id="118" goal_id="189"/>
  <agent start_id="111" goal_id="190"/>
  <agent start_id="173" goal_id="126"/>
  <agent start_id="167" goal_id="103"/>
  <agent start_id="36" goal_id="193"/>
  <agent start_id="123" goal_id="56"/>
  <agent start_id="151" goal_id="96"/>
  <agent start_id="12" goal_id="71"/>
  <agent start_id="116" goal_id="40"/>
  <agent start_id="33" goal_id="80"/>
  <agent start_id="57" goal_id="170"/>
  <agent start_id="169" goal_id="128"/>
  <agent start_id="157" goal_id="109"/>
  <agent start_id="23" goal_id="175"/>
  <agent start_id="18" goal_id="198"/>
  <agent start_id="197" goal_id="132"/>
  <agent start_id="92" goal_id="95"/>
  <agent start_id="10" goal_id="41"/>
  <agent start_id="88" goal_id="127"/>
  <agent start_id="13" goal_id="78"/>
  <agent start_id="108" goal_id="122"/>
  <agent start_id="142" goal_id="85"/>
  <agent start_id="20" goal_id="18"/>
  <agent start_id="180" goal_id="154"/>
  <agent start_id="82" goal_id="148"/>
  <agent start_id="114" goal_id="99"/>
  <agent start_id="183" goal_id="12"/>
  <agent start_id="64" goal_id="43"/>
  <agent start_id="98" goal_id="114"/>
</root>
