<?xml version="1.0" ?>
<root>
  <agent start_id="90" goal_id="135"/>
  <agent start_id="98" goal_id="192"/>
  <agent start_id="1" goal_id="47"/>
  <agent start_id="85" goal_id="174"/>
  <agent start_id="48" goal_id="137"/>
  <agent start_id="0" goal_id="69"/>
  <agent start_id="127" goal_id="82"/>
  <agent start_id="30" goal_id="34"/>
  <agent start_id="6" goal_id="93"/>
  <agent start_id="130" goal_id="161"/>
  <agent start_id="196" goal_id="124"/>
  <agent start_id="89" goal_id="151"/>
  <agent start_id="186" goal_id="195"/>
  <agent start_id="170" goal_id="6"/>
  <agent start_id="191" goal_id="100"/>
  <agent start_id="32" goal_id="159"/>
  <agent start_id="99" goal_id="163"/>
  <agent start_id="178" goal_id="142"/>
  <agent start_id="110" goal_id="184"/>
  <agent start_id="9" goal_id="98"/>
  <agent start_id="11" goal_id="37"/>
  <agent start_id="128" goal_id="51"/>
  <agent start_id="76" goal_id="54"/>
  <agent start_id="58" goal_id="35"/>
  <agent start_id="144" goal_id="7"/>
  <agent start_id="40" goal_id="169"/>
  <agent start_id="25" goal_id="48"/>
  <agent start_id="52" goal_id="73"/>
  <agent start_id="107" goal_id="32"/>
  <agent start_id="82" goal_id="111"/>
  <agent start_id="23" goal_id="40"/>
  <agent start_id="157" goal_id="30"/>
  <agent start_id="95" goal_id="8"/>
  <agent start_id="116" goal_id="162"/>
  <agent start_id="184" goal_id="106"/>
  <agent start_id="118" goal_id="139"/>
  <agent start_id="159" goal_id="89"/>
  <agent start_id="106" goal_id="112"/>
  <agent start_id="93" goal_id="130"/>
  <agent start_id="42" goal_id="56"/>
  <agent start_id="154" goal_id="196"/>
  <agent start_id="18" goal_id="140"/>
  <agent start_id="14" goal_id="168"/>
  <agent start_id="187" goal_id="143"/>
  <agent start_id="77" goal_id="83"/>
  <agent start_id="125" goal_id="186"/>
  <agent start_id="43" goal_id="190"/>
  <agent start_id="19" goal_id="170"/>
  <agent start_id="35" goal_id="108"/>
  <agent start_id="16" goal_id="149"/>
</root>
