<?xml version="1.0" ?>
<root>
  <agent start_id="153" goal_id="175"/>
  <agent start_id="118" goal_id="79"/>
  <agent start_id="150" goal_id="181"/>
  <agent start_id="123" goal_id="41"/>
  <agent start_id="71" goal_id="172"/>
  <agent start_id="90" goal_id="133"/>
  <agent start_id="184" goal_id="36"/>
  <agent start_id="33" goal_id="127"/>
  <agent start_id="32" goal_id="183"/>
  <agent start_id="180" goal_id="134"/>
  <agent start_id="185" goal_id="97"/>
  <agent start_id="148" goal_id="13"/>
  <agent start_id="130" goal_id="166"/>
  <agent start_id="47" goal_id="32"/>
  <agent start_id="140" goal_id="149"/>
  <agent start_id="4" goal_id="105"/>
  <agent start_id="198" goal_id="160"/>
  <agent start_id="183" goal_id="115"/>
  <agent start_id="188" goal_id="73"/>
  <agent start_id="85" goal_id="61"/>
  <agent start_id="103" goal_id="18"/>
  <agent start_id="171" goal_id="65"/>
  <agent start_id="48" goal_id="138"/>
  <agent start_id="8" goal_id="130"/>
  <agent start_id="1" goal_id="57"/>
  <agent start_id="159" goal_id="187"/>
  <agent start_id="154" goal_id="8"/>
  <agent start_id="87" goal_id="96"/>
  <agent start_id="101" goal_id="184"/>
  <agent start_id="138" goal_id="83"/>
  <agent start_id="94" goal_id="76"/>
  <agent start_id="30" goal_id="151"/>
  <agent start_id="50" goal_id="99"/>
  <agent start_id="149" goal_id="171"/>
  <agent start_id="65" goal_id="148"/>
  <agent start_id="116" goal_id="38"/>
  <agent start_id="152" goal_id="199"/>
  <agent start_id="168" goal_id="136"/>
  <agent start_id="146" goal_id="10"/>
  <agent start_id="178" goal_id="23"/>
  <agent start_id="35" goal_id="86"/>
  <agent start_id="151" goal_id="154"/>
  <agent start_id="13" goal_id="70"/>
  <agent start_id="111" goal_id="141"/>
  <agent start_id="5" goal_id="51"/>
  <agent start_id="40" goal_id="101"/>
  <agent start_id="100" goal_id="159"/>
  <agent start_id="15" goal_id="156"/>
  <agent start_id="195" goal_id="4"/>
  <agent start_id="82" goal_id="197"/>
</root>
