<?xml version="1.0" ?>
<root>
  <agent start_id="181" goal_id="172"/>
  <agent start_id="115" goal_id="177"/>
  <agent start_id="79" goal_id="182"/>
  <agent start_id="183" goal_id="103"/>
  <agent start_id="53" goal_id="99"/>
  <agent start_id="36" goal_id="138"/>
  <agent start_id="56" goal_id="168"/>
  <agent start_id="107" goal_id="117"/>
  <agent start_id="179" goal_id="20"/>
  <agent start_id="99" goal_id="101"/>
  <agent start_id="186" goal_id="21"/>
  <agent start_id="192" goal_id="40"/>
  <agent start_id="43" goal_id="131"/>
  <agent start_id="12" goal_id="75"/>
  <agent start_id="123" goal_id="57"/>
  <agent start_id="62" goal_id="45"/>
  <agent start_id="6" goal_id="92"/>
  <agent start_id="46" goal_id="194"/>
  <agent start_id="89" goal_id="152"/>
  <agent start_id="164" goal_id="120"/>
  <agent start_id="121" goal_id="39"/>
  <agent start_id="86" goal_id="118"/>
  <agent start_id="50" goal_id="18"/>
  <agent start_id="103" goal_id="184"/>
  <agent start_id="48" goal_id="51"/>
  <agent start_id="32" goal_id="142"/>
  <agent start_id="98" goal_id="153"/>
  <agent start_id="67" goal_id="58"/>
  <agent start_id="196" goal_id="135"/>
  <agent start_id="109" goal_id="91"/>
  <agent start_id="0" goal_id="53"/>
  <agent start_id="3" goal_id="72"/>
  <agent start_id="7" goal_id="68"/>
  <agent start_id="112" goal_id="16"/>
  <agent start_id="139" goal_id="191"/>
  <agent start_id="177" goal_id="179"/>
  <agent start_id="93" goal_id="180"/>
  <agent start_id="198" goal_id="113"/>
  <agent start_id="144" goal_id="61"/>
  <agent start_id="168" goal_id="33"/>
  <agent start_id="96" goal_id="35"/>
  <agent start_id="40" goal_id="187"/>
  <agent start_id="150" goal_id="161"/>
  <agent start_id="21" goal_id="67"/>
  <agent start_id="132" goal_id="14"/>
  <agent start_id="108" goal_id="183"/>
  <agent start_id="5" goal_id="190"/>
  <agent start_id="151" goal_id="0"/>
  <agent start_id="148" goal_id="123"/>
  <agent start_id="39" goal_id="88"/>
</root>
