<?xml version="1.0" ?>
<root>
  <agent start_id="131" goal_id="9"/>
  <agent start_id="74" goal_id="22"/>
  <agent start_id="186" goal_id="192"/>
  <agent start_id="68" goal_id="16"/>
  <agent start_id="89" goal_id="78"/>
  <agent start_id="172" goal_id="39"/>
  <agent start_id="49" goal_id="150"/>
  <agent start_id="176" goal_id="91"/>
  <agent start_id="28" goal_id="89"/>
  <agent start_id="23" goal_id="66"/>
  <agent start_id="95" goal_id="145"/>
  <agent start_id="115" goal_id="138"/>
  <agent start_id="111" goal_id="77"/>
  <agent start_id="65" goal_id="151"/>
  <agent start_id="114" goal_id="163"/>
  <agent start_id="50" goal_id="3"/>
  <agent start_id="143" goal_id="45"/>
  <agent start_id="171" goal_id="134"/>
  <agent start_id="66" goal_id="53"/>
  <agent start_id="180" goal_id="128"/>
  <agent start_id="126" goal_id="157"/>
  <agent start_id="156" goal_id="183"/>
  <agent start_id="137" goal_id="123"/>
  <agent start_id="5" goal_id="26"/>
  <agent start_id="146" goal_id="186"/>
  <agent start_id="92" goal_id="42"/>
  <agent start_id="168" goal_id="147"/>
  <agent start_id="196" goal_id="31"/>
  <agent start_id="162" goal_id="112"/>
  <agent start_id="155" goal_id="135"/>
  <agent start_id="57" goal_id="187"/>
  <agent start_id="109" goal_id="120"/>
  <agent start_id="122" goal_id="152"/>
  <agent start_id="190" goal_id="1"/>
  <agent start_id="163" goal_id="131"/>
  <agent start_id="173" goal_id="198"/>
  <agent start_id="82" goal_id="93"/>
  <agent start_id="120" goal_id="130"/>
  <agent start_id="102" goal_id="59"/>
  <agent start_id="30" goal_id="199"/>
  <agent start_id="18" goal_id="167"/>
  <agent start_id="193" goal_id="115"/>
  <agent start_id="9" goal_id="99"/>
  <agent start_id="166" goal_id="100"/>
  <agent start_id="63" goal_id="119"/>
  <agent start_id="119" goal_id="103"/>
  <agent start_id="32" goal_id="139"/>
  <agent start_id="73" goal_id="159"/>
  <agent start_id="8" goal_id="75"/>
  <agent start_id="87" goal_id="180"/>
</root>
