<?xml version="1.0" ?>
<root>
  <agent start_id="175" goal_id="142"/>
  <agent start_id="16" goal_id="191"/>
  <agent start_id="7" goal_id="79"/>
  <agent start_id="112" goal_id="164"/>
  <agent start_id="126" goal_id="175"/>
  <agent start_id="193" goal_id="150"/>
  <agent start_id="131" goal_id="177"/>
  <agent start_id="153" goal_id="117"/>
  <agent start_id="178" goal_id="63"/>
  <agent start_id="180" goal_id="84"/>
  <agent start_id="39" goal_id="85"/>
  <agent start_id="150" goal_id="163"/>
  <agent start_id="172" goal_id="168"/>
  <agent start_id="149" goal_id="74"/>
  <agent start_id="199" goal_id="104"/>
  <agent start_id="33" goal_id="41"/>
  <agent start_id="53" goal_id="140"/>
  <agent start_id="76" goal_id="131"/>
  <agent start_id="86" goal_id="152"/>
  <agent start_id="63" goal_id="81"/>
  <agent start_id="134" goal_id="186"/>
  <agent start_id="105" goal_id="158"/>
  <agent start_id="100" goal_id="66"/>
  <agent start_id="4" goal_id="8"/>
  <agent start_id="49" goal_id="115"/>
  <agent start_id="3" goal_id="137"/>
  <agent start_id="93" goal_id="75"/>
  <agent start_id="118" goal_id="144"/>
  <agent start_id="169" goal_id="27"/>
  <agent start_id="78" goal_id="31"/>
  <agent start_id="32" goal_id="172"/>
  <agent start_id="60" goal_id="5"/>
  <agent start_id="82" goal_id="139"/>
  <agent start_id="114" goal_id="148"/>
  <agent start_id="109" goal_id="89"/>
  <agent start_id="167" goal_id="40"/>
  <agent start_id="98" goal_id="78"/>
  <agent start_id="90" goal_id="99"/>
  <agent start_id="128" goal_id="6"/>
  <agent start_id="10" goal_id="0"/>
  <agent start_id="44" goal_id="24"/>
  <agent start_id="176" goal_id="57"/>
  <agent start_id="28" goal_id="19"/>
  <agent start_id="2" goal_id="69"/>
  <agent start_id="6" goal_id="110"/>
  <agent start_id="142" goal_id="87"/>
  <agent start_id="88" goal_id="169"/>
  <agent start_id="148" goal_id="114"/>
  <agent start_id="194" goal_id="61"/>
  <agent start_id="182" goal_id="123"/>
</root>
