<?xml version="1.0" ?>
<root>
  <agent start_id="60" goal_id="181"/>
  <agent start_id="104" goal_id="148"/>
  <agent start_id="153" goal_id="83"/>
  <agent start_id="188" goal_id="154"/>
  <agent start_id="13" goal_id="189"/>
  <agent start_id="176" goal_id="141"/>
  <agent start_id="24" goal_id="177"/>
  <agent start_id="120" goal_id="170"/>
  <agent start_id="28" goal_id="68"/>
  <agent start_id="169" goal_id="1"/>
  <agent start_id="199" goal_id="65"/>
  <agent start_id="195" goal_id="130"/>
  <agent start_id="99" goal_id="49"/>
  <agent start_id="49" goal_id="25"/>
  <agent start_id="180" goal_id="17"/>
  <agent start_id="41" goal_id="62"/>
  <agent start_id="45" goal_id="163"/>
  <agent start_id="80" goal_id="158"/>
  <agent start_id="5" goal_id="63"/>
  <agent start_id="84" goal_id="132"/>
  <agent start_id="127" goal_id="186"/>
  <agent start_id="61" goal_id="113"/>
  <agent start_id="64" goal_id="118"/>
  <agent start_id="74" goal_id="191"/>
  <agent start_id="125" goal_id="60"/>
  <agent start_id="133" goal_id="67"/>
  <agent start_id="7" goal_id="111"/>
  <agent start_id="131" goal_id="38"/>
  <agent start_id="97" goal_id="193"/>
  <agent start_id="66" goal_id="101"/>
  <agent start_id="98" goal_id="30"/>
  <agent start_id="95" goal_id="188"/>
  <agent start_id="86" goal_id="165"/>
  <agent start_id="58" goal_id="80"/>
  <agent start_id="184" goal_id="97"/>
  <agent start_id="67" goal_id="3"/>
  <agent start_id="163" goal_id="160"/>
  <agent start_id="142" goal_id="151"/>
  <agent start_id="44" goal_id="146"/>
  <agent start_id="194" goal_id="82"/>
  <agent start_id="117" goal_id="194"/>
  <agent start_id="126" goal_id="99"/>
  <agent start_id="171" goal_id="127"/>
  <agent start_id="161" goal_id="85"/>
  <agent start_id="26" goal_id="142"/>
  <agent start_id="34" goal_id="96"/>
  <agent start_id="20" goal_id="57"/>
  <agent start_id="102" goal_id="198"/>
  <agent start_id="141" goal_id="27"/>
  <agent start_id="68" goal_id="71"/>
</root>
