<?xml version="1.0" ?>
<root>
  <agent start_id="142" goal_id="79"/>
  <agent start_id="8" goal_id="189"/>
  <agent start_id="113" goal_id="31"/>
  <agent start_id="192" goal_id="6"/>
  <agent start_id="144" goal_id="86"/>
  <agent start_id="58" goal_id="29"/>
  <agent start_id="55" goal_id="58"/>
  <agent start_id="51" goal_id="193"/>
  <agent start_id="171" goal_id="107"/>
  <agent start_id="112" goal_id="60"/>
  <agent start_id="29" goal_id="32"/>
  <agent start_id="77" goal_id="152"/>
  <agent start_id="199" goal_id="135"/>
  <agent start_id="148" goal_id="190"/>
  <agent start_id="26" goal_id="125"/>
  <agent start_id="184" goal_id="131"/>
  <agent start_id="146" goal_id="93"/>
  <agent start_id="48" goal_id="0"/>
  <agent start_id="187" goal_id="85"/>
  <agent start_id="74" goal_id="111"/>
  <agent start_id="197" goal_id="11"/>
  <agent start_id="6" goal_id="70"/>
  <agent start_id="195" goal_id="17"/>
  <agent start_id="19" goal_id="165"/>
  <agent start_id="178" goal_id="160"/>
  <agent start_id="183" goal_id="2"/>
  <agent start_id="44" goal_id="48"/>
  <agent start_id="176" goal_id="90"/>
  <agent start_id="45" goal_id="47"/>
  <agent start_id="85" goal_id="127"/>
  <agent start_id="154" goal_id="68"/>
  <agent start_id="75" goal_id="97"/>
  <agent start_id="99" goal_id="94"/>
  <agent start_id="14" goal_id="182"/>
  <agent start_id="100" goal_id="150"/>
  <agent start_id="87" goal_id="172"/>
  <agent start_id="22" goal_id="139"/>
  <agent start_id="102" goal_id="84"/>
  <agent start_id="63" goal_id="96"/>
  <agent start_id="41" goal_id="81"/>
  <agent start_id="65" goal_id="20"/>
  <agent start_id="101" goal_id="133"/>
  <agent start_id="149" goal_id="16"/>
  <agent start_id="67" goal_id="181"/>
  <agent start_id="46" goal_id="56"/>
  <agent start_id="11" goal_id="45"/>
  <agent start_id="174" goal_id="130"/>
  <agent start_id="191" goal_id="159"/>
  <agent start_id="104" goal_id="54"/>
  <agent start_id="81" goal_id="67"/>
</root>
