<?xml version="1.0" ?>
<root>
  <agent start_id="73" goal_id="12"/>
  <agent start_id="43" goal_id="140"/>
  <agent start_id="14" goal_id="187"/>
  <agent start_id="63" goal_id="15"/>
  <agent start_id="29" goal_id="162"/>
  <agent start_id="79" goal_id="66"/>
  <agent start_id="173" goal_id="184"/>
  <agent start_id="68" goal_id="129"/>
  <agent start_id="61" goal_id="181"/>
  <agent start_id="83" goal_id="109"/>
  <agent start_id="119" goal_id="0"/>
  <agent start_id="112" goal_id="153"/>
  <agent start_id="38" goal_id="199"/>
  <agent start_id="5" goal_id="116"/>
  <agent start_id="177" goal_id="40"/>
  <agent start_id="71" goal_id="144"/>
  <agent start_id="8" goal_id="174"/>
  <agent start_id="76" goal_id="194"/>
  <agent start_id="189" goal_id="43"/>
  <agent start_id="144" goal_id="89"/>
  <agent start_id="165" goal_id="42"/>
  <agent start_id="100" goal_id="3"/>
  <agent start_id="42" goal_id="84"/>
  <agent start_id="87" goal_id="17"/>
  <agent start_id="22" goal_id="38"/>
  <agent start_id="147" goal_id="128"/>
  <agent start_id="105" goal_id="11"/>
  <agent start_id="136" goal_id="95"/>
  <agent start_id="160" goal_id="48"/>
  <agent start_id="172" goal_id="102"/>
  <agent start_id="39" goal_id="195"/>
  <agent start_id="93" goal_id="69"/>
  <agent start_id="179" goal_id="152"/>
  <agent start_id="24" goal_id="192"/>
  <agent start_id="191" goal_id="110"/>
  <agent start_id="130" goal_id="64"/>
  <agent start_id="12" goal_id="79"/>
  <agent start_id="163" goal_id="93"/>
  <agent start_id="16" goal_id="191"/>
  <agent start_id="64" goal_id="156"/>
  <agent start_id="186" goal_id="71"/>
  <agent start_id="60" goal_id="106"/>
  <agent start_id="95" goal_id="53"/>
  <agent start_id="115" goal_id="182"/>
  <agent start_id="65" goal_id="86"/>
  <agent start_id="146" goal_id="21"/>
  <agent start_id="33" goal_id="47"/>
  <agent start_id="132" goal_id="108"/>
  <agent start_id="116" goal_id="26"/>
  <agent start_id="21" goal_id="20"/>
</root>
