<?xml version="1.0" ?>
<root>
  <agent start_id="12" goal_id="159"/>
  <agent start_id="145" goal_id="54"/>
  <agent start_id="162" goal_id="134"/>
  <agent start_id="177" goal_id="61"/>
  <agent start_id="100" goal_id="20"/>
  <agent start_id="54" goal_id="196"/>
  <agent start_id="97" goal_id="184"/>
  <agent start_id="101" goal_id="122"/>
  <agent start_id="181" goal_id="136"/>
  <agent start_id="59" goal_id="180"/>
  <agent start_id="73" goal_id="112"/>
  <agent start_id="93" goal_id="161"/>
  <agent start_id="136" goal_id="175"/>
  <agent start_id="81" goal_id="30"/>
  <agent start_id="185" goal_id="68"/>
  <agent start_id="30" goal_id="95"/>
  <agent start_id="115" goal_id="22"/>
  <agent start_id="159" goal_id="100"/>
  <agent start_id="107" goal_id="104"/>
  <agent start_id="126" goal_id="186"/>
  <agent start_id="158" goal_id="85"/>
  <agent start_id="160" goal_id="47"/>
  <agent start_id="63" goal_id="96"/>
  <agent start_id="157" goal_id="145"/>
  <agent start_id="166" goal_id="83"/>
  <agent start_id="49" goal_id="123"/>
  <agent start_id="117" goal_id="9"/>
  <agent start_id="191" goal_id="163"/>
  <agent start_id="131" goal_id="130"/>
  <agent start_id="35" goal_id="138"/>
  <agent start_id="36" goal_id="169"/>
  <agent start_id="24" goal_id="18"/>
  <agent start_id="29" goal_id="193"/>
  <agent start_id="192" goal_id="120"/>
  <agent start_id="76" goal_id="198"/>
  <agent start_id="102" goal_id="103"/>
  <agent start_id="196" goal_id="141"/>
  <agent start_id="89" goal_id="0"/>
  <agent start_id="142" goal_id="190"/>
  <agent start_id="41" goal_id="115"/>
  <agent start_id="170" goal_id="150"/>
  <agent start_id="143" goal_id="57"/>
  <agent start_id="139" goal_id="75"/>
  <agent start_id="119" goal_id="65"/>
  <agent start_id="140" goal_id="59"/>
  <agent start_id="62" goal_id="128"/>
  <agent start_id="189" goal_id="102"/>
  <agent start_id="148" goal_id="5"/>
  <agent start_id="87" goal_id="58"/>
  <agent start_id="42" goal_id="91"/>
</root>
