<?xml version="1.0" ?>
<root>
  <agent start_id="158" goal_id="50"/>
  <agent start_id="63" goal_id="156"/>
  <agent start_id="111" goal_id="100"/>
  <agent start_id="136" goal_id="113"/>
  <agent start_id="88" goal_id="105"/>
  <agent start_id="7" goal_id="52"/>
  <agent start_id="155" goal_id="42"/>
  <agent start_id="198" goal_id="127"/>
  <agent start_id="74" goal_id="192"/>
  <agent start_id="10" goal_id="119"/>
  <agent start_id="5" goal_id="26"/>
  <agent start_id="73" goal_id="118"/>
  <agent start_id="113" goal_id="146"/>
  <agent start_id="62" goal_id="129"/>
  <agent start_id="162" goal_id="53"/>
  <agent start_id="163" goal_id="121"/>
  <agent start_id="29" goal_id="14"/>
  <agent start_id="179" goal_id="21"/>
  <agent start_id="119" goal_id="10"/>
  <agent start_id="129" goal_id="130"/>
  <agent start_id="95" goal_id="143"/>
  <agent start_id="15" goal_id="158"/>
  <agent start_id="103" goal_id="40"/>
  <agent start_id="122" goal_id="131"/>
  <agent start_id="172" goal_id="157"/>
  <agent start_id="140" goal_id="197"/>
  <agent start_id="52" goal_id="31"/>
  <agent start_id="141" goal_id="102"/>
  <agent start_id="104" goal_id="62"/>
  <agent start_id="43" goal_id="72"/>
  <agent start_id="14" goal_id="110"/>
  <agent start_id="124" goal_id="66"/>
  <agent start_id="109" goal_id="149"/>
  <agent start_id="75" goal_id="77"/>
  <agent start_id="55" goal_id="13"/>
  <agent start_id="64" goal_id="170"/>
  <agent start_id="70" goal_id="25"/>
  <agent start_id="168" goal_id="107"/>
  <agent start_id="118" goal_id="152"/>
  <agent start_id="4" goal_id="171"/>
  <agent start_id="59" goal_id="8"/>
  <agent start_id="167" goal_id="173"/>
  <agent start_id="151" goal_id="65"/>
  <agent start_id="169" goal_id="32"/>
  <agent start_id="57" goal_id="141"/>
  <agent start_id="181" goal_id="138"/>
  <agent start_id="91" goal_id="133"/>
  <agent start_id="192" goal_id="87"/>
  <agent start_id="48" goal_id="90"/>
  <agent start_id="8" goal_id="167"/>
</root>
