<?xml version="1.0" ?>
<root>
  <agent start_id="20" goal_id="24"/>
  <agent start_id="121" goal_id="158"/>
  <agent start_id="95" goal_id="150"/>
  <agent start_id="93" goal_id="41"/>
  <agent start_id="84" goal_id="20"/>
  <agent start_id="47" goal_id="195"/>
  <agent start_id="169" goal_id="196"/>
  <agent start_id="5" goal_id="191"/>
  <agent start_id="80" goal_id="47"/>
  <agent start_id="173" goal_id="27"/>
  <agent start_id="185" goal_id="152"/>
  <agent start_id="147" goal_id="187"/>
  <agent start_id="158" goal_id="0"/>
  <agent start_id="96" goal_id="14"/>
  <agent start_id="82" goal_id="99"/>
  <agent start_id="85" goal_id="76"/>
  <agent start_id="44" goal_id="138"/>
  <agent start_id="34" goal_id="116"/>
  <agent start_id="130" goal_id="22"/>
  <agent start_id="88" goal_id="46"/>
  <agent start_id="54" goal_id="132"/>
  <agent start_id="155" goal_id="57"/>
  <agent start_id="128" goal_id="6"/>
  <agent start_id="59" goal_id="73"/>
  <agent start_id="156" goal_id="32"/>
  <agent start_id="181" goal_id="168"/>
  <agent start_id="123" goal_id="96"/>
  <agent start_id="50" goal_id="39"/>
  <agent start_id="15" goal_id="80"/>
  <agent start_id="9" goal_id="112"/>
  <agent start_id="145" goal_id="124"/>
  <agent start_id="170" goal_id="129"/>
  <agent start_id="101" goal_id="164"/>
  <agent start_id="86" goal_id="154"/>
  <agent start_id="120" goal_id="121"/>
  <agent start_id="17" goal_id="3"/>
  <agent start_id="4" goal_id="197"/>
  <agent start_id="72" goal_id="105"/>
  <agent start_id="195" goal_id="68"/>
  <agent start_id="18" goal_id="66"/>
  <agent start_id="191" goal_id="78"/>
  <agent start_id="138" goal_id="59"/>
  <agent start_id="117" goal_id="192"/>
  <agent start_id="113" goal_id="55"/>
  <agent start_id="142" goal_id="162"/>
  <agent start_id="68" goal_id="31"/>
  <agent start_id="26" goal_id="126"/>
  <agent start_id="184" goal_id="82"/>
  <agent start_id="41" goal_id="103"/>
  <agent start_id="132" goal_id="189"/>
</root>
