<?xml version="1.0" ?>
<root>
  <agent start_id="162" goal_id="51"/>
  <agent start_id="176" goal_id="195"/>
  <agent start_id="126" goal_id="83"/>
  <agent start_id="85" goal_id="144"/>
  <agent start_id="73" goal_id="95"/>
  <agent start_id="132" goal_id="158"/>
  <agent start_id="144" goal_id="105"/>
  <agent start_id="128" goal_id="29"/>
  <agent start_id="61" goal_id="154"/>
  <agent start_id="118" goal_id="66"/>
  <agent start_id="2" goal_id="115"/>
  <agent start_id="67" goal_id="185"/>
  <agent start_id="14" goal_id="78"/>
  <agent start_id="51" goal_id="157"/>
  <agent start_id="194" goal_id="107"/>
  <agent start_id="32" goal_id="100"/>
  <agent start_id="4" goal_id="76"/>
  <agent start_id="50" goal_id="45"/>
  <agent start_id="86" goal_id="146"/>
  <agent start_id="24" goal_id="72"/>
  <agent start_id="64" goal_id="6"/>
  <agent start_id="192" goal_id="121"/>
  <agent start_id="26" goal_id="17"/>
  <agent start_id="33" goal_id="186"/>
  <agent start_id="19" goal_id="82"/>
  <agent start_id="89" goal_id="47"/>
  <agent start_id="29" goal_id="43"/>
  <agent start_id="41" goal_id="189"/>
  <agent start_id="139" goal_id="163"/>
  <agent start_id="196" goal_id="138"/>
  <agent start_id="177" goal_id="151"/>
  <agent start_id="75" goal_id="125"/>
  <agent start_id="191" goal_id="53"/>
  <agent start_id="77" goal_id="41"/>
  <agent start_id="163" goal_id="96"/>
  <agent start_id="116" goal_id="35"/>
  <agent start_id="36" goal_id="126"/>
  <agent start_id="167" goal_id="12"/>
  <agent start_id="22" goal_id="8"/>
  <agent start_id="27" goal_id="193"/>
  <agent start_id="152" goal_id="153"/>
  <agent start_id="184" goal_id="87"/>
  <agent start_id="38" goal_id="110"/>
  <agent start_id="23" goal_id="16"/>
  <agent start_id="179" goal_id="5"/>
  <agent start_id="63" goal_id="55"/>
  <agent start_id="142" goal_id="156"/>
  <agent start_id="111" goal_id="19"/>
  <agent start_id="101" goal_id="108"/>
  <agent start_id="5" goal_id="2"/>
</root>
