<?xml version="1.0" ?>
<root>
  <agent start_id="30" goal_id="166"/>
  <agent start_id="159" goal_id="45"/>
  <agent start_id="26" goal_id="179"/>
  <agent start_id="44" goal_id="44"/>
  <agent start_id="195" goal_id="168"/>
  <agent start_id="81" goal_id="18"/>
  <agent start_id="58" goal_id="118"/>
  <agent start_id="135" goal_id="72"/>
  <agent start_id="134" goal_id="160"/>
  <agent start_id="88" goal_id="113"/>
  <agent start_id="139" goal_id="161"/>
  <agent start_id="177" goal_id="69"/>
  <agent start_id="40" goal_id="148"/>
  <agent start_id="72" goal_id="140"/>
  <agent start_id="89" goal_id="34"/>
  <agent start_id="2" goal_id="196"/>
  <agent start_id="12" goal_id="71"/>
  <agent start_id="53" goal_id="128"/>
  <agent start_id="7" goal_id="165"/>
  <agent start_id="59" goal_id="58"/>
  <agent start_id="83" goal_id="127"/>
  <agent start_id="153" goal_id="92"/>
  <agent start_id="142" goal_id="89"/>
  <agent start_id="37" goal_id="16"/>
  <agent start_id="146" goal_id="42"/>
  <agent start_id="1" goal_id="158"/>
  <agent start_id="98" goal_id="105"/>
  <agent start_id="191" goal_id="152"/>
  <agent start_id="112" goal_id="60"/>
  <agent start_id="66" goal_id="130"/>
  <agent start_id="55" goal_id="95"/>
  <agent start_id="56" goal_id="28"/>
  <agent start_id="77" goal_id="17"/>
  <agent start_id="192" goal_id="3"/>
  <agent start_id="107" goal_id="100"/>
  <agent start_id="100" goal_id="87"/>
  <agent start_id="182" goal_id="149"/>
  <agent start_id="102" goal_id="153"/>
  <agent start_id="108" goal_id="139"/>
  <agent start_id="17" goal_id="68"/>
  <agent start_id="150" goal_id="0"/>
  <agent start_id="173" goal_id="174"/>
  <agent start_id="61" goal_id="77"/>
  <agent start_id="52" goal_id="38"/>
  <agent start_id="35" goal_id="134"/>
  <agent start_id="144" goal_id="23"/>
  <agent start_id="156" goal_id="143"/>
  <agent start_id="154" goal_id="83"/>
  <agent start_id="85" goal_id="59"/>
  <agent start_id="140" goal_id="25"/>
</root>
