<?xml version="1.0" ?>
<root>
  <agent start_id="132" goal_id="44"/>
  <agent start_id="49" goal_id="178"/>
  <agent start_id="60" goal_id="20"/>
  <agent start_id="89" goal_id="36"/>
  <agent start_id="72" goal_id="103"/>
  <agent start_id="180" goal_id="168"/>
  <agent start_id="87" goal_id="193"/>
  <agent start_id="62" goal_id="8"/>
  <agent start_id="16" goal_id="104"/>
  <agent start_id="159" goal_id="101"/>
  <agent start_id="150" goal_id="77"/>
  <agent start_id="187" goal_id="82"/>
  <agent start_id="108" goal_id="134"/>
  <agent start_id="65" goal_id="133"/>
  <agent start_id="114" goal_id="23"/>
  <agent start_id="22" goal_id="98"/>
  <agent start_id="0" goal_id="9"/>
  <agent start_id="135" goal_id="22"/>
  <agent start_id="172" goal_id="95"/>
  <agent start_id="7" goal_id="65"/>
  <agent start_id="147" goal_id="1"/>
  <agent start_id="69" goal_id="122"/>
  <agent start_id="144" goal_id="45"/>
  <agent start_id="194" goal_id="181"/>
  <agent start_id="139" goal_id="60"/>
  <agent start_id="9" goal_id="83"/>
  <agent start_id="46" goal_id="177"/>
  <agent start_id="25" goal_id="19"/>
  <agent start_id="24" goal_id="16"/>
  <agent start_id="169" goal_id="176"/>
  <agent start_id="80" goal_id="124"/>
  <agent start_id="44" goal_id="7"/>
  <agent start_id="191" goal_id="195"/>
  <agent start_id="124" goal_id="144"/>
  <agent start_id="38" goal_id="198"/>
  <agent start_id="78" goal_id="156"/>
  <agent start_id="185" goal_id="28"/>
  <agent start_id="55" goal_id="147"/>
  <agent start_id="179" goal_id="14"/>
  <agent start_id="45" goal_id="41"/>
  <agent start_id="103" goal_id="52"/>
  <agent start_id="161" goal_id="186"/>
  <agent start_id="184" goal_id="55"/>
  <agent start_id="31" goal_id="129"/>
  <agent start_id="75" goal_id="33"/>
  <agent start_id="54" goal_id="31"/>
  <agent start_id="127" goal_id="130"/>
  <agent start_id="57" goal_id="57"/>
  <agent start_id="142" goal_id="140"/>
  <agent start_id="113" goal_id="90"/>
</root>
