<?xml version="1.0" ?>
<root>
  <agent start_id="22" goal_id="37"/>
  <agent start_id="157" goal_id="92"/>
  <agent start_id="113" goal_id="95"/>
  <agent start_id="193" goal_id="46"/>
  <agent start_id="184" goal_id="134"/>
  <agent start_id="121" goal_id="13"/>
  <agent start_id="67" goal_id="47"/>
  <agent start_id="117" goal_id="193"/>
  <agent start_id="36" goal_id="170"/>
  <agent start_id="124" goal_id="81"/>
  <agent start_id="167" goal_id="100"/>
  <agent start_id="70" goal_id="116"/>
  <agent start_id="33" goal_id="181"/>
  <agent start_id="180" goal_id="90"/>
  <agent start_id="38" goal_id="169"/>
  <agent start_id="175" goal_id="59"/>
  <agent start_id="8" goal_id="138"/>
  <agent start_id="69" goal_id="159"/>
  <agent start_id="3" goal_id="109"/>
  <agent start_id="174" goal_id="156"/>
  <agent start_id="199" goal_id="183"/>
  <agent start_id="183" goal_id="23"/>
  <agent start_id="14" goal_id="10"/>
  <agent start_id="165" goal_id="84"/>
  <agent start_id="161" goal_id="195"/>
  <agent start_id="49" goal_id="125"/>
  <agent start_id="52" goal_id="143"/>
  <agent start_id="96" goal_id="180"/>
  <agent start_id="54" goal_id="58"/>
  <agent start_id="11" goal_id="158"/>
  <agent start_id="28" goal_id="50"/>
  <agent start_id="23" goal_id="129"/>
  <agent start_id="93" goal_id="0"/>
  <agent start_id="106" goal_id="161"/>
  <agent start_id="103" goal_id="165"/>
  <agent start_id="81" goal_id="154"/>
  <agent start_id="163" goal_id="83"/>
  <agent start_id="1" goal_id="189"/>
  <agent start_id="17" goal_id="118"/>
  <agent start_id="86" goal_id="146"/>
  <agent start_id="87" goal_id="166"/>
  <agent start_id="73" goal_id="114"/>
  <agent start_id="27" goal_id="162"/>
  <agent start_id="82" goal_id="4"/>
  <agent start_id="78" goal_id="33"/>
  <agent start_id="145" goal_id="173"/>
  <agent start_id="35" goal_id="126"/>
  <agent start_id="74" goal_id="196"/>
  <agent start_id="171" goal_id="40"/>
  <agent start_id="105" goal_id="132"/>
</root>
