<?xml version="1.0" ?>
<root>
  <agent start_id="78" goal_id="13"/>
  <agent start_id="37" goal_id="107"/>
  <agent start_id="130" goal_id="131"/>
  <agent start_id="55" goal_id="147"/>
  <agent start_id="109" goal_id="101"/>
  <agent start_id="19" goal_id="198"/>
  <agent start_id="159" goal_id="196"/>
  <agent start_id="101" goal_id="170"/>
  <agent start_id="61" goal_id="36"/>
  <agent start_id="126" goal_id="155"/>
  <agent start_id="175" goal_id="144"/>
  <agent start_id="146" goal_id="187"/>
  <agent start_id="196" goal_id="83"/>
  <agent start_id="2" goal_id="47"/>
  <agent start_id="112" goal_id="194"/>
  <agent start_id="140" goal_id="110"/>
  <agent start_id="51" goal_id="181"/>
  <agent start_id="198" goal_id="95"/>
  <agent start_id="6" goal_id="74"/>
  <agent start_id="103" goal_id="79"/>
  <agent start_id="152" goal_id="152"/>
  <agent start_id="149" goal_id="139"/>
  <agent start_id="12" goal_id="21"/>
  <agent start_id="88" goal_id="173"/>
  <agent start_id="16" goal_id="134"/>
  <agent start_id="176" goal_id="172"/>
  <agent start_id="63" goal_id="158"/>
  <agent start_id="32" goal_id="164"/>
  <agent start_id="164" goal_id="176"/>
  <agent start_id="123" goal_id="141"/>
  <agent start_id="68" goal_id="71"/>
  <agent start_id="108" goal_id="189"/>
  <agent start_id="142" goal_id="40"/>
  <agent start_id="48" goal_id="143"/>
  <agent start_id="170" goal_id="146"/>
  <agent start_id="84" goal_id="185"/>
  <agent start_id="182" goal_id="25"/>
  <agent start_id="53" goal_id="62"/>
  <agent start_id="45" goal_id="66"/>
  <agent start_id="117" goal_id="193"/>
  <agent start_id="119" goal_id="127"/>
  <agent start_id="105" goal_id="99"/>
  <agent start_id="18" goal_id="109"/>
  <agent start_id="193" goal_id="43"/>
  <agent start_id="110" goal_id="0"/>
  <agent start_id="190" goal_id="30"/>
  <agent start_id="17" goal_id="175"/>
  <agent start_id="85" goal_id="165"/>
  <agent start_id="31" goal_id="63"/>
  <agent start_id="47" goal_id="199"/>
</root>
