<?xml version="1.0" ?>
<root>
  <agent start_id="93" goal_id="9"/>
  <agent start_id="136" goal_id="139"/>
  <agent start_id="32" goal_id="155"/>
  <agent start_id="62" goal_id="133"/>
  <agent start_id="128" goal_id="194"/>
  <agent start_id="86" goal_id="126"/>
  <agent start_id="82" goal_id="101"/>
  <agent start_id="83" goal_id="140"/>
  <agent start_id="61" goal_id="187"/>
  <agent start_id="173" goal_id="17"/>
  <agent start_id="65" goal_id="12"/>
  <agent start_id="170" goal_id="67"/>
  <agent start_id="16" goal_id="48"/>
  <agent start_id="74" goal_id="39"/>
  <agent start_id="120" goal_id="151"/>
  <agent start_id="68" goal_id="169"/>
  <agent start_id="186" goal_id="181"/>
  <agent start_id="130" goal_id="64"/>
  <agent start_id="191" goal_id="196"/>
  <agent start_id="133" goal_id="124"/>
  <agent start_id="109" goal_id="120"/>
  <agent start_id="131" goal_id="164"/>
  <agent start_id="18" goal_id="96"/>
  <agent start_id="180" goal_id="183"/>
  <agent start_id="60" goal_id="23"/>
  <agent start_id="14" goal_id="198"/>
  <agent start_id="80" goal_id="22"/>
  <agent start_id="73" goal_id="21"/>
  <agent start_id="25" goal_id="172"/>
  <agent start_id="134" goal_id="82"/>
  <agent start_id="33" goal_id="78"/>
  <agent start_id="152" goal_id="179"/>
  <agent start_id="190" goal_id="74"/>
  <agent start_id="11" goal_id="47"/>
  <agent start_id="7" goal_id="162"/>
  <agent start_id="123" goal_id="71"/>
  <agent start_id="139" goal_id="185"/>
  <agent start_id="31" goal_id="27"/>
  <agent start_id="22" goal_id="170"/>
  <agent start_id="192" goal_id="13"/>
  <agent start_id="70" goal_id="94"/>
  <agent start_id="99" goal_id="20"/>
  <agent start_id="142" goal_id="107"/>
  <agent start_id="8" goal_id="18"/>
  <agent start_id="174" goal_id="136"/>
  <agent start_id="155" goal_id="103"/>
  <agent start_id="108" goal_id="121"/>
  <agent start_id="49" goal_id="129"/>
  <agent start_id="9" goal_id="132"/>
  <agent start_id="107" goal_id="62"/>
</root>
