<?xml version="1.0" ?>
<root>
  <agent start_id="45" goal_id="90"/>
  <agent start_id="60" goal_id="114"/>
  <agent start_id="140" goal_id="127"/>
  <agent start_id="161" goal_id="12"/>
  <agent start_id="123" goal_id="183"/>
  <agent start_id="142" goal_id="118"/>
  <agent start_id="170" goal_id="122"/>
  <agent start_id="189" goal_id="88"/>
  <agent start_id="20" goal_id="24"/>
  <agent start_id="86" goal_id="77"/>
  <agent start_id="48" goal_id="56"/>
  <agent start_id="195" goal_id="181"/>
  <agent start_id="3" goal_id="144"/>
  <agent start_id="58" goal_id="123"/>
  <agent start_id="163" goal_id="18"/>
  <agent start_id="100" goal_id="171"/>
  <agent start_id="27" goal_id="86"/>
  <agent start_id="70" goal_id="99"/>
  <agent start_id="18" goal_id="21"/>
  <agent start_id="36" goal_id="152"/>
  <agent start_id="90" goal_id="58"/>
  <agent start_id="144" goal_id="80"/>
  <agent start_id="89" goal_id="192"/>
  <agent start_id="43" goal_id="0"/>
  <agent start_id="180" goal_id="173"/>
  <agent start_id="42" goal_id="148"/>
  <agent start_id="104" goal_id="166"/>
  <agent start_id="88" goal_id="40"/>
  <agent start_id="154" goal_id="157"/>
  <agent start_id="112" goal_id="29"/>
  <agent start_id="56" goal_id="132"/>
  <agent start_id="14" goal_id="74"/>
  <agent start_id="16" goal_id="140"/>
  <agent start_id="19" goal_id="161"/>
  <agent start_id="194" goal_id="14"/>
  <agent start_id="79" goal_id="116"/>
  <agent start_id="135" goal_id="95"/>
  <agent start_id="52" goal_id="30"/>
  <agent start_id="190" goal_id="97"/>
  <agent start_id="166" goal_id="11"/>
  <agent start_id="177" goal_id="45"/>
  <agent start_id="26" goal_id="107"/>
  <agent start_id="199" goal_id="128"/>
  <agent start_id="146" goal_id="164"/>
  <agent start_id="34" goal_id="154"/>
  <agent start_id="81" goal_id="17"/>
  <agent start_id="41" goal_id="34"/>
  <agent start_id="182" goal_id="48"/>
  <agent start_id="138" goal_id="42"/>
  <agent start_id="151" goal_id="189"/>
</root>
