<?xml version="1.0" ?>
<root>
  <agent start_id="57" goal_id="72"/>
  <agent start_id="36" goal_id="39"/>
  <agent start_id="110" goal_id="28"/>
  <agent start_id="116" goal_id="145"/>
  <agent start_id="8" goal_id="119"/>
  <agent start_id="88" goal_id="130"/>
  <agent start_id="175" goal_id="152"/>
  <agent start_id="16" goal_id="104"/>
  <agent start_id="125" goal_id="25"/>
  <agent start_id="92" goal_id="61"/>
  <agent start_id="97" goal_id="102"/>
  <agent start_id="72" goal_id="171"/>
  <agent start_id="172" goal_id="30"/>
  <agent start_id="171" goal_id="185"/>
  <agent start_id="76" goal_id="107"/>
  <agent start_id="33" goal_id="3"/>
  <agent start_id="34" goal_id="157"/>
  <agent start_id="128" goal_id="167"/>
  <agent start_id="31" goal_id="8"/>
  <agent start_id="55" goal_id="73"/>
  <agent start_id="54" goal_id="142"/>
  <agent start_id="82" goal_id="1"/>
  <agent start_id="174" goal_id="166"/>
  <agent start_id="164" goal_id="19"/>
  <agent start_id="121" goal_id="199"/>
  <agent start_id="133" goal_id="161"/>
  <agent start_id="108" goal_id="113"/>
  <agent start_id="69" goal_id="5"/>
  <agent start_id="27" goal_id="14"/>
  <agent start_id="63" goal_id="94"/>
  <agent start_id="156" goal_id="79"/>
  <agent start_id="167" goal_id="86"/>
  <agent start_id="95" goal_id="20"/>
  <agent start_id="181" goal_id="138"/>
  <agent start_id="144" goal_id="91"/>
  <agent start_id="60" goal_id="63"/>
  <agent start_id="173" goal_id="124"/>
  <agent start_id="51" goal_id="35"/>
  <agent start_id="75" goal_id="133"/>
  <agent start_id="2" goal_id="22"/>
  <agent start_id="21" goal_id="180"/>
  <agent start_id="91" goal_id="150"/>
  <agent start_id="64" goal_id="117"/>
  <agent start_id="147" goal_id="100"/>
  <agent start_id="71" goal_id="126"/>
  <agent start_id="104" goal_id="187"/>
  <agent start_id="103" goal_id="50"/>
  <agent start_id="130" goal_id="175"/>
  <agent start_id="12" goal_id="17"/>
  <agent start_id="142" goal_id="128"/>
</root>
