<?xml version="1.0" ?>
<root>
  <agent start_id="35" goal_id="177"/>
  <agent start_id="108" goal_id="42"/>
  <agent start_id="132" goal_id="21"/>
  <agent start_id="27" goal_id="148"/>
  <agent start_id="84" goal_id="76"/>
  <agent start_id="90" goal_id="57"/>
  <agent start_id="10" goal_id="81"/>
  <agent start_id="66" goal_id="142"/>
  <agent start_id="95" goal_id="181"/>
  <agent start_id="98" goal_id="199"/>
  <agent start_id="140" goal_id="13"/>
  <agent start_id="41" goal_id="61"/>
  <agent start_id="15" goal_id="31"/>
  <agent start_id="14" goal_id="146"/>
  <agent start_id="100" goal_id="154"/>
  <agent start_id="78" goal_id="119"/>
  <agent start_id="135" goal_id="5"/>
  <agent start_id="49" goal_id="141"/>
  <agent start_id="134" goal_id="64"/>
  <agent start_id="7" goal_id="26"/>
  <agent start_id="3" goal_id="36"/>
  <agent start_id="83" goal_id="153"/>
  <agent start_id="12" goal_id="192"/>
  <agent start_id="103" goal_id="65"/>
  <agent start_id="18" goal_id="94"/>
  <agent start_id="127" goal_id="179"/>
  <agent start_id="191" goal_id="197"/>
  <agent start_id="198" goal_id="59"/>
  <agent start_id="178" goal_id="186"/>
  <agent start_id="62" goal_id="40"/>
  <agent start_id="169" goal_id="122"/>
  <agent start_id="16" goal_id="162"/>
  <agent start_id="144" goal_id="127"/>
  <agent start_id="111" goal_id="88"/>
  <agent start_id="77" goal_id="55"/>
  <agent start_id="57" goal_id="147"/>
  <agent start_id="30" goal_id="58"/>
  <agent start_id="20" goal_id="106"/>
  <agent start_id="183" goal_id="102"/>
  <agent start_id="159" goal_id="69"/>
  <agent start_id="118" goal_id="86"/>
  <agent start_id="37" goal_id="117"/>
  <agent start_id="192" goal_id="135"/>
  <agent start_id="161" goal_id="41"/>
  <agent start_id="1" goal_id="176"/>
  <agent start_id="157" goal_id="149"/>
  <agent start_id="4" goal_id="28"/>
  <agent start_id="32" goal_id="62"/>
  <agent start_id="173" goal_id="116"/>
  <agent start_id="175" goal_id="172"/>
</root>
