<?xml version="1.0" ?>
<root>
  <agent start_id="154" goal_id="0"/>
  <agent start_id="9" goal_id="106"/>
  <agent start_id="126" goal_id="172"/>
  <agent start_id="24" goal_id="42"/>
  <agent start_id="190" goal_id="65"/>
  <agent start_id="178" goal_id="115"/>
  <agent start_id="92" goal_id="197"/>
  <agent start_id="80" goal_id="187"/>
  <agent start_id="128" goal_id="127"/>
  <agent start_id="123" goal_id="179"/>
  <agent start_id="56" goal_id="23"/>
  <agent start_id="67" goal_id="51"/>
  <agent start_id="136" goal_id="161"/>
  <agent start_id="162" goal_id="125"/>
  <agent start_id="138" goal_id="145"/>
  <agent start_id="141" goal_id="177"/>
  <agent start_id="101" goal_id="132"/>
  <agent start_id="69" goal_id="60"/>
  <agent start_id="97" goal_id="29"/>
  <agent start_id="140" goal_id="13"/>
  <agent start_id="172" goal_id="120"/>
  <agent start_id="144" goal_id="134"/>
  <agent start_id="163" goal_id="94"/>
  <agent start_id="199" goal_id="7"/>
  <agent start_id="175" goal_id="36"/>
  <agent start_id="125" goal_id="110"/>
  <agent start_id="195" goal_id="129"/>
  <agent start_id="40" goal_id="116"/>
  <agent start_id="146" goal_id="32"/>
  <agent start_id="29" goal_id="74"/>
  <agent start_id="22" goal_id="82"/>
  <agent start_id="127" goal_id="155"/>
  <agent start_id="43" goal_id="6"/>
  <agent start_id="197" goal_id="192"/>
  <agent start_id="75" goal_id="194"/>
  <agent start_id="158" goal_id="53"/>
  <agent start_id="53" goal_id="64"/>
  <agent start_id="185" goal_id="130"/>
  <agent start_id="62" goal_id="151"/>
  <agent start_id="151" goal_id="173"/>
  <agent start_id="187" goal_id="86"/>
  <agent start_id="49" goal_id="70"/>
  <agent start_id="74" goal_id="58"/>
  <agent start_id="51" goal_id="137"/>
  <agent start_id="55" goal_id="167"/>
  <agent start_id="86" goal_id="138"/>
  <agent start_id="79" goal_id="50"/>
  <agent start_id="147" goal_id="95"/>
  <agent start_id="31" goal_id="15"/>
  <agent start_id="50" goal_id="150"/>
</root>
