<?xml version="1.0" ?>
<root>
  <agent start_id="10" goal_id="126"/>
  <agent start_id="102" goal_id="179"/>
  <agent start_id="142" goal_id="100"/>
  <agent start_id="136" goal_id="169"/>
  <agent start_id="124" goal_id="123"/>
  <agent start_id="4" goal_id="11"/>
  <agent start_id="43" goal_id="51"/>
  <agent start_id="182" goal_id="181"/>
  <agent start_id="97" goal_id="65"/>
  <agent start_id="152" goal_id="145"/>
  <agent start_id="181" goal_id="159"/>
  <agent start_id="130" goal_id="55"/>
  <agent start_id="147" goal_id="106"/>
  <agent start_id="109" goal_id="0"/>
  <agent start_id="170" goal_id="193"/>
  <agent start_id="22" goal_id="84"/>
  <agent start_id="194" goal_id="29"/>
  <agent start_id="28" goal_id="183"/>
  <agent start_id="66" goal_id="7"/>
  <agent start_id="79" goal_id="1"/>
  <agent start_id="196" goal_id="18"/>
  <agent start_id="67" goal_id="147"/>
  <agent start_id="83" goal_id="57"/>
  <agent start_id="154" goal_id="192"/>
  <agent start_id="2" goal_id="175"/>
  <agent start_id="121" goal_id="43"/>
  <agent start_id="54" goal_id="40"/>
  <agent start_id="52" goal_id="34"/>
  <agent start_id="69" goal_id="125"/>
  <agent start_id="149" goal_id="164"/>
  <agent start_id="126" goal_id="119"/>
  <agent start_id="135" goal_id="98"/>
  <agent start_id="31" goal_id="157"/>
  <agent start_id="198" goal_id="33"/>
  <agent start_id="183" goal_id="83"/>
  <agent start_id="73" goal_id="160"/>
  <agent start_id="55" goal_id="136"/>
  <agent start_id="7" goal_id="9"/>
  <agent start_id="3" goal_id="79"/>
  <agent start_id="99" goal_id="61"/>
  <agent start_id="62" goal_id="153"/>
  <agent start_id="146" goal_id="130"/>
  <agent start_id="104" goal_id="198"/>
  <agent start_id="70" goal_id="42"/>
  <agent start_id="158" goal_id="134"/>
  <agent start_id="9" goal_id="102"/>
  <agent start_id="178" goal_id="162"/>
  <agent start_id="176" goal_id="37"/>
  <agent start_id="74" goal_id="150"/>
  <agent start_id="191" goal_id="23"/>
</root>
