<?xml version="1.0" ?>
<root>
  <agent start_id="162" goal_id="110"/>
  <agent start_id="94" goal_id="8"/>
  <agent start_id="28" goal_id="155"/>
  <agent start_id="54" goal_id="131"/>
  <agent start_id="194" goal_id="107"/>
  <agent start_id="9" goal_id="190"/>
  <agent start_id="111" goal_id="93"/>
  <agent start_id="26" goal_id="39"/>
  <agent start_id="65" goal_id="13"/>
  <agent start_id="160" goal_id="101"/>
  <agent start_id="63" goal_id="196"/>
  <agent start_id="13" goal_id="17"/>
  <agent start_id="169" goal_id="67"/>
  <agent start_id="19" goal_id="90"/>
  <agent start_id="129" goal_id="0"/>
  <agent start_id="140" goal_id="165"/>
  <agent start_id="119" goal_id="6"/>
  <agent start_id="24" goal_id="138"/>
  <agent start_id="61" goal_id="73"/>
  <agent start_id="171" goal_id="96"/>
  <agent start_id="177" goal_id="181"/>
  <agent start_id="153" goal_id="182"/>
  <agent start_id="170" goal_id="159"/>
  <agent start_id="193" goal_id="119"/>
  <agent start_id="124" goal_id="56"/>
  <agent start_id="166" goal_id="62"/>
  <agent start_id="96" goal_id="68"/>
  <agent start_id="40" goal_id="26"/>
  <agent start_id="48" goal_id="18"/>
  <agent start_id="77" goal_id="123"/>
  <agent start_id="47" goal_id="197"/>
  <agent start_id="195" goal_id="11"/>
  <agent start_id="70" goal_id="89"/>
  <agent start_id="45" goal_id="98"/>
  <agent start_id="105" goal_id="54"/>
  <agent start_id="81" goal_id="1"/>
  <agent start_id="127" goal_id="187"/>
  <agent start_id="186" goal_id="145"/>
  <agent start_id="150" goal_id="129"/>
  <agent start_id="14" goal_id="175"/>
  <agent start_id="116" goal_id="4"/>
  <agent start_id="1" goal_id="184"/>
  <agent start_id="120" goal_id="28"/>
  <agent start_id="175" goal_id="135"/>
  <agent start_id="50" goal_id="83"/>
  <agent start_id="132" goal_id="189"/>
  <agent start_id="135" goal_id="59"/>
  <agent start_id="7" goal_id="75"/>
  <agent start_id="187" goal_id="41"/>
  <agent start_id="113" goal_id="50"/>
</root>
