<?xml version="1.0" ?>
<root>
  <agent start_id="179" goal_id="94"/>
  <agent start_id="75" goal_id="190"/>
  <agent start_id="144" goal_id="138"/>
  <agent start_id="187" goal_id="144"/>
  <agent start_id="94" goal_id="143"/>
  <agent start_id="138" goal_id="53"/>
  <agent start_id="13" goal_id="121"/>
  <agent start_id="26" goal_id="33"/>
  <agent start_id="115" goal_id="59"/>
  <agent start_id="64" goal_id="17"/>
  <agent start_id="3" goal_id="177"/>
  <agent start_id="165" goal_id="83"/>
  <agent start_id="16" goal_id="60"/>
  <agent start_id="193" goal_id="5"/>
  <agent start_id="36" goal_id="15"/>
  <agent start_id="37" goal_id="146"/>
  <agent start_id="45" goal_id="10"/>
  <agent start_id="78" goal_id="12"/>
  <agent start_id="50" goal_id="18"/>
  <agent start_id="71" goal_id="67"/>
  <agent start_id="48" goal_id="136"/>
  <agent start_id="107" goal_id="21"/>
  <agent start_id="91" goal_id="35"/>
  <agent start_id="150" goal_id="47"/>
  <agent start_id="101" goal_id="180"/>
  <agent start_id="35" goal_id="71"/>
  <agent start_id="117" goal_id="191"/>
  <agent start_id="154" goal_id="132"/>
  <agent start_id="83" goal_id="120"/>
  <agent start_id="108" goal_id="69"/>
  <agent start_id="159" goal_id="29"/>
  <agent start_id="171" goal_id="171"/>
  <agent start_id="176" goal_id="114"/>
  <agent start_id="52" goal_id="93"/>
  <agent start_id="162" goal_id="44"/>
  <agent start_id="123" goal_id="85"/>
  <agent start_id="186" goal_id="169"/>
  <agent start_id="46" goal_id="63"/>
  <agent start_id="11" goal_id="164"/>
  <agent start_id="97" goal_id="0"/>
  <agent start_id="121" goal_id="39"/>
  <agent start_id="0" goal_id="178"/>
  <agent start_id="73" goal_id="42"/>
  <agent start_id="152" goal_id="77"/>
  <agent start_id="82" goal_id="3"/>
  <agent start_id="89" goal_id="55"/>
  <agent start_id="198" goal_id="117"/>
  <agent start_id="39" goal_id="175"/>
  <agent start_id="44" goal_id="1"/>
  <agent start_id="47" goal_id="106"/>
</root>
