<?xml version="1.0" ?>
<root>
  <agent start_id="38" goal_id="100"/>
  <agent start_id="194" goal_id="46"/>
  <agent start_id="82" goal_id="124"/>
  <agent start_id="85" goal_id="56"/>
  <agent start_id="31" goal_id="192"/>
  <agent start_id="177" goal_id="87"/>
  <agent start_id="144" goal_id="88"/>
  <agent start_id="108" goal_id="68"/>
  <agent start_id="172" goal_id="65"/>
  <agent start_id="127" goal_id="190"/>
  <agent start_id="193" goal_id="58"/>
  <agent start_id="135" goal_id="76"/>
  <agent start_id="138" goal_id="191"/>
  <agent start_id="72" goal_id="156"/>
  <agent start_id="188" goal_id="149"/>
  <agent start_id="37" goal_id="172"/>
  <agent start_id="179" goal_id="116"/>
  <agent start_id="28" goal_id="4"/>
  <agent start_id="64" goal_id="83"/>
  <agent start_id="156" goal_id="115"/>
  <agent start_id="122" goal_id="52"/>
  <agent start_id="153" goal_id="54"/>
  <agent start_id="101" goal_id="131"/>
  <agent start_id="184" goal_id="2"/>
  <agent start_id="61" goal_id="10"/>
  <agent start_id="6" goal_id="122"/>
  <agent start_id="154" goal_id="40"/>
  <agent start_id="46" goal_id="7"/>
  <agent start_id="40" goal_id="55"/>
  <agent start_id="131" goal_id="175"/>
  <agent start_id="83" goal_id="126"/>
  <agent start_id="93" goal_id="168"/>
  <agent start_id="75" goal_id="61"/>
  <agent start_id="115" goal_id="97"/>
  <agent start_id="126" goal_id="89"/>
  <agent start_id="162" goal_id="103"/>
  <agent start_id="57" goal_id="18"/>
  <agent start_id="178" goal_id="106"/>
  <agent start_id="167" goal_id="81"/>
  <agent start_id="18" goal_id="139"/>
  <agent start_id="149" goal_id="193"/>
  <agent start_id="90" goal_id="123"/>
  <agent start_id="23" goal_id="176"/>
  <agent start_id="99" goal_id="194"/>
  <agent start_id="106" goal_id="185"/>
  <agent start_id="160" goal_id="39"/>
  <agent start_id="134" goal_id="199"/>
  <agent start_id="163" goal_id="119"/>
  <agent start_id="48" goal_id="24"/>
  <agent start_id="164" goal_id="59"/>
</root>
