<?xml version="1.0" ?>
<root>
  <agent start_id="67" goal_id="20"/>
  <agent start_id="17" goal_id="183"/>
  <agent start_id="69" goal_id="64"/>
  <agent start_id="50" goal_id="51"/>
  <agent start_id="99" goal_id="161"/>
  <agent start_id="171" goal_id="114"/>
  <agent start_id="137" goal_id="36"/>
  <agent start_id="158" goal_id="0"/>
  <agent start_id="3" goal_id="187"/>
  <agent start_id="33" goal_id="75"/>
  <agent start_id="128" goal_id="80"/>
  <agent start_id="46" goal_id="118"/>
  <agent start_id="199" goal_id="167"/>
  <agent start_id="52" goal_id="155"/>
  <agent start_id="78" goal_id="125"/>
  <agent start_id="29" goal_id="89"/>
  <agent start_id="90" goal_id="62"/>
  <agent start_id="65" goal_id="53"/>
  <agent start_id="168" goal_id="195"/>
  <agent start_id="22" goal_id="11"/>
  <agent start_id="113" goal_id="132"/>
  <agent start_id="130" goal_id="184"/>
  <agent start_id="156" goal_id="146"/>
  <agent start_id="11" goal_id="158"/>
  <agent start_id="1" goal_id="48"/>
  <agent start_id="160" goal_id="107"/>
  <agent start_id="192" goal_id="178"/>
  <agent start_id="153" goal_id="164"/>
  <agent start_id="114" goal_id="45"/>
  <agent start_id="2" goal_id="152"/>
  <agent start_id="88" goal_id="73"/>
  <agent start_id="72" goal_id="29"/>
  <agent start_id="100" goal_id="140"/>
  <agent start_id="95" goal_id="123"/>
  <agent start_id="73" goal_id="169"/>
  <agent start_id="173" goal_id="92"/>
  <agent start_id="45" goal_id="120"/>
  <agent start_id="181" goal_id="197"/>
  <agent start_id="28" goal_id="7"/>
  <agent start_id="195" goal_id="122"/>
  <agent start_id="42" goal_id="128"/>
  <agent start_id="86" goal_id="58"/>
  <agent start_id="125" goal_id="199"/>
  <agent start_id="51" goal_id="26"/>
  <agent start_id="97" goal_id="79"/>
  <agent start_id="13" goal_id="105"/>
  <agent start_id="35" goal_id="135"/>
  <agent start_id="116" goal_id="116"/>
  <agent start_id="27" goal_id="124"/>
  <agent start_id="63" goal_id="193"/>
</root>
