<?xml version="1.0" ?>
<root>
  <agent start_id="19" goal_id="51"/>
  <agent start_id="185" goal_id="34"/>
  <agent start_id="85" goal_id="195"/>
  <agent start_id="46" goal_id="163"/>
  <agent start_id="1" goal_id="3"/>
  <agent start_id="73" goal_id="74"/>
  <agent start_id="23" goal_id="80"/>
  <agent start_id="102" goal_id="178"/>
  <agent start_id="29" goal_id="106"/>
  <agent start_id="33" goal_id="29"/>
  <agent start_id="127" goal_id="90"/>
  <agent start_id="94" goal_id="120"/>
  <agent start_id="42" goal_id="36"/>
  <agent start_id="87" goal_id="69"/>
  <agent start_id="41" goal_id="46"/>
  <agent start_id="64" goal_id="170"/>
  <agent start_id="101" goal_id="6"/>
  <agent start_id="138" goal_id="140"/>
  <agent start_id="196" goal_id="76"/>
  <agent start_id="105" goal_id="97"/>
  <agent start_id="25" goal_id="123"/>
  <agent start_id="30" goal_id="180"/>
  <agent start_id="38" goal_id="113"/>
  <agent start_id="156" goal_id="81"/>
  <agent start_id="72" goal_id="20"/>
  <agent start_id="153" goal_id="118"/>
  <agent start_id="186" goal_id="83"/>
  <agent start_id="83" goal_id="1"/>
  <agent start_id="155" goal_id="47"/>
  <agent start_id="164" goal_id="4"/>
  <agent start_id="26" goal_id="176"/>
  <agent start_id="187" goal_id="33"/>
  <agent start_id="8" goal_id="190"/>
  <agent start_id="40" goal_id="68"/>
  <agent start_id="171" goal_id="169"/>
  <agent start_id="80" goal_id="136"/>
  <agent start_id="110" goal_id="122"/>
  <agent start_id="135" goal_id="99"/>
  <agent start_id="195" goal_id="19"/>
  <agent start_id="161" goal_id="65"/>
  <agent start_id="82" goal_id="155"/>
  <agent start_id="126" goal_id="59"/>
  <agent start_id="119" goal_id="199"/>
  <agent start_id="28" goal_id="157"/>
  <agent start_id="112" goal_id="177"/>
  <agent start_id="59" goal_id="192"/>
  <agent start_id="27" goal_id="31"/>
  <agent start_id="31" goal_id="9"/>
  <agent start_id="170" goal_id="189"/>
  <agent start_id="86" goal_id="63"/>
</root>
