<?xml version="1.0" ?>
<root>
  <agent start_id="99" goal_id="56"/>
  <agent start_id="52" goal_id="42"/>
  <agent start_id="98" goal_id="7"/>
  <agent start_id="138" goal_id="116"/>
  <agent start_id="16" goal_id="151"/>
  <agent start_id="110" goal_id="8"/>
  <agent start_id="82" goal_id="180"/>
  <agent start_id="175" goal_id="93"/>
  <agent start_id="69" goal_id="76"/>
  <agent start_id="109" goal_id="113"/>
  <agent start_id="0" goal_id="59"/>
  <agent start_id="37" goal_id="169"/>
  <agent start_id="169" goal_id="119"/>
  <agent start_id="77" goal_id="153"/>
  <agent start_id="153" goal_id="128"/>
  <agent start_id="55" goal_id="106"/>
  <agent start_id="167" goal_id="16"/>
  <agent start_id="133" goal_id="95"/>
  <agent start_id="108" goal_id="138"/>
  <agent start_id="4" goal_id="100"/>
  <agent start_id="33" goal_id="172"/>
  <agent start_id="156" goal_id="34"/>
  <agent start_id="136" goal_id="101"/>
  <agent start_id="168" goal_id="112"/>
  <agent start_id="148" goal_id="147"/>
  <agent start_id="164" goal_id="143"/>
  <agent start_id="18" goal_id="0"/>
  <agent start_id="84" goal_id="129"/>
  <agent start_id="121" goal_id="190"/>
  <agent start_id="192" goal_id="168"/>
  <agent start_id="159" goal_id="105"/>
  <agent start_id="63" goal_id="80"/>
  <agent start_id="89" goal_id="9"/>
  <agent start_id="41" goal_id="178"/>
  <agent start_id="43" goal_id="171"/>
  <agent start_id="25" goal_id="73"/>
  <agent start_id="12" goal_id="14"/>
  <agent start_id="26" goal_id="144"/>
  <agent start_id="177" goal_id="19"/>
  <agent start_id="15" goal_id="68"/>
  <agent start_id="34" goal_id="184"/>
  <agent start_id="79" goal_id="194"/>
  <agent start_id="67" goal_id="21"/>
  <agent start_id="81" goal_id="146"/>
  <agent start_id="171" goal_id="166"/>
  <agent start_id="51" goal_id="49"/>
  <agent start_id="119" goal_id="60"/>
  <agent start_id="86" goal_id="18"/>
  <agent start_id="40" goal_id="176"/>
  <agent start_id="190" goal_id="155"/>
</root>
