<?xml version="1.0" ?>
<root>
  <agent start_id="199" goal_id="185"/>
  <agent start_id="143" goal_id="133"/>
  <agent start_id="152" goal_id="152"/>
  <agent start_id="189" goal_id="125"/>
  <agent start_id="175" goal_id="119"/>
  <agent start_id="95" goal_id="69"/>
  <agent start_id="29" goal_id="161"/>
  <agent start_id="60" goal_id="158"/>
  <agent start_id="106" goal_id="199"/>
  <agent start_id="6" goal_id="97"/>
  <agent start_id="13" goal_id="27"/>
  <agent start_id="43" goal_id="45"/>
  <agent start_id="113" goal_id="112"/>
  <agent start_id="194" goal_id="48"/>
  <agent start_id="188" goal_id="30"/>
  <agent start_id="55" goal_id="120"/>
  <agent start_id="100" goal_id="73"/>
  <agent start_id="145" goal_id="148"/>
  <agent start_id="161" goal_id="198"/>
  <agent start_id="128" goal_id="149"/>
  <agent start_id="31" goal_id="24"/>
  <agent start_id="17" goal_id="74"/>
  <agent start_id="86" goal_id="32"/>
  <agent start_id="103" goal_id="157"/>
  <agent start_id="134" goal_id="21"/>
  <agent start_id="88" goal_id="80"/>
  <agent start_id="129" goal_id="163"/>
  <agent start_id="169" goal_id="12"/>
  <agent start_id="97" goal_id="70"/>
  <agent start_id="172" goal_id="67"/>
  <agent start_id="26" goal_id="58"/>
  <agent start_id="173" goal_id="52"/>
  <agent start_id="92" goal_id="141"/>
  <agent start_id="157" goal_id="77"/>
  <agent start_id="179" goal_id="19"/>
  <agent start_id="130" goal_id="51"/>
  <agent start_id="34" goal_id="91"/>
  <agent start_id="69" goal_id="59"/>
  <agent start_id="79" goal_id="18"/>
  <agent start_id="82" goal_id="94"/>
  <agent start_id="117" goal_id="31"/>
  <agent start_id="85" goal_id="88"/>
  <agent start_id="7" goal_id="56"/>
  <agent start_id="124" goal_id="138"/>
  <agent start_id="118" goal_id="40"/>
  <agent start_id="21" goal_id="128"/>
  <agent start_id="192" goal_id="162"/>
  <agent start_id="57" goal_id="180"/>
  <agent start_id="61" goal_id="42"/>
  <agent start_id="99" goal_id="193"/>
</root>
