<?xml version="1.0" ?>
<root>
  <agent start_id="10" goal_id="16"/>
  <agent start_id="162" goal_id="79"/>
  <agent start_id="96" goal_id="19"/>
  <agent start_id="190" goal_id="88"/>
  <agent start_id="13" goal_id="176"/>
  <agent start_id="136" goal_id="74"/>
  <agent start_id="150" goal_id="156"/>
  <agent start_id="141" goal_id="23"/>
  <agent start_id="24" goal_id="193"/>
  <agent start_id="27" goal_id="170"/>
  <agent start_id="63" goal_id="172"/>
  <agent start_id="145" goal_id="51"/>
  <agent start_id="103" goal_id="84"/>
  <agent start_id="179" goal_id="65"/>
  <agent start_id="39" goal_id="106"/>
  <agent start_id="92" goal_id="155"/>
  <agent start_id="144" goal_id="18"/>
  <agent start_id="66" goal_id="81"/>
  <agent start_id="34" goal_id="50"/>
  <agent start_id="118" goal_id="167"/>
  <agent start_id="174" goal_id="180"/>
  <agent start_id="165" goal_id="63"/>
  <agent start_id="184" goal_id="31"/>
  <agent start_id="20" goal_id="48"/>
  <agent start_id="54" goal_id="137"/>
  <agent start_id="28" goal_id="9"/>
  <agent start_id="198" goal_id="71"/>
  <agent start_id="153" goal_id="20"/>
  <agent start_id="199" goal_id="77"/>
  <agent start_id="167" goal_id="98"/>
  <agent start_id="175" goal_id="165"/>
  <agent start_id="95" goal_id="1"/>
  <agent start_id="49" goal_id="7"/>
  <agent start_id="171" goal_id="107"/>
  <agent start_id="68" goal_id="127"/>
  <agent start_id="50" goal_id="4"/>
  <agent start_id="131" goal_id="103"/>
  <agent start_id="127" goal_id="182"/>
  <agent start_id="22" goal_id="140"/>
  <agent start_id="47" goal_id="60"/>
  <agent start_id="36" goal_id="132"/>
  <agent start_id="124" goal_id="199"/>
  <agent start_id="52" goal_id="145"/>
  <agent start_id="71" goal_id="78"/>
  <agent start_id="32" goal_id="35"/>
  <agent start_id="44" goal_id="189"/>
  <agent start_id="19" goal_id="105"/>
  <agent start_id="73" goal_id="168"/>
  <agent start_id="15" goal_id="177"/>
  <agent start_id="57" goal_id="117"/>
</root>
