<?xml version="1.0" ?>
<root>
  <agent start_id="13" goal_id="100"/>
  <agent start_id="26" goal_id="134"/>
  <agent start_id="44" goal_id="115"/>
  <agent start_id="180" goal_id="107"/>
  <agent start_id="74" goal_id="99"/>
  <agent start_id="176" goal_id="156"/>
  <agent start_id="10" goal_id="25"/>
  <agent start_id="23" goal_id="77"/>
  <agent start_id="96" goal_id="147"/>
  <agent start_id="128" goal_id="91"/>
  <agent start_id="38" goal_id="20"/>
  <agent start_id="57" goal_id="50"/>
  <agent start_id="66" goal_id="124"/>
  <agent start_id="103" goal_id="82"/>
  <agent start_id="29" goal_id="47"/>
  <agent start_id="158" goal_id="64"/>
  <agent start_id="185" goal_id="169"/>
  <agent start_id="50" goal_id="117"/>
  <agent start_id="18" goal_id="198"/>
  <agent start_id="69" goal_id="130"/>
  <agent start_id="136" goal_id="45"/>
  <agent start_id="0" goal_id="27"/>
  <agent start_id="37" goal_id="181"/>
  <agent start_id="142" goal_id="120"/>
  <agent start_id="141" goal_id="18"/>
  <agent start_id="72" goal_id="159"/>
  <agent start_id="77" goal_id="49"/>
  <agent start_id="102" goal_id="103"/>
  <agent start_id="126" goal_id="70"/>
  <agent start_id="15" goal_id="193"/>
  <agent start_id="131" goal_id="34"/>
  <agent start_id="39" goal_id="141"/>
  <agent start_id="14" goal_id="11"/>
  <agent start_id="19" goal_id="166"/>
  <agent start_id="4" goal_id="13"/>
  <agent start_id="137" goal_id="142"/>
  <agent start_id="98" goal_id="61"/>
  <agent start_id="40" goal_id="101"/>
  <agent start_id="33" goal_id="15"/>
  <agent start_id="85" goal_id="188"/>
  <agent start_id="169" goal_id="36"/>
  <agent start_id="53" goal_id="109"/>
  <agent start_id="22" goal_id="194"/>
  <agent start_id="140" goal_id="143"/>
  <agent start_id="60" goal_id="57"/>
  <agent start_id="186" goal_id="84"/>
  <agent start_id="173" goal_id="174"/>
  <agent start_id="48" goal_id="113"/>
  <agent start_id="181" goal_id="78"/>
  <agent start_id="119" goal_id="73"/>
</root>
