<?xml version="1.0" ?>
<root>
  <agent start_id="55" goal_id="97"/>
  <agent start_id="198" goal_id="88"/>
  <agent start_id="13" goal_id="157"/>
  <agent start_id="33" goal_id="108"/>
  <agent start_id="6" goal_id="38"/>
  <agent start_id="88" goal_id="160"/>
  <agent start_id="175" goal_id="103"/>
  <agent start_id="127" goal_id="19"/>
  <agent start_id="99" goal_id="93"/>
  <agent start_id="23" goal_id="80"/>
  <agent start_id="86" goal_id="52"/>
  <agent start_id="0" goal_id="50"/>
  <agent start_id="138" goal_id="193"/>
  <agent start_id="8" goal_id="179"/>
  <agent start_id="2" goal_id="198"/>
  <agent start_id="89" goal_id="175"/>
  <agent start_id="119" goal_id="110"/>
  <agent start_id="80" goal_id="78"/>
  <agent start_id="65" goal_id="122"/>
  <agent start_id="163" goal_id="23"/>
  <agent start_id="25" goal_id="6"/>
  <agent start_id="106" goal_id="120"/>
  <agent start_id="36" goal_id="13"/>
  <agent start_id="50" goal_id="4"/>
  <agent start_id="38" goal_id="61"/>
  <agent start_id="134" goal_id="41"/>
  <agent start_id="28" goal_id="36"/>
  <agent start_id="199" goal_id="134"/>
  <agent start_id="81" goal_id="5"/>
  <agent start_id="51" goal_id="166"/>
  <agent start_id="186" goal_id="190"/>
  <agent start_id="77" goal_id="46"/>
  <agent start_id="53" goal_id="143"/>
  <agent start_id="115" goal_id="114"/>
  <agent start_id="103" goal_id="163"/>
  <agent start_id="129" goal_id="2"/>
  <agent start_id="78" goal_id="133"/>
  <agent start_id="179" goal_id="130"/>
  <agent start_id="153" goal_id="54"/>
  <agent start_id="94" goal_id="35"/>
  <agent start_id="136" goal_id="174"/>
  <agent start_id="35" goal_id="48"/>
  <agent start_id="117" goal_id="187"/>
  <agent start_id="98" goal_id="39"/>
  <agent start_id="137" goal_id="186"/>
  <agent start_id="57" goal_id="168"/>
  <agent start_id="44" goal_id="75"/>
  <agent start_id="149" goal_id="91"/>
  <agent start_id="172" goal_id="119"/>
  <agent start_id="31" goal_id="146"/>
</root>
