<?xml version="1.0" ?>
<root>
  <agent start_id="78" goal_id="88"/>
  <agent start_id="26" goal_id="34"/>
  <agent start_id="50" goal_id="184"/>
  <agent start_id="185" goal_id="159"/>
  <agent start_id="1" goal_id="193"/>
  <agent start_id="83" goal_id="91"/>
  <agent start_id="139" goal_id="16"/>
  <agent start_id="64" goal_id="106"/>
  <agent start_id="159" goal_id="182"/>
  <agent start_id="59" goal_id="141"/>
  <agent start_id="126" goal_id="12"/>
  <agent start_id="183" goal_id="107"/>
  <agent start_id="132" goal_id="119"/>
  <agent start_id="89" goal_id="80"/>
  <agent start_id="192" goal_id="66"/>
  <agent start_id="60" goal_id="75"/>
  <agent start_id="106" goal_id="33"/>
  <agent start_id="112" goal_id="20"/>
  <agent start_id="6" goal_id="109"/>
  <agent start_id="13" goal_id="105"/>
  <agent start_id="25" goal_id="2"/>
  <agent start_id="125" goal_id="22"/>
  <agent start_id="156" goal_id="50"/>
  <agent start_id="75" goal_id="153"/>
  <agent start_id="99" goal_id="196"/>
  <agent start_id="57" goal_id="194"/>
  <agent start_id="70" goal_id="14"/>
  <agent start_id="189" goal_id="117"/>
  <agent start_id="190" goal_id="59"/>
  <agent start_id="16" goal_id="145"/>
  <agent start_id="15" goal_id="4"/>
  <agent start_id="115" goal_id="188"/>
  <agent start_id="23" goal_id="164"/>
  <agent start_id="195" goal_id="124"/>
  <agent start_id="54" goal_id="55"/>
  <agent start_id="130" goal_id="63"/>
  <agent start_id="197" goal_id="127"/>
  <agent start_id="98" goal_id="28"/>
  <agent start_id="92" goal_id="94"/>
  <agent start_id="149" goal_id="110"/>
  <agent start_id="160" goal_id="115"/>
  <agent start_id="194" goal_id="161"/>
  <agent start_id="170" goal_id="77"/>
  <agent start_id="101" goal_id="57"/>
  <agent start_id="141" goal_id="169"/>
  <agent start_id="122" goal_id="82"/>
  <agent start_id="73" goal_id="51"/>
  <agent start_id="9" goal_id="48"/>
  <agent start_id="0" goal_id="101"/>
  <agent start_id="19" goal_id="189"/>
</root>
