<?xml version="1.0" ?>
<root>
  <agent start_id="199" goal_id="87"/>
  <agent start_id="74" goal_id="170"/>
  <agent start_id="140" goal_id="186"/>
  <agent start_id="118" goal_id="52"/>
  <agent start_id="151" goal_id="131"/>
  <agent start_id="57" goal_id="14"/>
  <agent start_id="93" goal_id="27"/>
  <agent start_id="86" goal_id="183"/>
  <agent start_id="174" goal_id="111"/>
  <agent start_id="154" goal_id="0"/>
  <agent start_id="181" goal_id="160"/>
  <agent start_id="5" goal_id="110"/>
  <agent start_id="63" goal_id="129"/>
  <agent start_id="169" goal_id="66"/>
  <agent start_id="30" goal_id="82"/>
  <agent start_id="128" goal_id="89"/>
  <agent start_id="147" goal_id="94"/>
  <agent start_id="179" goal_id="45"/>
  <agent start_id="108" goal_id="179"/>
  <agent start_id="124" goal_id="16"/>
  <agent start_id="183" goal_id="118"/>
  <agent start_id="129" goal_id="47"/>
  <agent start_id="8" goal_id="93"/>
  <agent start_id="32" goal_id="74"/>
  <agent start_id="60" goal_id="80"/>
  <agent start_id="87" goal_id="161"/>
  <agent start_id="177" goal_id="38"/>
  <agent start_id="21" goal_id="140"/>
  <agent start_id="44" goal_id="167"/>
  <agent start_id="42" goal_id="125"/>
  <agent start_id="182" goal_id="72"/>
  <agent start_id="114" goal_id="26"/>
  <agent start_id="67" goal_id="18"/>
  <agent start_id="175" goal_id="54"/>
  <agent start_id="99" goal_id="44"/>
  <agent start_id="31" goal_id="10"/>
  <agent start_id="142" goal_id="29"/>
  <agent start_id="16" goal_id="77"/>
  <agent start_id="137" goal_id="20"/>
  <agent start_id="64" goal_id="1"/>
  <agent start_id="34" goal_id="127"/>
  <agent start_id="167" goal_id="154"/>
  <agent start_id="61" goal_id="81"/>
  <agent start_id="189" goal_id="85"/>
  <agent start_id="125" goal_id="174"/>
  <agent start_id="71" goal_id="146"/>
  <agent start_id="186" goal_id="60"/>
  <agent start_id="185" goal_id="148"/>
  <agent start_id="48" goal_id="101"/>
  <agent start_id="79" goal_id="169"/>
</root>
