<?xml version="1.0" ?>
<root>
  <agent start_id="41" goal_id="155"/>
  <agent start_id="65" goal_id="167"/>
  <agent start_id="142" goal_id="41"/>
  <agent start_id="94" goal_id="0"/>
  <agent start_id="60" goal_id="151"/>
  <agent start_id="3" goal_id="118"/>
  <agent start_id="105" goal_id="38"/>
  <agent start_id="152" goal_id="103"/>
  <agent start_id="51" goal_id="63"/>
  <agent start_id="121" goal_id="129"/>
  <agent start_id="165" goal_id="7"/>
  <agent start_id="88" goal_id="188"/>
  <agent start_id="147" goal_id="162"/>
  <agent start_id="12" goal_id="73"/>
  <agent start_id="14" goal_id="23"/>
  <agent start_id="101" goal_id="154"/>
  <agent start_id="50" goal_id="89"/>
  <agent start_id="96" goal_id="125"/>
  <agent start_id="137" goal_id="45"/>
  <agent start_id="1" goal_id="57"/>
  <agent start_id="48" goal_id="13"/>
  <agent start_id="106" goal_id="88"/>
  <agent start_id="102" goal_id="143"/>
  <agent start_id="140" goal_id="16"/>
  <agent start_id="167" goal_id="50"/>
  <agent start_id="188" goal_id="81"/>
  <agent start_id="85" goal_id="18"/>
  <agent start_id="100" goal_id="184"/>
  <agent start_id="27" goal_id="33"/>
  <agent start_id="32" goal_id="115"/>
  <agent start_id="135" goal_id="128"/>
  <agent start_id="139" goal_id="181"/>
  <agent start_id="127" goal_id="34"/>
  <agent start_id="72" goal_id="82"/>
  <agent start_id="69" goal_id="159"/>
  <agent start_id="5" goal_id="31"/>
  <agent start_id="158" goal_id="116"/>
  <agent start_id="123" goal_id="193"/>
  <agent start_id="197" goal_id="90"/>
  <agent start_id="174" goal_id="191"/>
  <agent start_id="193" goal_id="67"/>
  <agent start_id="171" goal_id="8"/>
  <agent start_id="56" goal_id="15"/>
  <agent start_id="91" goal_id="152"/>
  <agent start_id="61" goal_id="183"/>
  <agent start_id="16" goal_id="96"/>
  <agent start_id="8" goal_id="4"/>
  <agent start_id="104" goal_id="44"/>
  <agent start_id="176" goal_id="110"/>
  <agent start_id="2" goal_id="146"/>
</root>
