<?xml version="1.0" ?>
<root>
  <agent start_id="107" goal_id="97"/>
  <agent start_id="187" goal_id="130"/>
  <agent start_id="36" goal_id="111"/>
  <agent start_id="157" goal_id="176"/>
  <agent start_id="126" goal_id="12"/>
  <agent start_id="182" goal_id="77"/>
  <agent start_id="190" goal_id="64"/>
  <agent start_id="74" goal_id="159"/>
  <agent start_id="94" goal_id="5"/>
  <agent start_id="1" goal_id="71"/>
  <agent start_id="93" goal_id="42"/>
  <agent start_id="4" goal_id="63"/>
  <agent start_id="139" goal_id="57"/>
  <agent start_id="40" goal_id="148"/>
  <agent start_id="27" goal_id="27"/>
  <agent start_id="77" goal_id="23"/>
  <agent start_id="174" goal_id="135"/>
  <agent start_id="146" goal_id="166"/>
  <agent start_id="198" goal_id="137"/>
  <agent start_id="6" goal_id="80"/>
  <agent start_id="103" goal_id="74"/>
  <agent start_id="143" goal_id="110"/>
  <agent start_id="17" goal_id="132"/>
  <agent start_id="56" goal_id="125"/>
  <agent start_id="62" goal_id="165"/>
  <agent start_id="29" goal_id="45"/>
  <agent start_id="193" goal_id="146"/>
  <agent start_id="155" goal_id="50"/>
  <agent start_id="168" goal_id="118"/>
  <agent start_id="58" goal_id="120"/>
  <agent start_id="136" goal_id="126"/>
  <agent start_id="23" goal_id="94"/>
  <agent start_id="194" goal_id="70"/>
  <agent start_id="106" goal_id="190"/>
  <agent start_id="54" goal_id="95"/>
  <agent start_id="32" goal_id="154"/>
  <agent start_id="185" goal_id="37"/>
  <agent start_id="158" goal_id="140"/>
  <agent start_id="134" goal_id="186"/>
  <agent start_id="111" goal_id="121"/>
  <agent start_id="86" goal_id="155"/>
  <agent start_id="100" goal_id="164"/>
  <agent start_id="46" goal_id="28"/>
  <agent start_id="196" goal_id="79"/>
  <agent start_id="10" goal_id="117"/>
  <agent start_id="0" goal_id="199"/>
  <agent start_id="121" goal_id="173"/>
  <agent start_id="14" goal_id="1"/>
  <agent start_id="99" goal_id="177"/>
  <agent start_id="65" goal_id="184"/>
</root>
