<?xml version="1.0" ?>
<root>
  <agent start_id="55" goal_id="96"/>
  <agent start_id="149" goal_id="152"/>
  <agent start_id="69" goal_id="194"/>
  <agent start_id="74" goal_id="138"/>
  <agent start_id="91" goal_id="26"/>
  <agent start_id="121" goal_id="0"/>
  <agent start_id="141" goal_id="190"/>
  <agent start_id="17" goal_id="29"/>
  <agent start_id="126" goal_id="180"/>
  <agent start_id="125" goal_id="117"/>
  <agent start_id="11" goal_id="173"/>
  <agent start_id="108" goal_id="34"/>
  <agent start_id="7" goal_id="5"/>
  <agent start_id="168" goal_id="9"/>
  <agent start_id="12" goal_id="181"/>
  <agent start_id="123" goal_id="18"/>
  <agent start_id="127" goal_id="144"/>
  <agent start_id="3" goal_id="188"/>
  <agent start_id="158" goal_id="42"/>
  <agent start_id="174" goal_id="169"/>
  <agent start_id="80" goal_id="154"/>
  <agent start_id="99" goal_id="134"/>
  <agent start_id="152" goal_id="59"/>
  <agent start_id="36" goal_id="145"/>
  <agent start_id="4" goal_id="22"/>
  <agent start_id="86" goal_id="92"/>
  <agent start_id="185" goal_id="199"/>
  <agent start_id="0" goal_id="31"/>
  <agent start_id="175" goal_id="107"/>
  <agent start_id="19" goal_id="124"/>
  <agent start_id="93" goal_id="111"/>
  <agent start_id="81" goal_id="83"/>
  <agent start_id="180" goal_id="191"/>
  <agent start_id="155" goal_id="7"/>
  <agent start_id="28" goal_id="17"/>
  <agent start_id="60" goal_id="46"/>
  <agent start_id="76" goal_id="58"/>
  <agent start_id="136" goal_id="175"/>
  <agent start_id="87" goal_id="122"/>
  <agent start_id="164" goal_id="52"/>
  <agent start_id="172" goal_id="120"/>
  <agent start_id="199" goal_id="39"/>
  <agent start_id="130" goal_id="197"/>
  <agent start_id="15" goal_id="37"/>
  <agent start_id="41" goal_id="136"/>
  <agent start_id="139" goal_id="156"/>
  <agent start_id="50" goal_id="192"/>
  <agent start_id="153" goal_id="70"/>
  <agent start_id="198" goal_id="78"/>
  <agent start_id="38" goal_id="127"/>
</root>
