<?xml version="1.0" ?>
<root>
  <agent start_id="15" goal_id="16"/>
  <agent start_id="95" goal_id="66"/>
  <agent start_id="85" goal_id="102"/>
  <agent start_id="59" goal_id="110"/>
  <agent start_id="137" goal_id="95"/>
  <agent start_id="164" goal_id="89"/>
  <agent start_id="13" goal_id="10"/>
  <agent start_id="120" goal_id="154"/>
  <agent start_id="101" goal_id="198"/>
  <agent start_id="41" goal_id="195"/>
  <agent start_id="76" goal_id="55"/>
  <agent start_id="102" goal_id="142"/>
  <agent start_id="31" goal_id="139"/>
  <agent start_id="17" goal_id="124"/>
  <agent start_id="1" goal_id="100"/>
  <agent start_id="178" goal_id="199"/>
  <agent start_id="152" goal_id="148"/>
  <agent start_id="116" goal_id="128"/>
  <agent start_id="122" goal_id="164"/>
  <agent start_id="16" goal_id="186"/>
  <agent start_id="57" goal_id="117"/>
  <agent start_id="126" goal_id="159"/>
  <agent start_id="189" goal_id="0"/>
  <agent start_id="84" goal_id="38"/>
  <agent start_id="64" goal_id="39"/>
  <agent start_id="161" goal_id="77"/>
  <agent start_id="7" goal_id="147"/>
  <agent start_id="98" goal_id="5"/>
  <agent start_id="168" goal_id="7"/>
  <agent start_id="72" goal_id="193"/>
  <agent start_id="142" goal_id="26"/>
  <agent start_id="148" goal_id="135"/>
  <agent start_id="145" goal_id="160"/>
  <agent start_id="171" goal_id="60"/>
  <agent start_id="179" goal_id="173"/>
  <agent start_id="26" goal_id="123"/>
  <agent start_id="22" goal_id="114"/>
  <agent start_id="191" goal_id="3"/>
  <agent start_id="172" goal_id="71"/>
  <agent start_id="185" goal_id="28"/>
  <agent start_id="139" goal_id="54"/>
  <agent start_id="5" goal_id="2"/>
  <agent start_id="54" goal_id="58"/>
  <agent start_id="163" goal_id="63"/>
  <agent start_id="190" goal_id="196"/>
  <agent start_id="186" goal_id="79"/>
  <agent start_id="103" goal_id="116"/>
  <agent start_id="118" goal_id="42"/>
  <agent start_id="89" goal_id="70"/>
  <agent start_id="180" goal_id="113"/>
</root>
