<?xml version="1.0" ?>
<root>
  <agent start_id="127" goal_id="23"/>
  <agent start_id="21" goal_id="114"/>
  <agent start_id="69" goal_id="195"/>
  <agent start_id="30" goal_id="188"/>
  <agent start_id="145" goal_id="70"/>
  <agent start_id="71" goal_id="149"/>
  <agent start_id="33" goal_id="94"/>
  <agent start_id="138" goal_id="165"/>
  <agent start_id="169" goal_id="179"/>
  <agent start_id="23" goal_id="5"/>
  <agent start_id="182" goal_id="117"/>
  <agent start_id="8" goal_id="112"/>
  <agent start_id="48" goal_id="43"/>
  <agent start_id="154" goal_id="17"/>
  <agent start_id="194" goal_id="109"/>
  <agent start_id="99" goal_id="80"/>
  <agent start_id="172" goal_id="126"/>
  <agent start_id="92" goal_id="192"/>
  <agent start_id="158" goal_id="21"/>
  <agent start_id="74" goal_id="116"/>
  <agent start_id="19" goal_id="186"/>
  <agent start_id="115" goal_id="42"/>
  <agent start_id="119" goal_id="29"/>
  <agent start_id="35" goal_id="87"/>
  <agent start_id="53" goal_id="11"/>
  <agent start_id="32" goal_id="121"/>
  <agent start_id="171" goal_id="160"/>
  <agent start_id="84" goal_id="123"/>
  <agent start_id="104" goal_id="73"/>
  <agent start_id="177" goal_id="76"/>
  <agent start_id="193" goal_id="145"/>
  <agent start_id="149" goal_id="86"/>
  <agent start_id="188" goal_id="190"/>
  <agent start_id="66" goal_id="67"/>
  <agent start_id="64" goal_id="189"/>
  <agent start_id="11" goal_id="119"/>
  <agent start_id="165" goal_id="41"/>
  <agent start_id="111" goal_id="169"/>
  <agent start_id="59" goal_id="198"/>
  <agent start_id="97" goal_id="172"/>
  <agent start_id="167" goal_id="7"/>
  <agent start_id="191" goal_id="71"/>
  <agent start_id="95" goal_id="166"/>
  <agent start_id="78" goal_id="3"/>
  <agent start_id="132" goal_id="157"/>
  <agent start_id="77" goal_id="65"/>
  <agent start_id="108" goal_id="141"/>
  <agent start_id="45" goal_id="180"/>
  <agent start_id="100" goal_id="60"/>
  <agent start_id="44" goal_id="31"/>
</root>
