<?xml version="1.0" ?>
<root>
  <agent start_id="121" goal_id="154"/>
  <agent start_id="29" goal_id="146"/>
  <agent start_id="58" goal_id="1"/>
  <agent start_id="135" goal_id="29"/>
  <agent start_id="103" goal_id="120"/>
  <agent start_id="40" goal_id="129"/>
  <agent start_id="15" goal_id="187"/>
  <agent start_id="98" goal_id="92"/>
  <agent start_id="199" goal_id="51"/>
  <agent start_id="38" goal_id="65"/>
  <agent start_id="194" goal_id="58"/>
  <agent start_id="102" goal_id="18"/>
  <agent start_id="44" goal_id="59"/>
  <agent start_id="72" goal_id="139"/>
  <agent start_id="108" goal_id="107"/>
  <agent start_id="150" goal_id="77"/>
  <agent start_id="39" goal_id="161"/>
  <agent start_id="96" goal_id="135"/>
  <agent start_id="107" goal_id="70"/>
  <agent start_id="6" goal_id="111"/>
  <agent start_id="167" goal_id="50"/>
  <agent start_id="145" goal_id="8"/>
  <agent start_id="80" goal_id="13"/>
  <agent start_id="120" goal_id="64"/>
  <agent start_id="63" goal_id="88"/>
  <agent start_id="37" goal_id="75"/>
  <agent start_id="147" goal_id="9"/>
  <agent start_id="149" goal_id="17"/>
  <agent start_id="169" goal_id="84"/>
  <agent start_id="158" goal_id="180"/>
  <agent start_id="33" goal_id="195"/>
  <agent start_id="82" goal_id="99"/>
  <agent start_id="171" goal_id="5"/>
  <agent start_id="130" goal_id="3"/>
  <agent start_id="185" goal_id="48"/>
  <agent start_id="156" goal_id="173"/>
  <agent start_id="164" goal_id="168"/>
  <agent start_id="93" goal_id="130"/>
  <agent start_id="131" goal_id="150"/>
  <agent start_id="172" goal_id="63"/>
  <agent start_id="153" goal_id="114"/>
  <agent start_id="46" goal_id="105"/>
  <agent start_id="142" goal_id="82"/>
  <agent start_id="189" goal_id="109"/>
  <agent start_id="161" goal_id="7"/>
  <agent start_id="32" goal_id="124"/>
  <agent start_id="137" goal_id="2"/>
  <agent start_id="188" goal_id="125"/>
  <agent start_id="22" goal_id="97"/>
  <agent start_id="90" goal_id="46"/>
</root>
