<?xml version="1.0" ?>
<root>
  <agent start_id="149" goal_id="108"/>
  <agent start_id="81" goal_id="12"/>
  <agent start_id="128" goal_id="145"/>
  <agent start_id="13" goal_id="147"/>
  <agent start_id="63" goal_id="60"/>
  <agent start_id="155" goal_id="191"/>
  <agent start_id="58" goal_id="155"/>
  <agent start_id="72" goal_id="119"/>
  <agent start_id="38" goal_id="68"/>
  <agent start_id="117" goal_id="20"/>
  <agent start_id="24" goal_id="136"/>
  <agent start_id="45" goal_id="77"/>
  <agent start_id="140" goal_id="197"/>
  <agent start_id="147" goal_id="55"/>
  <agent start_id="5" goal_id="116"/>
  <agent start_id="11" goal_id="173"/>
  <agent start_id="116" goal_id="81"/>
  <agent start_id="144" goal_id="177"/>
  <agent start_id="156" goal_id="33"/>
  <agent start_id="169" goal_id="38"/>
  <agent start_id="44" goal_id="175"/>
  <agent start_id="35" goal_id="34"/>
  <agent start_id="89" goal_id="184"/>
  <agent start_id="74" goal_id="160"/>
  <agent start_id="181" goal_id="8"/>
  <agent start_id="120" goal_id="11"/>
  <agent start_id="141" goal_id="179"/>
  <agent start_id="164" goal_id="79"/>
  <agent start_id="194" goal_id="122"/>
  <agent start_id="107" goal_id="180"/>
  <agent start_id="199" goal_id="97"/>
  <agent start_id="51" goal_id="131"/>
  <agent start_id="79" goal_id="188"/>
  <agent start_id="27" goal_id="105"/>
  <agent start_id="48" goal_id="64"/>
  <agent start_id="108" goal_id="51"/>
  <agent start_id="190" goal_id="45"/>
  <agent start_id="187" goal_id="23"/>
  <agent start_id="175" goal_id="89"/>
  <agent start_id="118" goal_id="76"/>
  <agent start_id="86" goal_id="171"/>
  <agent start_id="1" goal_id="151"/>
  <agent start_id="68" goal_id="15"/>
  <agent start_id="62" goal_id="31"/>
  <agent start_id="188" goal_id="194"/>
  <agent start_id="56" goal_id="29"/>
  <agent start_id="138" goal_id="192"/>
  <agent start_id="132" goal_id="114"/>
  <agent start_id="157" goal_id="2"/>
  <agent start_id="47" goal_id="49"/>
</root>
