<?xml version="1.0" ?>
<root>
  <agent start_id="0" goal_id="188"/>
  <agent start_id="82" goal_id="141"/>
  <agent start_id="173" goal_id="23"/>
  <agent start_id="168" goal_id="7"/>
  <agent start_id="57" goal_id="145"/>
  <agent start_id="178" goal_id="18"/>
  <agent start_id="2" goal_id="130"/>
  <agent start_id="108" goal_id="65"/>
  <agent start_id="104" goal_id="105"/>
  <agent start_id="158" goal_id="17"/>
  <agent start_id="59" goal_id="88"/>
  <agent start_id="101" goal_id="158"/>
  <agent start_id="17" goal_id="165"/>
  <agent start_id="136" goal_id="37"/>
  <agent start_id="170" goal_id="153"/>
  <agent start_id="41" goal_id="122"/>
  <agent start_id="68" goal_id="94"/>
  <agent start_id="65" goal_id="150"/>
  <agent start_id="94" goal_id="179"/>
  <agent start_id="14" goal_id="194"/>
  <agent start_id="186" goal_id="144"/>
  <agent start_id="23" goal_id="113"/>
  <agent start_id="60" goal_id="40"/>
  <agent start_id="163" goal_id="51"/>
  <agent start_id="107" goal_id="68"/>
  <agent start_id="50" goal_id="109"/>
  <agent start_id="184" goal_id="4"/>
  <agent start_id="85" goal_id="137"/>
  <agent start_id="7" goal_id="1"/>
  <agent start_id="36" goal_id="74"/>
  <agent start_id="191" goal_id="163"/>
  <agent start_id="96" goal_id="32"/>
  <agent start_id="90" goal_id="73"/>
  <agent start_id="138" goal_id="110"/>
  <agent start_id="84" goal_id="189"/>
  <agent start_id="3" goal_id="9"/>
  <agent start_id="165" goal_id="81"/>
  <agent start_id="28" goal_id="167"/>
  <agent start_id="79" goal_id="192"/>
  <agent start_id="38" goal_id="157"/>
  <agent start_id="53" goal_id="67"/>
  <agent start_id="54" goal_id="33"/>
  <agent start_id="176" goal_id="62"/>
  <agent start_id="144" goal_id="97"/>
  <agent start_id="187" goal_id="48"/>
  <agent start_id="61" goal_id="79"/>
  <agent start_id="16" goal_id="54"/>
  <agent start_id="166" goal_id="87"/>
  <agent start_id="55" goal_id="102"/>
  <agent start_id="118" goal_id="104"/>
</root>
