<?xml version="1.0" ?>
<root>
  <agent start_id="152" goal_id="69"/>
  <agent start_id="35" goal_id="158"/>
  <agent start_id="131" goal_id="141"/>
  <agent start_id="64" goal_id="28"/>
  <agent start_id="104" goal_id="185"/>
  <agent start_id="156" goal_id="2"/>
  <agent start_id="119" goal_id="152"/>
  <agent start_id="115" goal_id="71"/>
  <agent start_id="47" goal_id="157"/>
  <agent start_id="111" goal_id="121"/>
  <agent start_id="15" goal_id="43"/>
  <agent start_id="147" goal_id="90"/>
  <agent start_id="151" goal_id="196"/>
  <agent start_id="193" goal_id="164"/>
  <agent start_id="59" goal_id="9"/>
  <agent start_id="69" goal_id="76"/>
  <agent start_id="62" goal_id="11"/>
  <agent start_id="45" goal_id="110"/>
  <agent start_id="27" goal_id="56"/>
  <agent start_id="199" goal_id="19"/>
  <agent start_id="92" goal_id="191"/>
  <agent start_id="100" goal_id="145"/>
  <agent start_id="63" goal_id="190"/>
  <agent start_id="5" goal_id="140"/>
  <agent start_id="11" goal_id="113"/>
  <agent start_id="17" goal_id="175"/>
  <agent start_id="88" goal_id="80"/>
  <agent start_id="21" goal_id="138"/>
  <agent start_id="91" goal_id="26"/>
  <agent start_id="172" goal_id="42"/>
  <agent start_id="106" goal_id="149"/>
  <agent start_id="3" goal_id="184"/>
  <agent start_id="146" goal_id="12"/>
  <agent start_id="86" goal_id="62"/>
  <agent start_id="114" goal_id="148"/>
  <agent start_id="44" goal_id="33"/>
  <agent start_id="52" goal_id="96"/>
  <agent start_id="77" goal_id="46"/>
  <agent start_id="178" goal_id="81"/>
  <agent start_id="141" goal_id="45"/>
  <agent start_id="191" goal_id="134"/>
  <agent start_id="138" goal_id="98"/>
  <agent start_id="194" goal_id="127"/>
  <agent start_id="113" goal_id="89"/>
  <agent start_id="78" goal_id="50"/>
  <agent start_id="56" goal_id="106"/>
  <agent start_id="74" goal_id="22"/>
  <agent start_id="198" goal_id="178"/>
  <agent start_id="130" goal_id="143"/>
  <agent start_id="18" goal_id="83"/>
</root>
