<?xml version="1.0" ?>
<root>
  <agent start_id="15" goal_id="11"/>
  <agent start_id="97" goal_id="117"/>
  <agent start_id="195" goal_id="102"/>
  <agent start_id="129" goal_id="189"/>
  <agent start_id="99" goal_id="44"/>
  <agent start_id="41" goal_id="80"/>
  <agent start_id="108" goal_id="51"/>
  <agent start_id="147" goal_id="147"/>
  <agent start_id="149" goal_id="122"/>
  <agent start_id="184" goal_id="103"/>
  <agent start_id="31" goal_id="6"/>
  <agent start_id="2" goal_id="39"/>
  <agent start_id="67" goal_id="86"/>
  <agent start_id="78" goal_id="79"/>
  <agent start_id="157" goal_id="35"/>
  <agent start_id="72" goal_id="138"/>
  <agent start_id="121" goal_id="68"/>
  <agent start_id="56" goal_id="37"/>
  <agent start_id="104" goal_id="143"/>
  <agent start_id="22" goal_id="60"/>
  <agent start_id="7" goal_id="170"/>
  <agent start_id="30" goal_id="19"/>
  <agent start_id="43" goal_id="148"/>
  <agent start_id="122" goal_id="182"/>
  <agent start_id="169" goal_id="84"/>
  <agent start_id="150" goal_id="32"/>
  <agent start_id="103" goal_id="105"/>
  <agent start_id="176" goal_id="185"/>
  <agent start_id="145" goal_id="186"/>
  <agent start_id="64" goal_id="145"/>
  <agent start_id="79" goal_id="49"/>
  <agent start_id="91" goal_id="108"/>
  <agent start_id="0" goal_id="25"/>
  <agent start_id="198" goal_id="124"/>
  <agent start_id="81" goal_id="46"/>
  <agent start_id="47" goal_id="73"/>
  <agent start_id="171" goal_id="179"/>
  <agent start_id="80" goal_id="187"/>
  <agent start_id="73" goal_id="56"/>
  <agent start_id="189" goal_id="112"/>
  <agent start_id="9" goal_id="172"/>
  <agent start_id="131" goal_id="81"/>
  <agent start_id="166" goal_id="99"/>
  <agent start_id="144" goal_id="97"/>
  <agent start_id="173" goal_id="183"/>
  <agent start_id="76" goal_id="196"/>
  <agent start_id="85" goal_id="82"/>
  <agent start_id="168" goal_id="83"/>
  <agent start_id="175" goal_id="159"/>
  <agent start_id="105" goal_id="96"/>
</root>
