<?xml version="1.0" ?>
<root>
  <agent start_id="81" goal_id="81"/>
  <agent start_id="137" goal_id="7"/>
  <agent start_id="36" goal_id="53"/>
  <agent start_id="95" goal_id="3"/>
  <agent start_id="150" goal_id="152"/>
  <agent start_id="179" goal_id="49"/>
  <agent start_id="16" goal_id="167"/>
  <agent start_id="38" goal_id="62"/>
  <agent start_id="84" goal_id="88"/>
  <agent start_id="104" goal_id="110"/>
  <agent start_id="4" goal_id="173"/>
  <agent start_id="172" goal_id="33"/>
  <agent start_id="71" goal_id="94"/>
  <agent start_id="93" goal_id="19"/>
  <agent start_id="3" goal_id="42"/>
  <agent start_id="183" goal_id="146"/>
  <agent start_id="199" goal_id="59"/>
  <agent start_id="159" goal_id="32"/>
  <agent start_id="189" goal_id="97"/>
  <agent start_id="29" goal_id="149"/>
  <agent start_id="14" goal_id="157"/>
  <agent start_id="82" goal_id="155"/>
  <agent start_id="193" goal_id="17"/>
  <agent start_id="32" goal_id="73"/>
  <agent start_id="89" goal_id="72"/>
  <agent start_id="13" goal_id="163"/>
  <agent start_id="131" goal_id="177"/>
  <agent start_id="59" goal_id="76"/>
  <agent start_id="88" goal_id="130"/>
  <agent start_id="187" goal_id="20"/>
  <agent start_id="60" goal_id="124"/>
  <agent start_id="140" goal_id="27"/>
  <agent start_id="121" goal_id="87"/>
  <agent start_id="11" goal_id="56"/>
  <agent start_id="146" goal_id="82"/>
  <agent start_id="169" goal_id="14"/>
  <agent start_id="78" goal_id="18"/>
  <agent start_id="2" goal_id="198"/>
  <agent start_id="122" goal_id="77"/>
  <agent start_id="18" goal_id="84"/>
  <agent start_id="182" goal_id="174"/>
  <agent start_id="86" goal_id="195"/>
  <agent start_id="6" goal_id="101"/>
  <agent start_id="53" goal_id="2"/>
  <agent start_id="197" goal_id="61"/>
  <agent start_id="148" goal_id="194"/>
  <agent start_id="99" goal_id="67"/>
  <agent start_id="175" goal_id="192"/>
  <agent start_id="46" goal_id="95"/>
  <agent start_id="0" goal_id="161"/>
</root>
