<?xml version="1.0" ?>
<root>
  <agent start_id="179" goal_id="187"/>
  <agent start_id="9" goal_id="177"/>
  <agent start_id="53" goal_id="50"/>
  <agent start_id="110" goal_id="60"/>
  <agent start_id="194" goal_id="141"/>
  <agent start_id="191" goal_id="93"/>
  <agent start_id="69" goal_id="90"/>
  <agent start_id="71" goal_id="199"/>
  <agent start_id="146" goal_id="193"/>
  <agent start_id="30" goal_id="152"/>
  <agent start_id="137" goal_id="166"/>
  <agent start_id="103" goal_id="183"/>
  <agent start_id="0" goal_id="160"/>
  <agent start_id="99" goal_id="31"/>
  <agent start_id="180" goal_id="54"/>
  <agent start_id="185" goal_id="111"/>
  <agent start_id="45" goal_id="117"/>
  <agent start_id="95" goal_id="179"/>
  <agent start_id="123" goal_id="128"/>
  <agent start_id="62" goal_id="59"/>
  <agent start_id="23" goal_id="135"/>
  <agent start_id="116" goal_id="144"/>
  <agent start_id="2" goal_id="129"/>
  <agent start_id="74" goal_id="101"/>
  <agent start_id="6" goal_id="174"/>
  <agent start_id="193" goal_id="190"/>
  <agent start_id="22" goal_id="1"/>
  <agent start_id="174" goal_id="66"/>
  <agent start_id="143" goal_id="67"/>
  <agent start_id="94" goal_id="5"/>
  <agent start_id="161" goal_id="161"/>
  <agent start_id="57" goal_id="4"/>
  <agent start_id="120" goal_id="47"/>
  <agent start_id="37" goal_id="136"/>
  <agent start_id="164" goal_id="189"/>
  <agent start_id="189" goal_id="176"/>
  <agent start_id="12" goal_id="38"/>
  <agent start_id="32" goal_id="77"/>
  <agent start_id="42" goal_id="9"/>
  <agent start_id="40" goal_id="68"/>
  <agent start_id="86" goal_id="51"/>
  <agent start_id="58" goal_id="150"/>
  <agent start_id="182" goal_id="49"/>
  <agent start_id="89" goal_id="104"/>
  <agent start_id="128" goal_id="57"/>
  <agent start_id="131" goal_id="0"/>
  <agent start_id="150" goal_id="105"/>
  <agent start_id="88" goal_id="151"/>
  <agent start_id="151" goal_id="165"/>
  <agent start_id="188" goal_id="63"/>
</root>
