<?xml version="1.0" ?>
<root>
  <agent start_id="129" goal_id="115"/>
  <agent start_id="192" goal_id="133"/>
  <agent start_id="166" goal_id="16"/>
  <agent start_id="138" goal_id="120"/>
  <agent start_id="147" goal_id="20"/>
  <agent start_id="87" goal_id="171"/>
  <agent start_id="102" goal_id="87"/>
  <agent start_id="199" goal_id="15"/>
  <agent start_id="101" goal_id="11"/>
  <agent start_id="190" goal_id="69"/>
  <agent start_id="51" goal_id="144"/>
  <agent start_id="31" goal_id="2"/>
  <agent start_id="143" goal_id="77"/>
  <agent start_id="154" goal_id="81"/>
  <agent start_id="33" goal_id="176"/>
  <agent start_id="39" goal_id="106"/>
  <agent start_id="86" goal_id="4"/>
  <agent start_id="117" goal_id="96"/>
  <agent start_id="58" goal_id="70"/>
  <agent start_id="63" goal_id="97"/>
  <agent start_id="95" goal_id="93"/>
  <agent start_id="40" goal_id="160"/>
  <agent start_id="156" goal_id="183"/>
  <agent start_id="182" goal_id="47"/>
  <agent start_id="184" goal_id="76"/>
  <agent start_id="74" goal_id="129"/>
  <agent start_id="29" goal_id="74"/>
  <agent start_id="94" goal_id="54"/>
  <agent start_id="55" goal_id="169"/>
  <agent start_id="112" goal_id="136"/>
  <agent start_id="21" goal_id="140"/>
  <agent start_id="160" goal_id="148"/>
  <agent start_id="108" goal_id="185"/>
  <agent start_id="136" goal_id="43"/>
  <agent start_id="92" goal_id="165"/>
  <agent start_id="78" goal_id="174"/>
  <agent start_id="44" goal_id="22"/>
  <agent start_id="196" goal_id="57"/>
  <agent start_id="169" goal_id="64"/>
  <agent start_id="98" goal_id="83"/>
  <agent start_id="197" goal_id="53"/>
  <agent start_id="72" goal_id="19"/>
  <agent start_id="158" goal_id="32"/>
  <agent start_id="120" goal_id="145"/>
  <agent start_id="53" goal_id="153"/>
  <agent start_id="77" goal_id="9"/>
  <agent start_id="139" goal_id="38"/>
  <agent start_id="130" goal_id="101"/>
  <agent start_id="23" goal_id="33"/>
  <agent start_id="150" goal_id="127"/>
</root>
