<?xml version="1.0" ?>
<root>
  <agent start_id="145" goal_id="144"/>
  <agent start_id="173" goal_id="24"/>
  <agent start_id="74" goal_id="72"/>
  <agent start_id="68" goal_id="17"/>
  <agent start_id="126" goal_id="104"/>
  <agent start_id="41" goal_id="141"/>
  <agent start_id="158" goal_id="157"/>
  <agent start_id="55" goal_id="82"/>
  <agent start_id="25" goal_id="185"/>
  <agent start_id="54" goal_id="189"/>
  <agent start_id="119" goal_id="101"/>
  <agent start_id="111" goal_id="56"/>
  <agent start_id="108" goal_id="27"/>
  <agent start_id="7" goal_id="199"/>
  <agent start_id="8" goal_id="50"/>
  <agent start_id="36" goal_id="179"/>
  <agent start_id="142" goal_id="145"/>
  <agent start_id="115" goal_id="94"/>
  <agent start_id="172" goal_id="147"/>
  <agent start_id="60" goal_id="22"/>
  <agent start_id="0" goal_id="0"/>
  <agent start_id="196" goal_id="88"/>
  <agent start_id="167" goal_id="65"/>
  <agent start_id="175" goal_id="103"/>
  <agent start_id="170" goal_id="20"/>
  <agent start_id="106" goal_id="99"/>
  <agent start_id="26" goal_id="129"/>
  <agent start_id="71" goal_id="90"/>
  <agent start_id="94" goal_id="51"/>
  <agent start_id="83" goal_id="177"/>
  <agent start_id="18" goal_id="95"/>
  <agent start_id="137" goal_id="181"/>
  <agent start_id="15" goal_id="34"/>
  <agent start_id="179" goal_id="33"/>
  <agent start_id="10" goal_id="91"/>
  <agent start_id="183" goal_id="10"/>
  <agent start_id="113" goal_id="52"/>
  <agent start_id="19" goal_id="190"/>
  <agent start_id="198" goal_id="36"/>
  <agent start_id="84" goal_id="155"/>
  <agent start_id="92" goal_id="118"/>
  <agent start_id="4" goal_id="41"/>
  <agent start_id="20" goal_id="60"/>
  <agent start_id="76" goal_id="135"/>
  <agent start_id="59" goal_id="123"/>
  <agent start_id="50" goal_id="194"/>
  <agent start_id="99" goal_id="121"/>
  <agent start_id="129" goal_id="49"/>
  <agent start_id="118" goal_id="2"/>
  <agent start_id="82" goal_id="68"/>
</root>
