<?xml version="1.0" ?>
<root>
  <agent start_id="49" goal_id="153"/>
  <agent start_id="147" goal_id="60"/>
  <agent start_id="181" goal_id="139"/>
  <agent start_id="139" goal_id="94"/>
  <agent start_id="86" goal_id="66"/>
  <agent start_id="46" goal_id="45"/>
  <agent start_id="20" goal_id="173"/>
  <agent start_id="19" goal_id="55"/>
  <agent start_id="84" goal_id="174"/>
  <agent start_id="110" goal_id="67"/>
  <agent start_id="178" goal_id="115"/>
  <agent start_id="117" goal_id="82"/>
  <agent start_id="80" goal_id="43"/>
  <agent start_id="87" goal_id="30"/>
  <agent start_id="156" goal_id="98"/>
  <agent start_id="101" goal_id="100"/>
  <agent start_id="13" goal_id="124"/>
  <agent start_id="143" goal_id="171"/>
  <agent start_id="71" goal_id="143"/>
  <agent start_id="79" goal_id="23"/>
  <agent start_id="140" goal_id="91"/>
  <agent start_id="17" goal_id="34"/>
  <agent start_id="27" goal_id="155"/>
  <agent start_id="151" goal_id="129"/>
  <agent start_id="8" goal_id="134"/>
  <agent start_id="24" goal_id="195"/>
  <agent start_id="61" goal_id="7"/>
  <agent start_id="3" goal_id="107"/>
  <agent start_id="57" goal_id="33"/>
  <agent start_id="186" goal_id="0"/>
  <agent start_id="184" goal_id="88"/>
  <agent start_id="98" goal_id="79"/>
  <agent start_id="179" goal_id="176"/>
  <agent start_id="131" goal_id="198"/>
  <agent start_id="197" goal_id="68"/>
  <agent start_id="189" goal_id="190"/>
  <agent start_id="191" goal_id="29"/>
  <agent start_id="58" goal_id="17"/>
  <agent start_id="32" goal_id="148"/>
  <agent start_id="122" goal_id="189"/>
  <agent start_id="109" goal_id="179"/>
  <agent start_id="78" goal_id="85"/>
  <agent start_id="77" goal_id="36"/>
  <agent start_id="76" goal_id="57"/>
  <agent start_id="83" goal_id="112"/>
  <agent start_id="138" goal_id="4"/>
  <agent start_id="160" goal_id="161"/>
  <agent start_id="67" goal_id="157"/>
  <agent start_id="74" goal_id="87"/>
  <agent start_id="114" goal_id="73"/>
</root>
