<?xml version="1.0" ?>
<root>
  <agent start_id="102" goal_id="166"/>
  <agent start_id="45" goal_id="48"/>
  <agent start_id="112" goal_id="10"/>
  <agent start_id="69" goal_id="46"/>
  <agent start_id="8" goal_id="61"/>
  <agent start_id="11" goal_id="45"/>
  <agent start_id="181" goal_id="157"/>
  <agent start_id="30" goal_id="175"/>
  <agent start_id="168" goal_id="84"/>
  <agent start_id="42" goal_id="30"/>
  <agent start_id="171" goal_id="110"/>
  <agent start_id="116" goal_id="92"/>
  <agent start_id="166" goal_id="37"/>
  <agent start_id="142" goal_id="105"/>
  <agent start_id="120" goal_id="114"/>
  <agent start_id="77" goal_id="95"/>
  <agent start_id="170" goal_id="43"/>
  <agent start_id="154" goal_id="188"/>
  <agent start_id="188" goal_id="67"/>
  <agent start_id="198" goal_id="128"/>
  <agent start_id="156" goal_id="83"/>
  <agent start_id="189" goal_id="52"/>
  <agent start_id="169" goal_id="93"/>
  <agent start_id="164" goal_id="62"/>
  <agent start_id="56" goal_id="123"/>
  <agent start_id="109" goal_id="56"/>
  <agent start_id="108" goal_id="147"/>
  <agent start_id="21" goal_id="11"/>
  <agent start_id="184" goal_id="194"/>
  <agent start_id="118" goal_id="71"/>
  <agent start_id="46" goal_id="82"/>
  <agent start_id="105" goal_id="193"/>
  <agent start_id="173" goal_id="89"/>
  <agent start_id="178" goal_id="68"/>
  <agent start_id="89" goal_id="117"/>
  <agent start_id="17" goal_id="32"/>
  <agent start_id="3" goal_id="190"/>
  <agent start_id="7" goal_id="59"/>
  <agent start_id="54" goal_id="6"/>
  <agent start_id="133" goal_id="77"/>
  <agent start_id="124" goal_id="15"/>
  <agent start_id="179" goal_id="163"/>
  <agent start_id="195" goal_id="34"/>
  <agent start_id="161" goal_id="176"/>
  <agent start_id="64" goal_id="144"/>
  <agent start_id="81" goal_id="81"/>
  <agent start_id="83" goal_id="170"/>
  <agent start_id="92" goal_id="185"/>
  <agent start_id="71" goal_id="74"/>
  <agent start_id="19" goal_id="121"/>
</root>
