<?xml version="1.0" ?>
<root>
  <agent start_id="131" goal_id="47"/>
  <agent start_id="189" goal_id="169"/>
  <agent start_id="178" goal_id="192"/>
  <agent start_id="4" goal_id="113"/>
  <agent start_id="116" goal_id="186"/>
  <agent start_id="64" goal_id="177"/>
  <agent start_id="73" goal_id="77"/>
  <agent start_id="142" goal_id="157"/>
  <agent start_id="67" goal_id="191"/>
  <agent start_id="162" goal_id="72"/>
  <agent start_id="188" goal_id="87"/>
  <agent start_id="23" goal_id="185"/>
  <agent start_id="1" goal_id="100"/>
  <agent start_id="138" goal_id="140"/>
  <agent start_id="187" goal_id="152"/>
  <agent start_id="107" goal_id="22"/>
  <agent start_id="61" goal_id="97"/>
  <agent start_id="109" goal_id="46"/>
  <agent start_id="30" goal_id="131"/>
  <agent start_id="173" goal_id="124"/>
  <agent start_id="16" goal_id="173"/>
  <agent start_id="198" goal_id="31"/>
  <agent start_id="115" goal_id="17"/>
  <agent start_id="149" goal_id="27"/>
  <agent start_id="134" goal_id="145"/>
  <agent start_id="49" goal_id="85"/>
  <agent start_id="31" goal_id="59"/>
  <agent start_id="53" goal_id="182"/>
  <agent start_id="83" goal_id="193"/>
  <agent start_id="18" goal_id="146"/>
  <agent start_id="146" goal_id="130"/>
  <agent start_id="157" goal_id="23"/>
  <agent start_id="165" goal_id="34"/>
  <agent start_id="57" goal_id="143"/>
  <agent start_id="79" goal_id="128"/>
  <agent start_id="124" goal_id="65"/>
  <agent start_id="37" goal_id="62"/>
  <agent start_id="34" goal_id="38"/>
  <agent start_id="190" goal_id="25"/>
  <agent start_id="14" goal_id="13"/>
  <agent start_id="156" goal_id="68"/>
  <agent start_id="143" goal_id="168"/>
  <agent start_id="40" goal_id="51"/>
  <agent start_id="9" goal_id="159"/>
  <agent start_id="90" goal_id="167"/>
  <agent start_id="8" goal_id="172"/>
  <agent start_id="13" goal_id="180"/>
  <agent start_id="7" goal_id="121"/>
  <agent start_id="119" goal_id="41"/>
  <agent start_id="141" goal_id="67"/>
</root>
