<?xml version="1.0" ?>
<root>
  <agent start_id="87" goal_id="88"/>
  <agent start_id="89" goal_id="196"/>
  <agent start_id="41" goal_id="107"/>
  <agent start_id="174" goal_id="146"/>
  <agent start_id="91" goal_id="191"/>
  <agent start_id="62" goal_id="117"/>
  <agent start_id="152" goal_id="97"/>
  <agent start_id="53" goal_id="195"/>
  <agent start_id="5" goal_id="29"/>
  <agent start_id="134" goal_id="12"/>
  <agent start_id="97" goal_id="150"/>
  <agent start_id="162" goal_id="80"/>
  <agent start_id="83" goal_id="73"/>
  <agent start_id="140" goal_id="127"/>
  <agent start_id="84" goal_id="134"/>
  <agent start_id="121" goal_id="151"/>
  <agent start_id="26" goal_id="78"/>
  <agent start_id="48" goal_id="46"/>
  <agent start_id="42" goal_id="110"/>
  <agent start_id="155" goal_id="24"/>
  <agent start_id="72" goal_id="81"/>
  <agent start_id="164" goal_id="74"/>
  <agent start_id="148" goal_id="113"/>
  <agent start_id="108" goal_id="27"/>
  <agent start_id="180" goal_id="16"/>
  <agent start_id="8" goal_id="48"/>
  <agent start_id="29" goal_id="106"/>
  <agent start_id="150" goal_id="63"/>
  <agent start_id="197" goal_id="84"/>
  <agent start_id="46" goal_id="136"/>
  <agent start_id="24" goal_id="28"/>
  <agent start_id="177" goal_id="125"/>
  <agent start_id="44" goal_id="21"/>
  <agent start_id="139" goal_id="161"/>
  <agent start_id="75" goal_id="182"/>
  <agent start_id="56" goal_id="76"/>
  <agent start_id="55" goal_id="54"/>
  <agent start_id="17" goal_id="147"/>
  <agent start_id="189" goal_id="180"/>
  <agent start_id="28" goal_id="142"/>
  <agent start_id="172" goal_id="34"/>
  <agent start_id="18" goal_id="86"/>
  <agent start_id="176" goal_id="167"/>
  <agent start_id="149" goal_id="193"/>
  <agent start_id="195" goal_id="158"/>
  <agent start_id="187" goal_id="169"/>
  <agent start_id="105" goal_id="176"/>
  <agent start_id="127" goal_id="101"/>
  <agent start_id="168" goal_id="5"/>
  <agent start_id="151" goal_id="47"/>
</root>
