<?xml version="1.0" ?>
<root>
  <agent start_id="13" goal_id="106"/>
  <agent start_id="86" goal_id="154"/>
  <agent start_id="10" goal_id="110"/>
  <agent start_id="176" goal_id="186"/>
  <agent start_id="94" goal_id="4"/>
  <agent start_id="136" goal_id="131"/>
  <agent start_id="171" goal_id="44"/>
  <agent start_id="2" goal_id="77"/>
  <agent start_id="21" goal_id="42"/>
  <agent start_id="125" goal_id="188"/>
  <agent start_id="167" goal_id="159"/>
  <agent start_id="162" goal_id="157"/>
  <agent start_id="26" goal_id="99"/>
  <agent start_id="28" goal_id="173"/>
  <agent start_id="188" goal_id="43"/>
  <agent start_id="64" goal_id="197"/>
  <agent start_id="72" goal_id="133"/>
  <agent start_id="48" goal_id="35"/>
  <agent start_id="181" goal_id="193"/>
  <agent start_id="129" goal_id="29"/>
  <agent start_id="91" goal_id="176"/>
  <agent start_id="133" goal_id="60"/>
  <agent start_id="61" goal_id="119"/>
  <agent start_id="110" goal_id="90"/>
  <agent start_id="58" goal_id="67"/>
  <agent start_id="57" goal_id="94"/>
  <agent start_id="196" goal_id="185"/>
  <agent start_id="83" goal_id="199"/>
  <agent start_id="7" goal_id="6"/>
  <agent start_id="32" goal_id="107"/>
  <agent start_id="23" goal_id="85"/>
  <agent start_id="128" goal_id="92"/>
  <agent start_id="115" goal_id="147"/>
  <agent start_id="139" goal_id="177"/>
  <agent start_id="60" goal_id="126"/>
  <agent start_id="3" goal_id="15"/>
  <agent start_id="120" goal_id="50"/>
  <agent start_id="45" goal_id="167"/>
  <agent start_id="144" goal_id="10"/>
  <agent start_id="109" goal_id="69"/>
  <agent start_id="180" goal_id="14"/>
  <agent start_id="121" goal_id="141"/>
  <agent start_id="19" goal_id="164"/>
  <agent start_id="49" goal_id="71"/>
  <agent start_id="105" goal_id="180"/>
  <agent start_id="36" goal_id="38"/>
  <agent start_id="74" goal_id="58"/>
  <agent start_id="194" goal_id="98"/>
  <agent start_id="55" goal_id="183"/>
  <agent start_id="41" goal_id="101"/>
</root>
