<?xml version="1.0" ?>
<root>
  <agent start_id="140" goal_id="141"/>
  <agent start_id="179" goal_id="44"/>
  <agent start_id="33" goal_id="97"/>
  <agent start_id="42" goal_id="107"/>
  <agent start_id="44" goal_id="23"/>
  <agent start_id="72" goal_id="22"/>
  <agent start_id="66" goal_id="149"/>
  <agent start_id="129" goal_id="82"/>
  <agent start_id="182" goal_id="15"/>
  <agent start_id="176" goal_id="154"/>
  <agent start_id="0" goal_id="41"/>
  <agent start_id="88" goal_id="2"/>
  <agent start_id="30" goal_id="164"/>
  <agent start_id="7" goal_id="8"/>
  <agent start_id="145" goal_id="121"/>
  <agent start_id="118" goal_id="76"/>
  <agent start_id="48" goal_id="13"/>
  <agent start_id="9" goal_id="105"/>
  <agent start_id="169" goal_id="90"/>
  <agent start_id="126" goal_id="128"/>
  <agent start_id="141" goal_id="55"/>
  <agent start_id="58" goal_id="106"/>
  <agent start_id="173" goal_id="132"/>
  <agent start_id="64" goal_id="49"/>
  <agent start_id="104" goal_id="32"/>
  <agent start_id="74" goal_id="182"/>
  <agent start_id="122" goal_id="119"/>
  <agent start_id="111" goal_id="181"/>
  <agent start_id="39" goal_id="3"/>
  <agent start_id="96" goal_id="109"/>
  <agent start_id="35" goal_id="62"/>
  <agent start_id="38" goal_id="39"/>
  <agent start_id="133" goal_id="179"/>
  <agent start_id="168" goal_id="36"/>
  <agent start_id="24" goal_id="116"/>
  <agent start_id="123" goal_id="5"/>
  <agent start_id="85" goal_id="92"/>
  <agent start_id="32" goal_id="184"/>
  <agent start_id="15" goal_id="51"/>
  <agent start_id="150" goal_id="54"/>
  <agent start_id="135" goal_id="158"/>
  <agent start_id="175" goal_id="0"/>
  <agent start_id="187" goal_id="156"/>
  <agent start_id="109" goal_id="14"/>
  <agent start_id="134" goal_id="115"/>
  <agent start_id="90" goal_id="167"/>
  <agent start_id="151" goal_id="19"/>
  <agent start_id="166" goal_id="47"/>
  <agent start_id="28" goal_id="78"/>
  <agent start_id="108" goal_id="142"/>
</root>
