<?xml version="1.0" ?>
<root>
  <agent start_id="174" goal_id="90"/>
  <agent start_id="145" goal_id="116"/>
  <agent start_id="36" goal_id="67"/>
  <agent start_id="32" goal_id="143"/>
  <agent start_id="185" goal_id="175"/>
  <agent start_id="159" goal_id="112"/>
  <agent start_id="25" goal_id="43"/>
  <agent start_id="100" goal_id="127"/>
  <agent start_id="7" goal_id="108"/>
  <agent start_id="64" goal_id="156"/>
  <agent start_id="71" goal_id="113"/>
  <agent start_id="109" goal_id="41"/>
  <agent start_id="187" goal_id="55"/>
  <agent start_id="58" goal_id="50"/>
  <agent start_id="30" goal_id="199"/>
  <agent start_id="31" goal_id="77"/>
  <agent start_id="98" goal_id="86"/>
  <agent start_id="79" goal_id="94"/>
  <agent start_id="16" goal_id="61"/>
  <agent start_id="27" goal_id="28"/>
  <agent start_id="128" goal_id="185"/>
  <agent start_id="171" goal_id="122"/>
  <agent start_id="165" goal_id="36"/>
  <agent start_id="178" goal_id="71"/>
  <agent start_id="150" goal_id="167"/>
  <agent start_id="65" goal_id="142"/>
  <agent start_id="83" goal_id="148"/>
  <agent start_id="163" goal_id="84"/>
  <agent start_id="12" goal_id="0"/>
  <agent start_id="170" goal_id="98"/>
  <agent start_id="123" goal_id="54"/>
  <agent start_id="136" goal_id="172"/>
  <agent start_id="104" goal_id="159"/>
  <agent start_id="188" goal_id="141"/>
  <agent start_id="38" goal_id="183"/>
  <agent start_id="167" goal_id="6"/>
  <agent start_id="84" goal_id="26"/>
  <agent start_id="90" goal_id="197"/>
  <agent start_id="44" goal_id="96"/>
  <agent start_id="33" goal_id="75"/>
  <agent start_id="127" goal_id="30"/>
  <agent start_id="9" goal_id="79"/>
  <agent start_id="49" goal_id="138"/>
  <agent start_id="148" goal_id="155"/>
  <agent start_id="23" goal_id="169"/>
  <agent start_id="155" goal_id="153"/>
  <agent start_id="46" goal_id="162"/>
  <agent start_id="131" goal_id="74"/>
  <agent start_id="80" goal_id="177"/>
  <agent start_id="122" goal_id="82"/>
</root>
