<?xml version="1.0" ?>
<root>
  <agent start_id="53" goal_id="130"/>
  <agent start_id="3" goal_id="101"/>
  <agent start_id="175" goal_id="62"/>
  <agent start_id="180" goal_id="123"/>
  <agent start_id="98" goal_id="158"/>
  <agent start_id="17" goal_id="15"/>
  <agent start_id="163" goal_id="196"/>
  <agent start_id="169" goal_id="60"/>
  <agent start_id="92" goal_id="180"/>
  <agent start_id="39" goal_id="25"/>
  <agent start_id="102" goal_id="188"/>
  <agent start_id="196" goal_id="146"/>
  <agent start_id="58" goal_id="32"/>
  <agent start_id="44" goal_id="125"/>
  <agent start_id="178" goal_id="5"/>
  <agent start_id="37" goal_id="86"/>
  <agent start_id="5" goal_id="195"/>
  <agent start_id="47" goal_id="20"/>
  <agent start_id="63" goal_id="185"/>
  <agent start_id="31" goal_id="34"/>
  <agent start_id="10" goal_id="10"/>
  <agent start_id="134" goal_id="41"/>
  <agent start_id="192" goal_id="58"/>
  <agent start_id="195" goal_id="7"/>
  <agent start_id="146" goal_id="182"/>
  <agent start_id="89" goal_id="141"/>
  <agent start_id="144" goal_id="42"/>
  <agent start_id="75" goal_id="48"/>
  <agent start_id="42" goal_id="193"/>
  <agent start_id="126" goal_id="99"/>
  <agent start_id="106" goal_id="113"/>
  <agent start_id="141" goal_id="6"/>
  <agent start_id="194" goal_id="186"/>
  <agent start_id="43" goal_id="163"/>
  <agent start_id="112" goal_id="11"/>
  <agent start_id="70" goal_id="150"/>
  <agent start_id="147" goal_id="26"/>
  <agent start_id="25" goal_id="45"/>
  <agent start_id="41" goal_id="131"/>
  <agent start_id="85" goal_id="139"/>
  <agent start_id="118" goal_id="46"/>
  <agent start_id="177" goal_id="8"/>
  <agent start_id="174" goal_id="24"/>
  <agent start_id="95" goal_id="75"/>
  <agent start_id="160" goal_id="66"/>
  <agent start_id="179" goal_id="122"/>
  <agent start_id="111" goal_id="43"/>
  <agent start_id="198" goal_id="44"/>
  <agent start_id="49" goal_id="170"/>
  <agent start_id="91" goal_id="173"/>
</root>
