<?xml version="1.0" ?>
<root>
  <agent start_id="143" goal_id="122"/>
  <agent start_id="189" goal_id="169"/>
  <agent start_id="1" goal_id="65"/>
  <agent start_id="133" goal_id="47"/>
  <agent start_id="192" goal_id="26"/>
  <agent start_id="0" goal_id="174"/>
  <agent start_id="33" goal_id="16"/>
  <agent start_id="45" goal_id="173"/>
  <agent start_id="35" goal_id="63"/>
  <agent start_id="158" goal_id="74"/>
  <agent start_id="188" goal_id="21"/>
  <agent start_id="95" goal_id="40"/>
  <agent start_id="151" goal_id="139"/>
  <agent start_id="138" goal_id="162"/>
  <agent start_id="149" goal_id="148"/>
  <agent start_id="198" goal_id="87"/>
  <agent start_id="172" goal_id="147"/>
  <agent start_id="181" goal_id="158"/>
  <agent start_id="157" goal_id="39"/>
  <agent start_id="23" goal_id="125"/>
  <agent start_id="131" goal_id="5"/>
  <agent start_id="98" goal_id="73"/>
  <agent start_id="49" goal_id="86"/>
  <agent start_id="101" goal_id="103"/>
  <agent start_id="100" goal_id="149"/>
  <agent start_id="20" goal_id="25"/>
  <agent start_id="165" goal_id="191"/>
  <agent start_id="187" goal_id="27"/>
  <agent start_id="7" goal_id="95"/>
  <agent start_id="182" goal_id="153"/>
  <agent start_id="145" goal_id="127"/>
  <agent start_id="59" goal_id="117"/>
  <agent start_id="135" goal_id="18"/>
  <agent start_id="26" goal_id="166"/>
  <agent start_id="114" goal_id="130"/>
  <agent start_id="119" goal_id="28"/>
  <agent start_id="69" goal_id="128"/>
  <agent start_id="156" goal_id="9"/>
  <agent start_id="53" goal_id="155"/>
  <agent start_id="66" goal_id="160"/>
  <agent start_id="46" goal_id="180"/>
  <agent start_id="10" goal_id="53"/>
  <agent start_id="190" goal_id="22"/>
  <agent start_id="112" goal_id="183"/>
  <agent start_id="81" goal_id="94"/>
  <agent start_id="36" goal_id="58"/>
  <agent start_id="103" goal_id="15"/>
  <agent start_id="164" goal_id="113"/>
  <agent start_id="174" goal_id="112"/>
  <agent start_id="4" goal_id="121"/>
</root>
