<?xml version="1.0" ?>
<root>
  <agent start_id="129" goal_id="48"/>
  <agent start_id="194" goal_id="15"/>
  <agent start_id="72" goal_id="134"/>
  <agent start_id="162" goal_id="43"/>
  <agent start_id="45" goal_id="61"/>
  <agent start_id="154" goal_id="107"/>
  <agent start_id="160" goal_id="25"/>
  <agent start_id="175" goal_id="179"/>
  <agent start_id="169" goal_id="125"/>
  <agent start_id="130" goal_id="182"/>
  <agent start_id="27" goal_id="128"/>
  <agent start_id="186" goal_id="150"/>
  <agent start_id="125" goal_id="89"/>
  <agent start_id="61" goal_id="10"/>
  <agent start_id="92" goal_id="124"/>
  <agent start_id="82" goal_id="120"/>
  <agent start_id="35" goal_id="101"/>
  <agent start_id="18" goal_id="85"/>
  <agent start_id="99" goal_id="175"/>
  <agent start_id="74" goal_id="112"/>
  <agent start_id="134" goal_id="30"/>
  <agent start_id="36" goal_id="156"/>
  <agent start_id="8" goal_id="118"/>
  <agent start_id="50" goal_id="20"/>
  <agent start_id="116" goal_id="64"/>
  <agent start_id="4" goal_id="188"/>
  <agent start_id="58" goal_id="98"/>
  <agent start_id="198" goal_id="82"/>
  <agent start_id="165" goal_id="69"/>
  <agent start_id="84" goal_id="71"/>
  <agent start_id="166" goal_id="195"/>
  <agent start_id="3" goal_id="135"/>
  <agent start_id="141" goal_id="186"/>
  <agent start_id="37" goal_id="180"/>
  <agent start_id="184" goal_id="183"/>
  <agent start_id="68" goal_id="59"/>
  <agent start_id="111" goal_id="53"/>
  <agent start_id="29" goal_id="38"/>
  <agent start_id="40" goal_id="141"/>
  <agent start_id="1" goal_id="58"/>
  <agent start_id="120" goal_id="91"/>
  <agent start_id="150" goal_id="131"/>
  <agent start_id="55" goal_id="57"/>
  <agent start_id="43" goal_id="76"/>
  <agent start_id="94" goal_id="194"/>
  <agent start_id="102" goal_id="93"/>
  <agent start_id="179" goal_id="161"/>
  <agent start_id="140" goal_id="3"/>
  <agent start_id="11" goal_id="171"/>
  <agent start_id="89" goal_id="12"/>
</root>
