<?xml version="1.0" ?>
<root>
  <agent start_id="192" goal_id="31"/>
  <agent start_id="136" goal_id="129"/>
  <agent start_id="151" goal_id="1"/>
  <agent start_id="53" goal_id="103"/>
  <agent start_id="64" goal_id="72"/>
  <agent start_id="81" goal_id="35"/>
  <agent start_id="135" goal_id="29"/>
  <agent start_id="165" goal_id="119"/>
  <agent start_id="122" goal_id="91"/>
  <agent start_id="6" goal_id="73"/>
  <agent start_id="123" goal_id="165"/>
  <agent start_id="154" goal_id="26"/>
  <agent start_id="95" goal_id="122"/>
  <agent start_id="160" goal_id="172"/>
  <agent start_id="65" goal_id="37"/>
  <agent start_id="103" goal_id="57"/>
  <agent start_id="55" goal_id="157"/>
  <agent start_id="93" goal_id="21"/>
  <agent start_id="116" goal_id="94"/>
  <agent start_id="71" goal_id="40"/>
  <agent start_id="61" goal_id="123"/>
  <agent start_id="108" goal_id="32"/>
  <agent start_id="167" goal_id="169"/>
  <agent start_id="100" goal_id="90"/>
  <agent start_id="188" goal_id="24"/>
  <agent start_id="109" goal_id="152"/>
  <agent start_id="148" goal_id="146"/>
  <agent start_id="112" goal_id="75"/>
  <agent start_id="191" goal_id="164"/>
  <agent start_id="194" goal_id="17"/>
  <agent start_id="187" goal_id="163"/>
  <agent start_id="28" goal_id="187"/>
  <agent start_id="24" goal_id="183"/>
  <agent start_id="50" goal_id="25"/>
  <agent start_id="185" goal_id="105"/>
  <agent start_id="34" goal_id="159"/>
  <agent start_id="177" goal_id="88"/>
  <agent start_id="91" goal_id="135"/>
  <agent start_id="9" goal_id="66"/>
  <agent start_id="66" goal_id="13"/>
  <agent start_id="1" goal_id="162"/>
  <agent start_id="170" goal_id="137"/>
  <agent start_id="184" goal_id="197"/>
  <agent start_id="131" goal_id="20"/>
  <agent start_id="11" goal_id="56"/>
  <agent start_id="17" goal_id="188"/>
  <agent start_id="80" goal_id="67"/>
  <agent start_id="79" goal_id="196"/>
  <agent start_id="87" goal_id="182"/>
  <agent start_id="51" goal_id="27"/>
</root>
