<?xml version="1.0" ?>
<root>
  <agent start_id="48" goal_id="179"/>
  <agent start_id="124" goal_id="110"/>
  <agent start_id="43" goal_id="78"/>
  <agent start_id="71" goal_id="49"/>
  <agent start_id="193" goal_id="17"/>
  <agent start_id="141" goal_id="69"/>
  <agent start_id="65" goal_id="173"/>
  <agent start_id="110" goal_id="12"/>
  <agent start_id="93" goal_id="132"/>
  <agent start_id="90" goal_id="22"/>
  <agent start_id="179" goal_id="54"/>
  <agent start_id="170" goal_id="95"/>
  <agent start_id="176" goal_id="108"/>
  <agent start_id="186" goal_id="30"/>
  <agent start_id="79" goal_id="65"/>
  <agent start_id="14" goal_id="18"/>
  <agent start_id="94" goal_id="163"/>
  <agent start_id="151" goal_id="171"/>
  <agent start_id="53" goal_id="25"/>
  <agent start_id="9" goal_id="31"/>
  <agent start_id="134" goal_id="56"/>
  <agent start_id="198" goal_id="86"/>
  <agent start_id="159" goal_id="190"/>
  <agent start_id="127" goal_id="144"/>
  <agent start_id="97" goal_id="162"/>
  <agent start_id="35" goal_id="147"/>
  <agent start_id="171" goal_id="32"/>
  <agent start_id="1" goal_id="142"/>
  <agent start_id="39" goal_id="82"/>
  <agent start_id="131" goal_id="40"/>
  <agent start_id="82" goal_id="194"/>
  <agent start_id="122" goal_id="118"/>
  <agent start_id="139" goal_id="195"/>
  <agent start_id="125" goal_id="106"/>
  <agent start_id="41" goal_id="96"/>
  <agent start_id="180" goal_id="3"/>
  <agent start_id="32" goal_id="62"/>
  <agent start_id="18" goal_id="33"/>
  <agent start_id="101" goal_id="70"/>
  <agent start_id="22" goal_id="187"/>
  <agent start_id="143" goal_id="91"/>
  <agent start_id="26" goal_id="141"/>
  <agent start_id="91" goal_id="123"/>
  <agent start_id="161" goal_id="72"/>
  <agent start_id="64" goal_id="122"/>
  <agent start_id="173" goal_id="19"/>
  <agent start_id="24" goal_id="28"/>
  <agent start_id="146" goal_id="58"/>
  <agent start_id="15" goal_id="38"/>
  <agent start_id="156" goal_id="46"/>
</root>
