<?xml version="1.0" ?>
<root>
  <agent start_id="12" goal_id="153"/>
  <agent start_id="103" goal_id="192"/>
  <agent start_id="64" goal_id="84"/>
  <agent start_id="47" goal_id="170"/>
  <agent start_id="96" goal_id="44"/>
  <agent start_id="111" goal_id="129"/>
  <agent start_id="101" goal_id="143"/>
  <agent start_id="76" goal_id="176"/>
  <agent start_id="166" goal_id="65"/>
  <agent start_id="49" goal_id="30"/>
  <agent start_id="160" goal_id="144"/>
  <agent start_id="168" goal_id="126"/>
  <agent start_id="10" goal_id="71"/>
  <agent start_id="18" goal_id="50"/>
  <agent start_id="48" goal_id="123"/>
  <agent start_id="170" goal_id="1"/>
  <agent start_id="65" goal_id="180"/>
  <agent start_id="25" goal_id="178"/>
  <agent start_id="119" goal_id="27"/>
  <agent start_id="182" goal_id="73"/>
  <agent start_id="115" goal_id="181"/>
  <agent start_id="62" goal_id="88"/>
  <agent start_id="174" goal_id="167"/>
  <agent start_id="38" goal_id="75"/>
  <agent start_id="173" goal_id="120"/>
  <agent start_id="56" goal_id="162"/>
  <agent start_id="97" goal_id="109"/>
  <agent start_id="153" goal_id="76"/>
  <agent start_id="164" goal_id="188"/>
  <agent start_id="140" goal_id="24"/>
  <agent start_id="127" goal_id="155"/>
  <agent start_id="108" goal_id="8"/>
  <agent start_id="136" goal_id="61"/>
  <agent start_id="139" goal_id="90"/>
  <agent start_id="69" goal_id="41"/>
  <agent start_id="79" goal_id="186"/>
  <agent start_id="195" goal_id="81"/>
  <agent start_id="199" goal_id="114"/>
  <agent start_id="121" goal_id="78"/>
  <agent start_id="105" goal_id="148"/>
  <agent start_id="132" goal_id="106"/>
  <agent start_id="123" goal_id="33"/>
  <agent start_id="125" goal_id="45"/>
  <agent start_id="14" goal_id="36"/>
  <agent start_id="165" goal_id="189"/>
  <agent start_id="24" goal_id="116"/>
  <agent start_id="93" goal_id="151"/>
  <agent start_id="171" goal_id="38"/>
  <agent start_id="8" goal_id="62"/>
  <agent start_id="53" goal_id="34"/>
</root>
