<?xml version="1.0" ?>
<root>
  <agent start_id="22" goal_id="31"/>
  <agent start_id="158" goal_id="186"/>
  <agent start_id="169" goal_id="38"/>
  <agent start_id="100" goal_id="6"/>
  <agent start_id="49" goal_id="121"/>
  <agent start_id="102" goal_id="94"/>
  <agent start_id="189" goal_id="137"/>
  <agent start_id="25" goal_id="33"/>
  <agent start_id="129" goal_id="4"/>
  <agent start_id="20" goal_id="22"/>
  <agent start_id="52" goal_id="191"/>
  <agent start_id="39" goal_id="35"/>
  <agent start_id="93" goal_id="49"/>
  <agent start_id="86" goal_id="133"/>
  <agent start_id="171" goal_id="23"/>
  <agent start_id="23" goal_id="160"/>
  <agent start_id="167" goal_id="2"/>
  <agent start_id="179" goal_id="79"/>
  <agent start_id="7" goal_id="27"/>
  <agent start_id="82" goal_id="149"/>
  <agent start_id="141" goal_id="182"/>
  <agent start_id="58" goal_id="101"/>
  <agent start_id="71" goal_id="184"/>
  <agent start_id="190" goal_id="194"/>
  <agent start_id="164" goal_id="60"/>
  <agent start_id="79" goal_id="95"/>
  <agent start_id="9" goal_id="139"/>
  <agent start_id="140" goal_id="17"/>
  <agent start_id="112" goal_id="109"/>
  <agent start_id="107" goal_id="178"/>
  <agent start_id="194" goal_id="131"/>
  <agent start_id="177" goal_id="83"/>
  <agent start_id="81" goal_id="77"/>
  <agent start_id="195" goal_id="170"/>
  <agent start_id="176" goal_id="104"/>
  <agent start_id="70" goal_id="91"/>
  <agent start_id="48" goal_id="67"/>
  <agent start_id="31" goal_id="3"/>
  <agent start_id="157" goal_id="161"/>
  <agent start_id="14" goal_id="25"/>
  <agent start_id="28" goal_id="119"/>
  <agent start_id="19" goal_id="165"/>
  <agent start_id="75" goal_id="21"/>
  <agent start_id="120" goal_id="73"/>
  <agent start_id="103" goal_id="146"/>
  <agent start_id="92" goal_id="143"/>
  <agent start_id="33" goal_id="85"/>
  <agent start_id="29" goal_id="9"/>
  <agent start_id="87" goal_id="54"/>
  <agent start_id="198" goal_id="66"/>
</root>
