<?xml version="1.0" ?>
<root>
  <agent start_id="86" goal_id="107"/>
  <agent start_id="189" goal_id="18"/>
  <agent start_id="26" goal_id="169"/>
  <agent start_id="181" goal_id="3"/>
  <agent start_id="39" goal_id="125"/>
  <agent start_id="168" goal_id="86"/>
  <agent start_id="42" goal_id="81"/>
  <agent start_id="8" goal_id="87"/>
  <agent start_id="179" goal_id="183"/>
  <agent start_id="66" goal_id="15"/>
  <agent start_id="133" goal_id="179"/>
  <agent start_id="99" goal_id="37"/>
  <agent start_id="171" goal_id="146"/>
  <agent start_id="51" goal_id="174"/>
  <agent start_id="23" goal_id="83"/>
  <agent start_id="152" goal_id="143"/>
  <agent start_id="30" goal_id="171"/>
  <agent start_id="103" goal_id="10"/>
  <agent start_id="167" goal_id="2"/>
  <agent start_id="120" goal_id="54"/>
  <agent start_id="15" goal_id="78"/>
  <agent start_id="199" goal_id="111"/>
  <agent start_id="139" goal_id="45"/>
  <agent start_id="4" goal_id="0"/>
  <agent start_id="28" goal_id="104"/>
  <agent start_id="80" goal_id="31"/>
  <agent start_id="82" goal_id="187"/>
  <agent start_id="13" goal_id="158"/>
  <agent start_id="59" goal_id="124"/>
  <agent start_id="140" goal_id="16"/>
  <agent start_id="93" goal_id="167"/>
  <agent start_id="102" goal_id="120"/>
  <agent start_id="155" goal_id="91"/>
  <agent start_id="92" goal_id="180"/>
  <agent start_id="198" goal_id="96"/>
  <agent start_id="135" goal_id="77"/>
  <agent start_id="69" goal_id="110"/>
  <agent start_id="190" goal_id="20"/>
  <agent start_id="101" goal_id="58"/>
  <agent start_id="150" goal_id="141"/>
  <agent start_id="38" goal_id="176"/>
  <agent start_id="34" goal_id="113"/>
  <agent start_id="187" goal_id="8"/>
  <agent start_id="194" goal_id="153"/>
  <agent start_id="35" goal_id="68"/>
  <agent start_id="33" goal_id="98"/>
  <agent start_id="77" goal_id="135"/>
  <agent start_id="83" goal_id="55"/>
  <agent start_id="118" goal_id="1"/>
  <agent start_id="163" goal_id="137"/>
</root>
