<?xml version="1.0" ?>
<root>
  <agent start_id="103" goal_id="146"/>
  <agent start_id="66" goal_id="10"/>
  <agent start_id="150" goal_id="88"/>
  <agent start_id="95" goal_id="87"/>
  <agent start_id="183" goal_id="198"/>
  <agent start_id="105" goal_id="23"/>
  <agent start_id="116" goal_id="116"/>
  <agent start_id="45" goal_id="58"/>
  <agent start_id="124" goal_id="127"/>
  <agent start_id="22" goal_id="84"/>
  <agent start_id="57" goal_id="121"/>
  <agent start_id="191" goal_id="34"/>
  <agent start_id="109" goal_id="155"/>
  <agent start_id="198" goal_id="24"/>
  <agent start_id="82" goal_id="101"/>
  <agent start_id="52" goal_id="144"/>
  <agent start_id="70" goal_id="45"/>
  <agent start_id="134" goal_id="73"/>
  <agent start_id="60" goal_id="114"/>
  <agent start_id="182" goal_id="142"/>
  <agent start_id="162" goal_id="100"/>
  <agent start_id="1" goal_id="71"/>
  <agent start_id="2" goal_id="179"/>
  <agent start_id="92" goal_id="186"/>
  <agent start_id="38" goal_id="53"/>
  <agent start_id="87" goal_id="112"/>
  <agent start_id="196" goal_id="16"/>
  <agent start_id="185" goal_id="5"/>
  <agent start_id="56" goal_id="132"/>
  <agent start_id="21" goal_id="79"/>
  <agent start_id="130" goal_id="94"/>
  <agent start_id="71" goal_id="18"/>
  <agent start_id="94" goal_id="76"/>
  <agent start_id="197" goal_id="49"/>
  <agent start_id="194" goal_id="162"/>
  <agent start_id="13" goal_id="96"/>
  <agent start_id="151" goal_id="63"/>
  <agent start_id="44" goal_id="159"/>
  <agent start_id="133" goal_id="194"/>
  <agent start_id="35" goal_id="13"/>
  <agent start_id="65" goal_id="22"/>
  <agent start_id="33" goal_id="25"/>
  <agent start_id="199" goal_id="185"/>
  <agent start_id="93" goal_id="27"/>
  <agent start_id="189" goal_id="105"/>
  <agent start_id="81" goal_id="40"/>
  <agent start_id="126" goal_id="11"/>
  <agent start_id="8" goal_id="191"/>
  <agent start_id="26" goal_id="163"/>
  <agent start_id="123" goal_id="140"/>
</root>
