<?xml version="1.0" ?>
<root>
  <agent start_id="41" goal_id="155"/>
  <agent start_id="192" goal_id="101"/>
  <agent start_id="40" goal_id="194"/>
  <agent start_id="8" goal_id="2"/>
  <agent start_id="45" goal_id="31"/>
  <agent start_id="12" goal_id="112"/>
  <agent start_id="23" goal_id="111"/>
  <agent start_id="104" goal_id="162"/>
  <agent start_id="39" goal_id="121"/>
  <agent start_id="77" goal_id="146"/>
  <agent start_id="83" goal_id="48"/>
  <agent start_id="2" goal_id="21"/>
  <agent start_id="71" goal_id="50"/>
  <agent start_id="193" goal_id="70"/>
  <agent start_id="70" goal_id="96"/>
  <agent start_id="182" goal_id="133"/>
  <agent start_id="61" goal_id="158"/>
  <agent start_id="159" goal_id="104"/>
  <agent start_id="123" goal_id="8"/>
  <agent start_id="113" goal_id="99"/>
  <agent start_id="54" goal_id="122"/>
  <agent start_id="190" goal_id="144"/>
  <agent start_id="181" goal_id="163"/>
  <agent start_id="68" goal_id="35"/>
  <agent start_id="87" goal_id="117"/>
  <agent start_id="57" goal_id="175"/>
  <agent start_id="59" goal_id="75"/>
  <agent start_id="100" goal_id="135"/>
  <agent start_id="108" goal_id="141"/>
  <agent start_id="189" goal_id="183"/>
  <agent start_id="52" goal_id="123"/>
  <agent start_id="44" goal_id="56"/>
  <agent start_id="198" goal_id="15"/>
  <agent start_id="82" goal_id="1"/>
  <agent start_id="155" goal_id="4"/>
  <agent start_id="175" goal_id="32"/>
  <agent start_id="18" goal_id="65"/>
  <agent start_id="165" goal_id="127"/>
  <agent start_id="73" goal_id="110"/>
  <agent start_id="199" goal_id="174"/>
  <agent start_id="114" goal_id="27"/>
  <agent start_id="121" goal_id="125"/>
  <agent start_id="55" goal_id="154"/>
  <agent start_id="42" goal_id="167"/>
  <agent start_id="112" goal_id="38"/>
  <agent start_id="16" goal_id="169"/>
  <agent start_id="14" goal_id="185"/>
  <agent start_id="117" goal_id="73"/>
  <agent start_id="48" goal_id="114"/>
  <agent start_id="180" goal_id="182"/>
</root>
