<?xml version="1.0" ?>
<root>
  <agent start_id="152" goal_id="156"/>
  <agent start_id="159" goal_id="188"/>
  <agent start_id="119" goal_id="67"/>
  <agent start_id="44" goal_id="171"/>
  <agent start_id="69" goal_id="183"/>
  <agent start_id="88" goal_id="61"/>
  <agent start_id="106" goal_id="53"/>
  <agent start_id="13" goal_id="138"/>
  <agent start_id="41" goal_id="71"/>
  <agent start_id="177" goal_id="121"/>
  <agent start_id="176" goal_id="185"/>
  <agent start_id="143" goal_id="80"/>
  <agent start_id="196" goal_id="142"/>
  <agent start_id="53" goal_id="5"/>
  <agent start_id="48" goal_id="91"/>
  <agent start_id="148" goal_id="2"/>
  <agent start_id="184" goal_id="199"/>
  <agent start_id="198" goal_id="140"/>
  <agent start_id="175" goal_id="167"/>
  <agent start_id="101" goal_id="85"/>
  <agent start_id="75" goal_id="58"/>
  <agent start_id="185" goal_id="93"/>
  <agent start_id="81" goal_id="151"/>
  <agent start_id="169" goal_id="105"/>
  <agent start_id="115" goal_id="22"/>
  <agent start_id="96" goal_id="177"/>
  <agent start_id="77" goal_id="10"/>
  <agent start_id="22" goal_id="35"/>
  <agent start_id="38" goal_id="27"/>
  <agent start_id="83" goal_id="38"/>
  <agent start_id="190" goal_id="19"/>
  <agent start_id="85" goal_id="109"/>
  <agent start_id="140" goal_id="26"/>
  <agent start_id="138" goal_id="30"/>
  <agent start_id="155" goal_id="8"/>
  <agent start_id="133" goal_id="179"/>
  <agent start_id="17" goal_id="131"/>
  <agent start_id="172" goal_id="97"/>
  <agent start_id="59" goal_id="66"/>
  <agent start_id="136" goal_id="90"/>
  <agent start_id="187" goal_id="36"/>
  <agent start_id="112" goal_id="44"/>
  <agent start_id="134" goal_id="96"/>
  <agent start_id="40" goal_id="186"/>
  <agent start_id="108" goal_id="158"/>
  <agent start_id="32" goal_id="40"/>
  <agent start_id="11" goal_id="82"/>
  <agent start_id="199" goal_id="128"/>
  <agent start_id="110" goal_id="3"/>
  <agent start_id="142" goal_id="173"/>
</root>
