<?xml version="1.0" ?>
<root>
  <agent start_id="82" goal_id="40"/>
  <agent start_id="74" goal_id="166"/>
  <agent start_id="85" goal_id="169"/>
  <agent start_id="131" goal_id="69"/>
  <agent start_id="103" goal_id="142"/>
  <agent start_id="0" goal_id="106"/>
  <agent start_id="119" goal_id="197"/>
  <agent start_id="141" goal_id="37"/>
  <agent start_id="186" goal_id="189"/>
  <agent start_id="188" goal_id="198"/>
  <agent start_id="2" goal_id="39"/>
  <agent start_id="58" goal_id="133"/>
  <agent start_id="19" goal_id="18"/>
  <agent start_id="66" goal_id="31"/>
  <agent start_id="133" goal_id="74"/>
  <agent start_id="134" goal_id="175"/>
  <agent start_id="27" goal_id="150"/>
  <agent start_id="149" goal_id="64"/>
  <agent start_id="47" goal_id="89"/>
  <agent start_id="4" goal_id="73"/>
  <agent start_id="93" goal_id="93"/>
  <agent start_id="185" goal_id="98"/>
  <agent start_id="137" goal_id="19"/>
  <agent start_id="8" goal_id="63"/>
  <agent start_id="14" goal_id="16"/>
  <agent start_id="183" goal_id="176"/>
  <agent start_id="10" goal_id="127"/>
  <agent start_id="199" goal_id="112"/>
  <agent start_id="84" goal_id="87"/>
  <agent start_id="197" goal_id="29"/>
  <agent start_id="12" goal_id="85"/>
  <agent start_id="23" goal_id="111"/>
  <agent start_id="42" goal_id="102"/>
  <agent start_id="49" goal_id="185"/>
  <agent start_id="136" goal_id="14"/>
  <agent start_id="86" goal_id="125"/>
  <agent start_id="52" goal_id="123"/>
  <agent start_id="127" goal_id="72"/>
  <agent start_id="157" goal_id="70"/>
  <agent start_id="159" goal_id="78"/>
  <agent start_id="164" goal_id="114"/>
  <agent start_id="170" goal_id="57"/>
  <agent start_id="36" goal_id="8"/>
  <agent start_id="70" goal_id="6"/>
  <agent start_id="162" goal_id="2"/>
  <agent start_id="116" goal_id="155"/>
  <agent start_id="124" goal_id="10"/>
  <agent start_id="43" goal_id="120"/>
  <agent start_id="109" goal_id="146"/>
  <agent start_id="55" goal_id="25"/>
</root>
