<?xml version="1.0" ?>
<root>
  <agent start_id="31" goal_id="189"/>
  <agent start_id="128" goal_id="26"/>
  <agent start_id="72" goal_id="60"/>
  <agent start_id="28" goal_id="108"/>
  <agent start_id="113" goal_id="195"/>
  <agent start_id="24" goal_id="130"/>
  <agent start_id="53" goal_id="62"/>
  <agent start_id="194" goal_id="174"/>
  <agent start_id="126" goal_id="120"/>
  <agent start_id="89" goal_id="155"/>
  <agent start_id="35" goal_id="44"/>
  <agent start_id="145" goal_id="109"/>
  <agent start_id="12" goal_id="91"/>
  <agent start_id="34" goal_id="168"/>
  <agent start_id="175" goal_id="129"/>
  <agent start_id="96" goal_id="156"/>
  <agent start_id="64" goal_id="117"/>
  <agent start_id="6" goal_id="25"/>
  <agent start_id="161" goal_id="12"/>
  <agent start_id="142" goal_id="188"/>
  <agent start_id="55" goal_id="1"/>
  <agent start_id="152" goal_id="133"/>
  <agent start_id="114" goal_id="37"/>
  <agent start_id="146" goal_id="89"/>
  <agent start_id="13" goal_id="28"/>
  <agent start_id="172" goal_id="146"/>
  <agent start_id="176" goal_id="56"/>
  <agent start_id="147" goal_id="24"/>
  <agent start_id="138" goal_id="197"/>
  <agent start_id="125" goal_id="123"/>
  <agent start_id="122" goal_id="166"/>
  <agent start_id="149" goal_id="162"/>
  <agent start_id="20" goal_id="126"/>
  <agent start_id="50" goal_id="193"/>
  <agent start_id="134" goal_id="94"/>
  <agent start_id="27" goal_id="13"/>
  <agent start_id="186" goal_id="66"/>
  <agent start_id="47" goal_id="79"/>
  <agent start_id="25" goal_id="144"/>
  <agent start_id="22" goal_id="57"/>
  <agent start_id="140" goal_id="31"/>
  <agent start_id="75" goal_id="61"/>
  <agent start_id="94" goal_id="100"/>
  <agent start_id="43" goal_id="65"/>
  <agent start_id="188" goal_id="3"/>
  <agent start_id="111" goal_id="161"/>
  <agent start_id="85" goal_id="182"/>
  <agent start_id="131" goal_id="135"/>
  <agent start_id="19" goal_id="52"/>
  <agent start_id="46" goal_id="53"/>
</root>
