<?xml version="1.0" ?>
<root>
  <agent start_id="63" goal_id="62"/>
  <agent start_id="52" goal_id="120"/>
  <agent start_id="194" goal_id="179"/>
  <agent start_id="150" goal_id="63"/>
  <agent start_id="121" goal_id="85"/>
  <agent start_id="177" goal_id="118"/>
  <agent start_id="73" goal_id="192"/>
  <agent start_id="92" goal_id="155"/>
  <agent start_id="81" goal_id="164"/>
  <agent start_id="187" goal_id="189"/>
  <agent start_id="28" goal_id="75"/>
  <agent start_id="45" goal_id="180"/>
  <agent start_id="182" goal_id="71"/>
  <agent start_id="197" goal_id="121"/>
  <agent start_id="112" goal_id="111"/>
  <agent start_id="175" goal_id="90"/>
  <agent start_id="7" goal_id="53"/>
  <agent start_id="196" goal_id="150"/>
  <agent start_id="50" goal_id="14"/>
  <agent start_id="125" goal_id="139"/>
  <agent start_id="147" goal_id="51"/>
  <agent start_id="42" goal_id="21"/>
  <agent start_id="82" goal_id="16"/>
  <agent start_id="107" goal_id="112"/>
  <agent start_id="57" goal_id="195"/>
  <agent start_id="134" goal_id="99"/>
  <agent start_id="23" goal_id="25"/>
  <agent start_id="33" goal_id="124"/>
  <agent start_id="128" goal_id="66"/>
  <agent start_id="67" goal_id="168"/>
  <agent start_id="74" goal_id="132"/>
  <agent start_id="61" goal_id="191"/>
  <agent start_id="22" goal_id="116"/>
  <agent start_id="173" goal_id="50"/>
  <agent start_id="20" goal_id="126"/>
  <agent start_id="192" goal_id="69"/>
  <agent start_id="159" goal_id="70"/>
  <agent start_id="60" goal_id="167"/>
  <agent start_id="116" goal_id="109"/>
  <agent start_id="59" goal_id="88"/>
  <agent start_id="18" goal_id="147"/>
  <agent start_id="124" goal_id="40"/>
  <agent start_id="172" goal_id="183"/>
  <agent start_id="55" goal_id="2"/>
  <agent start_id="38" goal_id="80"/>
  <agent start_id="99" goal_id="19"/>
  <agent start_id="102" goal_id="101"/>
  <agent start_id="11" goal_id="136"/>
  <agent start_id="12" goal_id="93"/>
  <agent start_id="144" goal_id="67"/>
</root>
