<?xml version="1.0" ?>
<root>
  <agent start_id="14" goal_id="16"/>
  <agent start_id="82" goal_id="39"/>
  <agent start_id="195" goal_id="124"/>
  <agent start_id="184" goal_id="96"/>
  <agent start_id="29" goal_id="86"/>
  <agent start_id="51" goal_id="58"/>
  <agent start_id="103" goal_id="60"/>
  <agent start_id="141" goal_id="82"/>
  <agent start_id="122" goal_id="70"/>
  <agent start_id="173" goal_id="92"/>
  <agent start_id="54" goal_id="78"/>
  <agent start_id="154" goal_id="33"/>
  <agent start_id="112" goal_id="40"/>
  <agent start_id="58" goal_id="2"/>
  <agent start_id="151" goal_id="75"/>
  <agent start_id="46" goal_id="57"/>
  <agent start_id="81" goal_id="154"/>
  <agent start_id="76" goal_id="85"/>
  <agent start_id="186" goal_id="97"/>
  <agent start_id="73" goal_id="175"/>
  <agent start_id="69" goal_id="178"/>
  <agent start_id="45" goal_id="149"/>
  <agent start_id="128" goal_id="106"/>
  <agent start_id="17" goal_id="41"/>
  <agent start_id="31" goal_id="186"/>
  <agent start_id="177" goal_id="185"/>
  <agent start_id="22" goal_id="127"/>
  <agent start_id="185" goal_id="134"/>
  <agent start_id="198" goal_id="24"/>
  <agent start_id="178" goal_id="19"/>
  <agent start_id="188" goal_id="36"/>
  <agent start_id="107" goal_id="120"/>
  <agent start_id="33" goal_id="49"/>
  <agent start_id="130" goal_id="176"/>
  <agent start_id="60" goal_id="169"/>
  <agent start_id="136" goal_id="11"/>
  <agent start_id="66" goal_id="196"/>
  <agent start_id="140" goal_id="172"/>
  <agent start_id="144" goal_id="142"/>
  <agent start_id="124" goal_id="137"/>
  <agent start_id="172" goal_id="44"/>
  <agent start_id="147" goal_id="146"/>
  <agent start_id="102" goal_id="136"/>
  <agent start_id="89" goal_id="197"/>
  <agent start_id="24" goal_id="32"/>
  <agent start_id="36" goal_id="157"/>
  <agent start_id="152" goal_id="81"/>
  <agent start_id="179" goal_id="89"/>
  <agent start_id="68" goal_id="148"/>
  <agent start_id="180" goal_id="118"/>
</root>
