<?xml version="1.0" ?>
<root>
  <agent start_id="179" goal_id="65"/>
  <agent start_id="19" goal_id="133"/>
  <agent start_id="133" goal_id="66"/>
  <agent start_id="116" goal_id="119"/>
  <agent start_id="67" goal_id="142"/>
  <agent start_id="8" goal_id="35"/>
  <agent start_id="106" goal_id="125"/>
  <agent start_id="39" goal_id="196"/>
  <agent start_id="109" goal_id="77"/>
  <agent start_id="40" goal_id="112"/>
  <agent start_id="17" goal_id="111"/>
  <agent start_id="143" goal_id="3"/>
  <agent start_id="175" goal_id="129"/>
  <agent start_id="139" goal_id="161"/>
  <agent start_id="164" goal_id="30"/>
  <agent start_id="4" goal_id="148"/>
  <agent start_id="137" goal_id="164"/>
  <agent start_id="124" goal_id="41"/>
  <agent start_id="129" goal_id="158"/>
  <agent start_id="81" goal_id="127"/>
  <agent start_id="127" goal_id="165"/>
  <agent start_id="181" goal_id="188"/>
  <agent start_id="32" goal_id="43"/>
  <agent start_id="83" goal_id="49"/>
  <agent start_id="42" goal_id="59"/>
  <agent start_id="26" goal_id="180"/>
  <agent start_id="120" goal_id="102"/>
  <agent start_id="54" goal_id="114"/>
  <agent start_id="136" goal_id="191"/>
  <agent start_id="148" goal_id="198"/>
  <agent start_id="115" goal_id="105"/>
  <agent start_id="183" goal_id="176"/>
  <agent start_id="150" goal_id="84"/>
  <agent start_id="176" goal_id="40"/>
  <agent start_id="145" goal_id="170"/>
  <agent start_id="14" goal_id="57"/>
  <agent start_id="110" goal_id="64"/>
  <agent start_id="131" goal_id="86"/>
  <agent start_id="160" goal_id="173"/>
  <agent start_id="90" goal_id="103"/>
  <agent start_id="29" goal_id="107"/>
  <agent start_id="25" goal_id="172"/>
  <agent start_id="102" goal_id="154"/>
  <agent start_id="98" goal_id="56"/>
  <agent start_id="69" goal_id="70"/>
  <agent start_id="18" goal_id="194"/>
  <agent start_id="99" goal_id="34"/>
  <agent start_id="170" goal_id="109"/>
  <agent start_id="23" goal_id="50"/>
  <agent start_id="166" goal_id="159"/>
</root>
