<?xml version="1.0" ?>
<root>
  <agent start_id="147" goal_id="74"/>
  <agent start_id="83" goal_id="94"/>
  <agent start_id="55" goal_id="50"/>
  <agent start_id="110" goal_id="59"/>
  <agent start_id="185" goal_id="150"/>
  <agent start_id="106" goal_id="10"/>
  <agent start_id="189" goal_id="95"/>
  <agent start_id="74" goal_id="181"/>
  <agent start_id="176" goal_id="190"/>
  <agent start_id="78" goal_id="26"/>
  <agent start_id="162" goal_id="170"/>
  <agent start_id="165" goal_id="130"/>
  <agent start_id="80" goal_id="146"/>
  <agent start_id="46" goal_id="143"/>
  <agent start_id="77" goal_id="135"/>
  <agent start_id="180" goal_id="69"/>
  <agent start_id="92" goal_id="40"/>
  <agent start_id="169" goal_id="169"/>
  <agent start_id="67" goal_id="123"/>
  <agent start_id="49" goal_id="87"/>
  <agent start_id="125" goal_id="199"/>
  <agent start_id="103" goal_id="198"/>
  <agent start_id="187" goal_id="7"/>
  <agent start_id="48" goal_id="183"/>
  <agent start_id="161" goal_id="71"/>
  <agent start_id="128" goal_id="19"/>
  <agent start_id="188" goal_id="178"/>
  <agent start_id="73" goal_id="39"/>
  <agent start_id="53" goal_id="104"/>
  <agent start_id="62" goal_id="168"/>
  <agent start_id="15" goal_id="195"/>
  <agent start_id="150" goal_id="106"/>
  <agent start_id="139" goal_id="144"/>
  <agent start_id="156" goal_id="157"/>
  <agent start_id="41" goal_id="72"/>
  <agent start_id="30" goal_id="111"/>
  <agent start_id="13" goal_id="52"/>
  <agent start_id="0" goal_id="17"/>
  <agent start_id="172" goal_id="175"/>
  <agent start_id="37" goal_id="73"/>
  <agent start_id="179" goal_id="119"/>
  <agent start_id="152" goal_id="55"/>
  <agent start_id="197" goal_id="142"/>
  <agent start_id="170" goal_id="82"/>
  <agent start_id="75" goal_id="160"/>
  <agent start_id="99" goal_id="63"/>
  <agent start_id="8" goal_id="0"/>
  <agent start_id="107" goal_id="163"/>
  <agent start_id="133" goal_id="196"/>
  <agent start_id="158" goal_id="124"/>
</root>
