<?xml version="1.0" ?>
<root>
  <agent start_id="187" goal_id="65"/>
  <agent start_id="93" goal_id="155"/>
  <agent start_id="37" goal_id="173"/>
  <agent start_id="112" goal_id="95"/>
  <agent start_id="71" goal_id="111"/>
  <agent start_id="28" goal_id="0"/>
  <agent start_id="141" goal_id="133"/>
  <agent start_id="183" goal_id="70"/>
  <agent start_id="175" goal_id="49"/>
  <agent start_id="170" goal_id="55"/>
  <agent start_id="67" goal_id="106"/>
  <agent start_id="20" goal_id="91"/>
  <agent start_id="100" goal_id="176"/>
  <agent start_id="73" goal_id="138"/>
  <agent start_id="32" goal_id="115"/>
  <agent start_id="50" goal_id="78"/>
  <agent start_id="168" goal_id="166"/>
  <agent start_id="54" goal_id="93"/>
  <agent start_id="43" goal_id="90"/>
  <agent start_id="160" goal_id="15"/>
  <agent start_id="197" goal_id="21"/>
  <agent start_id="85" goal_id="68"/>
  <agent start_id="51" goal_id="41"/>
  <agent start_id="174" goal_id="40"/>
  <agent start_id="172" goal_id="73"/>
  <agent start_id="19" goal_id="48"/>
  <agent start_id="63" goal_id="119"/>
  <agent start_id="77" goal_id="161"/>
  <agent start_id="80" goal_id="23"/>
  <agent start_id="62" goal_id="2"/>
  <agent start_id="23" goal_id="13"/>
  <agent start_id="4" goal_id="151"/>
  <agent start_id="164" goal_id="58"/>
  <agent start_id="104" goal_id="178"/>
  <agent start_id="59" goal_id="135"/>
  <agent start_id="15" goal_id="110"/>
  <agent start_id="61" goal_id="64"/>
  <agent start_id="98" goal_id="27"/>
  <agent start_id="129" goal_id="50"/>
  <agent start_id="194" goal_id="140"/>
  <agent start_id="131" goal_id="127"/>
  <agent start_id="24" goal_id="112"/>
  <agent start_id="97" goal_id="9"/>
  <agent start_id="118" goal_id="32"/>
  <agent start_id="99" goal_id="61"/>
  <agent start_id="79" goal_id="67"/>
  <agent start_id="9" goal_id="79"/>
  <agent start_id="25" goal_id="36"/>
  <agent start_id="185" goal_id="18"/>
  <agent start_id="190" goal_id="199"/>
</root>
