<?xml version="1.0" ?>
<root>
  <agent start_id="192" goal_id="106"/>
  <agent start_id="97" goal_id="24"/>
  <agent start_id="80" goal_id="110"/>
  <agent start_id="187" goal_id="114"/>
  <agent start_id="106" goal_id="147"/>
  <agent start_id="33" goal_id="35"/>
  <agent start_id="67" goal_id="109"/>
  <agent start_id="0" goal_id="104"/>
  <agent start_id="60" goal_id="161"/>
  <agent start_id="170" goal_id="119"/>
  <agent start_id="165" goal_id="50"/>
  <agent start_id="23" goal_id="8"/>
  <agent start_id="157" goal_id="54"/>
  <agent start_id="199" goal_id="15"/>
  <agent start_id="153" goal_id="20"/>
  <agent start_id="5" goal_id="198"/>
  <agent start_id="19" goal_id="166"/>
  <agent start_id="114" goal_id="117"/>
  <agent start_id="41" goal_id="96"/>
  <agent start_id="39" goal_id="58"/>
  <agent start_id="197" goal_id="84"/>
  <agent start_id="139" goal_id="91"/>
  <agent start_id="123" goal_id="193"/>
  <agent start_id="129" goal_id="179"/>
  <agent start_id="119" goal_id="135"/>
  <agent start_id="101" goal_id="154"/>
  <agent start_id="10" goal_id="64"/>
  <agent start_id="93" goal_id="62"/>
  <agent start_id="180" goal_id="33"/>
  <agent start_id="191" goal_id="72"/>
  <agent start_id="182" goal_id="143"/>
  <agent start_id="92" goal_id="170"/>
  <agent start_id="174" goal_id="149"/>
  <agent start_id="117" goal_id="45"/>
  <agent start_id="82" goal_id="131"/>
  <agent start_id="177" goal_id="192"/>
  <agent start_id="43" goal_id="116"/>
  <agent start_id="144" goal_id="186"/>
  <agent start_id="127" goal_id="19"/>
  <agent start_id="173" goal_id="53"/>
  <agent start_id="175" goal_id="2"/>
  <agent start_id="147" goal_id="78"/>
  <agent start_id="151" goal_id="81"/>
  <agent start_id="21" goal_id="86"/>
  <agent start_id="64" goal_id="28"/>
  <agent start_id="70" goal_id="195"/>
  <agent start_id="158" goal_id="71"/>
  <agent start_id="186" goal_id="164"/>
  <agent start_id="47" goal_id="160"/>
  <agent start_id="42" goal_id="142"/>
</root>
