<?xml version="1.0" ?>
<root>
  <agent start_id="85" goal_id="90"/>
  <agent start_id="194" goal_id="72"/>
  <agent start_id="10" goal_id="111"/>
  <agent start_id="103" goal_id="121"/>
  <agent start_id="54" goal_id="187"/>
  <agent start_id="88" goal_id="186"/>
  <agent start_id="17" goal_id="110"/>
  <agent start_id="150" goal_id="76"/>
  <agent start_id="87" goal_id="33"/>
  <agent start_id="113" goal_id="16"/>
  <agent start_id="97" goal_id="132"/>
  <agent start_id="44" goal_id="193"/>
  <agent start_id="90" goal_id="103"/>
  <agent start_id="58" goal_id="71"/>
  <agent start_id="19" goal_id="119"/>
  <agent start_id="38" goal_id="85"/>
  <agent start_id="127" goal_id="105"/>
  <agent start_id="68" goal_id="123"/>
  <agent start_id="166" goal_id="142"/>
  <agent start_id="104" goal_id="145"/>
  <agent start_id="40" goal_id="9"/>
  <agent start_id="76" goal_id="50"/>
  <agent start_id="172" goal_id="175"/>
  <agent start_id="2" goal_id="74"/>
  <agent start_id="164" goal_id="2"/>
  <agent start_id="62" goal_id="138"/>
  <agent start_id="4" goal_id="116"/>
  <agent start_id="29" goal_id="94"/>
  <agent start_id="24" goal_id="181"/>
  <agent start_id="184" goal_id="156"/>
  <agent start_id="148" goal_id="179"/>
  <agent start_id="52" goal_id="183"/>
  <agent start_id="66" goal_id="49"/>
  <agent start_id="79" goal_id="46"/>
  <agent start_id="196" goal_id="34"/>
  <agent start_id="156" goal_id="149"/>
  <agent start_id="69" goal_id="192"/>
  <agent start_id="13" goal_id="10"/>
  <agent start_id="154" goal_id="115"/>
  <agent start_id="0" goal_id="150"/>
  <agent start_id="50" goal_id="177"/>
  <agent start_id="53" goal_id="44"/>
  <agent start_id="142" goal_id="159"/>
  <agent start_id="39" goal_id="117"/>
  <agent start_id="139" goal_id="182"/>
  <agent start_id="152" goal_id="24"/>
  <agent start_id="181" goal_id="130"/>
  <agent start_id="20" goal_id="70"/>
  <agent start_id="191" goal_id="166"/>
  <agent start_id="137" goal_id="39"/>
</root>
