<?xml version="1.0" ?>
<root>
  <agent start_id="192" goal_id="80"/>
  <agent start_id="8" goal_id="74"/>
  <agent start_id="138" goal_id="5"/>
  <agent start_id="39" goal_id="161"/>
  <agent start_id="6" goal_id="75"/>
  <agent start_id="185" goal_id="153"/>
  <agent start_id="71" goal_id="72"/>
  <agent start_id="180" goal_id="134"/>
  <agent start_id="101" goal_id="53"/>
  <agent start_id="139" goal_id="14"/>
  <agent start_id="14" goal_id="82"/>
  <agent start_id="188" goal_id="131"/>
  <agent start_id="20" goal_id="170"/>
  <agent start_id="55" goal_id="23"/>
  <agent start_id="175" goal_id="66"/>
  <agent start_id="116" goal_id="102"/>
  <agent start_id="113" goal_id="38"/>
  <agent start_id="140" goal_id="144"/>
  <agent start_id="152" goal_id="128"/>
  <agent start_id="23" goal_id="122"/>
  <agent start_id="61" goal_id="46"/>
  <agent start_id="134" goal_id="3"/>
  <agent start_id="2" goal_id="54"/>
  <agent start_id="122" goal_id="113"/>
  <agent start_id="108" goal_id="48"/>
  <agent start_id="16" goal_id="138"/>
  <agent start_id="66" goal_id="172"/>
  <agent start_id="62" goal_id="49"/>
  <agent start_id="31" goal_id="157"/>
  <agent start_id="156" goal_id="175"/>
  <agent start_id="182" goal_id="43"/>
  <agent start_id="91" goal_id="143"/>
  <agent start_id="147" goal_id="29"/>
  <agent start_id="184" goal_id="73"/>
  <agent start_id="114" goal_id="178"/>
  <agent start_id="84" goal_id="50"/>
  <agent start_id="197" goal_id="166"/>
  <agent start_id="76" goal_id="18"/>
  <agent start_id="53" goal_id="124"/>
  <agent start_id="45" goal_id="79"/>
  <agent start_id="51" goal_id="176"/>
  <agent start_id="72" goal_id="26"/>
  <agent start_id="67" goal_id="8"/>
  <agent start_id="12" goal_id="51"/>
  <agent start_id="17" goal_id="183"/>
  <agent start_id="196" goal_id="1"/>
  <agent start_id="194" goal_id="127"/>
  <agent start_id="189" goal_id="35"/>
  <agent start_id="43" goal_id="135"/>
  <agent start_id="190" goal_id="47"/>
</root>
