<?xml version="1.0" ?>
<root>
  <agent start_id="108" goal_id="116"/>
  <agent start_id="40" goal_id="189"/>
  <agent start_id="167" goal_id="35"/>
  <agent start_id="112" goal_id="43"/>
  <agent start_id="131" goal_id="172"/>
  <agent start_id="52" goal_id="139"/>
  <agent start_id="176" goal_id="41"/>
  <agent start_id="117" goal_id="160"/>
  <agent start_id="53" goal_id="0"/>
  <agent start_id="142" goal_id="74"/>
  <agent start_id="13" goal_id="31"/>
  <agent start_id="16" goal_id="180"/>
  <agent start_id="82" goal_id="80"/>
  <agent start_id="158" goal_id="78"/>
  <agent start_id="171" goal_id="42"/>
  <agent start_id="154" goal_id="65"/>
  <agent start_id="49" goal_id="155"/>
  <agent start_id="189" goal_id="108"/>
  <agent start_id="182" goal_id="17"/>
  <agent start_id="81" goal_id="195"/>
  <agent start_id="199" goal_id="174"/>
  <agent start_id="103" goal_id="70"/>
  <agent start_id="99" goal_id="115"/>
  <agent start_id="183" goal_id="110"/>
  <agent start_id="188" goal_id="135"/>
  <agent start_id="29" goal_id="122"/>
  <agent start_id="106" goal_id="196"/>
  <agent start_id="197" goal_id="7"/>
  <agent start_id="84" goal_id="72"/>
  <agent start_id="180" goal_id="54"/>
  <agent start_id="5" goal_id="58"/>
  <agent start_id="88" goal_id="105"/>
  <agent start_id="38" goal_id="197"/>
  <agent start_id="177" goal_id="87"/>
  <agent start_id="35" goal_id="26"/>
  <agent start_id="110" goal_id="102"/>
  <agent start_id="2" goal_id="73"/>
  <agent start_id="66" goal_id="29"/>
  <agent start_id="192" goal_id="120"/>
  <agent start_id="72" goal_id="112"/>
  <agent start_id="17" goal_id="103"/>
  <agent start_id="54" goal_id="40"/>
  <agent start_id="27" goal_id="99"/>
  <agent start_id="145" goal_id="113"/>
  <agent start_id="48" goal_id="187"/>
  <agent start_id="130" goal_id="194"/>
  <agent start_id="11" goal_id="104"/>
  <agent start_id="194" goal_id="125"/>
  <agent start_id="173" goal_id="1"/>
  <agent start_id="39" goal_id="49"/>
</root>
