<?xml version="1.0" ?>
<root>
  <agent start_id="141" goal_id="120"/>
  <agent start_id="40" goal_id="131"/>
  <agent start_id="15" goal_id="193"/>
  <agent start_id="178" goal_id="56"/>
  <agent start_id="39" goal_id="88"/>
  <agent start_id="126" goal_id="184"/>
  <agent start_id="118" goal_id="157"/>
  <agent start_id="161" goal_id="169"/>
  <agent start_id="64" goal_id="33"/>
  <agent start_id="130" goal_id="150"/>
  <agent start_id="173" goal_id="189"/>
  <agent start_id="149" goal_id="87"/>
  <agent start_id="44" goal_id="195"/>
  <agent start_id="69" goal_id="13"/>
  <agent start_id="13" goal_id="60"/>
  <agent start_id="111" goal_id="113"/>
  <agent start_id="3" goal_id="160"/>
  <agent start_id="183" goal_id="124"/>
  <agent start_id="37" goal_id="85"/>
  <agent start_id="144" goal_id="175"/>
  <agent start_id="153" goal_id="144"/>
  <agent start_id="101" goal_id="103"/>
  <agent start_id="43" goal_id="20"/>
  <agent start_id="67" goal_id="119"/>
  <agent start_id="81" goal_id="141"/>
  <agent start_id="159" goal_id="30"/>
  <agent start_id="156" goal_id="128"/>
  <agent start_id="76" goal_id="187"/>
  <agent start_id="16" goal_id="137"/>
  <agent start_id="68" goal_id="123"/>
  <agent start_id="148" goal_id="75"/>
  <agent start_id="120" goal_id="36"/>
  <agent start_id="72" goal_id="158"/>
  <agent start_id="140" goal_id="180"/>
  <agent start_id="198" goal_id="136"/>
  <agent start_id="104" goal_id="126"/>
  <agent start_id="169" goal_id="182"/>
  <agent start_id="192" goal_id="70"/>
  <agent start_id="113" goal_id="122"/>
  <agent start_id="54" goal_id="179"/>
  <agent start_id="127" goal_id="115"/>
  <agent start_id="71" goal_id="145"/>
  <agent start_id="38" goal_id="82"/>
  <agent start_id="35" goal_id="37"/>
  <agent start_id="45" goal_id="134"/>
  <agent start_id="174" goal_id="162"/>
  <agent start_id="152" goal_id="96"/>
  <agent start_id="117" goal_id="84"/>
  <agent start_id="83" goal_id="174"/>
  <agent start_id="61" goal_id="8"/>
</root>
