<?xml version="1.0" ?>
<root>
  <agent start_id="97" goal_id="195"/>
  <agent start_id="99" goal_id="165"/>
  <agent start_id="122" goal_id="129"/>
  <agent start_id="14" goal_id="122"/>
  <agent start_id="168" goal_id="70"/>
  <agent start_id="149" goal_id="180"/>
  <agent start_id="60" goal_id="155"/>
  <agent start_id="66" goal_id="157"/>
  <agent start_id="156" goal_id="1"/>
  <agent start_id="185" goal_id="143"/>
  <agent start_id="153" goal_id="55"/>
  <agent start_id="139" goal_id="47"/>
  <agent start_id="183" goal_id="138"/>
  <agent start_id="165" goal_id="75"/>
  <agent start_id="195" goal_id="184"/>
  <agent start_id="38" goal_id="39"/>
  <agent start_id="102" goal_id="44"/>
  <agent start_id="23" goal_id="63"/>
  <agent start_id="80" goal_id="20"/>
  <agent start_id="179" goal_id="42"/>
  <agent start_id="24" goal_id="22"/>
  <agent start_id="159" goal_id="25"/>
  <agent start_id="68" goal_id="79"/>
  <agent start_id="184" goal_id="171"/>
  <agent start_id="32" goal_id="28"/>
  <agent start_id="136" goal_id="167"/>
  <agent start_id="64" goal_id="52"/>
  <agent start_id="166" goal_id="188"/>
  <agent start_id="71" goal_id="111"/>
  <agent start_id="49" goal_id="128"/>
  <agent start_id="26" goal_id="98"/>
  <agent start_id="186" goal_id="103"/>
  <agent start_id="173" goal_id="85"/>
  <agent start_id="190" goal_id="91"/>
  <agent start_id="120" goal_id="8"/>
  <agent start_id="181" goal_id="126"/>
  <agent start_id="70" goal_id="74"/>
  <agent start_id="59" goal_id="194"/>
  <agent start_id="30" goal_id="54"/>
  <agent start_id="172" goal_id="41"/>
  <agent start_id="106" goal_id="6"/>
  <agent start_id="48" goal_id="181"/>
  <agent start_id="118" goal_id="81"/>
  <agent start_id="176" goal_id="4"/>
  <agent start_id="21" goal_id="132"/>
  <agent start_id="0" goal_id="137"/>
  <agent start_id="5" goal_id="15"/>
  <agent start_id="147" goal_id="152"/>
  <agent start_id="31" goal_id="89"/>
  <agent start_id="81" goal_id="102"/>
</root>
