<?xml version="1.0" ?>
<root>
  <agent start_id="2" goal_id="7"/>
  <agent start_id="74" goal_id="133"/>
  <agent start_id="66" goal_id="47"/>
  <agent start_id="102" goal_id="138"/>
  <agent start_id="185" goal_id="66"/>
  <agent start_id="169" goal_id="23"/>
  <agent start_id="47" goal_id="109"/>
  <agent start_id="93" goal_id="94"/>
  <agent start_id="90" goal_id="173"/>
  <agent start_id="62" goal_id="19"/>
  <agent start_id="20" goal_id="9"/>
  <agent start_id="83" goal_id="191"/>
  <agent start_id="198" goal_id="101"/>
  <agent start_id="171" goal_id="196"/>
  <agent start_id="178" goal_id="92"/>
  <agent start_id="69" goal_id="90"/>
  <agent start_id="137" goal_id="139"/>
  <agent start_id="177" goal_id="3"/>
  <agent start_id="99" goal_id="150"/>
  <agent start_id="52" goal_id="156"/>
  <agent start_id="134" goal_id="50"/>
  <agent start_id="174" goal_id="38"/>
  <agent start_id="159" goal_id="164"/>
  <agent start_id="150" goal_id="153"/>
  <agent start_id="44" goal_id="39"/>
  <agent start_id="146" goal_id="77"/>
  <agent start_id="55" goal_id="34"/>
  <agent start_id="110" goal_id="177"/>
  <agent start_id="56" goal_id="20"/>
  <agent start_id="84" goal_id="59"/>
  <agent start_id="78" goal_id="36"/>
  <agent start_id="183" goal_id="194"/>
  <agent start_id="4" goal_id="43"/>
  <agent start_id="184" goal_id="130"/>
  <agent start_id="162" goal_id="2"/>
  <agent start_id="85" goal_id="91"/>
  <agent start_id="43" goal_id="162"/>
  <agent start_id="80" goal_id="32"/>
  <agent start_id="6" goal_id="116"/>
  <agent start_id="125" goal_id="126"/>
  <agent start_id="172" goal_id="41"/>
  <agent start_id="196" goal_id="114"/>
  <agent start_id="155" goal_id="64"/>
  <agent start_id="140" goal_id="88"/>
  <agent start_id="21" goal_id="103"/>
  <agent start_id="14" goal_id="189"/>
  <agent start_id="3" goal_id="13"/>
  <agent start_id="127" goal_id="46"/>
  <agent start_id="27" goal_id="152"/>
  <agent start_id="165" goal_id="122"/>
</root>
