<?xml version="1.0" ?>
<root>
  <agent start_id="70" goal_id="52"/>
  <agent start_id="113" goal_id="119"/>
  <agent start_id="134" goal_id="40"/>
  <agent start_id="160" goal_id="3"/>
  <agent start_id="28" goal_id="37"/>
  <agent start_id="166" goal_id="35"/>
  <agent start_id="192" goal_id="46"/>
  <agent start_id="164" goal_id="104"/>
  <agent start_id="105" goal_id="74"/>
  <agent start_id="173" goal_id="89"/>
  <agent start_id="136" goal_id="139"/>
  <agent start_id="13" goal_id="62"/>
  <agent start_id="156" goal_id="25"/>
  <agent start_id="150" goal_id="10"/>
  <agent start_id="188" goal_id="147"/>
  <agent start_id="4" goal_id="75"/>
  <agent start_id="30" goal_id="132"/>
  <agent start_id="25" goal_id="9"/>
  <agent start_id="42" goal_id="83"/>
  <agent start_id="39" goal_id="106"/>
  <agent start_id="129" goal_id="176"/>
  <agent start_id="163" goal_id="33"/>
  <agent start_id="10" goal_id="13"/>
  <agent start_id="11" goal_id="100"/>
  <agent start_id="153" goal_id="30"/>
  <agent start_id="49" goal_id="1"/>
  <agent start_id="191" goal_id="136"/>
  <agent start_id="91" goal_id="85"/>
  <agent start_id="56" goal_id="157"/>
  <agent start_id="161" goal_id="186"/>
  <agent start_id="102" goal_id="150"/>
  <agent start_id="16" goal_id="64"/>
  <agent start_id="171" goal_id="110"/>
  <agent start_id="197" goal_id="172"/>
  <agent start_id="149" goal_id="99"/>
  <agent start_id="104" goal_id="121"/>
  <agent start_id="23" goal_id="49"/>
  <agent start_id="63" goal_id="135"/>
  <agent start_id="85" goal_id="17"/>
  <agent start_id="139" goal_id="160"/>
  <agent start_id="167" goal_id="61"/>
  <agent start_id="179" goal_id="158"/>
  <agent start_id="81" goal_id="129"/>
  <agent start_id="27" goal_id="65"/>
  <agent start_id="72" goal_id="6"/>
  <agent start_id="127" goal_id="107"/>
  <agent start_id="108" goal_id="137"/>
  <agent start_id="120" goal_id="126"/>
  <agent start_id="1" goal_id="93"/>
  <agent start_id="53" goal_id="138"/>
</root>
