<?xml version="1.0" ?>
<root>
  <agent start_id="41" goal_id="108"/>
  <agent start_id="114" goal_id="16"/>
  <agent start_id="124" goal_id="14"/>
  <agent start_id="149" goal_id="194"/>
  <agent start_id="89" goal_id="102"/>
  <agent start_id="193" goal_id="132"/>
  <agent start_id="111" goal_id="163"/>
  <agent start_id="161" goal_id="146"/>
  <agent start_id="179" goal_id="84"/>
  <agent start_id="83" goal_id="139"/>
  <agent start_id="61" goal_id="145"/>
  <agent start_id="64" goal_id="94"/>
  <agent start_id="191" goal_id="41"/>
  <agent start_id="102" goal_id="8"/>
  <agent start_id="32" goal_id="157"/>
  <agent start_id="155" goal_id="129"/>
  <agent start_id="184" goal_id="60"/>
  <agent start_id="68" goal_id="50"/>
  <agent start_id="152" goal_id="79"/>
  <agent start_id="123" goal_id="42"/>
  <agent start_id="156" goal_id="195"/>
  <agent start_id="56" goal_id="69"/>
  <agent start_id="187" goal_id="104"/>
  <agent start_id="94" goal_id="122"/>
  <agent start_id="3" goal_id="199"/>
  <agent start_id="9" goal_id="180"/>
  <agent start_id="188" goal_id="46"/>
  <agent start_id="50" goal_id="117"/>
  <agent start_id="42" goal_id="181"/>
  <agent start_id="181" goal_id="47"/>
  <agent start_id="133" goal_id="31"/>
  <agent start_id="100" goal_id="192"/>
  <agent start_id="93" goal_id="77"/>
  <agent start_id="121" goal_id="13"/>
  <agent start_id="140" goal_id="193"/>
  <agent start_id="54" goal_id="93"/>
  <agent start_id="143" goal_id="18"/>
  <agent start_id="11" goal_id="167"/>
  <agent start_id="39" goal_id="123"/>
  <agent start_id="142" goal_id="61"/>
  <agent start_id="6" goal_id="138"/>
  <agent start_id="138" goal_id="38"/>
  <agent start_id="95" goal_id="184"/>
  <agent start_id="35" goal_id="147"/>
  <agent start_id="75" goal_id="73"/>
  <agent start_id="97" goal_id="91"/>
  <agent start_id="52" goal_id="66"/>
  <agent start_id="127" goal_id="158"/>
  <agent start_id="17" goal_id="57"/>
  <agent start_id="23" goal_id="56"/>
</root>
