<?xml version="1.0" ?>
<root>
  <agent start_id="193" goal_id="157"/>
  <agent start_id="109" goal_id="145"/>
  <agent start_id="162" goal_id="106"/>
  <agent start_id="165" goal_id="0"/>
  <agent start_id="181" goal_id="181"/>
  <agent start_id="92" goal_id="95"/>
  <agent start_id="160" goal_id="114"/>
  <agent start_id="42" goal_id="14"/>
  <agent start_id="37" goal_id="86"/>
  <agent start_id="116" goal_id="128"/>
  <agent start_id="155" goal_id="43"/>
  <agent start_id="184" goal_id="87"/>
  <agent start_id="49" goal_id="171"/>
  <agent start_id="65" goal_id="22"/>
  <agent start_id="64" goal_id="172"/>
  <agent start_id="185" goal_id="197"/>
  <agent start_id="196" goal_id="36"/>
  <agent start_id="73" goal_id="82"/>
  <agent start_id="56" goal_id="34"/>
  <agent start_id="15" goal_id="180"/>
  <agent start_id="121" goal_id="91"/>
  <agent start_id="3" goal_id="140"/>
  <agent start_id="152" goal_id="144"/>
  <agent start_id="197" goal_id="46"/>
  <agent start_id="25" goal_id="49"/>
  <agent start_id="128" goal_id="138"/>
  <agent start_id="35" goal_id="41"/>
  <agent start_id="156" goal_id="132"/>
  <agent start_id="88" goal_id="77"/>
  <agent start_id="33" goal_id="32"/>
  <agent start_id="98" goal_id="84"/>
  <agent start_id="41" goal_id="4"/>
  <agent start_id="8" goal_id="174"/>
  <agent start_id="182" goal_id="155"/>
  <agent start_id="58" goal_id="75"/>
  <agent start_id="16" goal_id="161"/>
  <agent start_id="143" goal_id="96"/>
  <agent start_id="179" goal_id="98"/>
  <agent start_id="95" goal_id="122"/>
  <agent start_id="147" goal_id="18"/>
  <agent start_id="159" goal_id="130"/>
  <agent start_id="27" goal_id="134"/>
  <agent start_id="67" goal_id="5"/>
  <agent start_id="150" goal_id="136"/>
  <agent start_id="75" goal_id="64"/>
  <agent start_id="137" goal_id="101"/>
  <agent start_id="91" goal_id="10"/>
  <agent start_id="174" goal_id="105"/>
  <agent start_id="22" goal_id="11"/>
  <agent start_id="99" goal_id="150"/>
</root>
