<?xml version="1.0" ?>
<root>
  <agent start_id="130" goal_id="20"/>
  <agent start_id="37" goal_id="71"/>
  <agent start_id="123" goal_id="111"/>
  <agent start_id="23" goal_id="84"/>
  <agent start_id="4" goal_id="191"/>
  <agent start_id="48" goal_id="151"/>
  <agent start_id="62" goal_id="153"/>
  <agent start_id="186" goal_id="88"/>
  <agent start_id="104" goal_id="30"/>
  <agent start_id="34" goal_id="170"/>
  <agent start_id="42" goal_id="5"/>
  <agent start_id="181" goal_id="9"/>
  <agent start_id="146" goal_id="117"/>
  <agent start_id="57" goal_id="197"/>
  <agent start_id="147" goal_id="186"/>
  <agent start_id="113" goal_id="46"/>
  <agent start_id="45" goal_id="147"/>
  <agent start_id="156" goal_id="123"/>
  <agent start_id="66" goal_id="32"/>
  <agent start_id="95" goal_id="152"/>
  <agent start_id="16" goal_id="35"/>
  <agent start_id="59" goal_id="16"/>
  <agent start_id="61" goal_id="188"/>
  <agent start_id="2" goal_id="67"/>
  <agent start_id="162" goal_id="162"/>
  <agent start_id="25" goal_id="42"/>
  <agent start_id="94" goal_id="93"/>
  <agent start_id="180" goal_id="27"/>
  <agent start_id="145" goal_id="106"/>
  <agent start_id="121" goal_id="114"/>
  <agent start_id="69" goal_id="175"/>
  <agent start_id="67" goal_id="23"/>
  <agent start_id="7" goal_id="3"/>
  <agent start_id="119" goal_id="38"/>
  <agent start_id="125" goal_id="8"/>
  <agent start_id="10" goal_id="14"/>
  <agent start_id="112" goal_id="53"/>
  <agent start_id="133" goal_id="184"/>
  <agent start_id="19" goal_id="19"/>
  <agent start_id="75" goal_id="57"/>
  <agent start_id="185" goal_id="103"/>
  <agent start_id="120" goal_id="74"/>
  <agent start_id="151" goal_id="195"/>
  <agent start_id="195" goal_id="182"/>
  <agent start_id="97" goal_id="101"/>
  <agent start_id="197" goal_id="52"/>
  <agent start_id="149" goal_id="169"/>
  <agent start_id="137" goal_id="115"/>
  <agent start_id="109" goal_id="157"/>
  <agent start_id="73" goal_id="173"/>
</root>
