<?xml version="1.0" ?>
<root>
  <agent start_id="151" goal_id="104"/>
  <agent start_id="23" goal_id="75"/>
  <agent start_id="115" goal_id="194"/>
  <agent start_id="199" goal_id="31"/>
  <agent start_id="19" goal_id="196"/>
  <agent start_id="194" goal_id="41"/>
  <agent start_id="11" goal_id="142"/>
  <agent start_id="25" goal_id="26"/>
  <agent start_id="157" goal_id="96"/>
  <agent start_id="128" goal_id="176"/>
  <agent start_id="104" goal_id="143"/>
  <agent start_id="121" goal_id="189"/>
  <agent start_id="111" goal_id="5"/>
  <agent start_id="65" goal_id="81"/>
  <agent start_id="22" goal_id="160"/>
  <agent start_id="167" goal_id="170"/>
  <agent start_id="179" goal_id="148"/>
  <agent start_id="95" goal_id="64"/>
  <agent start_id="37" goal_id="71"/>
  <agent start_id="113" goal_id="1"/>
  <agent start_id="176" goal_id="46"/>
  <agent start_id="129" goal_id="179"/>
  <agent start_id="152" goal_id="57"/>
  <agent start_id="97" goal_id="59"/>
  <agent start_id="48" goal_id="69"/>
  <agent start_id="136" goal_id="111"/>
  <agent start_id="8" goal_id="174"/>
  <agent start_id="43" goal_id="88"/>
  <agent start_id="195" goal_id="100"/>
  <agent start_id="180" goal_id="136"/>
  <agent start_id="188" goal_id="117"/>
  <agent start_id="16" goal_id="178"/>
  <agent start_id="134" goal_id="124"/>
  <agent start_id="192" goal_id="140"/>
  <agent start_id="38" goal_id="18"/>
  <agent start_id="74" goal_id="155"/>
  <agent start_id="6" goal_id="168"/>
  <agent start_id="82" goal_id="130"/>
  <agent start_id="99" goal_id="185"/>
  <agent start_id="170" goal_id="49"/>
  <agent start_id="143" goal_id="125"/>
  <agent start_id="71" goal_id="187"/>
  <agent start_id="191" goal_id="65"/>
  <agent start_id="78" goal_id="8"/>
  <agent start_id="119" goal_id="28"/>
  <agent start_id="83" goal_id="119"/>
  <agent start_id="182" goal_id="106"/>
  <agent start_id="45" goal_id="110"/>
  <agent start_id="14" goal_id="193"/>
  <agent start_id="174" goal_id="190"/>
</root>
