<?xml version="1.0" ?>
<root>
  <agent start_id="1" goal_id="179"/>
  <agent start_id="197" goal_id="105"/>
  <agent start_id="139" goal_id="81"/>
  <agent start_id="60" goal_id="54"/>
  <agent start_id="49" goal_id="174"/>
  <agent start_id="71" goal_id="110"/>
  <agent start_id="130" goal_id="153"/>
  <agent start_id="198" goal_id="99"/>
  <agent start_id="27" goal_id="143"/>
  <agent start_id="69" goal_id="103"/>
  <agent start_id="155" goal_id="97"/>
  <agent start_id="177" goal_id="139"/>
  <agent start_id="105" goal_id="25"/>
  <agent start_id="52" goal_id="166"/>
  <agent start_id="79" goal_id="78"/>
  <agent start_id="26" goal_id="62"/>
  <agent start_id="9" goal_id="119"/>
  <agent start_id="13" goal_id="104"/>
  <agent start_id="167" goal_id="11"/>
  <agent start_id="147" goal_id="169"/>
  <agent start_id="68" goal_id="113"/>
  <agent start_id="56" goal_id="177"/>
  <agent start_id="140" goal_id="127"/>
  <agent start_id="64" goal_id="75"/>
  <agent start_id="172" goal_id="51"/>
  <agent start_id="191" goal_id="70"/>
  <agent start_id="132" goal_id="35"/>
  <agent start_id="93" goal_id="182"/>
  <agent start_id="186" goal_id="77"/>
  <agent start_id="136" goal_id="27"/>
  <agent start_id="104" goal_id="193"/>
  <agent start_id="194" goal_id="152"/>
  <agent start_id="143" goal_id="33"/>
  <agent start_id="41" goal_id="34"/>
  <agent start_id="168" goal_id="80"/>
  <agent start_id="118" goal_id="50"/>
  <agent start_id="33" goal_id="151"/>
  <agent start_id="146" goal_id="86"/>
  <agent start_id="193" goal_id="16"/>
  <agent start_id="75" goal_id="23"/>
  <agent start_id="25" goal_id="138"/>
  <agent start_id="15" goal_id="135"/>
  <agent start_id="10" goal_id="180"/>
  <agent start_id="102" goal_id="170"/>
  <agent start_id="85" goal_id="116"/>
  <agent start_id="158" goal_id="122"/>
  <agent start_id="92" goal_id="115"/>
  <agent start_id="110" goal_id="91"/>
  <agent start_id="97" goal_id="53"/>
  <agent start_id="8" goal_id="58"/>
</root>
