<?xml version="1.0" ?>
<root>
  <agent start_id="1" goal_id="87"/>
  <agent start_id="80" goal_id="127"/>
  <agent start_id="121" goal_id="148"/>
  <agent start_id="45" goal_id="12"/>
  <agent start_id="116" goal_id="134"/>
  <agent start_id="50" goal_id="2"/>
  <agent start_id="191" goal_id="108"/>
  <agent start_id="55" goal_id="71"/>
  <agent start_id="158" goal_id="66"/>
  <agent start_id="149" goal_id="105"/>
  <agent start_id="64" goal_id="36"/>
  <agent start_id="13" goal_id="160"/>
  <agent start_id="111" goal_id="164"/>
  <agent start_id="122" goal_id="137"/>
  <agent start_id="29" goal_id="177"/>
  <agent start_id="26" goal_id="24"/>
  <agent start_id="14" goal_id="50"/>
  <agent start_id="88" goal_id="99"/>
  <agent start_id="123" goal_id="48"/>
  <agent start_id="151" goal_id="136"/>
  <agent start_id="48" goal_id="34"/>
  <agent start_id="167" goal_id="167"/>
  <agent start_id="172" goal_id="133"/>
  <agent start_id="39" goal_id="195"/>
  <agent start_id="137" goal_id="32"/>
  <agent start_id="142" goal_id="126"/>
  <agent start_id="132" goal_id="175"/>
  <agent start_id="125" goal_id="69"/>
  <agent start_id="25" goal_id="117"/>
  <agent start_id="61" goal_id="151"/>
  <agent start_id="170" goal_id="183"/>
  <agent start_id="102" goal_id="178"/>
  <agent start_id="31" goal_id="95"/>
  <agent start_id="135" goal_id="45"/>
  <agent start_id="90" goal_id="15"/>
  <agent start_id="35" goal_id="193"/>
  <agent start_id="20" goal_id="64"/>
  <agent start_id="94" goal_id="118"/>
  <agent start_id="10" goal_id="60"/>
  <agent start_id="173" goal_id="198"/>
  <agent start_id="38" goal_id="149"/>
  <agent start_id="181" goal_id="142"/>
  <agent start_id="159" goal_id="29"/>
  <agent start_id="51" goal_id="120"/>
  <agent start_id="72" goal_id="173"/>
  <agent start_id="16" goal_id="163"/>
  <agent start_id="182" goal_id="94"/>
  <agent start_id="133" goal_id="176"/>
  <agent start_id="109" goal_id="83"/>
  <agent start_id="83" goal_id="123"/>
</root>
