<?xml version="1.0" ?>
<root>
  <agent start_id="191" goal_id="122"/>
  <agent start_id="4" goal_id="1"/>
  <agent start_id="199" goal_id="51"/>
  <agent start_id="77" goal_id="129"/>
  <agent start_id="124" goal_id="77"/>
  <agent start_id="195" goal_id="90"/>
  <agent start_id="188" goal_id="186"/>
  <agent start_id="151" goal_id="20"/>
  <agent start_id="101" goal_id="171"/>
  <agent start_id="105" goal_id="5"/>
  <agent start_id="114" goal_id="41"/>
  <agent start_id="178" goal_id="62"/>
  <agent start_id="38" goal_id="44"/>
  <agent start_id="70" goal_id="160"/>
  <agent start_id="68" goal_id="58"/>
  <agent start_id="131" goal_id="43"/>
  <agent start_id="159" goal_id="55"/>
  <agent start_id="157" goal_id="14"/>
  <agent start_id="23" goal_id="199"/>
  <agent start_id="87" goal_id="23"/>
  <agent start_id="153" goal_id="132"/>
  <agent start_id="12" goal_id="181"/>
  <agent start_id="108" goal_id="89"/>
  <agent start_id="106" goal_id="32"/>
  <agent start_id="48" goal_id="108"/>
  <agent start_id="158" goal_id="193"/>
  <agent start_id="122" goal_id="0"/>
  <agent start_id="113" goal_id="105"/>
  <agent start_id="16" goal_id="9"/>
  <agent start_id="79" goal_id="24"/>
  <agent start_id="33" goal_id="13"/>
  <agent start_id="10" goal_id="45"/>
  <agent start_id="53" goal_id="176"/>
  <agent start_id="66" goal_id="40"/>
  <agent start_id="109" goal_id="184"/>
  <agent start_id="18" goal_id="164"/>
  <agent start_id="168" goal_id="92"/>
  <agent start_id="185" goal_id="18"/>
  <agent start_id="89" goal_id="102"/>
  <agent start_id="162" goal_id="65"/>
  <agent start_id="56" goal_id="73"/>
  <agent start_id="99" goal_id="190"/>
  <agent start_id="137" goal_id="25"/>
  <agent start_id="164" goal_id="142"/>
  <agent start_id="140" goal_id="100"/>
  <agent start_id="1" goal_id="71"/>
  <agent start_id="44" goal_id="153"/>
  <agent start_id="84" goal_id="198"/>
  <agent start_id="135" goal_id="86"/>
  <agent start_id="150" goal_id="34"/>
</root>
