<?xml version="1.0" ?>
<root>
  <agent start_id="115" goal_id="23"/>
  <agent start_id="145" goal_id="97"/>
  <agent start_id="132" goal_id="114"/>
  <agent start_id="168" goal_id="45"/>
  <agent start_id="45" goal_id="87"/>
  <agent start_id="43" goal_id="136"/>
  <agent start_id="107" goal_id="10"/>
  <agent start_id="16" goal_id="130"/>
  <agent start_id="21" goal_id="196"/>
  <agent start_id="84" goal_id="76"/>
  <agent start_id="82" goal_id="184"/>
  <agent start_id="147" goal_id="101"/>
  <agent start_id="31" goal_id="96"/>
  <agent start_id="179" goal_id="62"/>
  <agent start_id="108" goal_id="155"/>
  <agent start_id="70" goal_id="104"/>
  <agent start_id="123" goal_id="70"/>
  <agent start_id="90" goal_id="41"/>
  <agent start_id="2" goal_id="120"/>
  <agent start_id="27" goal_id="169"/>
  <agent start_id="5" goal_id="0"/>
  <agent start_id="93" goal_id="111"/>
  <agent start_id="190" goal_id="72"/>
  <agent start_id="57" goal_id="108"/>
  <agent start_id="172" goal_id="49"/>
  <agent start_id="191" goal_id="55"/>
  <agent start_id="52" goal_id="175"/>
  <agent start_id="109" goal_id="137"/>
  <agent start_id="194" goal_id="107"/>
  <agent start_id="13" goal_id="140"/>
  <agent start_id="178" goal_id="1"/>
  <agent start_id="125" goal_id="34"/>
  <agent start_id="129" goal_id="141"/>
  <agent start_id="81" goal_id="30"/>
  <agent start_id="181" goal_id="91"/>
  <agent start_id="35" goal_id="180"/>
  <agent start_id="68" goal_id="187"/>
  <agent start_id="96" goal_id="44"/>
  <agent start_id="177" goal_id="123"/>
  <agent start_id="3" goal_id="144"/>
  <agent start_id="184" goal_id="191"/>
  <agent start_id="195" goal_id="33"/>
  <agent start_id="29" goal_id="3"/>
  <agent start_id="158" goal_id="36"/>
  <agent start_id="8" goal_id="16"/>
  <agent start_id="62" goal_id="6"/>
  <agent start_id="180" goal_id="42"/>
  <agent start_id="126" goal_id="8"/>
  <agent start_id="53" goal_id="158"/>
  <agent start_id="102" goal_id="69"/>
</root>
