<?xml version="1.0" ?>
<root>
  <agent start_id="102" goal_id="189"/>
  <agent start_id="15" goal_id="196"/>
  <agent start_id="101" goal_id="198"/>
  <agent start_id="93" goal_id="8"/>
  <agent start_id="191" goal_id="99"/>
  <agent start_id="18" goal_id="102"/>
  <agent start_id="185" goal_id="0"/>
  <agent start_id="60" goal_id="68"/>
  <agent start_id="33" goal_id="185"/>
  <agent start_id="79" goal_id="176"/>
  <agent start_id="98" goal_id="127"/>
  <agent start_id="68" goal_id="16"/>
  <agent start_id="192" goal_id="2"/>
  <agent start_id="97" goal_id="19"/>
  <agent start_id="54" goal_id="12"/>
  <agent start_id="116" goal_id="66"/>
  <agent start_id="12" goal_id="100"/>
  <agent start_id="128" goal_id="42"/>
  <agent start_id="96" goal_id="30"/>
  <agent start_id="69" goal_id="164"/>
  <agent start_id="109" goal_id="116"/>
  <agent start_id="21" goal_id="74"/>
  <agent start_id="169" goal_id="11"/>
  <agent start_id="114" goal_id="33"/>
  <agent start_id="53" goal_id="105"/>
  <agent start_id="51" goal_id="130"/>
  <agent start_id="126" goal_id="29"/>
  <agent start_id="137" goal_id="22"/>
  <agent start_id="122" goal_id="134"/>
  <agent start_id="62" goal_id="53"/>
  <agent start_id="88" goal_id="191"/>
  <agent start_id="124" goal_id="101"/>
  <agent start_id="75" goal_id="151"/>
  <agent start_id="154" goal_id="193"/>
  <agent start_id="2" goal_id="124"/>
  <agent start_id="135" goal_id="90"/>
  <agent start_id="107" goal_id="195"/>
  <agent start_id="7" goal_id="178"/>
  <agent start_id="38" goal_id="32"/>
  <agent start_id="73" goal_id="179"/>
  <agent start_id="23" goal_id="94"/>
  <agent start_id="134" goal_id="110"/>
  <agent start_id="170" goal_id="145"/>
  <agent start_id="120" goal_id="88"/>
  <agent start_id="59" goal_id="157"/>
  <agent start_id="172" goal_id="147"/>
  <agent start_id="5" goal_id="192"/>
  <agent start_id="130" goal_id="95"/>
  <agent start_id="199" goal_id="54"/>
  <agent start_id="158" goal_id="10"/>
</root>
