<?xml version="1.0" ?>
<root>
  <agent start_id="99" goal_id="195"/>
  <agent start_id="25" goal_id="145"/>
  <agent start_id="36" goal_id="164"/>
  <agent start_id="51" goal_id="39"/>
  <agent start_id="156" goal_id="83"/>
  <agent start_id="73" goal_id="6"/>
  <agent start_id="110" goal_id="23"/>
  <agent start_id="10" goal_id="183"/>
  <agent start_id="8" goal_id="7"/>
  <agent start_id="135" goal_id="2"/>
  <agent start_id="138" goal_id="92"/>
  <agent start_id="30" goal_id="127"/>
  <agent start_id="198" goal_id="174"/>
  <agent start_id="150" goal_id="56"/>
  <agent start_id="165" goal_id="91"/>
  <agent start_id="192" goal_id="66"/>
  <agent start_id="35" goal_id="191"/>
  <agent start_id="172" goal_id="126"/>
  <agent start_id="116" goal_id="36"/>
  <agent start_id="167" goal_id="29"/>
  <agent start_id="130" goal_id="99"/>
  <agent start_id="70" goal_id="44"/>
  <agent start_id="14" goal_id="166"/>
  <agent start_id="109" goal_id="177"/>
  <agent start_id="20" goal_id="190"/>
  <agent start_id="88" goal_id="68"/>
  <agent start_id="33" goal_id="149"/>
  <agent start_id="47" goal_id="112"/>
  <agent start_id="1" goal_id="130"/>
  <agent start_id="162" goal_id="176"/>
  <agent start_id="7" goal_id="142"/>
  <agent start_id="97" goal_id="185"/>
  <agent start_id="114" goal_id="152"/>
  <agent start_id="106" goal_id="148"/>
  <agent start_id="104" goal_id="64"/>
  <agent start_id="93" goal_id="114"/>
  <agent start_id="169" goal_id="147"/>
  <agent start_id="163" goal_id="159"/>
  <agent start_id="53" goal_id="8"/>
  <agent start_id="3" goal_id="110"/>
  <agent start_id="159" goal_id="11"/>
  <agent start_id="122" goal_id="173"/>
  <agent start_id="58" goal_id="153"/>
  <agent start_id="75" goal_id="45"/>
  <agent start_id="50" goal_id="25"/>
  <agent start_id="100" goal_id="5"/>
  <agent start_id="151" goal_id="136"/>
  <agent start_id="81" goal_id="21"/>
  <agent start_id="22" goal_id="75"/>
  <agent start_id="67" goal_id="194"/>
</root>
