<?xml version="1.0" ?>
<root>
  <agent start_id="181" goal_id="11"/>
  <agent start_id="69" goal_id="184"/>
  <agent start_id="127" goal_id="138"/>
  <agent start_id="56" goal_id="111"/>
  <agent start_id="21" goal_id="134"/>
  <agent start_id="106" goal_id="95"/>
  <agent start_id="18" goal_id="65"/>
  <agent start_id="5" goal_id="7"/>
  <agent start_id="131" goal_id="47"/>
  <agent start_id="168" goal_id="193"/>
  <agent start_id="68" goal_id="78"/>
  <agent start_id="143" goal_id="93"/>
  <agent start_id="140" goal_id="161"/>
  <agent start_id="137" goal_id="151"/>
  <agent start_id="74" goal_id="50"/>
  <agent start_id="54" goal_id="104"/>
  <agent start_id="122" goal_id="43"/>
  <agent start_id="33" goal_id="199"/>
  <agent start_id="177" goal_id="90"/>
  <agent start_id="17" goal_id="20"/>
  <agent start_id="22" goal_id="116"/>
  <agent start_id="91" goal_id="168"/>
  <agent start_id="64" goal_id="170"/>
  <agent start_id="195" goal_id="155"/>
  <agent start_id="110" goal_id="137"/>
  <agent start_id="50" goal_id="166"/>
  <agent start_id="194" goal_id="85"/>
  <agent start_id="40" goal_id="29"/>
  <agent start_id="198" goal_id="198"/>
  <agent start_id="15" goal_id="167"/>
  <agent start_id="73" goal_id="54"/>
  <agent start_id="93" goal_id="64"/>
  <agent start_id="47" goal_id="89"/>
  <agent start_id="37" goal_id="2"/>
  <agent start_id="43" goal_id="77"/>
  <agent start_id="77" goal_id="98"/>
  <agent start_id="129" goal_id="186"/>
  <agent start_id="133" goal_id="152"/>
  <agent start_id="107" goal_id="115"/>
  <agent start_id="156" goal_id="22"/>
  <agent start_id="86" goal_id="143"/>
  <agent start_id="46" goal_id="188"/>
  <agent start_id="128" goal_id="160"/>
  <agent start_id="9" goal_id="131"/>
  <agent start_id="155" goal_id="42"/>
  <agent start_id="125" goal_id="86"/>
  <agent start_id="28" goal_id="108"/>
  <agent start_id="0" goal_id="142"/>
  <agent start_id="151" goal_id="103"/>
  <agent start_id="144" goal_id="34"/>
</root>
