<?xml version="1.0" ?>
<root>
  <agent start_id="54" goal_id="162"/>
  <agent start_id="199" goal_id="186"/>
  <agent start_id="121" goal_id="10"/>
  <agent start_id="33" goal_id="147"/>
  <agent start_id="25" goal_id="125"/>
  <agent start_id="161" goal_id="83"/>
  <agent start_id="156" goal_id="130"/>
  <agent start_id="42" goal_id="73"/>
  <agent start_id="177" goal_id="195"/>
  <agent start_id="189" goal_id="69"/>
  <agent start_id="40" goal_id="99"/>
  <agent start_id="99" goal_id="142"/>
  <agent start_id="151" goal_id="84"/>
  <agent start_id="168" goal_id="14"/>
  <agent start_id="186" goal_id="117"/>
  <agent start_id="31" goal_id="159"/>
  <agent start_id="16" goal_id="100"/>
  <agent start_id="83" goal_id="86"/>
  <agent start_id="89" goal_id="70"/>
  <agent start_id="123" goal_id="33"/>
  <agent start_id="64" goal_id="132"/>
  <agent start_id="87" goal_id="163"/>
  <agent start_id="187" goal_id="171"/>
  <agent start_id="195" goal_id="112"/>
  <agent start_id="143" goal_id="44"/>
  <agent start_id="21" goal_id="187"/>
  <agent start_id="193" goal_id="56"/>
  <agent start_id="185" goal_id="189"/>
  <agent start_id="108" goal_id="168"/>
  <agent start_id="10" goal_id="77"/>
  <agent start_id="133" goal_id="54"/>
  <agent start_id="105" goal_id="109"/>
  <agent start_id="115" goal_id="30"/>
  <agent start_id="62" goal_id="25"/>
  <agent start_id="41" goal_id="6"/>
  <agent start_id="164" goal_id="181"/>
  <agent start_id="104" goal_id="121"/>
  <agent start_id="82" goal_id="101"/>
  <agent start_id="101" goal_id="52"/>
  <agent start_id="113" goal_id="123"/>
  <agent start_id="50" goal_id="67"/>
  <agent start_id="92" goal_id="113"/>
  <agent start_id="96" goal_id="111"/>
  <agent start_id="127" goal_id="66"/>
  <agent start_id="174" goal_id="134"/>
  <agent start_id="9" goal_id="57"/>
  <agent start_id="65" goal_id="124"/>
  <agent start_id="35" goal_id="4"/>
  <agent start_id="124" goal_id="80"/>
  <agent start_id="6" goal_id="51"/>
</root>
