<?xml version="1.0" ?>
<root>
  <agent start_id="175" goal_id="79"/>
  <agent start_id="140" goal_id="73"/>
  <agent start_id="129" goal_id="51"/>
  <agent start_id="167" goal_id="176"/>
  <agent start_id="150" goal_id="125"/>
  <agent start_id="106" goal_id="185"/>
  <agent start_id="169" goal_id="96"/>
  <agent start_id="97" goal_id="1"/>
  <agent start_id="165" goal_id="89"/>
  <agent start_id="181" goal_id="27"/>
  <agent start_id="87" goal_id="135"/>
  <agent start_id="84" goal_id="142"/>
  <agent start_id="194" goal_id="188"/>
  <agent start_id="31" goal_id="190"/>
  <agent start_id="184" goal_id="47"/>
  <agent start_id="152" goal_id="77"/>
  <agent start_id="53" goal_id="86"/>
  <agent start_id="65" goal_id="15"/>
  <agent start_id="137" goal_id="114"/>
  <agent start_id="11" goal_id="25"/>
  <agent start_id="118" goal_id="132"/>
  <agent start_id="180" goal_id="172"/>
  <agent start_id="48" goal_id="134"/>
  <agent start_id="135" goal_id="117"/>
  <agent start_id="57" goal_id="164"/>
  <agent start_id="94" goal_id="139"/>
  <agent start_id="193" goal_id="167"/>
  <agent start_id="119" goal_id="148"/>
  <agent start_id="0" goal_id="174"/>
  <agent start_id="163" goal_id="104"/>
  <agent start_id="133" goal_id="186"/>
  <agent start_id="44" goal_id="130"/>
  <agent start_id="15" goal_id="21"/>
  <agent start_id="174" goal_id="183"/>
  <agent start_id="61" goal_id="193"/>
  <agent start_id="197" goal_id="109"/>
  <agent start_id="81" goal_id="83"/>
  <agent start_id="145" goal_id="40"/>
  <agent start_id="68" goal_id="22"/>
  <agent start_id="95" goal_id="107"/>
  <agent start_id="195" goal_id="13"/>
  <agent start_id="18" goal_id="123"/>
  <agent start_id="108" goal_id="140"/>
  <agent start_id="42" goal_id="91"/>
  <agent start_id="172" goal_id="49"/>
  <agent start_id="134" goal_id="178"/>
  <agent start_id="24" goal_id="72"/>
  <agent start_id="183" goal_id="30"/>
  <agent start_id="158" goal_id="32"/>
  <agent start_id="60" goal_id="41"/>
</root>
