<?xml version="1.0" ?>
<root>
  <agent start_id="79" goal_id="30"/>
  <agent start_id="65" goal_id="19"/>
  <agent start_id="152" goal_id="76"/>
  <agent start_id="161" goal_id="147"/>
  <agent start_id="78" goal_id="149"/>
  <agent start_id="39" goal_id="21"/>
  <agent start_id="149" goal_id="99"/>
  <agent start_id="33" goal_id="46"/>
  <agent start_id="169" goal_id="33"/>
  <agent start_id="73" goal_id="5"/>
  <agent start_id="57" goal_id="105"/>
  <agent start_id="143" goal_id="85"/>
  <agent start_id="127" goal_id="117"/>
  <agent start_id="91" goal_id="179"/>
  <agent start_id="60" goal_id="36"/>
  <agent start_id="135" goal_id="3"/>
  <agent start_id="21" goal_id="95"/>
  <agent start_id="15" goal_id="93"/>
  <agent start_id="82" goal_id="155"/>
  <agent start_id="3" goal_id="186"/>
  <agent start_id="68" goal_id="102"/>
  <agent start_id="96" goal_id="171"/>
  <agent start_id="8" goal_id="17"/>
  <agent start_id="180" goal_id="86"/>
  <agent start_id="197" goal_id="22"/>
  <agent start_id="151" goal_id="16"/>
  <agent start_id="118" goal_id="2"/>
  <agent start_id="56" goal_id="57"/>
  <agent start_id="154" goal_id="89"/>
  <agent start_id="171" goal_id="66"/>
  <agent start_id="86" goal_id="192"/>
  <agent start_id="71" goal_id="131"/>
  <agent start_id="61" goal_id="31"/>
  <agent start_id="88" goal_id="182"/>
  <agent start_id="144" goal_id="9"/>
  <agent start_id="108" goal_id="60"/>
  <agent start_id="191" goal_id="110"/>
  <agent start_id="16" goal_id="152"/>
  <agent start_id="7" goal_id="100"/>
  <agent start_id="182" goal_id="37"/>
  <agent start_id="85" goal_id="8"/>
  <agent start_id="196" goal_id="74"/>
  <agent start_id="18" goal_id="134"/>
  <agent start_id="50" goal_id="64"/>
  <agent start_id="117" goal_id="165"/>
  <agent start_id="72" goal_id="184"/>
  <agent start_id="43" goal_id="91"/>
  <agent start_id="195" goal_id="79"/>
  <agent start_id="142" goal_id="153"/>
  <agent start_id="52" goal_id="193"/>
</root>
