<?xml version="1.0" ?>
<root>
  <agent start_id="80" goal_id="156"/>
  <agent start_id="59" goal_id="133"/>
  <agent start_id="5" goal_id="182"/>
  <agent start_id="181" goal_id="32"/>
  <agent start_id="33" goal_id="159"/>
  <agent start_id="14" goal_id="150"/>
  <agent start_id="195" goal_id="59"/>
  <agent start_id="89" goal_id="162"/>
  <agent start_id="76" goal_id="177"/>
  <agent start_id="103" goal_id="43"/>
  <agent start_id="18" goal_id="164"/>
  <agent start_id="191" goal_id="125"/>
  <agent start_id="193" goal_id="37"/>
  <agent start_id="49" goal_id="168"/>
  <agent start_id="52" goal_id="92"/>
  <agent start_id="190" goal_id="57"/>
  <agent start_id="167" goal_id="87"/>
  <agent start_id="123" goal_id="53"/>
  <agent start_id="61" goal_id="13"/>
  <agent start_id="68" goal_id="9"/>
  <agent start_id="141" goal_id="34"/>
  <agent start_id="129" goal_id="64"/>
  <agent start_id="2" goal_id="191"/>
  <agent start_id="113" goal_id="187"/>
  <agent start_id="165" goal_id="19"/>
  <agent start_id="50" goal_id="179"/>
  <agent start_id="36" goal_id="76"/>
  <agent start_id="124" goal_id="24"/>
  <agent start_id="136" goal_id="119"/>
  <agent start_id="119" goal_id="71"/>
  <agent start_id="48" goal_id="196"/>
  <agent start_id="144" goal_id="91"/>
  <agent start_id="21" goal_id="193"/>
  <agent start_id="115" goal_id="62"/>
  <agent start_id="35" goal_id="8"/>
  <agent start_id="128" goal_id="113"/>
  <agent start_id="131" goal_id="189"/>
  <agent start_id="91" goal_id="20"/>
  <agent start_id="69" goal_id="172"/>
  <agent start_id="9" goal_id="186"/>
  <agent start_id="112" goal_id="81"/>
  <agent start_id="40" goal_id="163"/>
  <agent start_id="94" goal_id="1"/>
  <agent start_id="138" goal_id="0"/>
  <agent start_id="8" goal_id="167"/>
  <agent start_id="73" goal_id="21"/>
  <agent start_id="120" goal_id="68"/>
  <agent start_id="51" goal_id="10"/>
  <agent start_id="137" goal_id="124"/>
  <agent start_id="28" goal_id="106"/>
</root>
