<?xml version="1.0" ?>
<root>
  <agent start_id="149" goal_id="0"/>
  <agent start_id="166" goal_id="41"/>
  <agent start_id="50" goal_id="70"/>
  <agent start_id="33" goal_id="9"/>
  <agent start_id="115" goal_id="177"/>
  <agent start_id="104" goal_id="29"/>
  <agent start_id="95" goal_id="165"/>
  <agent start_id="168" goal_id="171"/>
  <agent start_id="114" goal_id="59"/>
  <agent start_id="39" goal_id="113"/>
  <agent start_id="98" goal_id="27"/>
  <agent start_id="135" goal_id="23"/>
  <agent start_id="84" goal_id="149"/>
  <agent start_id="121" goal_id="139"/>
  <agent start_id="137" goal_id="95"/>
  <agent start_id="182" goal_id="137"/>
  <agent start_id="152" goal_id="181"/>
  <agent start_id="105" goal_id="134"/>
  <agent start_id="12" goal_id="121"/>
  <agent start_id="129" goal_id="128"/>
  <agent start_id="194" goal_id="44"/>
  <agent start_id="47" goal_id="154"/>
  <agent start_id="192" goal_id="1"/>
  <agent start_id="106" goal_id="38"/>
  <agent start_id="78" goal_id="72"/>
  <agent start_id="161" goal_id="112"/>
  <agent start_id="8" goal_id="94"/>
  <agent start_id="107" goal_id="131"/>
  <agent start_id="71" goal_id="126"/>
  <agent start_id="94" goal_id="192"/>
  <agent start_id="177" goal_id="5"/>
  <agent start_id="56" goal_id="46"/>
  <agent start_id="17" goal_id="50"/>
  <agent start_id="0" goal_id="86"/>
  <agent start_id="195" goal_id="40"/>
  <agent start_id="45" goal_id="183"/>
  <agent start_id="37" goal_id="127"/>
  <agent start_id="40" goal_id="178"/>
  <agent start_id="74" goal_id="100"/>
  <agent start_id="160" goal_id="164"/>
  <agent start_id="198" goal_id="109"/>
  <agent start_id="69" goal_id="122"/>
  <agent start_id="120" goal_id="48"/>
  <agent start_id="126" goal_id="43"/>
  <agent start_id="124" goal_id="36"/>
  <agent start_id="130" goal_id="132"/>
  <agent start_id="167" goal_id="163"/>
  <agent start_id="139" goal_id="159"/>
  <agent start_id="173" goal_id="81"/>
  <agent start_id="30" goal_id="52"/>
</root>
