<?xml version="1.0" ?>
<root>
  <agent start_id="155" goal_id="150"/>
  <agent start_id="74" goal_id="31"/>
  <agent start_id="107" goal_id="87"/>
  <agent start_id="86" goal_id="142"/>
  <agent start_id="144" goal_id="120"/>
  <agent start_id="168" goal_id="174"/>
  <agent start_id="162" goal_id="158"/>
  <agent start_id="197" goal_id="52"/>
  <agent start_id="145" goal_id="104"/>
  <agent start_id="30" goal_id="6"/>
  <agent start_id="8" goal_id="54"/>
  <agent start_id="113" goal_id="12"/>
  <agent start_id="104" goal_id="82"/>
  <agent start_id="102" goal_id="160"/>
  <agent start_id="195" goal_id="172"/>
  <agent start_id="72" goal_id="99"/>
  <agent start_id="23" goal_id="4"/>
  <agent start_id="160" goal_id="135"/>
  <agent start_id="124" goal_id="10"/>
  <agent start_id="81" goal_id="103"/>
  <agent start_id="148" goal_id="114"/>
  <agent start_id="143" goal_id="37"/>
  <agent start_id="10" goal_id="42"/>
  <agent start_id="182" goal_id="156"/>
  <agent start_id="164" goal_id="109"/>
  <agent start_id="4" goal_id="71"/>
  <agent start_id="157" goal_id="177"/>
  <agent start_id="16" goal_id="115"/>
  <agent start_id="116" goal_id="185"/>
  <agent start_id="112" goal_id="183"/>
  <agent start_id="18" goal_id="171"/>
  <agent start_id="99" goal_id="58"/>
  <agent start_id="28" goal_id="194"/>
  <agent start_id="54" goal_id="3"/>
  <agent start_id="125" goal_id="125"/>
  <agent start_id="52" goal_id="179"/>
  <agent start_id="84" goal_id="133"/>
  <agent start_id="178" goal_id="75"/>
  <agent start_id="67" goal_id="17"/>
  <agent start_id="135" goal_id="121"/>
  <agent start_id="137" goal_id="48"/>
  <agent start_id="46" goal_id="73"/>
  <agent start_id="34" goal_id="94"/>
  <agent start_id="77" goal_id="68"/>
  <agent start_id="78" goal_id="19"/>
  <agent start_id="15" goal_id="111"/>
  <agent start_id="187" goal_id="61"/>
  <agent start_id="31" goal_id="193"/>
  <agent start_id="63" goal_id="198"/>
  <agent start_id="118" goal_id="27"/>
</root>
