<?xml version="1.0" ?>
<root>
  <agent start_id="22" goal_id="65"/>
  <agent start_id="179" goal_id="169"/>
  <agent start_id="40" goal_id="143"/>
  <agent start_id="115" goal_id="91"/>
  <agent start_id="135" goal_id="7"/>
  <agent start_id="171" goal_id="196"/>
  <agent start_id="88" goal_id="77"/>
  <agent start_id="113" goal_id="185"/>
  <agent start_id="86" goal_id="154"/>
  <agent start_id="99" goal_id="51"/>
  <agent start_id="36" goal_id="93"/>
  <agent start_id="174" goal_id="44"/>
  <agent start_id="150" goal_id="3"/>
  <agent start_id="63" goal_id="104"/>
  <agent start_id="11" goal_id="126"/>
  <agent start_id="167" goal_id="31"/>
  <agent start_id="27" goal_id="85"/>
  <agent start_id="55" goal_id="58"/>
  <agent start_id="104" goal_id="166"/>
  <agent start_id="91" goal_id="101"/>
  <agent start_id="4" goal_id="94"/>
  <agent start_id="60" goal_id="89"/>
  <agent start_id="106" goal_id="78"/>
  <agent start_id="175" goal_id="144"/>
  <agent start_id="196" goal_id="152"/>
  <agent start_id="98" goal_id="75"/>
  <agent start_id="94" goal_id="182"/>
  <agent start_id="38" goal_id="18"/>
  <agent start_id="65" goal_id="118"/>
  <agent start_id="119" goal_id="10"/>
  <agent start_id="183" goal_id="127"/>
  <agent start_id="12" goal_id="180"/>
  <agent start_id="76" goal_id="56"/>
  <agent start_id="47" goal_id="25"/>
  <agent start_id="121" goal_id="194"/>
  <agent start_id="19" goal_id="198"/>
  <agent start_id="82" goal_id="13"/>
  <agent start_id="100" goal_id="33"/>
  <agent start_id="77" goal_id="156"/>
  <agent start_id="24" goal_id="107"/>
  <agent start_id="87" goal_id="6"/>
  <agent start_id="51" goal_id="100"/>
  <agent start_id="190" goal_id="173"/>
  <agent start_id="146" goal_id="28"/>
  <agent start_id="125" goal_id="50"/>
  <agent start_id="79" goal_id="199"/>
  <agent start_id="68" goal_id="174"/>
  <agent start_id="92" goal_id="22"/>
  <agent start_id="5" goal_id="67"/>
  <agent start_id="33" goal_id="62"/>
</root>
