<?xml version="1.0" ?>
<root>
  <agent start_id="124" goal_id="180"/>
  <agent start_id="158" goal_id="17"/>
  <agent start_id="29" goal_id="33"/>
  <agent start_id="80" goal_id="129"/>
  <agent start_id="135" goal_id="19"/>
  <agent start_id="120" goal_id="120"/>
  <agent start_id="32" goal_id="62"/>
  <agent start_id="67" goal_id="117"/>
  <agent start_id="122" goal_id="50"/>
  <agent start_id="12" goal_id="98"/>
  <agent start_id="199" goal_id="68"/>
  <agent start_id="57" goal_id="99"/>
  <agent start_id="62" goal_id="106"/>
  <agent start_id="22" goal_id="45"/>
  <agent start_id="18" goal_id="26"/>
  <agent start_id="113" goal_id="119"/>
  <agent start_id="81" goal_id="24"/>
  <agent start_id="189" goal_id="124"/>
  <agent start_id="34" goal_id="115"/>
  <agent start_id="180" goal_id="93"/>
  <agent start_id="98" goal_id="178"/>
  <agent start_id="19" goal_id="171"/>
  <agent start_id="111" goal_id="7"/>
  <agent start_id="137" goal_id="164"/>
  <agent start_id="187" goal_id="85"/>
  <agent start_id="105" goal_id="34"/>
  <agent start_id="174" goal_id="167"/>
  <agent start_id="0" goal_id="38"/>
  <agent start_id="64" goal_id="148"/>
  <agent start_id="52" goal_id="89"/>
  <agent start_id="118" goal_id="28"/>
  <agent start_id="156" goal_id="67"/>
  <agent start_id="115" goal_id="182"/>
  <agent start_id="185" goal_id="163"/>
  <agent start_id="41" goal_id="193"/>
  <agent start_id="177" goal_id="142"/>
  <agent start_id="166" goal_id="136"/>
  <agent start_id="128" goal_id="5"/>
  <agent start_id="37" goal_id="60"/>
  <agent start_id="184" goal_id="35"/>
  <agent start_id="153" goal_id="105"/>
  <agent start_id="195" goal_id="173"/>
  <agent start_id="95" goal_id="91"/>
  <agent start_id="160" goal_id="145"/>
  <agent start_id="172" goal_id="103"/>
  <agent start_id="85" goal_id="191"/>
  <agent start_id="5" goal_id="64"/>
  <agent start_id="103" goal_id="153"/>
  <agent start_id="132" goal_id="177"/>
  <agent start_id="143" goal_id="131"/>
</root>
