<?xml version="1.0" ?>
<root>
  <agent start_id="77" goal_id="109"/>
  <agent start_id="112" goal_id="110"/>
  <agent start_id="69" goal_id="46"/>
  <agent start_id="11" goal_id="29"/>
  <agent start_id="154" goal_id="132"/>
  <agent start_id="182" goal_id="39"/>
  <agent start_id="161" goal_id="51"/>
  <agent start_id="75" goal_id="105"/>
  <agent start_id="88" goal_id="98"/>
  <agent start_id="49" goal_id="185"/>
  <agent start_id="127" goal_id="127"/>
  <agent start_id="121" goal_id="124"/>
  <agent start_id="50" goal_id="139"/>
  <agent start_id="125" goal_id="0"/>
  <agent start_id="78" goal_id="41"/>
  <agent start_id="165" goal_id="77"/>
  <agent start_id="167" goal_id="137"/>
  <agent start_id="18" goal_id="102"/>
  <agent start_id="108" goal_id="192"/>
  <agent start_id="41" goal_id="155"/>
  <agent start_id="28" goal_id="164"/>
  <agent start_id="93" goal_id="65"/>
  <agent start_id="81" goal_id="176"/>
  <agent start_id="143" goal_id="21"/>
  <agent start_id="42" goal_id="177"/>
  <agent start_id="149" goal_id="86"/>
  <agent start_id="47" goal_id="74"/>
  <agent start_id="119" goal_id="190"/>
  <agent start_id="102" goal_id="33"/>
  <agent start_id="67" goal_id="15"/>
  <agent start_id="122" goal_id="161"/>
  <agent start_id="90" goal_id="156"/>
  <agent start_id="45" goal_id="104"/>
  <agent start_id="95" goal_id="194"/>
  <agent start_id="129" goal_id="169"/>
  <agent start_id="111" goal_id="20"/>
  <agent start_id="20" goal_id="63"/>
  <agent start_id="173" goal_id="146"/>
  <agent start_id="35" goal_id="95"/>
  <agent start_id="72" goal_id="2"/>
  <agent start_id="25" goal_id="60"/>
  <agent start_id="82" goal_id="163"/>
  <agent start_id="140" goal_id="131"/>
  <agent start_id="13" goal_id="142"/>
  <agent start_id="3" goal_id="54"/>
  <agent start_id="116" goal_id="32"/>
  <agent start_id="126" goal_id="136"/>
  <agent start_id="199" goal_id="30"/>
  <agent start_id="156" goal_id="1"/>
  <agent start_id="37" goal_id="114"/>
</root>
