<?xml version="1.0" ?>
<root>
  <agent start_id="118" goal_id="7"/>
  <agent start_id="142" goal_id="110"/>
  <agent start_id="194" goal_id="171"/>
  <agent start_id="148" goal_id="137"/>
  <agent start_id="83" goal_id="14"/>
  <agent start_id="150" goal_id="93"/>
  <agent start_id="59" goal_id="20"/>
  <agent start_id="19" goal_id="130"/>
  <agent start_id="196" goal_id="60"/>
  <agent start_id="49" goal_id="83"/>
  <agent start_id="192" goal_id="18"/>
  <agent start_id="30" goal_id="58"/>
  <agent start_id="131" goal_id="36"/>
  <agent start_id="24" goal_id="65"/>
  <agent start_id="179" goal_id="45"/>
  <agent start_id="165" goal_id="133"/>
  <agent start_id="48" goal_id="66"/>
  <agent start_id="155" goal_id="63"/>
  <agent start_id="138" goal_id="99"/>
  <agent start_id="41" goal_id="23"/>
  <agent start_id="33" goal_id="3"/>
  <agent start_id="44" goal_id="163"/>
  <agent start_id="111" goal_id="115"/>
  <agent start_id="177" goal_id="80"/>
  <agent start_id="62" goal_id="81"/>
  <agent start_id="115" goal_id="9"/>
  <agent start_id="65" goal_id="194"/>
  <agent start_id="56" goal_id="84"/>
  <agent start_id="107" goal_id="5"/>
  <agent start_id="55" goal_id="147"/>
  <agent start_id="162" goal_id="74"/>
  <agent start_id="87" goal_id="77"/>
  <agent start_id="72" goal_id="69"/>
  <agent start_id="166" goal_id="31"/>
  <agent start_id="98" goal_id="184"/>
  <agent start_id="71" goal_id="139"/>
  <agent start_id="4" goal_id="49"/>
  <agent start_id="128" goal_id="33"/>
  <agent start_id="95" goal_id="10"/>
  <agent start_id="80" goal_id="75"/>
  <agent start_id="101" goal_id="101"/>
  <agent start_id="39" goal_id="193"/>
  <agent start_id="122" goal_id="40"/>
  <agent start_id="144" goal_id="186"/>
  <agent start_id="178" goal_id="135"/>
  <agent start_id="112" goal_id="86"/>
  <agent start_id="139" goal_id="146"/>
  <agent start_id="96" goal_id="188"/>
  <agent start_id="140" goal_id="197"/>
  <agent start_id="190" goal_id="37"/>
</root>
