<?xml version="1.0" ?>
<root>
  <agent start_id="110" goal_id="44"/>
  <agent start_id="33" goal_id="196"/>
  <agent start_id="143" goal_id="133"/>
  <agent start_id="156" goal_id="49"/>
  <agent start_id="138" goal_id="67"/>
  <agent start_id="169" goal_id="183"/>
  <agent start_id="92" goal_id="162"/>
  <agent start_id="56" goal_id="16"/>
  <agent start_id="166" goal_id="68"/>
  <agent start_id="67" goal_id="144"/>
  <agent start_id="165" goal_id="120"/>
  <agent start_id="127" goal_id="10"/>
  <agent start_id="66" goal_id="110"/>
  <agent start_id="88" goal_id="75"/>
  <agent start_id="41" goal_id="185"/>
  <agent start_id="198" goal_id="137"/>
  <agent start_id="112" goal_id="9"/>
  <agent start_id="140" goal_id="105"/>
  <agent start_id="175" goal_id="90"/>
  <agent start_id="78" goal_id="94"/>
  <agent start_id="34" goal_id="193"/>
  <agent start_id="20" goal_id="11"/>
  <agent start_id="39" goal_id="25"/>
  <agent start_id="133" goal_id="29"/>
  <agent start_id="181" goal_id="197"/>
  <agent start_id="36" goal_id="139"/>
  <agent start_id="23" goal_id="112"/>
  <agent start_id="149" goal_id="15"/>
  <agent start_id="74" goal_id="106"/>
  <agent start_id="187" goal_id="149"/>
  <agent start_id="113" goal_id="22"/>
  <agent start_id="81" goal_id="19"/>
  <agent start_id="73" goal_id="7"/>
  <agent start_id="44" goal_id="18"/>
  <agent start_id="197" goal_id="21"/>
  <agent start_id="8" goal_id="198"/>
  <agent start_id="80" goal_id="154"/>
  <agent start_id="64" goal_id="20"/>
  <agent start_id="2" goal_id="55"/>
  <agent start_id="79" goal_id="93"/>
  <agent start_id="131" goal_id="56"/>
  <agent start_id="82" goal_id="164"/>
  <agent start_id="27" goal_id="188"/>
  <agent start_id="135" goal_id="62"/>
  <agent start_id="191" goal_id="142"/>
  <agent start_id="94" goal_id="116"/>
  <agent start_id="145" goal_id="107"/>
  <agent start_id="31" goal_id="80"/>
  <agent start_id="120" goal_id="151"/>
  <agent start_id="180" goal_id="91"/>
</root>
