<?xml version="1.0" ?>
<root>
  <agent start_id="175" goal_id="153"/>
  <agent start_id="98" goal_id="60"/>
  <agent start_id="96" goal_id="191"/>
  <agent start_id="100" goal_id="49"/>
  <agent start_id="15" goal_id="89"/>
  <agent start_id="138" goal_id="36"/>
  <agent start_id="164" goal_id="197"/>
  <agent start_id="58" goal_id="74"/>
  <agent start_id="25" goal_id="181"/>
  <agent start_id="113" goal_id="46"/>
  <agent start_id="46" goal_id="65"/>
  <agent start_id="52" goal_id="109"/>
  <agent start_id="16" goal_id="149"/>
  <agent start_id="45" goal_id="80"/>
  <agent start_id="53" goal_id="71"/>
  <agent start_id="86" goal_id="13"/>
  <agent start_id="95" goal_id="174"/>
  <agent start_id="173" goal_id="24"/>
  <agent start_id="165" goal_id="166"/>
  <agent start_id="70" goal_id="57"/>
  <agent start_id="189" goal_id="70"/>
  <agent start_id="133" goal_id="116"/>
  <agent start_id="9" goal_id="193"/>
  <agent start_id="129" goal_id="14"/>
  <agent start_id="121" goal_id="41"/>
  <agent start_id="36" goal_id="26"/>
  <agent start_id="174" goal_id="132"/>
  <agent start_id="4" goal_id="131"/>
  <agent start_id="172" goal_id="52"/>
  <agent start_id="91" goal_id="194"/>
  <agent start_id="122" goal_id="147"/>
  <agent start_id="84" goal_id="129"/>
  <agent start_id="145" goal_id="106"/>
  <agent start_id="81" goal_id="156"/>
  <agent start_id="176" goal_id="97"/>
  <agent start_id="0" goal_id="192"/>
  <agent start_id="158" goal_id="68"/>
  <agent start_id="34" goal_id="125"/>
  <agent start_id="125" goal_id="4"/>
  <agent start_id="148" goal_id="61"/>
  <agent start_id="131" goal_id="62"/>
  <agent start_id="108" goal_id="28"/>
  <agent start_id="69" goal_id="10"/>
  <agent start_id="160" goal_id="22"/>
  <agent start_id="116" goal_id="184"/>
  <agent start_id="134" goal_id="140"/>
  <agent start_id="186" goal_id="1"/>
  <agent start_id="64" goal_id="63"/>
  <agent start_id="49" goal_id="78"/>
  <agent start_id="92" goal_id="150"/>
</root>
