<?xml version="1.0" ?>
<root>
  <agent start_id="104" goal_id="87"/>
  <agent start_id="21" goal_id="181"/>
  <agent start_id="147" goal_id="70"/>
  <agent start_id="186" goal_id="171"/>
  <agent start_id="141" goal_id="133"/>
  <agent start_id="81" goal_id="125"/>
  <agent start_id="16" goal_id="74"/>
  <agent start_id="135" goal_id="97"/>
  <agent start_id="39" goal_id="128"/>
  <agent start_id="107" goal_id="7"/>
  <agent start_id="83" goal_id="41"/>
  <agent start_id="148" goal_id="28"/>
  <agent start_id="192" goal_id="137"/>
  <agent start_id="112" goal_id="174"/>
  <agent start_id="145" goal_id="151"/>
  <agent start_id="137" goal_id="118"/>
  <agent start_id="130" goal_id="77"/>
  <agent start_id="194" goal_id="51"/>
  <agent start_id="60" goal_id="122"/>
  <agent start_id="131" goal_id="149"/>
  <agent start_id="123" goal_id="177"/>
  <agent start_id="85" goal_id="33"/>
  <agent start_id="53" goal_id="146"/>
  <agent start_id="49" goal_id="84"/>
  <agent start_id="103" goal_id="17"/>
  <agent start_id="32" goal_id="104"/>
  <agent start_id="96" goal_id="198"/>
  <agent start_id="166" goal_id="121"/>
  <agent start_id="88" goal_id="148"/>
  <agent start_id="159" goal_id="165"/>
  <agent start_id="121" goal_id="83"/>
  <agent start_id="100" goal_id="76"/>
  <agent start_id="24" goal_id="114"/>
  <agent start_id="190" goal_id="111"/>
  <agent start_id="65" goal_id="107"/>
  <agent start_id="161" goal_id="187"/>
  <agent start_id="191" goal_id="44"/>
  <agent start_id="128" goal_id="152"/>
  <agent start_id="163" goal_id="4"/>
  <agent start_id="144" goal_id="168"/>
  <agent start_id="102" goal_id="95"/>
  <agent start_id="152" goal_id="161"/>
  <agent start_id="162" goal_id="64"/>
  <agent start_id="158" goal_id="91"/>
  <agent start_id="20" goal_id="119"/>
  <agent start_id="106" goal_id="47"/>
  <agent start_id="71" goal_id="173"/>
  <agent start_id="140" goal_id="156"/>
  <agent start_id="64" goal_id="59"/>
  <agent start_id="62" goal_id="22"/>
</root>
