<?xml version="1.0" ?>
<root>
  <agent start_id="117" goal_id="79"/>
  <agent start_id="172" goal_id="189"/>
  <agent start_id="132" goal_id="106"/>
  <agent start_id="42" goal_id="20"/>
  <agent start_id="115" goal_id="15"/>
  <agent start_id="46" goal_id="198"/>
  <agent start_id="63" goal_id="172"/>
  <agent start_id="170" goal_id="57"/>
  <agent start_id="134" goal_id="97"/>
  <agent start_id="54" goal_id="75"/>
  <agent start_id="69" goal_id="167"/>
  <agent start_id="28" goal_id="183"/>
  <agent start_id="57" goal_id="121"/>
  <agent start_id="162" goal_id="48"/>
  <agent start_id="8" goal_id="23"/>
  <agent start_id="82" goal_id="49"/>
  <agent start_id="157" goal_id="63"/>
  <agent start_id="41" goal_id="60"/>
  <agent start_id="85" goal_id="68"/>
  <agent start_id="92" goal_id="12"/>
  <agent start_id="73" goal_id="76"/>
  <agent start_id="120" goal_id="130"/>
  <agent start_id="91" goal_id="58"/>
  <agent start_id="65" goal_id="150"/>
  <agent start_id="126" goal_id="114"/>
  <agent start_id="25" goal_id="41"/>
  <agent start_id="81" goal_id="108"/>
  <agent start_id="125" goal_id="194"/>
  <agent start_id="84" goal_id="81"/>
  <agent start_id="129" goal_id="65"/>
  <agent start_id="164" goal_id="18"/>
  <agent start_id="137" goal_id="133"/>
  <agent start_id="136" goal_id="50"/>
  <agent start_id="21" goal_id="155"/>
  <agent start_id="20" goal_id="105"/>
  <agent start_id="181" goal_id="180"/>
  <agent start_id="185" goal_id="175"/>
  <agent start_id="191" goal_id="54"/>
  <agent start_id="158" goal_id="32"/>
  <agent start_id="151" goal_id="138"/>
  <agent start_id="133" goal_id="89"/>
  <agent start_id="180" goal_id="147"/>
  <agent start_id="121" goal_id="190"/>
  <agent start_id="102" goal_id="7"/>
  <agent start_id="72" goal_id="33"/>
  <agent start_id="11" goal_id="159"/>
  <agent start_id="183" goal_id="30"/>
  <agent start_id="197" goal_id="199"/>
  <agent start_id="196" goal_id="191"/>
  <agent start_id="98" goal_id="29"/>
</root>
