<?xml version="1.0" ?>
<root>
  <agent start_id="138" goal_id="97"/>
  <agent start_id="104" goal_id="199"/>
  <agent start_id="183" goal_id="16"/>
  <agent start_id="134" goal_id="13"/>
  <agent start_id="37" goal_id="195"/>
  <agent start_id="147" goal_id="142"/>
  <agent start_id="109" goal_id="44"/>
  <agent start_id="73" goal_id="116"/>
  <agent start_id="61" goal_id="36"/>
  <agent start_id="180" goal_id="67"/>
  <agent start_id="20" goal_id="129"/>
  <agent start_id="185" goal_id="153"/>
  <agent start_id="52" goal_id="180"/>
  <agent start_id="195" goal_id="95"/>
  <agent start_id="6" goal_id="123"/>
  <agent start_id="67" goal_id="135"/>
  <agent start_id="124" goal_id="19"/>
  <agent start_id="170" goal_id="94"/>
  <agent start_id="191" goal_id="99"/>
  <agent start_id="94" goal_id="132"/>
  <agent start_id="29" goal_id="27"/>
  <agent start_id="168" goal_id="191"/>
  <agent start_id="98" goal_id="63"/>
  <agent start_id="160" goal_id="107"/>
  <agent start_id="122" goal_id="59"/>
  <agent start_id="164" goal_id="176"/>
  <agent start_id="184" goal_id="58"/>
  <agent start_id="23" goal_id="70"/>
  <agent start_id="4" goal_id="150"/>
  <agent start_id="101" goal_id="21"/>
  <agent start_id="196" goal_id="125"/>
  <agent start_id="199" goal_id="146"/>
  <agent start_id="74" goal_id="174"/>
  <agent start_id="148" goal_id="66"/>
  <agent start_id="151" goal_id="183"/>
  <agent start_id="68" goal_id="139"/>
  <agent start_id="39" goal_id="78"/>
  <agent start_id="25" goal_id="137"/>
  <agent start_id="126" goal_id="178"/>
  <agent start_id="8" goal_id="37"/>
  <agent start_id="12" goal_id="177"/>
  <agent start_id="78" goal_id="15"/>
  <agent start_id="47" goal_id="163"/>
  <agent start_id="42" goal_id="134"/>
  <agent start_id="10" goal_id="77"/>
  <agent start_id="136" goal_id="149"/>
  <agent start_id="193" goal_id="140"/>
  <agent start_id="181" goal_id="185"/>
  <agent start_id="88" goal_id="18"/>
  <agent start_id="76" goal_id="54"/>
</root>
