<?xml version="1.0" ?>
<root>
  <agent start_id="71" goal_id="153"/>
  <agent start_id="109" goal_id="139"/>
  <agent start_id="59" goal_id="157"/>
  <agent start_id="72" goal_id="50"/>
  <agent start_id="190" goal_id="21"/>
  <agent start_id="165" goal_id="199"/>
  <agent start_id="83" goal_id="84"/>
  <agent start_id="19" goal_id="36"/>
  <agent start_id="184" goal_id="132"/>
  <agent start_id="53" goal_id="125"/>
  <agent start_id="34" goal_id="194"/>
  <agent start_id="37" goal_id="22"/>
  <agent start_id="92" goal_id="48"/>
  <agent start_id="159" goal_id="160"/>
  <agent start_id="104" goal_id="181"/>
  <agent start_id="178" goal_id="64"/>
  <agent start_id="176" goal_id="175"/>
  <agent start_id="50" goal_id="63"/>
  <agent start_id="108" goal_id="39"/>
  <agent start_id="131" goal_id="196"/>
  <agent start_id="182" goal_id="177"/>
  <agent start_id="160" goal_id="4"/>
  <agent start_id="147" goal_id="29"/>
  <agent start_id="164" goal_id="76"/>
  <agent start_id="85" goal_id="93"/>
  <agent start_id="12" goal_id="172"/>
  <agent start_id="191" goal_id="7"/>
  <agent start_id="4" goal_id="67"/>
  <agent start_id="102" goal_id="143"/>
  <agent start_id="33" goal_id="43"/>
  <agent start_id="54" goal_id="183"/>
  <agent start_id="110" goal_id="150"/>
  <agent start_id="63" goal_id="25"/>
  <agent start_id="9" goal_id="11"/>
  <agent start_id="24" goal_id="166"/>
  <agent start_id="180" goal_id="68"/>
  <agent start_id="197" goal_id="13"/>
  <agent start_id="157" goal_id="107"/>
  <agent start_id="46" goal_id="110"/>
  <agent start_id="177" goal_id="44"/>
  <agent start_id="185" goal_id="116"/>
  <agent start_id="196" goal_id="14"/>
  <agent start_id="15" goal_id="145"/>
  <agent start_id="135" goal_id="75"/>
  <agent start_id="61" goal_id="97"/>
  <agent start_id="5" goal_id="119"/>
  <agent start_id="98" goal_id="53"/>
  <agent start_id="124" goal_id="71"/>
  <agent start_id="82" goal_id="6"/>
  <agent start_id="169" goal_id="165"/>
</root>
