<?xml version="1.0" ?>
<root>
  <agent start_id="73" goal_id="77"/>
  <agent start_id="175" goal_id="146"/>
  <agent start_id="5" goal_id="63"/>
  <agent start_id="144" goal_id="2"/>
  <agent start_id="11" goal_id="7"/>
  <agent start_id="89" goal_id="190"/>
  <agent start_id="76" goal_id="157"/>
  <agent start_id="28" goal_id="181"/>
  <agent start_id="104" goal_id="48"/>
  <agent start_id="134" goal_id="75"/>
  <agent start_id="2" goal_id="99"/>
  <agent start_id="38" goal_id="86"/>
  <agent start_id="172" goal_id="199"/>
  <agent start_id="48" goal_id="127"/>
  <agent start_id="177" goal_id="119"/>
  <agent start_id="163" goal_id="158"/>
  <agent start_id="61" goal_id="68"/>
  <agent start_id="142" goal_id="89"/>
  <agent start_id="118" goal_id="120"/>
  <agent start_id="181" goal_id="180"/>
  <agent start_id="153" goal_id="54"/>
  <agent start_id="29" goal_id="44"/>
  <agent start_id="131" goal_id="188"/>
  <agent start_id="106" goal_id="137"/>
  <agent start_id="9" goal_id="175"/>
  <agent start_id="194" goal_id="143"/>
  <agent start_id="75" goal_id="38"/>
  <agent start_id="63" goal_id="123"/>
  <agent start_id="65" goal_id="104"/>
  <agent start_id="78" goal_id="20"/>
  <agent start_id="14" goal_id="17"/>
  <agent start_id="136" goal_id="78"/>
  <agent start_id="43" goal_id="197"/>
  <agent start_id="60" goal_id="23"/>
  <agent start_id="122" goal_id="64"/>
  <agent start_id="193" goal_id="138"/>
  <agent start_id="199" goal_id="114"/>
  <agent start_id="119" goal_id="67"/>
  <agent start_id="84" goal_id="65"/>
  <agent start_id="191" goal_id="136"/>
  <agent start_id="140" goal_id="125"/>
  <agent start_id="166" goal_id="8"/>
  <agent start_id="98" goal_id="19"/>
  <agent start_id="130" goal_id="116"/>
  <agent start_id="3" goal_id="148"/>
  <agent start_id="109" goal_id="51"/>
  <agent start_id="182" goal_id="100"/>
  <agent start_id="93" goal_id="152"/>
  <agent start_id="143" goal_id="154"/>
  <agent start_id="190" goal_id="45"/>
</root>
