<?xml version="1.0" ?>
<root>
  <agent start_id="43" goal_id="32"/>
  <agent start_id="120" goal_id="28"/>
  <agent start_id="8" goal_id="81"/>
  <agent start_id="47" goal_id="33"/>
  <agent start_id="3" goal_id="110"/>
  <agent start_id="132" goal_id="96"/>
  <agent start_id="147" goal_id="86"/>
  <agent start_id="193" goal_id="65"/>
  <agent start_id="82" goal_id="41"/>
  <agent start_id="191" goal_id="64"/>
  <agent start_id="174" goal_id="39"/>
  <agent start_id="0" goal_id="1"/>
  <agent start_id="85" goal_id="140"/>
  <agent start_id="168" goal_id="186"/>
  <agent start_id="162" goal_id="146"/>
  <agent start_id="110" goal_id="38"/>
  <agent start_id="180" goal_id="105"/>
  <agent start_id="138" goal_id="24"/>
  <agent start_id="126" goal_id="91"/>
  <agent start_id="177" goal_id="188"/>
  <agent start_id="156" goal_id="181"/>
  <agent start_id="89" goal_id="147"/>
  <agent start_id="37" goal_id="149"/>
  <agent start_id="30" goal_id="169"/>
  <agent start_id="169" goal_id="170"/>
  <agent start_id="195" goal_id="176"/>
  <agent start_id="92" goal_id="185"/>
  <agent start_id="97" goal_id="36"/>
  <agent start_id="194" goal_id="83"/>
  <agent start_id="149" goal_id="34"/>
  <agent start_id="111" goal_id="159"/>
  <agent start_id="172" goal_id="87"/>
  <agent start_id="170" goal_id="162"/>
  <agent start_id="108" goal_id="9"/>
  <agent start_id="83" goal_id="19"/>
  <agent start_id="114" goal_id="137"/>
  <agent start_id="198" goal_id="55"/>
  <agent start_id="184" goal_id="115"/>
  <agent start_id="70" goal_id="20"/>
  <agent start_id="74" goal_id="17"/>
  <agent start_id="50" goal_id="121"/>
  <agent start_id="96" goal_id="21"/>
  <agent start_id="53" goal_id="5"/>
  <agent start_id="22" goal_id="78"/>
  <agent start_id="94" goal_id="104"/>
  <agent start_id="56" goal_id="51"/>
  <agent start_id="2" goal_id="70"/>
  <agent start_id="100" goal_id="192"/>
  <agent start_id="63" goal_id="108"/>
  <agent start_id="141" goal_id="168"/>
</root>
