<?xml version="1.0" ?>
<root>
  <agent start_id="190" goal_id="157"/>
  <agent start_id="196" goal_id="196"/>
  <agent start_id="103" goal_id="17"/>
  <agent start_id="16" goal_id="70"/>
  <agent start_id="170" goal_id="136"/>
  <agent start_id="85" goal_id="144"/>
  <agent start_id="162" goal_id="10"/>
  <agent start_id="139" goal_id="18"/>
  <agent start_id="132" goal_id="6"/>
  <agent start_id="73" goal_id="73"/>
  <agent start_id="183" goal_id="46"/>
  <agent start_id="44" goal_id="39"/>
  <agent start_id="106" goal_id="27"/>
  <agent start_id="14" goal_id="11"/>
  <agent start_id="39" goal_id="51"/>
  <agent start_id="176" goal_id="187"/>
  <agent start_id="115" goal_id="115"/>
  <agent start_id="186" goal_id="160"/>
  <agent start_id="133" goal_id="48"/>
  <agent start_id="198" goal_id="4"/>
  <agent start_id="143" goal_id="118"/>
  <agent start_id="69" goal_id="100"/>
  <agent start_id="134" goal_id="174"/>
  <agent start_id="59" goal_id="188"/>
  <agent start_id="8" goal_id="89"/>
  <agent start_id="10" goal_id="140"/>
  <agent start_id="80" goal_id="199"/>
  <agent start_id="161" goal_id="23"/>
  <agent start_id="110" goal_id="148"/>
  <agent start_id="120" goal_id="15"/>
  <agent start_id="48" goal_id="132"/>
  <agent start_id="117" goal_id="81"/>
  <agent start_id="144" goal_id="22"/>
  <agent start_id="53" goal_id="147"/>
  <agent start_id="74" goal_id="2"/>
  <agent start_id="173" goal_id="117"/>
  <agent start_id="141" goal_id="151"/>
  <agent start_id="40" goal_id="109"/>
  <agent start_id="19" goal_id="50"/>
  <agent start_id="12" goal_id="172"/>
  <agent start_id="180" goal_id="13"/>
  <agent start_id="195" goal_id="20"/>
  <agent start_id="155" goal_id="103"/>
  <agent start_id="136" goal_id="127"/>
  <agent start_id="20" goal_id="77"/>
  <agent start_id="187" goal_id="135"/>
  <agent start_id="7" goal_id="141"/>
  <agent start_id="148" goal_id="85"/>
  <agent start_id="171" goal_id="122"/>
  <agent start_id="160" goal_id="150"/>
</root>
