<?xml version="1.0" ?>
<root>
  <agent start_id="140" goal_id="14"/>
  <agent start_id="99" goal_id="9"/>
  <agent start_id="174" goal_id="186"/>
  <agent start_id="104" goal_id="72"/>
  <agent start_id="124" goal_id="1"/>
  <agent start_id="26" goal_id="62"/>
  <agent start_id="68" goal_id="196"/>
  <agent start_id="130" goal_id="64"/>
  <agent start_id="92" goal_id="0"/>
  <agent start_id="132" goal_id="76"/>
  <agent start_id="175" goal_id="100"/>
  <agent start_id="182" goal_id="125"/>
  <agent start_id="63" goal_id="161"/>
  <agent start_id="65" goal_id="168"/>
  <agent start_id="18" goal_id="154"/>
  <agent start_id="81" goal_id="146"/>
  <agent start_id="146" goal_id="51"/>
  <agent start_id="51" goal_id="176"/>
  <agent start_id="3" goal_id="88"/>
  <agent start_id="100" goal_id="8"/>
  <agent start_id="197" goal_id="23"/>
  <agent start_id="153" goal_id="115"/>
  <agent start_id="78" goal_id="105"/>
  <agent start_id="86" goal_id="171"/>
  <agent start_id="107" goal_id="178"/>
  <agent start_id="111" goal_id="4"/>
  <agent start_id="186" goal_id="113"/>
  <agent start_id="46" goal_id="54"/>
  <agent start_id="5" goal_id="110"/>
  <agent start_id="167" goal_id="19"/>
  <agent start_id="195" goal_id="170"/>
  <agent start_id="113" goal_id="82"/>
  <agent start_id="185" goal_id="44"/>
  <agent start_id="15" goal_id="190"/>
  <agent start_id="73" goal_id="39"/>
  <agent start_id="135" goal_id="165"/>
  <agent start_id="34" goal_id="189"/>
  <agent start_id="158" goal_id="198"/>
  <agent start_id="64" goal_id="91"/>
  <agent start_id="138" goal_id="138"/>
  <agent start_id="21" goal_id="98"/>
  <agent start_id="59" goal_id="172"/>
  <agent start_id="199" goal_id="79"/>
  <agent start_id="161" goal_id="185"/>
  <agent start_id="6" goal_id="16"/>
  <agent start_id="69" goal_id="151"/>
  <agent start_id="102" goal_id="144"/>
  <agent start_id="1" goal_id="108"/>
  <agent start_id="60" goal_id="140"/>
  <agent start_id="33" goal_id="177"/>
</root>
