<?xml version="1.0" ?>
<root>
  <agent start_id="134" goal_id="132"/>
  <agent start_id="111" goal_id="175"/>
  <agent start_id="83" goal_id="127"/>
  <agent start_id="144" goal_id="161"/>
  <agent start_id="58" goal_id="41"/>
  <agent start_id="113" goal_id="117"/>
  <agent start_id="194" goal_id="162"/>
  <agent start_id="61" goal_id="21"/>
  <agent start_id="55" goal_id="27"/>
  <agent start_id="27" goal_id="196"/>
  <agent start_id="39" goal_id="91"/>
  <agent start_id="66" goal_id="30"/>
  <agent start_id="97" goal_id="9"/>
  <agent start_id="178" goal_id="153"/>
  <agent start_id="164" goal_id="46"/>
  <agent start_id="49" goal_id="8"/>
  <agent start_id="182" goal_id="84"/>
  <agent start_id="43" goal_id="137"/>
  <agent start_id="21" goal_id="93"/>
  <agent start_id="153" goal_id="142"/>
  <agent start_id="191" goal_id="174"/>
  <agent start_id="67" goal_id="58"/>
  <agent start_id="54" goal_id="54"/>
  <agent start_id="46" goal_id="78"/>
  <agent start_id="30" goal_id="90"/>
  <agent start_id="198" goal_id="118"/>
  <agent start_id="186" goal_id="139"/>
  <agent start_id="104" goal_id="11"/>
  <agent start_id="170" goal_id="149"/>
  <agent start_id="53" goal_id="53"/>
  <agent start_id="123" goal_id="145"/>
  <agent start_id="63" goal_id="156"/>
  <agent start_id="128" goal_id="150"/>
  <agent start_id="196" goal_id="197"/>
  <agent start_id="51" goal_id="114"/>
  <agent start_id="141" goal_id="24"/>
  <agent start_id="1" goal_id="32"/>
  <agent start_id="162" goal_id="23"/>
  <agent start_id="109" goal_id="44"/>
  <agent start_id="174" goal_id="19"/>
  <agent start_id="152" goal_id="180"/>
  <agent start_id="3" goal_id="12"/>
  <agent start_id="156" goal_id="140"/>
  <agent start_id="135" goal_id="96"/>
  <agent start_id="140" goal_id="80"/>
  <agent start_id="71" goal_id="182"/>
  <agent start_id="133" goal_id="160"/>
  <agent start_id="77" goal_id="192"/>
  <agent start_id="169" goal_id="184"/>
  <agent start_id="177" goal_id="123"/>
</root>
