<?xml version="1.0" ?>
<root>
  <agent start_id="116" goal_id="199"/>
  <agent start_id="17" goal_id="116"/>
  <agent start_id="114" goal_id="90"/>
  <agent start_id="22" goal_id="129"/>
  <agent start_id="62" goal_id="131"/>
  <agent start_id="150" goal_id="27"/>
  <agent start_id="8" goal_id="37"/>
  <agent start_id="12" goal_id="42"/>
  <agent start_id="29" goal_id="10"/>
  <agent start_id="16" goal_id="171"/>
  <agent start_id="161" goal_id="18"/>
  <agent start_id="87" goal_id="48"/>
  <agent start_id="163" goal_id="69"/>
  <agent start_id="15" goal_id="188"/>
  <agent start_id="88" goal_id="60"/>
  <agent start_id="74" goal_id="155"/>
  <agent start_id="10" goal_id="93"/>
  <agent start_id="106" goal_id="78"/>
  <agent start_id="123" goal_id="84"/>
  <agent start_id="94" goal_id="32"/>
  <agent start_id="136" goal_id="120"/>
  <agent start_id="1" goal_id="80"/>
  <agent start_id="133" goal_id="24"/>
  <agent start_id="54" goal_id="74"/>
  <agent start_id="192" goal_id="162"/>
  <agent start_id="41" goal_id="57"/>
  <agent start_id="194" goal_id="159"/>
  <agent start_id="78" goal_id="65"/>
  <agent start_id="83" goal_id="106"/>
  <agent start_id="32" goal_id="83"/>
  <agent start_id="14" goal_id="166"/>
  <agent start_id="97" goal_id="59"/>
  <agent start_id="141" goal_id="124"/>
  <agent start_id="77" goal_id="170"/>
  <agent start_id="56" goal_id="44"/>
  <agent start_id="148" goal_id="153"/>
  <agent start_id="98" goal_id="189"/>
  <agent start_id="182" goal_id="147"/>
  <agent start_id="154" goal_id="15"/>
  <agent start_id="73" goal_id="1"/>
  <agent start_id="152" goal_id="98"/>
  <agent start_id="44" goal_id="135"/>
  <agent start_id="36" goal_id="190"/>
  <agent start_id="69" goal_id="137"/>
  <agent start_id="47" goal_id="96"/>
  <agent start_id="169" goal_id="101"/>
  <agent start_id="112" goal_id="97"/>
  <agent start_id="63" goal_id="148"/>
  <agent start_id="137" goal_id="61"/>
  <agent start_id="58" goal_id="176"/>
</root>
