<?xml version="1.0" ?>
<root>
  <agent start_id="116" goal_id="126"/>
  <agent start_id="180" goal_id="178"/>
  <agent start_id="162" goal_id="58"/>
  <agent start_id="194" goal_id="137"/>
  <agent start_id="185" goal_id="8"/>
  <agent start_id="164" goal_id="122"/>
  <agent start_id="29" goal_id="104"/>
  <agent start_id="2" goal_id="3"/>
  <agent start_id="68" goal_id="36"/>
  <agent start_id="49" goal_id="35"/>
  <agent start_id="170" goal_id="14"/>
  <agent start_id="99" goal_id="73"/>
  <agent start_id="130" goal_id="186"/>
  <agent start_id="107" goal_id="182"/>
  <agent start_id="23" goal_id="110"/>
  <agent start_id="40" goal_id="150"/>
  <agent start_id="124" goal_id="159"/>
  <agent start_id="101" goal_id="130"/>
  <agent start_id="152" goal_id="195"/>
  <agent start_id="140" goal_id="199"/>
  <agent start_id="44" goal_id="24"/>
  <agent start_id="156" goal_id="42"/>
  <agent start_id="19" goal_id="62"/>
  <agent start_id="39" goal_id="188"/>
  <agent start_id="8" goal_id="101"/>
  <agent start_id="133" goal_id="32"/>
  <agent start_id="58" goal_id="136"/>
  <agent start_id="157" goal_id="69"/>
  <agent start_id="142" goal_id="117"/>
  <agent start_id="169" goal_id="142"/>
  <agent start_id="111" goal_id="116"/>
  <agent start_id="82" goal_id="46"/>
  <agent start_id="176" goal_id="106"/>
  <agent start_id="175" goal_id="25"/>
  <agent start_id="149" goal_id="90"/>
  <agent start_id="143" goal_id="187"/>
  <agent start_id="166" goal_id="155"/>
  <agent start_id="53" goal_id="128"/>
  <agent start_id="192" goal_id="152"/>
  <agent start_id="12" goal_id="18"/>
  <agent start_id="126" goal_id="41"/>
  <agent start_id="36" goal_id="19"/>
  <agent start_id="88" goal_id="96"/>
  <agent start_id="174" goal_id="164"/>
  <agent start_id="86" goal_id="172"/>
  <agent start_id="26" goal_id="2"/>
  <agent start_id="62" goal_id="11"/>
  <agent start_id="42" goal_id="60"/>
  <agent start_id="30" goal_id="83"/>
  <agent start_id="139" goal_id="146"/>
</root>
