<?xml version="1.0" ?>
<root>
  <agent start_id="0" goal_id="184"/>
  <agent start_id="90" goal_id="161"/>
  <agent start_id="123" goal_id="55"/>
  <agent start_id="133" goal_id="56"/>
  <agent start_id="26" goal_id="41"/>
  <agent start_id="84" goal_id="168"/>
  <agent start_id="104" goal_id="27"/>
  <agent start_id="128" goal_id="37"/>
  <agent start_id="93" goal_id="17"/>
  <agent start_id="106" goal_id="165"/>
  <agent start_id="69" goal_id="28"/>
  <agent start_id="161" goal_id="182"/>
  <agent start_id="94" goal_id="114"/>
  <agent start_id="198" goal_id="149"/>
  <agent start_id="61" goal_id="25"/>
  <agent start_id="176" goal_id="170"/>
  <agent start_id="88" goal_id="95"/>
  <agent start_id="140" goal_id="112"/>
  <agent start_id="179" goal_id="30"/>
  <agent start_id="150" goal_id="80"/>
  <agent start_id="13" goal_id="87"/>
  <agent start_id="21" goal_id="52"/>
  <agent start_id="98" goal_id="16"/>
  <agent start_id="195" goal_id="62"/>
  <agent start_id="43" goal_id="105"/>
  <agent start_id="180" goal_id="154"/>
  <agent start_id="30" goal_id="172"/>
  <agent start_id="189" goal_id="22"/>
  <agent start_id="172" goal_id="51"/>
  <agent start_id="122" goal_id="126"/>
  <agent start_id="53" goal_id="15"/>
  <agent start_id="6" goal_id="99"/>
  <agent start_id="166" goal_id="131"/>
  <agent start_id="87" goal_id="84"/>
  <agent start_id="23" goal_id="3"/>
  <agent start_id="135" goal_id="78"/>
  <agent start_id="199" goal_id="102"/>
  <agent start_id="17" goal_id="157"/>
  <agent start_id="48" goal_id="119"/>
  <agent start_id="115" goal_id="109"/>
  <agent start_id="186" goal_id="24"/>
  <agent start_id="89" goal_id="158"/>
  <agent start_id="28" goal_id="129"/>
  <agent start_id="60" goal_id="180"/>
  <agent start_id="77" goal_id="35"/>
  <agent start_id="34" goal_id="151"/>
  <agent start_id="33" goal_id="163"/>
  <agent start_id="103" goal_id="106"/>
  <agent start_id="151" goal_id="132"/>
  <agent start_id="137" goal_id="44"/>
</root>
