<?xml version="1.0" ?>
<root>
  <agent start_id="145" goal_id="62"/>
  <agent start_id="45" goal_id="181"/>
  <agent start_id="17" goal_id="117"/>
  <agent start_id="173" goal_id="96"/>
  <agent start_id="117" goal_id="116"/>
  <agent start_id="37" goal_id="100"/>
  <agent start_id="72" goal_id="114"/>
  <agent start_id="176" goal_id="29"/>
  <agent start_id="85" goal_id="131"/>
  <agent start_id="93" goal_id="89"/>
  <agent start_id="35" goal_id="16"/>
  <agent start_id="162" goal_id="179"/>
  <agent start_id="149" goal_id="80"/>
  <agent start_id="11" goal_id="149"/>
  <agent start_id="6" goal_id="136"/>
  <agent start_id="83" goal_id="30"/>
  <agent start_id="99" goal_id="92"/>
  <agent start_id="58" goal_id="67"/>
  <agent start_id="195" goal_id="27"/>
  <agent start_id="166" goal_id="151"/>
  <agent start_id="174" goal_id="99"/>
  <agent start_id="169" goal_id="19"/>
  <agent start_id="71" goal_id="21"/>
  <agent start_id="67" goal_id="120"/>
  <agent start_id="191" goal_id="78"/>
  <agent start_id="16" goal_id="148"/>
  <agent start_id="29" goal_id="121"/>
  <agent start_id="8" goal_id="184"/>
  <agent start_id="116" goal_id="122"/>
  <agent start_id="120" goal_id="107"/>
  <agent start_id="167" goal_id="25"/>
  <agent start_id="42" goal_id="162"/>
  <agent start_id="124" goal_id="77"/>
  <agent start_id="86" goal_id="56"/>
  <agent start_id="24" goal_id="127"/>
  <agent start_id="148" goal_id="12"/>
  <agent start_id="180" goal_id="143"/>
  <agent start_id="80" goal_id="83"/>
  <agent start_id="123" goal_id="174"/>
  <agent start_id="62" goal_id="171"/>
  <agent start_id="122" goal_id="8"/>
  <agent start_id="31" goal_id="64"/>
  <agent start_id="10" goal_id="183"/>
  <agent start_id="40" goal_id="164"/>
  <agent start_id="51" goal_id="66"/>
  <agent start_id="19" goal_id="177"/>
  <agent start_id="194" goal_id="44"/>
  <agent start_id="138" goal_id="196"/>
  <agent start_id="134" goal_id="9"/>
  <agent start_id="126" goal_id="104"/>
</root>
