<?xml version="1.0" ?>
<root>
  <agent start_id="112" goal_id="7"/>
  <agent start_id="174" goal_id="100"/>
  <agent start_id="55" goal_id="124"/>
  <agent start_id="77" goal_id="16"/>
  <agent start_id="116" goal_id="105"/>
  <agent start_id="28" goal_id="33"/>
  <agent start_id="130" goal_id="115"/>
  <agent start_id="7" goal_id="137"/>
  <agent start_id="158" goal_id="187"/>
  <agent start_id="68" goal_id="176"/>
  <agent start_id="34" goal_id="41"/>
  <agent start_id="134" goal_id="114"/>
  <agent start_id="19" goal_id="87"/>
  <agent start_id="171" goal_id="110"/>
  <agent start_id="87" goal_id="35"/>
  <agent start_id="193" goal_id="144"/>
  <agent start_id="72" goal_id="11"/>
  <agent start_id="159" goal_id="76"/>
  <agent start_id="66" goal_id="161"/>
  <agent start_id="0" goal_id="119"/>
  <agent start_id="149" goal_id="83"/>
  <agent start_id="100" goal_id="52"/>
  <agent start_id="156" goal_id="180"/>
  <agent start_id="136" goal_id="120"/>
  <agent start_id="63" goal_id="72"/>
  <agent start_id="97" goal_id="97"/>
  <agent start_id="47" goal_id="150"/>
  <agent start_id="94" goal_id="91"/>
  <agent start_id="178" goal_id="153"/>
  <agent start_id="160" goal_id="178"/>
  <agent start_id="104" goal_id="74"/>
  <agent start_id="11" goal_id="167"/>
  <agent start_id="167" goal_id="143"/>
  <agent start_id="175" goal_id="44"/>
  <agent start_id="59" goal_id="92"/>
  <agent start_id="30" goal_id="166"/>
  <agent start_id="70" goal_id="40"/>
  <agent start_id="45" goal_id="151"/>
  <agent start_id="31" goal_id="21"/>
  <agent start_id="189" goal_id="84"/>
  <agent start_id="15" goal_id="171"/>
  <agent start_id="80" goal_id="175"/>
  <agent start_id="146" goal_id="63"/>
  <agent start_id="180" goal_id="164"/>
  <agent start_id="85" goal_id="78"/>
  <agent start_id="26" goal_id="49"/>
  <agent start_id="103" goal_id="102"/>
  <agent start_id="4" goal_id="111"/>
  <agent start_id="132" goal_id="47"/>
  <agent start_id="152" goal_id="25"/>
</root>
