<?xml version="1.0" ?>
<root>
  <agent start_id="81" goal_id="152"/>
  <agent start_id="55" goal_id="39"/>
  <agent start_id="156" goal_id="174"/>
  <agent start_id="135" goal_id="123"/>
  <agent start_id="129" goal_id="92"/>
  <agent start_id="86" goal_id="137"/>
  <agent start_id="139" goal_id="84"/>
  <agent start_id="69" goal_id="104"/>
  <agent start_id="152" goal_id="49"/>
  <agent start_id="10" goal_id="175"/>
  <agent start_id="97" goal_id="161"/>
  <agent start_id="175" goal_id="54"/>
  <agent start_id="178" goal_id="145"/>
  <agent start_id="133" goal_id="157"/>
  <agent start_id="188" goal_id="50"/>
  <agent start_id="148" goal_id="48"/>
  <agent start_id="51" goal_id="144"/>
  <agent start_id="112" goal_id="81"/>
  <agent start_id="80" goal_id="30"/>
  <agent start_id="4" goal_id="19"/>
  <agent start_id="15" goal_id="183"/>
  <agent start_id="138" goal_id="193"/>
  <agent start_id="28" goal_id="55"/>
  <agent start_id="170" goal_id="95"/>
  <agent start_id="199" goal_id="0"/>
  <agent start_id="116" goal_id="8"/>
  <agent start_id="154" goal_id="59"/>
  <agent start_id="126" goal_id="52"/>
  <agent start_id="21" goal_id="122"/>
  <agent start_id="64" goal_id="135"/>
  <agent start_id="161" goal_id="3"/>
  <agent start_id="11" goal_id="40"/>
  <agent start_id="145" goal_id="179"/>
  <agent start_id="3" goal_id="132"/>
  <agent start_id="102" goal_id="5"/>
  <agent start_id="0" goal_id="121"/>
  <agent start_id="160" goal_id="180"/>
  <agent start_id="176" goal_id="4"/>
  <agent start_id="77" goal_id="67"/>
  <agent start_id="50" goal_id="151"/>
  <agent start_id="192" goal_id="164"/>
  <agent start_id="88" goal_id="56"/>
  <agent start_id="183" goal_id="29"/>
  <agent start_id="43" goal_id="17"/>
  <agent start_id="98" goal_id="111"/>
  <agent start_id="173" goal_id="7"/>
  <agent start_id="157" goal_id="107"/>
  <agent start_id="196" goal_id="192"/>
  <agent start_id="114" goal_id="97"/>
  <agent start_id="40" goal_id="16"/>
</root>
