<?xml version="1.0" ?>
<root>
  <agent start_id="33" goal_id="134"/>
  <agent start_id="10" goal_id="81"/>
  <agent start_id="65" goal_id="73"/>
  <agent start_id="159" goal_id="164"/>
  <agent start_id="95" goal_id="138"/>
  <agent start_id="58" goal_id="37"/>
  <agent start_id="3" goal_id="88"/>
  <agent start_id="155" goal_id="113"/>
  <agent start_id="157" goal_id="23"/>
  <agent start_id="131" goal_id="7"/>
  <agent start_id="163" goal_id="146"/>
  <agent start_id="1" goal_id="182"/>
  <agent start_id="111" goal_id="155"/>
  <agent start_id="123" goal_id="9"/>
  <agent start_id="127" goal_id="70"/>
  <agent start_id="162" goal_id="50"/>
  <agent start_id="176" goal_id="40"/>
  <agent start_id="59" goal_id="62"/>
  <agent start_id="32" goal_id="150"/>
  <agent start_id="169" goal_id="60"/>
  <agent start_id="105" goal_id="197"/>
  <agent start_id="151" goal_id="6"/>
  <agent start_id="136" goal_id="22"/>
  <agent start_id="6" goal_id="29"/>
  <agent start_id="187" goal_id="75"/>
  <agent start_id="101" goal_id="16"/>
  <agent start_id="64" goal_id="125"/>
  <agent start_id="180" goal_id="174"/>
  <agent start_id="194" goal_id="104"/>
  <agent start_id="5" goal_id="0"/>
  <agent start_id="55" goal_id="149"/>
  <agent start_id="47" goal_id="4"/>
  <agent start_id="56" goal_id="57"/>
  <agent start_id="140" goal_id="142"/>
  <agent start_id="18" goal_id="13"/>
  <agent start_id="74" goal_id="169"/>
  <agent start_id="158" goal_id="139"/>
  <agent start_id="193" goal_id="5"/>
  <agent start_id="87" goal_id="186"/>
  <agent start_id="172" goal_id="99"/>
  <agent start_id="96" goal_id="161"/>
  <agent start_id="175" goal_id="79"/>
  <agent start_id="165" goal_id="11"/>
  <agent start_id="161" goal_id="44"/>
  <agent start_id="137" goal_id="106"/>
  <agent start_id="13" goal_id="167"/>
  <agent start_id="189" goal_id="36"/>
  <agent start_id="17" goal_id="38"/>
  <agent start_id="118" goal_id="181"/>
  <agent start_id="94" goal_id="176"/>
</root>
