<?xml version="1.0" ?>
<root>
  <agent start_id="96" goal_id="134"/>
  <agent start_id="91" goal_id="162"/>
  <agent start_id="110" goal_id="45"/>
  <agent start_id="5" goal_id="79"/>
  <agent start_id="112" goal_id="58"/>
  <agent start_id="63" goal_id="151"/>
  <agent start_id="199" goal_id="24"/>
  <agent start_id="149" goal_id="164"/>
  <agent start_id="176" goal_id="66"/>
  <agent start_id="166" goal_id="169"/>
  <agent start_id="130" goal_id="28"/>
  <agent start_id="80" goal_id="102"/>
  <agent start_id="86" goal_id="195"/>
  <agent start_id="123" goal_id="74"/>
  <agent start_id="78" goal_id="158"/>
  <agent start_id="114" goal_id="41"/>
  <agent start_id="27" goal_id="138"/>
  <agent start_id="41" goal_id="190"/>
  <agent start_id="167" goal_id="163"/>
  <agent start_id="125" goal_id="123"/>
  <agent start_id="8" goal_id="6"/>
  <agent start_id="116" goal_id="44"/>
  <agent start_id="69" goal_id="87"/>
  <agent start_id="115" goal_id="37"/>
  <agent start_id="104" goal_id="18"/>
  <agent start_id="0" goal_id="20"/>
  <agent start_id="102" goal_id="173"/>
  <agent start_id="39" goal_id="199"/>
  <agent start_id="55" goal_id="143"/>
  <agent start_id="57" goal_id="51"/>
  <agent start_id="65" goal_id="95"/>
  <agent start_id="153" goal_id="104"/>
  <agent start_id="143" goal_id="157"/>
  <agent start_id="179" goal_id="86"/>
  <agent start_id="35" goal_id="65"/>
  <agent start_id="157" goal_id="29"/>
  <agent start_id="49" goal_id="22"/>
  <agent start_id="47" goal_id="93"/>
  <agent start_id="184" goal_id="72"/>
  <agent start_id="191" goal_id="38"/>
  <agent start_id="174" goal_id="153"/>
  <agent start_id="146" goal_id="105"/>
  <agent start_id="30" goal_id="108"/>
  <agent start_id="190" goal_id="3"/>
  <agent start_id="133" goal_id="119"/>
  <agent start_id="67" goal_id="160"/>
  <agent start_id="141" goal_id="23"/>
  <agent start_id="9" goal_id="33"/>
  <agent start_id="50" goal_id="99"/>
  <agent start_id="178" goal_id="100"/>
</root>
