<?xml version="1.0" ?>
<root>
  <agent start_id="149" goal_id="151"/>
  <agent start_id="94" goal_id="62"/>
  <agent start_id="154" goal_id="160"/>
  <agent start_id="173" goal_id="99"/>
  <agent start_id="18" goal_id="28"/>
  <agent start_id="112" goal_id="143"/>
  <agent start_id="44" goal_id="80"/>
  <agent start_id="114" goal_id="46"/>
  <agent start_id="31" goal_id="97"/>
  <agent start_id="89" goal_id="1"/>
  <agent start_id="155" goal_id="83"/>
  <agent start_id="182" goal_id="117"/>
  <agent start_id="24" goal_id="15"/>
  <agent start_id="84" goal_id="53"/>
  <agent start_id="116" goal_id="165"/>
  <agent start_id="141" goal_id="134"/>
  <agent start_id="163" goal_id="19"/>
  <agent start_id="8" goal_id="104"/>
  <agent start_id="80" goal_id="182"/>
  <agent start_id="43" goal_id="69"/>
  <agent start_id="158" goal_id="92"/>
  <agent start_id="55" goal_id="44"/>
  <agent start_id="39" goal_id="195"/>
  <agent start_id="25" goal_id="142"/>
  <agent start_id="21" goal_id="188"/>
  <agent start_id="188" goal_id="149"/>
  <agent start_id="72" goal_id="7"/>
  <agent start_id="82" goal_id="173"/>
  <agent start_id="62" goal_id="51"/>
  <agent start_id="85" goal_id="131"/>
  <agent start_id="144" goal_id="178"/>
  <agent start_id="129" goal_id="9"/>
  <agent start_id="50" goal_id="133"/>
  <agent start_id="153" goal_id="146"/>
  <agent start_id="123" goal_id="40"/>
  <agent start_id="184" goal_id="121"/>
  <agent start_id="169" goal_id="82"/>
  <agent start_id="49" goal_id="87"/>
  <agent start_id="161" goal_id="67"/>
  <agent start_id="178" goal_id="145"/>
  <agent start_id="12" goal_id="86"/>
  <agent start_id="68" goal_id="66"/>
  <agent start_id="190" goal_id="54"/>
  <agent start_id="87" goal_id="150"/>
  <agent start_id="194" goal_id="47"/>
  <agent start_id="120" goal_id="13"/>
  <agent start_id="187" goal_id="119"/>
  <agent start_id="33" goal_id="23"/>
  <agent start_id="180" goal_id="111"/>
  <agent start_id="34" goal_id="41"/>
</root>
