<?xml version="1.0" ?>
<root>
  <agent start_id="108" goal_id="164"/>
  <agent start_id="32" goal_id="123"/>
  <agent start_id="118" goal_id="15"/>
  <agent start_id="193" goal_id="65"/>
  <agent start_id="79" goal_id="110"/>
  <agent start_id="127" goal_id="41"/>
  <agent start_id="12" goal_id="153"/>
  <agent start_id="129" goal_id="57"/>
  <agent start_id="22" goal_id="158"/>
  <agent start_id="60" goal_id="187"/>
  <agent start_id="152" goal_id="75"/>
  <agent start_id="34" goal_id="71"/>
  <agent start_id="177" goal_id="126"/>
  <agent start_id="58" goal_id="176"/>
  <agent start_id="139" goal_id="135"/>
  <agent start_id="104" goal_id="56"/>
  <agent start_id="190" goal_id="27"/>
  <agent start_id="94" goal_id="36"/>
  <agent start_id="141" goal_id="175"/>
  <agent start_id="191" goal_id="40"/>
  <agent start_id="63" goal_id="91"/>
  <agent start_id="59" goal_id="9"/>
  <agent start_id="182" goal_id="93"/>
  <agent start_id="125" goal_id="199"/>
  <agent start_id="96" goal_id="0"/>
  <agent start_id="197" goal_id="119"/>
  <agent start_id="192" goal_id="81"/>
  <agent start_id="155" goal_id="120"/>
  <agent start_id="93" goal_id="95"/>
  <agent start_id="81" goal_id="64"/>
  <agent start_id="165" goal_id="181"/>
  <agent start_id="27" goal_id="54"/>
  <agent start_id="100" goal_id="16"/>
  <agent start_id="138" goal_id="102"/>
  <agent start_id="61" goal_id="117"/>
  <agent start_id="161" goal_id="97"/>
  <agent start_id="91" goal_id="44"/>
  <agent start_id="66" goal_id="42"/>
  <agent start_id="42" goal_id="183"/>
  <agent start_id="102" goal_id="67"/>
  <agent start_id="154" goal_id="50"/>
  <agent start_id="189" goal_id="128"/>
  <agent start_id="112" goal_id="37"/>
  <agent start_id="157" goal_id="2"/>
  <agent start_id="16" goal_id="188"/>
  <agent start_id="97" goal_id="25"/>
  <agent start_id="194" goal_id="87"/>
  <agent start_id="179" goal_id="29"/>
  <agent start_id="52" goal_id="139"/>
  <agent start_id="95" goal_id="17"/>
</root>
