<?xml version="1.0" ?>
<root>
  <agent start_id="136" goal_id="18"/>
  <agent start_id="138" goal_id="54"/>
  <agent start_id="179" goal_id="114"/>
  <agent start_id="86" goal_id="41"/>
  <agent start_id="134" goal_id="12"/>
  <agent start_id="92" goal_id="29"/>
  <agent start_id="155" goal_id="168"/>
  <agent start_id="197" goal_id="47"/>
  <agent start_id="168" goal_id="90"/>
  <agent start_id="58" goal_id="85"/>
  <agent start_id="123" goal_id="32"/>
  <agent start_id="19" goal_id="97"/>
  <agent start_id="188" goal_id="111"/>
  <agent start_id="172" goal_id="103"/>
  <agent start_id="120" goal_id="199"/>
  <agent start_id="29" goal_id="159"/>
  <agent start_id="52" goal_id="8"/>
  <agent start_id="73" goal_id="42"/>
  <agent start_id="74" goal_id="113"/>
  <agent start_id="51" goal_id="76"/>
  <agent start_id="47" goal_id="152"/>
  <agent start_id="105" goal_id="81"/>
  <agent start_id="193" goal_id="95"/>
  <agent start_id="15" goal_id="83"/>
  <agent start_id="13" goal_id="2"/>
  <agent start_id="9" goal_id="196"/>
  <agent start_id="169" goal_id="17"/>
  <agent start_id="70" goal_id="50"/>
  <agent start_id="113" goal_id="108"/>
  <agent start_id="88" goal_id="128"/>
  <agent start_id="40" goal_id="87"/>
  <agent start_id="5" goal_id="183"/>
  <agent start_id="141" goal_id="158"/>
  <agent start_id="182" goal_id="143"/>
  <agent start_id="177" goal_id="141"/>
  <agent start_id="163" goal_id="56"/>
  <agent start_id="145" goal_id="119"/>
  <agent start_id="63" goal_id="30"/>
  <agent start_id="139" goal_id="9"/>
  <agent start_id="124" goal_id="72"/>
  <agent start_id="187" goal_id="105"/>
  <agent start_id="160" goal_id="66"/>
  <agent start_id="191" goal_id="22"/>
  <agent start_id="95" goal_id="123"/>
  <agent start_id="77" goal_id="194"/>
  <agent start_id="35" goal_id="157"/>
  <agent start_id="152" goal_id="14"/>
  <agent start_id="97" goal_id="142"/>
  <agent start_id="178" goal_id="68"/>
  <agent start_id="42" goal_id="162"/>
</root>
