<?xml version="1.0" ?>
<root>
  <agent start_id="9" goal_id="125"/>
  <agent start_id="21" goal_id="117"/>
  <agent start_id="80" goal_id="23"/>
  <agent start_id="180" goal_id="5"/>
  <agent start_id="143" goal_id="108"/>
  <agent start_id="18" goal_id="81"/>
  <agent start_id="56" goal_id="183"/>
  <agent start_id="187" goal_id="130"/>
  <agent start_id="191" goal_id="55"/>
  <agent start_id="30" goal_id="72"/>
  <agent start_id="153" goal_id="10"/>
  <agent start_id="107" goal_id="121"/>
  <agent start_id="175" goal_id="0"/>
  <agent start_id="194" goal_id="94"/>
  <agent start_id="71" goal_id="138"/>
  <agent start_id="34" goal_id="83"/>
  <agent start_id="53" goal_id="143"/>
  <agent start_id="130" goal_id="146"/>
  <agent start_id="63" goal_id="176"/>
  <agent start_id="172" goal_id="148"/>
  <agent start_id="122" goal_id="64"/>
  <agent start_id="146" goal_id="123"/>
  <agent start_id="39" goal_id="77"/>
  <agent start_id="111" goal_id="160"/>
  <agent start_id="121" goal_id="89"/>
  <agent start_id="168" goal_id="102"/>
  <agent start_id="139" goal_id="109"/>
  <agent start_id="166" goal_id="106"/>
  <agent start_id="75" goal_id="111"/>
  <agent start_id="17" goal_id="155"/>
  <agent start_id="14" goal_id="193"/>
  <agent start_id="176" goal_id="24"/>
  <agent start_id="103" goal_id="87"/>
  <agent start_id="129" goal_id="18"/>
  <agent start_id="98" goal_id="26"/>
  <agent start_id="125" goal_id="191"/>
  <agent start_id="136" goal_id="33"/>
  <agent start_id="124" goal_id="34"/>
  <agent start_id="11" goal_id="52"/>
  <agent start_id="74" goal_id="100"/>
  <agent start_id="0" goal_id="136"/>
  <agent start_id="36" goal_id="71"/>
  <agent start_id="26" goal_id="133"/>
  <agent start_id="138" goal_id="93"/>
  <agent start_id="117" goal_id="134"/>
  <agent start_id="38" goal_id="96"/>
  <agent start_id="76" goal_id="174"/>
  <agent start_id="114" goal_id="3"/>
  <agent start_id="64" goal_id="185"/>
  <agent start_id="29" goal_id="28"/>
</root>
