<?xml version="1.0" ?>
<root>
  <agent start_id="54" goal_id="121"/>
  <agent start_id="76" goal_id="192"/>
  <agent start_id="26" goal_id="188"/>
  <agent start_id="143" goal_id="157"/>
  <agent start_id="107" goal_id="44"/>
  <agent start_id="28" goal_id="67"/>
  <agent start_id="21" goal_id="43"/>
  <agent start_id="138" goal_id="61"/>
  <agent start_id="184" goal_id="132"/>
  <agent start_id="52" goal_id="150"/>
  <agent start_id="85" goal_id="136"/>
  <agent start_id="112" goal_id="49"/>
  <agent start_id="122" goal_id="118"/>
  <agent start_id="10" goal_id="169"/>
  <agent start_id="157" goal_id="85"/>
  <agent start_id="113" goal_id="123"/>
  <agent start_id="171" goal_id="0"/>
  <agent start_id="129" goal_id="99"/>
  <agent start_id="164" goal_id="70"/>
  <agent start_id="196" goal_id="142"/>
  <agent start_id="186" goal_id="127"/>
  <agent start_id="177" goal_id="72"/>
  <agent start_id="80" goal_id="183"/>
  <agent start_id="11" goal_id="165"/>
  <agent start_id="8" goal_id="155"/>
  <agent start_id="39" goal_id="104"/>
  <agent start_id="86" goal_id="106"/>
  <agent start_id="4" goal_id="34"/>
  <agent start_id="137" goal_id="167"/>
  <agent start_id="161" goal_id="36"/>
  <agent start_id="78" goal_id="196"/>
  <agent start_id="61" goal_id="145"/>
  <agent start_id="14" goal_id="80"/>
  <agent start_id="173" goal_id="69"/>
  <agent start_id="181" goal_id="96"/>
  <agent start_id="65" goal_id="18"/>
  <agent start_id="183" goal_id="164"/>
  <agent start_id="174" goal_id="130"/>
  <agent start_id="108" goal_id="15"/>
  <agent start_id="68" goal_id="5"/>
  <agent start_id="81" goal_id="63"/>
  <agent start_id="58" goal_id="35"/>
  <agent start_id="126" goal_id="29"/>
  <agent start_id="43" goal_id="94"/>
  <agent start_id="24" goal_id="86"/>
  <agent start_id="75" goal_id="178"/>
  <agent start_id="150" goal_id="6"/>
  <agent start_id="123" goal_id="41"/>
  <agent start_id="9" goal_id="140"/>
  <agent start_id="17" goal_id="153"/>
</root>
