<?xml version="1.0" ?>
<root>
  <agent start_id="2" goal_id="174"/>
  <agent start_id="78" goal_id="58"/>
  <agent start_id="166" goal_id="76"/>
  <agent start_id="50" goal_id="138"/>
  <agent start_id="73" goal_id="167"/>
  <agent start_id="18" goal_id="96"/>
  <agent start_id="161" goal_id="25"/>
  <agent start_id="66" goal_id="92"/>
  <agent start_id="152" goal_id="190"/>
  <agent start_id="61" goal_id="152"/>
  <agent start_id="42" goal_id="3"/>
  <agent start_id="34" goal_id="16"/>
  <agent start_id="48" goal_id="39"/>
  <agent start_id="164" goal_id="178"/>
  <agent start_id="103" goal_id="150"/>
  <agent start_id="143" goal_id="114"/>
  <agent start_id="108" goal_id="77"/>
  <agent start_id="146" goal_id="137"/>
  <agent start_id="180" goal_id="99"/>
  <agent start_id="148" goal_id="195"/>
  <agent start_id="76" goal_id="33"/>
  <agent start_id="110" goal_id="172"/>
  <agent start_id="127" goal_id="183"/>
  <agent start_id="94" goal_id="2"/>
  <agent start_id="142" goal_id="148"/>
  <agent start_id="133" goal_id="187"/>
  <agent start_id="40" goal_id="154"/>
  <agent start_id="106" goal_id="179"/>
  <agent start_id="181" goal_id="184"/>
  <agent start_id="157" goal_id="6"/>
  <agent start_id="64" goal_id="192"/>
  <agent start_id="125" goal_id="24"/>
  <agent start_id="165" goal_id="181"/>
  <agent start_id="95" goal_id="42"/>
  <agent start_id="80" goal_id="9"/>
  <agent start_id="87" goal_id="102"/>
  <agent start_id="111" goal_id="34"/>
  <agent start_id="24" goal_id="32"/>
  <agent start_id="90" goal_id="60"/>
  <agent start_id="177" goal_id="189"/>
  <agent start_id="102" goal_id="139"/>
  <agent start_id="184" goal_id="126"/>
  <agent start_id="65" goal_id="90"/>
  <agent start_id="52" goal_id="164"/>
  <agent start_id="62" goal_id="104"/>
  <agent start_id="26" goal_id="7"/>
  <agent start_id="38" goal_id="71"/>
  <agent start_id="179" goal_id="119"/>
  <agent start_id="57" goal_id="162"/>
  <agent start_id="8" goal_id="144"/>
</root>
