<?xml version="1.0" ?>
<root>
  <agent start_id="155" goal_id="190"/>
  <agent start_id="148" goal_id="72"/>
  <agent start_id="112" goal_id="95"/>
  <agent start_id="102" goal_id="21"/>
  <agent start_id="185" goal_id="86"/>
  <agent start_id="129" goal_id="58"/>
  <agent start_id="125" goal_id="165"/>
  <agent start_id="2" goal_id="55"/>
  <agent start_id="65" goal_id="132"/>
  <agent start_id="85" goal_id="14"/>
  <agent start_id="156" goal_id="194"/>
  <agent start_id="158" goal_id="114"/>
  <agent start_id="187" goal_id="116"/>
  <agent start_id="68" goal_id="81"/>
  <agent start_id="191" goal_id="177"/>
  <agent start_id="19" goal_id="23"/>
  <agent start_id="176" goal_id="29"/>
  <agent start_id="60" goal_id="62"/>
  <agent start_id="173" goal_id="142"/>
  <agent start_id="120" goal_id="112"/>
  <agent start_id="174" goal_id="192"/>
  <agent start_id="109" goal_id="59"/>
  <agent start_id="27" goal_id="123"/>
  <agent start_id="146" goal_id="12"/>
  <agent start_id="77" goal_id="157"/>
  <agent start_id="178" goal_id="175"/>
  <agent start_id="113" goal_id="43"/>
  <agent start_id="87" goal_id="66"/>
  <agent start_id="10" goal_id="183"/>
  <agent start_id="151" goal_id="85"/>
  <agent start_id="7" goal_id="196"/>
  <agent start_id="139" goal_id="91"/>
  <agent start_id="162" goal_id="20"/>
  <agent start_id="170" goal_id="40"/>
  <agent start_id="127" goal_id="147"/>
  <agent start_id="11" goal_id="138"/>
  <agent start_id="20" goal_id="179"/>
  <agent start_id="91" goal_id="35"/>
  <agent start_id="137" goal_id="39"/>
  <agent start_id="3" goal_id="130"/>
  <agent start_id="0" goal_id="102"/>
  <agent start_id="130" goal_id="63"/>
  <agent start_id="25" goal_id="119"/>
  <agent start_id="72" goal_id="4"/>
  <agent start_id="4" goal_id="193"/>
  <agent start_id="59" goal_id="67"/>
  <agent start_id="62" goal_id="15"/>
  <agent start_id="56" goal_id="51"/>
  <agent start_id="47" goal_id="127"/>
  <agent start_id="93" goal_id="135"/>
</root>
