<?xml version="1.0" ?>
<root>
  <agent start_id="33" goal_id="198"/>
  <agent start_id="81" goal_id="126"/>
  <agent start_id="7" goal_id="102"/>
  <agent start_id="142" goal_id="196"/>
  <agent start_id="119" goal_id="155"/>
  <agent start_id="169" goal_id="96"/>
  <agent start_id="185" goal_id="77"/>
  <agent start_id="6" goal_id="183"/>
  <agent start_id="116" goal_id="57"/>
  <agent start_id="56" goal_id="111"/>
  <agent start_id="196" goal_id="118"/>
  <agent start_id="18" goal_id="2"/>
  <agent start_id="184" goal_id="80"/>
  <agent start_id="32" goal_id="12"/>
  <agent start_id="80" goal_id="192"/>
  <agent start_id="46" goal_id="154"/>
  <agent start_id="68" goal_id="7"/>
  <agent start_id="40" goal_id="162"/>
  <agent start_id="30" goal_id="41"/>
  <agent start_id="88" goal_id="44"/>
  <agent start_id="183" goal_id="51"/>
  <agent start_id="197" goal_id="63"/>
  <agent start_id="94" goal_id="175"/>
  <agent start_id="78" goal_id="69"/>
  <agent start_id="138" goal_id="176"/>
  <agent start_id="14" goal_id="93"/>
  <agent start_id="175" goal_id="193"/>
  <agent start_id="160" goal_id="15"/>
  <agent start_id="167" goal_id="47"/>
  <agent start_id="177" goal_id="23"/>
  <agent start_id="153" goal_id="174"/>
  <agent start_id="43" goal_id="103"/>
  <agent start_id="106" goal_id="167"/>
  <agent start_id="139" goal_id="189"/>
  <agent start_id="58" goal_id="29"/>
  <agent start_id="9" goal_id="161"/>
  <agent start_id="36" goal_id="158"/>
  <agent start_id="2" goal_id="61"/>
  <agent start_id="140" goal_id="170"/>
  <agent start_id="70" goal_id="48"/>
  <agent start_id="125" goal_id="164"/>
  <agent start_id="50" goal_id="10"/>
  <agent start_id="179" goal_id="35"/>
  <agent start_id="133" goal_id="181"/>
  <agent start_id="137" goal_id="86"/>
  <agent start_id="10" goal_id="113"/>
  <agent start_id="91" goal_id="146"/>
  <agent start_id="144" goal_id="76"/>
  <agent start_id="155" goal_id="108"/>
  <agent start_id="192" goal_id="188"/>
</root>
