<?xml version="1.0" ?>
<root>
  <agent start_id="24" goal_id="195"/>
  <agent start_id="155" goal_id="134"/>
  <agent start_id="151" goal_id="17"/>
  <agent start_id="99" goal_id="108"/>
  <agent start_id="147" goal_id="48"/>
  <agent start_id="71" goal_id="112"/>
  <agent start_id="106" goal_id="35"/>
  <agent start_id="39" goal_id="113"/>
  <agent start_id="80" goal_id="100"/>
  <agent start_id="16" goal_id="191"/>
  <agent start_id="26" goal_id="93"/>
  <agent start_id="158" goal_id="7"/>
  <agent start_id="93" goal_id="158"/>
  <agent start_id="50" goal_id="58"/>
  <agent start_id="0" goal_id="43"/>
  <agent start_id="177" goal_id="94"/>
  <agent start_id="31" goal_id="77"/>
  <agent start_id="134" goal_id="189"/>
  <agent start_id="12" goal_id="162"/>
  <agent start_id="70" goal_id="83"/>
  <agent start_id="88" goal_id="128"/>
  <agent start_id="127" goal_id="87"/>
  <agent start_id="61" goal_id="130"/>
  <agent start_id="120" goal_id="135"/>
  <agent start_id="62" goal_id="101"/>
  <agent start_id="198" goal_id="9"/>
  <agent start_id="86" goal_id="163"/>
  <agent start_id="33" goal_id="23"/>
  <agent start_id="159" goal_id="111"/>
  <agent start_id="37" goal_id="89"/>
  <agent start_id="117" goal_id="117"/>
  <agent start_id="179" goal_id="171"/>
  <agent start_id="113" goal_id="71"/>
  <agent start_id="190" goal_id="132"/>
  <agent start_id="56" goal_id="178"/>
  <agent start_id="8" goal_id="50"/>
  <agent start_id="6" goal_id="146"/>
  <agent start_id="136" goal_id="55"/>
  <agent start_id="118" goal_id="47"/>
  <agent start_id="42" goal_id="147"/>
  <agent start_id="139" goal_id="174"/>
  <agent start_id="165" goal_id="165"/>
  <agent start_id="157" goal_id="27"/>
  <agent start_id="101" goal_id="86"/>
  <agent start_id="153" goal_id="34"/>
  <agent start_id="184" goal_id="15"/>
  <agent start_id="149" goal_id="193"/>
  <agent start_id="173" goal_id="124"/>
  <agent start_id="166" goal_id="76"/>
  <agent start_id="112" goal_id="85"/>
</root>
