<?xml version="1.0" ?>
<root>
  <agent start_id="108" goal_id="54"/>
  <agent start_id="64" goal_id="144"/>
  <agent start_id="29" goal_id="88"/>
  <agent start_id="104" goal_id="25"/>
  <agent start_id="13" goal_id="8"/>
  <agent start_id="23" goal_id="14"/>
  <agent start_id="73" goal_id="190"/>
  <agent start_id="131" goal_id="24"/>
  <agent start_id="191" goal_id="86"/>
  <agent start_id="120" goal_id="129"/>
  <agent start_id="124" goal_id="105"/>
  <agent start_id="89" goal_id="189"/>
  <agent start_id="170" goal_id="192"/>
  <agent start_id="9" goal_id="130"/>
  <agent start_id="146" goal_id="112"/>
  <agent start_id="169" goal_id="42"/>
  <agent start_id="66" goal_id="113"/>
  <agent start_id="4" goal_id="102"/>
  <agent start_id="35" goal_id="18"/>
  <agent start_id="53" goal_id="174"/>
  <agent start_id="162" goal_id="38"/>
  <agent start_id="94" goal_id="84"/>
  <agent start_id="3" goal_id="132"/>
  <agent start_id="194" goal_id="123"/>
  <agent start_id="17" goal_id="179"/>
  <agent start_id="119" goal_id="93"/>
  <agent start_id="32" goal_id="168"/>
  <agent start_id="152" goal_id="68"/>
  <agent start_id="180" goal_id="10"/>
  <agent start_id="148" goal_id="167"/>
  <agent start_id="28" goal_id="97"/>
  <agent start_id="96" goal_id="0"/>
  <agent start_id="42" goal_id="122"/>
  <agent start_id="18" goal_id="32"/>
  <agent start_id="20" goal_id="181"/>
  <agent start_id="158" goal_id="19"/>
  <agent start_id="107" goal_id="196"/>
  <agent start_id="98" goal_id="94"/>
  <agent start_id="77" goal_id="172"/>
  <agent start_id="173" goal_id="134"/>
  <agent start_id="182" goal_id="20"/>
  <agent start_id="137" goal_id="180"/>
  <agent start_id="123" goal_id="141"/>
  <agent start_id="95" goal_id="45"/>
  <agent start_id="116" goal_id="115"/>
  <agent start_id="22" goal_id="111"/>
  <agent start_id="197" goal_id="107"/>
  <agent start_id="102" goal_id="138"/>
  <agent start_id="133" goal_id="117"/>
  <agent start_id="76" goal_id="106"/>
</root>
