<?xml version="1.0" ?>
<root>
  <agent start_id="81" goal_id="85"/>
  <agent start_id="45" goal_id="84"/>
  <agent start_id="25" goal_id="79"/>
  <agent start_id="184" goal_id="138"/>
  <agent start_id="161" goal_id="50"/>
  <agent start_id="40" goal_id="36"/>
  <agent start_id="121" goal_id="75"/>
  <agent start_id="96" goal_id="6"/>
  <agent start_id="118" goal_id="12"/>
  <agent start_id="148" goal_id="116"/>
  <agent start_id="21" goal_id="74"/>
  <agent start_id="151" goal_id="46"/>
  <agent start_id="38" goal_id="109"/>
  <agent start_id="183" goal_id="24"/>
  <agent start_id="145" goal_id="56"/>
  <agent start_id="51" goal_id="5"/>
  <agent start_id="170" goal_id="163"/>
  <agent start_id="132" goal_id="64"/>
  <agent start_id="82" goal_id="62"/>
  <agent start_id="75" goal_id="194"/>
  <agent start_id="196" goal_id="180"/>
  <agent start_id="62" goal_id="190"/>
  <agent start_id="85" goal_id="181"/>
  <agent start_id="168" goal_id="172"/>
  <agent start_id="79" goal_id="59"/>
  <agent start_id="163" goal_id="121"/>
  <agent start_id="197" goal_id="162"/>
  <agent start_id="77" goal_id="169"/>
  <agent start_id="80" goal_id="126"/>
  <agent start_id="108" goal_id="92"/>
  <agent start_id="187" goal_id="159"/>
  <agent start_id="111" goal_id="188"/>
  <agent start_id="179" goal_id="147"/>
  <agent start_id="127" goal_id="145"/>
  <agent start_id="135" goal_id="156"/>
  <agent start_id="190" goal_id="52"/>
  <agent start_id="186" goal_id="118"/>
  <agent start_id="69" goal_id="179"/>
  <agent start_id="67" goal_id="29"/>
  <agent start_id="59" goal_id="57"/>
  <agent start_id="114" goal_id="61"/>
  <agent start_id="55" goal_id="31"/>
  <agent start_id="126" goal_id="42"/>
  <agent start_id="194" goal_id="198"/>
  <agent start_id="53" goal_id="77"/>
  <agent start_id="44" goal_id="151"/>
  <agent start_id="104" goal_id="144"/>
  <agent start_id="10" goal_id="71"/>
  <agent start_id="140" goal_id="19"/>
  <agent start_id="159" goal_id="174"/>
</root>
