<?xml version="1.0" ?>
<root>
  <agent start_id="96" goal_id="80"/>
  <agent start_id="60" goal_id="76"/>
  <agent start_id="145" goal_id="180"/>
  <agent start_id="146" goal_id="21"/>
  <agent start_id="30" goal_id="3"/>
  <agent start_id="197" goal_id="121"/>
  <agent start_id="40" goal_id="58"/>
  <agent start_id="57" goal_id="15"/>
  <agent start_id="97" goal_id="178"/>
  <agent start_id="168" goal_id="39"/>
  <agent start_id="159" goal_id="105"/>
  <agent start_id="148" goal_id="9"/>
  <agent start_id="46" goal_id="174"/>
  <agent start_id="188" goal_id="172"/>
  <agent start_id="2" goal_id="107"/>
  <agent start_id="84" goal_id="13"/>
  <agent start_id="189" goal_id="102"/>
  <agent start_id="0" goal_id="164"/>
  <agent start_id="53" goal_id="41"/>
  <agent start_id="32" goal_id="187"/>
  <agent start_id="107" goal_id="12"/>
  <agent start_id="65" goal_id="81"/>
  <agent start_id="72" goal_id="5"/>
  <agent start_id="117" goal_id="139"/>
  <agent start_id="75" goal_id="182"/>
  <agent start_id="165" goal_id="89"/>
  <agent start_id="150" goal_id="109"/>
  <agent start_id="126" goal_id="151"/>
  <agent start_id="26" goal_id="35"/>
  <agent start_id="38" goal_id="100"/>
  <agent start_id="143" goal_id="70"/>
  <agent start_id="93" goal_id="150"/>
  <agent start_id="114" goal_id="68"/>
  <agent start_id="71" goal_id="132"/>
  <agent start_id="14" goal_id="114"/>
  <agent start_id="102" goal_id="191"/>
  <agent start_id="15" goal_id="86"/>
  <agent start_id="170" goal_id="146"/>
  <agent start_id="199" goal_id="6"/>
  <agent start_id="191" goal_id="127"/>
  <agent start_id="28" goal_id="55"/>
  <agent start_id="136" goal_id="0"/>
  <agent start_id="162" goal_id="61"/>
  <agent start_id="138" goal_id="28"/>
  <agent start_id="6" goal_id="112"/>
  <agent start_id="130" goal_id="53"/>
  <agent start_id="9" goal_id="143"/>
  <agent start_id="167" goal_id="83"/>
  <agent start_id="87" goal_id="199"/>
  <agent start_id="79" goal_id="135"/>
</root>
