<?xml version="1.0" ?>
<root>
  <agent start_id="171" goal_id="196"/>
  <agent start_id="138" goal_id="82"/>
  <agent start_id="10" goal_id="136"/>
  <agent start_id="40" goal_id="113"/>
  <agent start_id="188" goal_id="1"/>
  <agent start_id="197" goal_id="171"/>
  <agent start_id="133" goal_id="182"/>
  <agent start_id="173" goal_id="12"/>
  <agent start_id="24" goal_id="130"/>
  <agent start_id="51" goal_id="16"/>
  <agent start_id="179" goal_id="41"/>
  <agent start_id="54" goal_id="3"/>
  <agent start_id="3" goal_id="71"/>
  <agent start_id="61" goal_id="190"/>
  <agent start_id="185" goal_id="68"/>
  <agent start_id="183" goal_id="69"/>
  <agent start_id="82" goal_id="37"/>
  <agent start_id="152" goal_id="22"/>
  <agent start_id="151" goal_id="139"/>
  <agent start_id="129" goal_id="40"/>
  <agent start_id="198" goal_id="135"/>
  <agent start_id="48" goal_id="62"/>
  <agent start_id="45" goal_id="159"/>
  <agent start_id="50" goal_id="52"/>
  <agent start_id="119" goal_id="174"/>
  <agent start_id="32" goal_id="101"/>
  <agent start_id="44" goal_id="32"/>
  <agent start_id="170" goal_id="10"/>
  <agent start_id="72" goal_id="49"/>
  <agent start_id="64" goal_id="38"/>
  <agent start_id="12" goal_id="50"/>
  <agent start_id="26" goal_id="142"/>
  <agent start_id="181" goal_id="65"/>
  <agent start_id="141" goal_id="127"/>
  <agent start_id="49" goal_id="4"/>
  <agent start_id="97" goal_id="179"/>
  <agent start_id="136" goal_id="24"/>
  <agent start_id="38" goal_id="180"/>
  <agent start_id="126" goal_id="189"/>
  <agent start_id="111" goal_id="118"/>
  <agent start_id="134" goal_id="46"/>
  <agent start_id="117" goal_id="149"/>
  <agent start_id="166" goal_id="0"/>
  <agent start_id="74" goal_id="96"/>
  <agent start_id="163" goal_id="54"/>
  <agent start_id="120" goal_id="120"/>
  <agent start_id="121" goal_id="145"/>
  <agent start_id="175" goal_id="84"/>
  <agent start_id="187" goal_id="187"/>
  <agent start_id="62" goal_id="56"/>
</root>
