<?xml version="1.0" ?>
<root>
  <agent start_id="151" goal_id="178"/>
  <agent start_id="152" goal_id="141"/>
  <agent start_id="155" goal_id="96"/>
  <agent start_id="102" goal_id="199"/>
  <agent start_id="192" goal_id="171"/>
  <agent start_id="110" goal_id="51"/>
  <agent start_id="55" goal_id="53"/>
  <agent start_id="19" goal_id="47"/>
  <agent start_id="195" goal_id="148"/>
  <agent start_id="39" goal_id="132"/>
  <agent start_id="123" goal_id="163"/>
  <agent start_id="100" goal_id="37"/>
  <agent start_id="54" goal_id="181"/>
  <agent start_id="24" goal_id="144"/>
  <agent start_id="72" goal_id="123"/>
  <agent start_id="94" goal_id="85"/>
  <agent start_id="158" goal_id="38"/>
  <agent start_id="185" goal_id="192"/>
  <agent start_id="81" goal_id="74"/>
  <agent start_id="15" goal_id="140"/>
  <agent start_id="150" goal_id="185"/>
  <agent start_id="92" goal_id="125"/>
  <agent start_id="79" goal_id="188"/>
  <agent start_id="60" goal_id="108"/>
  <agent start_id="47" goal_id="195"/>
  <agent start_id="66" goal_id="112"/>
  <agent start_id="117" goal_id="15"/>
  <agent start_id="89" goal_id="28"/>
  <agent start_id="183" goal_id="183"/>
  <agent start_id="182" goal_id="63"/>
  <agent start_id="115" goal_id="110"/>
  <agent start_id="69" goal_id="16"/>
  <agent start_id="25" goal_id="59"/>
  <agent start_id="73" goal_id="11"/>
  <agent start_id="145" goal_id="122"/>
  <agent start_id="198" goal_id="67"/>
  <agent start_id="124" goal_id="145"/>
  <agent start_id="36" goal_id="126"/>
  <agent start_id="167" goal_id="162"/>
  <agent start_id="108" goal_id="56"/>
  <agent start_id="83" goal_id="154"/>
  <agent start_id="62" goal_id="91"/>
  <agent start_id="186" goal_id="41"/>
  <agent start_id="118" goal_id="23"/>
  <agent start_id="6" goal_id="113"/>
  <agent start_id="0" goal_id="118"/>
  <agent start_id="12" goal_id="106"/>
  <agent start_id="141" goal_id="117"/>
  <agent start_id="2" goal_id="0"/>
  <agent start_id="127" goal_id="90"/>
</root>
