<?xml version="1.0" ?>
<root>
  <agent start_id="22" goal_id="143"/>
  <agent start_id="154" goal_id="123"/>
  <agent start_id="39" goal_id="109"/>
  <agent start_id="68" goal_id="189"/>
  <agent start_id="169" goal_id="64"/>
  <agent start_id="123" goal_id="87"/>
  <agent start_id="148" goal_id="83"/>
  <agent start_id="21" goal_id="99"/>
  <agent start_id="61" goal_id="20"/>
  <agent start_id="12" goal_id="40"/>
  <agent start_id="29" goal_id="68"/>
  <agent start_id="122" goal_id="9"/>
  <agent start_id="49" goal_id="161"/>
  <agent start_id="196" goal_id="25"/>
  <agent start_id="143" goal_id="55"/>
  <agent start_id="53" goal_id="69"/>
  <agent start_id="90" goal_id="34"/>
  <agent start_id="92" goal_id="73"/>
  <agent start_id="133" goal_id="102"/>
  <agent start_id="78" goal_id="70"/>
  <agent start_id="26" goal_id="6"/>
  <agent start_id="10" goal_id="150"/>
  <agent start_id="95" goal_id="47"/>
  <agent start_id="137" goal_id="51"/>
  <agent start_id="135" goal_id="149"/>
  <agent start_id="5" goal_id="166"/>
  <agent start_id="82" goal_id="10"/>
  <agent start_id="142" goal_id="92"/>
  <agent start_id="129" goal_id="105"/>
  <agent start_id="106" goal_id="134"/>
  <agent start_id="86" goal_id="118"/>
  <agent start_id="174" goal_id="18"/>
  <agent start_id="159" goal_id="152"/>
  <agent start_id="15" goal_id="72"/>
  <agent start_id="110" goal_id="121"/>
  <agent start_id="197" goal_id="190"/>
  <agent start_id="172" goal_id="41"/>
  <agent start_id="190" goal_id="158"/>
  <agent start_id="150" goal_id="74"/>
  <agent start_id="55" goal_id="168"/>
  <agent start_id="91" goal_id="135"/>
  <agent start_id="79" goal_id="16"/>
  <agent start_id="64" goal_id="46"/>
  <agent start_id="94" goal_id="43"/>
  <agent start_id="54" goal_id="14"/>
  <agent start_id="46" goal_id="141"/>
  <agent start_id="37" goal_id="167"/>
  <agent start_id="178" goal_id="155"/>
  <agent start_id="108" goal_id="148"/>
  <agent start_id="4" goal_id="35"/>
</root>
