<?xml version="1.0" ?>
<root>
  <agent start_id="172" goal_id="25"/>
  <agent start_id="152" goal_id="127"/>
  <agent start_id="110" goal_id="142"/>
  <agent start_id="58" goal_id="21"/>
  <agent start_id="11" goal_id="50"/>
  <agent start_id="155" goal_id="53"/>
  <agent start_id="166" goal_id="126"/>
  <agent start_id="24" goal_id="49"/>
  <agent start_id="193" goal_id="183"/>
  <agent start_id="26" goal_id="23"/>
  <agent start_id="117" goal_id="186"/>
  <agent start_id="130" goal_id="6"/>
  <agent start_id="63" goal_id="165"/>
  <agent start_id="120" goal_id="194"/>
  <agent start_id="4" goal_id="192"/>
  <agent start_id="145" goal_id="16"/>
  <agent start_id="190" goal_id="102"/>
  <agent start_id="179" goal_id="143"/>
  <agent start_id="91" goal_id="83"/>
  <agent start_id="184" goal_id="14"/>
  <agent start_id="53" goal_id="8"/>
  <agent start_id="80" goal_id="108"/>
  <agent start_id="18" goal_id="131"/>
  <agent start_id="135" goal_id="41"/>
  <agent start_id="17" goal_id="163"/>
  <agent start_id="163" goal_id="2"/>
  <agent start_id="5" goal_id="92"/>
  <agent start_id="139" goal_id="118"/>
  <agent start_id="3" goal_id="147"/>
  <agent start_id="89" goal_id="78"/>
  <agent start_id="105" goal_id="45"/>
  <agent start_id="10" goal_id="84"/>
  <agent start_id="47" goal_id="107"/>
  <agent start_id="185" goal_id="158"/>
  <agent start_id="123" goal_id="117"/>
  <agent start_id="131" goal_id="13"/>
  <agent start_id="99" goal_id="176"/>
  <agent start_id="7" goal_id="71"/>
  <agent start_id="29" goal_id="11"/>
  <agent start_id="15" goal_id="66"/>
  <agent start_id="98" goal_id="160"/>
  <agent start_id="197" goal_id="30"/>
  <agent start_id="45" goal_id="9"/>
  <agent start_id="75" goal_id="35"/>
  <agent start_id="65" goal_id="173"/>
  <agent start_id="195" goal_id="0"/>
  <agent start_id="103" goal_id="96"/>
  <agent start_id="72" goal_id="52"/>
  <agent start_id="199" goal_id="76"/>
  <agent start_id="191" goal_id="74"/>
</root>
