<?xml version="1.0" ?>
<root>
  <agent start_id="89" goal_id="192"/>
  <agent start_id="82" goal_id="134"/>
  <agent start_id="48" goal_id="189"/>
  <agent start_id="78" goal_id="54"/>
  <agent start_id="84" goal_id="193"/>
  <agent start_id="87" goal_id="159"/>
  <agent start_id="90" goal_id="168"/>
  <agent start_id="29" goal_id="187"/>
  <agent start_id="131" goal_id="61"/>
  <agent start_id="125" goal_id="21"/>
  <agent start_id="180" goal_id="65"/>
  <agent start_id="98" goal_id="116"/>
  <agent start_id="80" goal_id="105"/>
  <agent start_id="193" goal_id="136"/>
  <agent start_id="175" goal_id="182"/>
  <agent start_id="173" goal_id="28"/>
  <agent start_id="73" goal_id="178"/>
  <agent start_id="154" goal_id="107"/>
  <agent start_id="1" goal_id="112"/>
  <agent start_id="160" goal_id="180"/>
  <agent start_id="6" goal_id="198"/>
  <agent start_id="95" goal_id="55"/>
  <agent start_id="20" goal_id="114"/>
  <agent start_id="185" goal_id="5"/>
  <agent start_id="3" goal_id="165"/>
  <agent start_id="71" goal_id="195"/>
  <agent start_id="159" goal_id="118"/>
  <agent start_id="41" goal_id="98"/>
  <agent start_id="68" goal_id="73"/>
  <agent start_id="162" goal_id="111"/>
  <agent start_id="63" goal_id="20"/>
  <agent start_id="128" goal_id="131"/>
  <agent start_id="33" goal_id="145"/>
  <agent start_id="196" goal_id="17"/>
  <agent start_id="27" goal_id="86"/>
  <agent start_id="58" goal_id="126"/>
  <agent start_id="130" goal_id="26"/>
  <agent start_id="45" goal_id="174"/>
  <agent start_id="94" goal_id="6"/>
  <agent start_id="144" goal_id="90"/>
  <agent start_id="91" goal_id="9"/>
  <agent start_id="188" goal_id="4"/>
  <agent start_id="85" goal_id="120"/>
  <agent start_id="112" goal_id="106"/>
  <agent start_id="183" goal_id="19"/>
  <agent start_id="166" goal_id="140"/>
  <agent start_id="120" goal_id="155"/>
  <agent start_id="55" goal_id="59"/>
  <agent start_id="76" goal_id="123"/>
  <agent start_id="151" goal_id="121"/>
</root>
