<?xml version="1.0" ?>
<root>
  <agent start_id="44" goal_id="178"/>
  <agent start_id="188" goal_id="181"/>
  <agent start_id="159" goal_id="4"/>
  <agent start_id="116" goal_id="124"/>
  <agent start_id="123" goal_id="173"/>
  <agent start_id="65" goal_id="92"/>
  <agent start_id="164" goal_id="49"/>
  <agent start_id="97" goal_id="142"/>
  <agent start_id="119" goal_id="15"/>
  <agent start_id="176" goal_id="47"/>
  <agent start_id="133" goal_id="20"/>
  <agent start_id="155" goal_id="78"/>
  <agent start_id="197" goal_id="114"/>
  <agent start_id="68" goal_id="161"/>
  <agent start_id="0" goal_id="95"/>
  <agent start_id="86" goal_id="41"/>
  <agent start_id="70" goal_id="140"/>
  <agent start_id="64" goal_id="137"/>
  <agent start_id="7" goal_id="119"/>
  <agent start_id="139" goal_id="198"/>
  <agent start_id="58" goal_id="151"/>
  <agent start_id="157" goal_id="26"/>
  <agent start_id="41" goal_id="145"/>
  <agent start_id="125" goal_id="5"/>
  <agent start_id="106" goal_id="147"/>
  <agent start_id="17" goal_id="34"/>
  <agent start_id="113" goal_id="52"/>
  <agent start_id="144" goal_id="130"/>
  <agent start_id="87" goal_id="62"/>
  <agent start_id="40" goal_id="166"/>
  <agent start_id="194" goal_id="121"/>
  <agent start_id="115" goal_id="16"/>
  <agent start_id="81" goal_id="189"/>
  <agent start_id="32" goal_id="195"/>
  <agent start_id="160" goal_id="76"/>
  <agent start_id="158" goal_id="170"/>
  <agent start_id="46" goal_id="112"/>
  <agent start_id="174" goal_id="25"/>
  <agent start_id="182" goal_id="42"/>
  <agent start_id="141" goal_id="184"/>
  <agent start_id="48" goal_id="163"/>
  <agent start_id="186" goal_id="115"/>
  <agent start_id="14" goal_id="179"/>
  <agent start_id="191" goal_id="113"/>
  <agent start_id="80" goal_id="91"/>
  <agent start_id="19" goal_id="120"/>
  <agent start_id="56" goal_id="80"/>
  <agent start_id="196" goal_id="50"/>
  <agent start_id="73" goal_id="98"/>
  <agent start_id="180" goal_id="13"/>
</root>
