<?xml version="1.0" ?>
<root>
  <agent start_id="16" goal_id="78"/>
  <agent start_id="48" goal_id="30"/>
  <agent start_id="0" goal_id="180"/>
  <agent start_id="163" goal_id="114"/>
  <agent start_id="27" goal_id="110"/>
  <agent start_id="59" goal_id="44"/>
  <agent start_id="70" goal_id="23"/>
  <agent start_id="110" goal_id="149"/>
  <agent start_id="13" goal_id="178"/>
  <agent start_id="140" goal_id="181"/>
  <agent start_id="57" goal_id="100"/>
  <agent start_id="11" goal_id="39"/>
  <agent start_id="118" goal_id="157"/>
  <agent start_id="62" goal_id="142"/>
  <agent start_id="84" goal_id="170"/>
  <agent start_id="108" goal_id="35"/>
  <agent start_id="152" goal_id="86"/>
  <agent start_id="28" goal_id="5"/>
  <agent start_id="197" goal_id="74"/>
  <agent start_id="184" goal_id="8"/>
  <agent start_id="185" goal_id="71"/>
  <agent start_id="127" goal_id="133"/>
  <agent start_id="181" goal_id="189"/>
  <agent start_id="106" goal_id="192"/>
  <agent start_id="98" goal_id="184"/>
  <agent start_id="195" goal_id="97"/>
  <agent start_id="115" goal_id="50"/>
  <agent start_id="177" goal_id="93"/>
  <agent start_id="39" goal_id="79"/>
  <agent start_id="145" goal_id="163"/>
  <agent start_id="125" goal_id="52"/>
  <agent start_id="51" goal_id="13"/>
  <agent start_id="104" goal_id="117"/>
  <agent start_id="8" goal_id="151"/>
  <agent start_id="19" goal_id="38"/>
  <agent start_id="63" goal_id="112"/>
  <agent start_id="162" goal_id="58"/>
  <agent start_id="68" goal_id="168"/>
  <agent start_id="142" goal_id="43"/>
  <agent start_id="136" goal_id="138"/>
  <agent start_id="199" goal_id="53"/>
  <agent start_id="94" goal_id="103"/>
  <agent start_id="4" goal_id="125"/>
  <agent start_id="75" goal_id="40"/>
  <agent start_id="100" goal_id="190"/>
  <agent start_id="9" goal_id="31"/>
  <agent start_id="168" goal_id="9"/>
  <agent start_id="167" goal_id="188"/>
  <agent start_id="146" goal_id="63"/>
  <agent start_id="190" goal_id="22"/>
</root>
