<?xml version="1.0" ?>
<root>
  <agent start_id="83" goal_id="37"/>
  <agent start_id="183" goal_id="107"/>
  <agent start_id="7" goal_id="45"/>
  <agent start_id="145" goal_id="169"/>
  <agent start_id="31" goal_id="136"/>
  <agent start_id="58" goal_id="166"/>
  <agent start_id="50" goal_id="191"/>
  <agent start_id="71" goal_id="54"/>
  <agent start_id="117" goal_id="162"/>
  <agent start_id="33" goal_id="128"/>
  <agent start_id="19" goal_id="1"/>
  <agent start_id="60" goal_id="39"/>
  <agent start_id="188" goal_id="42"/>
  <agent start_id="76" goal_id="35"/>
  <agent start_id="169" goal_id="172"/>
  <agent start_id="29" goal_id="122"/>
  <agent start_id="181" goal_id="14"/>
  <agent start_id="173" goal_id="105"/>
  <agent start_id="111" goal_id="111"/>
  <agent start_id="162" goal_id="73"/>
  <agent start_id="11" goal_id="175"/>
  <agent start_id="47" goal_id="33"/>
  <agent start_id="88" goal_id="47"/>
  <agent start_id="69" goal_id="173"/>
  <agent start_id="150" goal_id="144"/>
  <agent start_id="39" goal_id="163"/>
  <agent start_id="199" goal_id="90"/>
  <agent start_id="135" goal_id="18"/>
  <agent start_id="126" goal_id="187"/>
  <agent start_id="14" goal_id="41"/>
  <agent start_id="73" goal_id="88"/>
  <agent start_id="65" goal_id="184"/>
  <agent start_id="35" goal_id="89"/>
  <agent start_id="166" goal_id="147"/>
  <agent start_id="56" goal_id="83"/>
  <agent start_id="101" goal_id="114"/>
  <agent start_id="158" goal_id="125"/>
  <agent start_id="21" goal_id="138"/>
  <agent start_id="64" goal_id="171"/>
  <agent start_id="87" goal_id="64"/>
  <agent start_id="110" goal_id="178"/>
  <agent start_id="32" goal_id="29"/>
  <agent start_id="122" goal_id="27"/>
  <agent start_id="184" goal_id="154"/>
  <agent start_id="85" goal_id="2"/>
  <agent start_id="74" goal_id="56"/>
  <agent start_id="37" goal_id="99"/>
  <agent start_id="66" goal_id="16"/>
  <agent start_id="152" goal_id="142"/>
  <agent start_id="80" goal_id="140"/>
</root>
