<?xml version="1.0" ?>
<root>
  <agent start_id="85" goal_id="53"/>
  <agent start_id="139" goal_id="42"/>
  <agent start_id="156" goal_id="52"/>
  <agent start_id="190" goal_id="161"/>
  <agent start_id="39" goal_id="47"/>
  <agent start_id="174" goal_id="3"/>
  <agent start_id="141" goal_id="77"/>
  <agent start_id="16" goal_id="110"/>
  <agent start_id="12" goal_id="49"/>
  <agent start_id="48" goal_id="133"/>
  <agent start_id="142" goal_id="60"/>
  <agent start_id="100" goal_id="111"/>
  <agent start_id="195" goal_id="191"/>
  <agent start_id="95" goal_id="21"/>
  <agent start_id="173" goal_id="83"/>
  <agent start_id="2" goal_id="68"/>
  <agent start_id="45" goal_id="107"/>
  <agent start_id="143" goal_id="129"/>
  <agent start_id="193" goal_id="20"/>
  <agent start_id="80" goal_id="162"/>
  <agent start_id="191" goal_id="15"/>
  <agent start_id="90" goal_id="134"/>
  <agent start_id="84" goal_id="44"/>
  <agent start_id="120" goal_id="123"/>
  <agent start_id="158" goal_id="118"/>
  <agent start_id="24" goal_id="5"/>
  <agent start_id="109" goal_id="178"/>
  <agent start_id="21" goal_id="34"/>
  <agent start_id="154" goal_id="188"/>
  <agent start_id="182" goal_id="57"/>
  <agent start_id="160" goal_id="139"/>
  <agent start_id="14" goal_id="142"/>
  <agent start_id="118" goal_id="38"/>
  <agent start_id="111" goal_id="79"/>
  <agent start_id="17" goal_id="65"/>
  <agent start_id="88" goal_id="144"/>
  <agent start_id="164" goal_id="130"/>
  <agent start_id="148" goal_id="152"/>
  <agent start_id="8" goal_id="145"/>
  <agent start_id="187" goal_id="99"/>
  <agent start_id="81" goal_id="127"/>
  <agent start_id="79" goal_id="153"/>
  <agent start_id="189" goal_id="93"/>
  <agent start_id="127" goal_id="112"/>
  <agent start_id="179" goal_id="12"/>
  <agent start_id="165" goal_id="96"/>
  <agent start_id="52" goal_id="91"/>
  <agent start_id="42" goal_id="143"/>
  <agent start_id="30" goal_id="25"/>
  <agent start_id="31" goal_id="26"/>
</root>
