<?xml version="1.0" ?>
<root>
  <agent start_id="65" goal_id="3"/>
  <agent start_id="44" goal_id="55"/>
  <agent start_id="84" goal_id="134"/>
  <agent start_id="28" goal_id="162"/>
  <agent start_id="133" goal_id="138"/>
  <agent start_id="160" goal_id="31"/>
  <agent start_id="49" goal_id="157"/>
  <agent start_id="63" goal_id="48"/>
  <agent start_id="186" goal_id="169"/>
  <agent start_id="110" goal_id="151"/>
  <agent start_id="197" goal_id="19"/>
  <agent start_id="86" goal_id="167"/>
  <agent start_id="134" goal_id="51"/>
  <agent start_id="47" goal_id="14"/>
  <agent start_id="55" goal_id="63"/>
  <agent start_id="75" goal_id="104"/>
  <agent start_id="0" goal_id="123"/>
  <agent start_id="85" goal_id="171"/>
  <agent start_id="31" goal_id="72"/>
  <agent start_id="112" goal_id="128"/>
  <agent start_id="174" goal_id="102"/>
  <agent start_id="199" goal_id="89"/>
  <agent start_id="96" goal_id="35"/>
  <agent start_id="129" goal_id="87"/>
  <agent start_id="149" goal_id="98"/>
  <agent start_id="151" goal_id="186"/>
  <agent start_id="98" goal_id="158"/>
  <agent start_id="195" goal_id="36"/>
  <agent start_id="124" goal_id="67"/>
  <agent start_id="88" goal_id="135"/>
  <agent start_id="25" goal_id="182"/>
  <agent start_id="82" goal_id="183"/>
  <agent start_id="10" goal_id="26"/>
  <agent start_id="173" goal_id="112"/>
  <agent start_id="137" goal_id="141"/>
  <agent start_id="70" goal_id="65"/>
  <agent start_id="147" goal_id="17"/>
  <agent start_id="61" goal_id="181"/>
  <agent start_id="5" goal_id="23"/>
  <agent start_id="26" goal_id="32"/>
  <agent start_id="130" goal_id="83"/>
  <agent start_id="171" goal_id="94"/>
  <agent start_id="127" goal_id="160"/>
  <agent start_id="114" goal_id="185"/>
  <agent start_id="117" goal_id="15"/>
  <agent start_id="164" goal_id="40"/>
  <agent start_id="177" goal_id="101"/>
  <agent start_id="172" goal_id="115"/>
  <agent start_id="69" goal_id="145"/>
  <agent start_id="30" goal_id="4"/>
</root>
