<?xml version="1.0" ?>
<root>
  <agent start_id="144" goal_id="127"/>
  <agent start_id="18" goal_id="158"/>
  <agent start_id="28" goal_id="86"/>
  <agent start_id="140" goal_id="157"/>
  <agent start_id="21" goal_id="20"/>
  <agent start_id="112" goal_id="65"/>
  <agent start_id="103" goal_id="37"/>
  <agent start_id="192" goal_id="51"/>
  <agent start_id="157" goal_id="105"/>
  <agent start_id="67" goal_id="120"/>
  <agent start_id="25" goal_id="183"/>
  <agent start_id="96" goal_id="152"/>
  <agent start_id="52" goal_id="194"/>
  <agent start_id="124" goal_id="80"/>
  <agent start_id="58" goal_id="124"/>
  <agent start_id="11" goal_id="95"/>
  <agent start_id="186" goal_id="50"/>
  <agent start_id="150" goal_id="140"/>
  <agent start_id="68" goal_id="64"/>
  <agent start_id="99" goal_id="11"/>
  <agent start_id="56" goal_id="190"/>
  <agent start_id="83" goal_id="147"/>
  <agent start_id="44" goal_id="102"/>
  <agent start_id="181" goal_id="5"/>
  <agent start_id="57" goal_id="42"/>
  <agent start_id="91" goal_id="122"/>
  <agent start_id="29" goal_id="21"/>
  <agent start_id="86" goal_id="60"/>
  <agent start_id="33" goal_id="71"/>
  <agent start_id="199" goal_id="30"/>
  <agent start_id="164" goal_id="97"/>
  <agent start_id="95" goal_id="156"/>
  <agent start_id="174" goal_id="83"/>
  <agent start_id="23" goal_id="52"/>
  <agent start_id="193" goal_id="79"/>
  <agent start_id="2" goal_id="48"/>
  <agent start_id="154" goal_id="27"/>
  <agent start_id="89" goal_id="135"/>
  <agent start_id="143" goal_id="143"/>
  <agent start_id="129" goal_id="72"/>
  <agent start_id="92" goal_id="153"/>
  <agent start_id="17" goal_id="186"/>
  <agent start_id="111" goal_id="101"/>
  <agent start_id="39" goal_id="116"/>
  <agent start_id="149" goal_id="198"/>
  <agent start_id="43" goal_id="14"/>
  <agent start_id="81" goal_id="35"/>
  <agent start_id="161" goal_id="179"/>
  <agent start_id="188" goal_id="28"/>
  <agent start_id="145" goal_id="189"/>
</root>
