<?xml version="1.0" ?>
<root>
  <agent start_id="23" goal_id="58"/>
  <agent start_id="13" goal_id="156"/>
  <agent start_id="106" goal_id="48"/>
  <agent start_id="130" goal_id="51"/>
  <agent start_id="62" goal_id="47"/>
  <agent start_id="34" goal_id="157"/>
  <agent start_id="98" goal_id="119"/>
  <agent start_id="56" goal_id="84"/>
  <agent start_id="136" goal_id="188"/>
  <agent start_id="178" goal_id="141"/>
  <agent start_id="180" goal_id="165"/>
  <agent start_id="153" goal_id="14"/>
  <agent start_id="85" goal_id="56"/>
  <agent start_id="146" goal_id="107"/>
  <agent start_id="158" goal_id="159"/>
  <agent start_id="185" goal_id="183"/>
  <agent start_id="100" goal_id="91"/>
  <agent start_id="119" goal_id="57"/>
  <agent start_id="3" goal_id="72"/>
  <agent start_id="67" goal_id="75"/>
  <agent start_id="164" goal_id="31"/>
  <agent start_id="144" goal_id="85"/>
  <agent start_id="123" goal_id="114"/>
  <agent start_id="157" goal_id="29"/>
  <agent start_id="7" goal_id="28"/>
  <agent start_id="59" goal_id="109"/>
  <agent start_id="64" goal_id="162"/>
  <agent start_id="174" goal_id="73"/>
  <agent start_id="66" goal_id="46"/>
  <agent start_id="102" goal_id="42"/>
  <agent start_id="54" goal_id="169"/>
  <agent start_id="150" goal_id="181"/>
  <agent start_id="188" goal_id="78"/>
  <agent start_id="10" goal_id="16"/>
  <agent start_id="132" goal_id="186"/>
  <agent start_id="35" goal_id="32"/>
  <agent start_id="70" goal_id="10"/>
  <agent start_id="120" goal_id="2"/>
  <agent start_id="170" goal_id="25"/>
  <agent start_id="149" goal_id="193"/>
  <agent start_id="141" goal_id="158"/>
  <agent start_id="75" goal_id="108"/>
  <agent start_id="183" goal_id="128"/>
  <agent start_id="113" goal_id="27"/>
  <agent start_id="162" goal_id="82"/>
  <agent start_id="196" goal_id="6"/>
  <agent start_id="57" goal_id="111"/>
  <agent start_id="165" goal_id="123"/>
  <agent start_id="117" goal_id="191"/>
  <agent start_id="152" goal_id="120"/>
</root>
