<?xml version="1.0" ?>
<root>
  <agent start_id="3" goal_id="123"/>
  <agent start_id="174" goal_id="19"/>
  <agent start_id="50" goal_id="64"/>
  <agent start_id="198" goal_id="20"/>
  <agent start_id="133" goal_id="108"/>
  <agent start_id="134" goal_id="184"/>
  <agent start_id="112" goal_id="181"/>
  <agent start_id="97" goal_id="132"/>
  <agent start_id="69" goal_id="81"/>
  <agent start_id="166" goal_id="75"/>
  <agent start_id="156" goal_id="148"/>
  <agent start_id="192" goal_id="65"/>
  <agent start_id="86" goal_id="12"/>
  <agent start_id="129" goal_id="92"/>
  <agent start_id="107" goal_id="150"/>
  <agent start_id="51" goal_id="187"/>
  <agent start_id="116" goal_id="41"/>
  <agent start_id="172" goal_id="192"/>
  <agent start_id="140" goal_id="133"/>
  <agent start_id="59" goal_id="50"/>
  <agent start_id="84" goal_id="40"/>
  <agent start_id="127" goal_id="49"/>
  <agent start_id="150" goal_id="25"/>
  <agent start_id="14" goal_id="139"/>
  <agent start_id="75" goal_id="117"/>
  <agent start_id="170" goal_id="160"/>
  <agent start_id="15" goal_id="32"/>
  <agent start_id="25" goal_id="42"/>
  <agent start_id="56" goal_id="196"/>
  <agent start_id="46" goal_id="126"/>
  <agent start_id="148" goal_id="102"/>
  <agent start_id="68" goal_id="129"/>
  <agent start_id="28" goal_id="57"/>
  <agent start_id="143" goal_id="106"/>
  <agent start_id="2" goal_id="76"/>
  <agent start_id="131" goal_id="16"/>
  <agent start_id="157" goal_id="34"/>
  <agent start_id="136" goal_id="189"/>
  <agent start_id="92" goal_id="141"/>
  <agent start_id="65" goal_id="83"/>
  <agent start_id="27" goal_id="175"/>
  <agent start_id="120" goal_id="158"/>
  <agent start_id="20" goal_id="100"/>
  <agent start_id="13" goal_id="46"/>
  <agent start_id="145" goal_id="80"/>
  <agent start_id="54" goal_id="37"/>
  <agent start_id="78" goal_id="194"/>
  <agent start_id="17" goal_id="66"/>
  <agent start_id="19" goal_id="136"/>
  <agent start_id="30" goal_id="94"/>
</root>
