<?xml version="1.0" ?>
<root>
  <agent start_id="92" goal_id="183"/>
  <agent start_id="158" goal_id="196"/>
  <agent start_id="128" goal_id="116"/>
  <agent start_id="163" goal_id="134"/>
  <agent start_id="83" goal_id="178"/>
  <agent start_id="141" goal_id="186"/>
  <agent start_id="176" goal_id="76"/>
  <agent start_id="53" goal_id="181"/>
  <agent start_id="152" goal_id="170"/>
  <agent start_id="21" goal_id="159"/>
  <agent start_id="127" goal_id="71"/>
  <agent start_id="181" goal_id="168"/>
  <agent start_id="77" goal_id="23"/>
  <agent start_id="27" goal_id="97"/>
  <agent start_id="118" goal_id="20"/>
  <agent start_id="88" goal_id="73"/>
  <agent start_id="177" goal_id="44"/>
  <agent start_id="40" goal_id="189"/>
  <agent start_id="63" goal_id="77"/>
  <agent start_id="14" goal_id="146"/>
  <agent start_id="162" goal_id="58"/>
  <agent start_id="64" goal_id="36"/>
  <agent start_id="136" goal_id="69"/>
  <agent start_id="69" goal_id="191"/>
  <agent start_id="195" goal_id="75"/>
  <agent start_id="17" goal_id="27"/>
  <agent start_id="104" goal_id="83"/>
  <agent start_id="12" goal_id="101"/>
  <agent start_id="3" goal_id="102"/>
  <agent start_id="96" goal_id="177"/>
  <agent start_id="58" goal_id="163"/>
  <agent start_id="145" goal_id="85"/>
  <agent start_id="109" goal_id="176"/>
  <agent start_id="25" goal_id="131"/>
  <agent start_id="80" goal_id="67"/>
  <agent start_id="38" goal_id="99"/>
  <agent start_id="45" goal_id="7"/>
  <agent start_id="86" goal_id="98"/>
  <agent start_id="148" goal_id="156"/>
  <agent start_id="111" goal_id="162"/>
  <agent start_id="186" goal_id="9"/>
  <agent start_id="160" goal_id="37"/>
  <agent start_id="66" goal_id="179"/>
  <agent start_id="31" goal_id="61"/>
  <agent start_id="132" goal_id="180"/>
  <agent start_id="101" goal_id="165"/>
  <agent start_id="73" goal_id="2"/>
  <agent start_id="33" goal_id="147"/>
  <agent start_id="197" goal_id="109"/>
  <agent start_id="185" goal_id="107"/>
</root>
