<?xml version="1.0" ?>
<root>
  <agent start_id="103" goal_id="122"/>
  <agent start_id="194" goal_id="168"/>
  <agent start_id="51" goal_id="131"/>
  <agent start_id="167" goal_id="197"/>
  <agent start_id="1" goal_id="178"/>
  <agent start_id="96" goal_id="8"/>
  <agent start_id="101" goal_id="149"/>
  <agent start_id="65" goal_id="54"/>
  <agent start_id="36" goal_id="79"/>
  <agent start_id="84" goal_id="55"/>
  <agent start_id="29" goal_id="82"/>
  <agent start_id="89" goal_id="199"/>
  <agent start_id="149" goal_id="41"/>
  <agent start_id="119" goal_id="166"/>
  <agent start_id="47" goal_id="58"/>
  <agent start_id="118" goal_id="75"/>
  <agent start_id="124" goal_id="195"/>
  <agent start_id="150" goal_id="42"/>
  <agent start_id="48" goal_id="6"/>
  <agent start_id="18" goal_id="86"/>
  <agent start_id="95" goal_id="112"/>
  <agent start_id="78" goal_id="173"/>
  <agent start_id="40" goal_id="18"/>
  <agent start_id="182" goal_id="22"/>
  <agent start_id="133" goal_id="141"/>
  <agent start_id="27" goal_id="136"/>
  <agent start_id="178" goal_id="48"/>
  <agent start_id="183" goal_id="97"/>
  <agent start_id="141" goal_id="66"/>
  <agent start_id="144" goal_id="80"/>
  <agent start_id="132" goal_id="125"/>
  <agent start_id="53" goal_id="93"/>
  <agent start_id="169" goal_id="127"/>
  <agent start_id="176" goal_id="11"/>
  <agent start_id="146" goal_id="34"/>
  <agent start_id="180" goal_id="43"/>
  <agent start_id="7" goal_id="133"/>
  <agent start_id="105" goal_id="176"/>
  <agent start_id="34" goal_id="77"/>
  <agent start_id="80" goal_id="183"/>
  <agent start_id="68" goal_id="157"/>
  <agent start_id="171" goal_id="64"/>
  <agent start_id="82" goal_id="120"/>
  <agent start_id="106" goal_id="40"/>
  <agent start_id="128" goal_id="73"/>
  <agent start_id="154" goal_id="179"/>
  <agent start_id="56" goal_id="29"/>
  <agent start_id="55" goal_id="76"/>
  <agent start_id="77" goal_id="108"/>
  <agent start_id="121" goal_id="121"/>
</root>
