<?xml version="1.0" ?>
<root>
  <agent start_id="66" goal_id="171"/>
  <agent start_id="107" goal_id="29"/>
  <agent start_id="121" goal_id="45"/>
  <agent start_id="182" goal_id="52"/>
  <agent start_id="39" goal_id="195"/>
  <agent start_id="64" goal_id="62"/>
  <agent start_id="146" goal_id="168"/>
  <agent start_id="67" goal_id="182"/>
  <agent start_id="124" goal_id="145"/>
  <agent start_id="49" goal_id="25"/>
  <agent start_id="3" goal_id="26"/>
  <agent start_id="101" goal_id="104"/>
  <agent start_id="197" goal_id="161"/>
  <agent start_id="148" goal_id="150"/>
  <agent start_id="99" goal_id="154"/>
  <agent start_id="177" goal_id="81"/>
  <agent start_id="84" goal_id="123"/>
  <agent start_id="118" goal_id="69"/>
  <agent start_id="184" goal_id="151"/>
  <agent start_id="117" goal_id="11"/>
  <agent start_id="151" goal_id="12"/>
  <agent start_id="110" goal_id="8"/>
  <agent start_id="173" goal_id="122"/>
  <agent start_id="81" goal_id="126"/>
  <agent start_id="87" goal_id="60"/>
  <agent start_id="192" goal_id="179"/>
  <agent start_id="164" goal_id="128"/>
  <agent start_id="130" goal_id="135"/>
  <agent start_id="63" goal_id="152"/>
  <agent start_id="40" goal_id="160"/>
  <agent start_id="82" goal_id="64"/>
  <agent start_id="152" goal_id="3"/>
  <agent start_id="56" goal_id="22"/>
  <agent start_id="51" goal_id="55"/>
  <agent start_id="19" goal_id="180"/>
  <agent start_id="14" goal_id="38"/>
  <agent start_id="165" goal_id="73"/>
  <agent start_id="77" goal_id="0"/>
  <agent start_id="83" goal_id="134"/>
  <agent start_id="61" goal_id="20"/>
  <agent start_id="20" goal_id="131"/>
  <agent start_id="135" goal_id="121"/>
  <agent start_id="126" goal_id="184"/>
  <agent start_id="102" goal_id="17"/>
  <agent start_id="96" goal_id="193"/>
  <agent start_id="15" goal_id="100"/>
  <agent start_id="108" goal_id="77"/>
  <agent start_id="79" goal_id="139"/>
  <agent start_id="5" goal_id="144"/>
  <agent start_id="112" goal_id="16"/>
</root>
