<?xml version="1.0" ?>
<root>
  <agent start_id="35" goal_id="181"/>
  <agent start_id="13" goal_id="133"/>
  <agent start_id="79" goal_id="177"/>
  <agent start_id="60" goal_id="5"/>
  <agent start_id="159" goal_id="189"/>
  <agent start_id="21" goal_id="55"/>
  <agent start_id="147" goal_id="123"/>
  <agent start_id="95" goal_id="173"/>
  <agent start_id="156" goal_id="93"/>
  <agent start_id="87" goal_id="154"/>
  <agent start_id="192" goal_id="149"/>
  <agent start_id="71" goal_id="156"/>
  <agent start_id="133" goal_id="147"/>
  <agent start_id="117" goal_id="16"/>
  <agent start_id="138" goal_id="11"/>
  <agent start_id="84" goal_id="148"/>
  <agent start_id="90" goal_id="12"/>
  <agent start_id="149" goal_id="56"/>
  <agent start_id="67" goal_id="37"/>
  <agent start_id="15" goal_id="85"/>
  <agent start_id="111" goal_id="165"/>
  <agent start_id="162" goal_id="151"/>
  <agent start_id="17" goal_id="45"/>
  <agent start_id="186" goal_id="194"/>
  <agent start_id="75" goal_id="22"/>
  <agent start_id="177" goal_id="127"/>
  <agent start_id="58" goal_id="137"/>
  <agent start_id="101" goal_id="107"/>
  <agent start_id="144" goal_id="90"/>
  <agent start_id="4" goal_id="96"/>
  <agent start_id="23" goal_id="67"/>
  <agent start_id="155" goal_id="80"/>
  <agent start_id="50" goal_id="116"/>
  <agent start_id="53" goal_id="199"/>
  <agent start_id="115" goal_id="46"/>
  <agent start_id="141" goal_id="130"/>
  <agent start_id="65" goal_id="178"/>
  <agent start_id="197" goal_id="7"/>
  <agent start_id="66" goal_id="24"/>
  <agent start_id="154" goal_id="102"/>
  <agent start_id="97" goal_id="28"/>
  <agent start_id="36" goal_id="128"/>
  <agent start_id="52" goal_id="84"/>
  <agent start_id="150" goal_id="31"/>
  <agent start_id="27" goal_id="30"/>
  <agent start_id="61" goal_id="152"/>
  <agent start_id="160" goal_id="198"/>
  <agent start_id="11" goal_id="162"/>
  <agent start_id="31" goal_id="114"/>
  <agent start_id="189" goal_id="186"/>
</root>
