<?xml version="1.0" ?>
<root>
  <agent start_id="106" goal_id="99"/>
  <agent start_id="31" goal_id="39"/>
  <agent start_id="142" goal_id="59"/>
  <agent start_id="23" goal_id="107"/>
  <agent start_id="189" goal_id="169"/>
  <agent start_id="144" goal_id="11"/>
  <agent start_id="163" goal_id="50"/>
  <agent start_id="100" goal_id="137"/>
  <agent start_id="145" goal_id="195"/>
  <agent start_id="174" goal_id="173"/>
  <agent start_id="138" goal_id="13"/>
  <agent start_id="73" goal_id="191"/>
  <agent start_id="185" goal_id="146"/>
  <agent start_id="171" goal_id="94"/>
  <agent start_id="183" goal_id="40"/>
  <agent start_id="78" goal_id="67"/>
  <agent start_id="182" goal_id="101"/>
  <agent start_id="29" goal_id="125"/>
  <agent start_id="76" goal_id="60"/>
  <agent start_id="131" goal_id="106"/>
  <agent start_id="9" goal_id="115"/>
  <agent start_id="124" goal_id="69"/>
  <agent start_id="48" goal_id="48"/>
  <agent start_id="172" goal_id="120"/>
  <agent start_id="130" goal_id="123"/>
  <agent start_id="83" goal_id="164"/>
  <agent start_id="45" goal_id="129"/>
  <agent start_id="81" goal_id="152"/>
  <agent start_id="147" goal_id="35"/>
  <agent start_id="36" goal_id="86"/>
  <agent start_id="44" goal_id="96"/>
  <agent start_id="35" goal_id="74"/>
  <agent start_id="8" goal_id="175"/>
  <agent start_id="16" goal_id="144"/>
  <agent start_id="91" goal_id="167"/>
  <agent start_id="160" goal_id="15"/>
  <agent start_id="184" goal_id="84"/>
  <agent start_id="85" goal_id="128"/>
  <agent start_id="181" goal_id="161"/>
  <agent start_id="133" goal_id="90"/>
  <agent start_id="10" goal_id="151"/>
  <agent start_id="196" goal_id="136"/>
  <agent start_id="150" goal_id="46"/>
  <agent start_id="5" goal_id="139"/>
  <agent start_id="197" goal_id="130"/>
  <agent start_id="3" goal_id="181"/>
  <agent start_id="38" goal_id="189"/>
  <agent start_id="173" goal_id="122"/>
  <agent start_id="22" goal_id="57"/>
  <agent start_id="72" goal_id="61"/>
</root>
