<?xml version="1.0" ?>
<root>
  <agent start_id="27" goal_id="157"/>
  <agent start_id="7" goal_id="198"/>
  <agent start_id="52" goal_id="89"/>
  <agent start_id="75" goal_id="112"/>
  <agent start_id="134" goal_id="117"/>
  <agent start_id="74" goal_id="124"/>
  <agent start_id="138" goal_id="70"/>
  <agent start_id="92" goal_id="153"/>
  <agent start_id="5" goal_id="26"/>
  <agent start_id="3" goal_id="77"/>
  <agent start_id="103" goal_id="27"/>
  <agent start_id="72" goal_id="189"/>
  <agent start_id="164" goal_id="30"/>
  <agent start_id="67" goal_id="33"/>
  <agent start_id="193" goal_id="57"/>
  <agent start_id="104" goal_id="174"/>
  <agent start_id="61" goal_id="159"/>
  <agent start_id="188" goal_id="65"/>
  <agent start_id="131" goal_id="51"/>
  <agent start_id="34" goal_id="150"/>
  <agent start_id="169" goal_id="156"/>
  <agent start_id="9" goal_id="135"/>
  <agent start_id="25" goal_id="177"/>
  <agent start_id="8" goal_id="158"/>
  <agent start_id="113" goal_id="191"/>
  <agent start_id="95" goal_id="9"/>
  <agent start_id="82" goal_id="83"/>
  <agent start_id="100" goal_id="122"/>
  <agent start_id="130" goal_id="73"/>
  <agent start_id="51" goal_id="105"/>
  <agent start_id="119" goal_id="74"/>
  <agent start_id="198" goal_id="144"/>
  <agent start_id="17" goal_id="49"/>
  <agent start_id="43" goal_id="115"/>
  <agent start_id="33" goal_id="138"/>
  <agent start_id="30" goal_id="80"/>
  <agent start_id="167" goal_id="16"/>
  <agent start_id="36" goal_id="68"/>
  <agent start_id="22" goal_id="82"/>
  <agent start_id="1" goal_id="194"/>
  <agent start_id="111" goal_id="149"/>
  <agent start_id="26" goal_id="66"/>
  <agent start_id="157" goal_id="107"/>
  <agent start_id="191" goal_id="96"/>
  <agent start_id="101" goal_id="75"/>
  <agent start_id="38" goal_id="63"/>
  <agent start_id="65" goal_id="186"/>
  <agent start_id="117" goal_id="162"/>
  <agent start_id="195" goal_id="170"/>
  <agent start_id="39" goal_id="21"/>
</root>
