<?xml version="1.0" ?>
<root>
  <agent start_id="0" goal_id="94"/>
  <agent start_id="187" goal_id="179"/>
  <agent start_id="131" goal_id="100"/>
  <agent start_id="121" goal_id="144"/>
  <agent start_id="171" goal_id="173"/>
  <agent start_id="7" goal_id="63"/>
  <agent start_id="54" goal_id="193"/>
  <agent start_id="153" goal_id="143"/>
  <agent start_id="52" goal_id="156"/>
  <agent start_id="130" goal_id="40"/>
  <agent start_id="15" goal_id="103"/>
  <agent start_id="166" goal_id="38"/>
  <agent start_id="174" goal_id="69"/>
  <agent start_id="124" goal_id="125"/>
  <agent start_id="190" goal_id="26"/>
  <agent start_id="50" goal_id="187"/>
  <agent start_id="64" goal_id="87"/>
  <agent start_id="44" goal_id="165"/>
  <agent start_id="3" goal_id="76"/>
  <agent start_id="58" goal_id="56"/>
  <agent start_id="133" goal_id="54"/>
  <agent start_id="47" goal_id="62"/>
  <agent start_id="12" goal_id="197"/>
  <agent start_id="155" goal_id="86"/>
  <agent start_id="135" goal_id="183"/>
  <agent start_id="21" goal_id="181"/>
  <agent start_id="115" goal_id="112"/>
  <agent start_id="141" goal_id="190"/>
  <agent start_id="43" goal_id="101"/>
  <agent start_id="24" goal_id="148"/>
  <agent start_id="178" goal_id="13"/>
  <agent start_id="85" goal_id="133"/>
  <agent start_id="99" goal_id="115"/>
  <agent start_id="157" goal_id="59"/>
  <agent start_id="146" goal_id="71"/>
  <agent start_id="74" goal_id="65"/>
  <agent start_id="182" goal_id="50"/>
  <agent start_id="128" goal_id="118"/>
  <agent start_id="68" goal_id="172"/>
  <agent start_id="11" goal_id="81"/>
  <agent start_id="164" goal_id="185"/>
  <agent start_id="129" goal_id="178"/>
  <agent start_id="6" goal_id="15"/>
  <agent start_id="89" goal_id="84"/>
  <agent start_id="35" goal_id="16"/>
  <agent start_id="118" goal_id="51"/>
  <agent start_id="70" goal_id="141"/>
  <agent start_id="31" goal_id="160"/>
  <agent start_id="119" goal_id="47"/>
  <agent start_id="45" goal_id="107"/>
</root>
