<?xml version="1.0" ?>
<root>
  <agent start_id="197" goal_id="30"/>
  <agent start_id="66" goal_id="70"/>
  <agent start_id="73" goal_id="196"/>
  <agent start_id="70" goal_id="13"/>
  <agent start_id="20" goal_id="169"/>
  <agent start_id="128" goal_id="8"/>
  <agent start_id="136" goal_id="80"/>
  <agent start_id="138" goal_id="10"/>
  <agent start_id="86" goal_id="163"/>
  <agent start_id="101" goal_id="41"/>
  <agent start_id="59" goal_id="78"/>
  <agent start_id="100" goal_id="85"/>
  <agent start_id="133" goal_id="81"/>
  <agent start_id="170" goal_id="87"/>
  <agent start_id="26" goal_id="42"/>
  <agent start_id="92" goal_id="66"/>
  <agent start_id="178" goal_id="134"/>
  <agent start_id="181" goal_id="64"/>
  <agent start_id="82" goal_id="35"/>
  <agent start_id="51" goal_id="143"/>
  <agent start_id="172" goal_id="178"/>
  <agent start_id="97" goal_id="159"/>
  <agent start_id="147" goal_id="94"/>
  <agent start_id="143" goal_id="176"/>
  <agent start_id="29" goal_id="74"/>
  <agent start_id="32" goal_id="59"/>
  <agent start_id="99" goal_id="144"/>
  <agent start_id="55" goal_id="116"/>
  <agent start_id="7" goal_id="91"/>
  <agent start_id="64" goal_id="31"/>
  <agent start_id="94" goal_id="48"/>
  <agent start_id="38" goal_id="17"/>
  <agent start_id="2" goal_id="155"/>
  <agent start_id="10" goal_id="165"/>
  <agent start_id="198" goal_id="177"/>
  <agent start_id="48" goal_id="22"/>
  <agent start_id="191" goal_id="168"/>
  <agent start_id="193" goal_id="195"/>
  <agent start_id="72" goal_id="106"/>
  <agent start_id="77" goal_id="133"/>
  <agent start_id="27" goal_id="126"/>
  <agent start_id="154" goal_id="173"/>
  <agent start_id="142" goal_id="198"/>
  <agent start_id="156" goal_id="125"/>
  <agent start_id="144" goal_id="189"/>
  <agent start_id="105" goal_id="67"/>
  <agent start_id="113" goal_id="27"/>
  <agent start_id="153" goal_id="180"/>
  <agent start_id="103" goal_id="1"/>
  <agent start_id="15" goal_id="23"/>
</root>
