<?xml version="1.0" ?>
<root>
  <agent start_id="118" goal_id="59"/>
  <agent start_id="27" goal_id="145"/>
  <agent start_id="181" goal_id="57"/>
  <agent start_id="19" goal_id="65"/>
  <agent start_id="195" goal_id="122"/>
  <agent start_id="116" goal_id="8"/>
  <agent start_id="153" goal_id="154"/>
  <agent start_id="154" goal_id="192"/>
  <agent start_id="35" goal_id="152"/>
  <agent start_id="88" goal_id="93"/>
  <agent start_id="144" goal_id="17"/>
  <agent start_id="48" goal_id="19"/>
  <agent start_id="72" goal_id="14"/>
  <agent start_id="105" goal_id="91"/>
  <agent start_id="146" goal_id="40"/>
  <agent start_id="46" goal_id="51"/>
  <agent start_id="129" goal_id="112"/>
  <agent start_id="43" goal_id="123"/>
  <agent start_id="92" goal_id="6"/>
  <agent start_id="128" goal_id="16"/>
  <agent start_id="114" goal_id="116"/>
  <agent start_id="177" goal_id="63"/>
  <agent start_id="15" goal_id="149"/>
  <agent start_id="10" goal_id="103"/>
  <agent start_id="80" goal_id="141"/>
  <agent start_id="107" goal_id="27"/>
  <agent start_id="148" goal_id="105"/>
  <agent start_id="2" goal_id="132"/>
  <agent start_id="196" goal_id="139"/>
  <agent start_id="23" goal_id="131"/>
  <agent start_id="137" goal_id="61"/>
  <agent start_id="12" goal_id="25"/>
  <agent start_id="34" goal_id="156"/>
  <agent start_id="141" goal_id="107"/>
  <agent start_id="165" goal_id="24"/>
  <agent start_id="44" goal_id="78"/>
  <agent start_id="51" goal_id="49"/>
  <agent start_id="122" goal_id="189"/>
  <agent start_id="3" goal_id="179"/>
  <agent start_id="90" goal_id="54"/>
  <agent start_id="119" goal_id="83"/>
  <agent start_id="59" goal_id="196"/>
  <agent start_id="66" goal_id="30"/>
  <agent start_id="104" goal_id="110"/>
  <agent start_id="127" goal_id="48"/>
  <agent start_id="95" goal_id="12"/>
  <agent start_id="179" goal_id="137"/>
  <agent start_id="82" goal_id="163"/>
  <agent start_id="7" goal_id="36"/>
  <agent start_id="136" goal_id="185"/>
</root>
