<?xml version="1.0" ?>
<root>
  <agent start_id="72" goal_id="137"/>
  <agent start_id="19" goal_id="38"/>
  <agent start_id="81" goal_id="10"/>
  <agent start_id="149" goal_id="78"/>
  <agent start_id="53" goal_id="126"/>
  <agent start_id="121" goal_id="11"/>
  <agent start_id="147" goal_id="29"/>
  <agent start_id="84" goal_id="72"/>
  <agent start_id="107" goal_id="169"/>
  <agent start_id="194" goal_id="92"/>
  <agent start_id="78" goal_id="170"/>
  <agent start_id="117" goal_id="94"/>
  <agent start_id="127" goal_id="163"/>
  <agent start_id="135" goal_id="16"/>
  <agent start_id="59" goal_id="110"/>
  <agent start_id="2" goal_id="173"/>
  <agent start_id="98" goal_id="91"/>
  <agent start_id="12" goal_id="152"/>
  <agent start_id="48" goal_id="60"/>
  <agent start_id="159" goal_id="141"/>
  <agent start_id="134" goal_id="106"/>
  <agent start_id="180" goal_id="2"/>
  <agent start_id="74" goal_id="175"/>
  <agent start_id="69" goal_id="185"/>
  <agent start_id="110" goal_id="133"/>
  <agent start_id="173" goal_id="140"/>
  <agent start_id="183" goal_id="84"/>
  <agent start_id="21" goal_id="66"/>
  <agent start_id="82" goal_id="145"/>
  <agent start_id="57" goal_id="14"/>
  <agent start_id="120" goal_id="48"/>
  <agent start_id="163" goal_id="81"/>
  <agent start_id="130" goal_id="82"/>
  <agent start_id="105" goal_id="116"/>
  <agent start_id="167" goal_id="54"/>
  <agent start_id="92" goal_id="79"/>
  <agent start_id="104" goal_id="131"/>
  <agent start_id="17" goal_id="195"/>
  <agent start_id="66" goal_id="188"/>
  <agent start_id="36" goal_id="107"/>
  <agent start_id="123" goal_id="40"/>
  <agent start_id="96" goal_id="156"/>
  <agent start_id="129" goal_id="162"/>
  <agent start_id="154" goal_id="98"/>
  <agent start_id="152" goal_id="17"/>
  <agent start_id="162" goal_id="88"/>
  <agent start_id="27" goal_id="19"/>
  <agent start_id="158" goal_id="128"/>
  <agent start_id="160" goal_id="120"/>
  <agent start_id="138" goal_id="187"/>
</root>
