<?xml version="1.0" ?>
<root>
  <agent start_id="198" goal_id="86"/>
  <agent start_id="153" goal_id="109"/>
  <agent start_id="186" goal_id="188"/>
  <agent start_id="143" goal_id="47"/>
  <agent start_id="93" goal_id="4"/>
  <agent start_id="52" goal_id="131"/>
  <agent start_id="115" goal_id="68"/>
  <agent start_id="62" goal_id="157"/>
  <agent start_id="60" goal_id="126"/>
  <agent start_id="151" goal_id="100"/>
  <agent start_id="132" goal_id="112"/>
  <agent start_id="196" goal_id="71"/>
  <agent start_id="188" goal_id="14"/>
  <agent start_id="101" goal_id="99"/>
  <agent start_id="99" goal_id="102"/>
  <agent start_id="63" goal_id="6"/>
  <agent start_id="157" goal_id="46"/>
  <agent start_id="26" goal_id="114"/>
  <agent start_id="77" goal_id="43"/>
  <agent start_id="158" goal_id="182"/>
  <agent start_id="109" goal_id="17"/>
  <agent start_id="107" goal_id="90"/>
  <agent start_id="114" goal_id="124"/>
  <agent start_id="81" goal_id="63"/>
  <agent start_id="162" goal_id="166"/>
  <agent start_id="58" goal_id="23"/>
  <agent start_id="118" goal_id="74"/>
  <agent start_id="86" goal_id="15"/>
  <agent start_id="3" goal_id="34"/>
  <agent start_id="116" goal_id="185"/>
  <agent start_id="80" goal_id="29"/>
  <agent start_id="104" goal_id="85"/>
  <agent start_id="85" goal_id="161"/>
  <agent start_id="76" goal_id="138"/>
  <agent start_id="164" goal_id="180"/>
  <agent start_id="65" goal_id="69"/>
  <agent start_id="0" goal_id="143"/>
  <agent start_id="69" goal_id="36"/>
  <agent start_id="154" goal_id="111"/>
  <agent start_id="182" goal_id="162"/>
  <agent start_id="139" goal_id="193"/>
  <agent start_id="44" goal_id="192"/>
  <agent start_id="83" goal_id="53"/>
  <agent start_id="56" goal_id="195"/>
  <agent start_id="102" goal_id="123"/>
  <agent start_id="2" goal_id="77"/>
  <agent start_id="1" goal_id="129"/>
  <agent start_id="194" goal_id="145"/>
  <agent start_id="190" goal_id="73"/>
  <agent start_id="30" goal_id="60"/>
</root>
