<?xml version="1.0" ?>
<root>
  <agent start_id="139" goal_id="71"/>
  <agent start_id="150" goal_id="25"/>
  <agent start_id="185" goal_id="110"/>
  <agent start_id="23" goal_id="192"/>
  <agent start_id="108" goal_id="42"/>
  <agent start_id="184" goal_id="32"/>
  <agent start_id="117" goal_id="166"/>
  <agent start_id="136" goal_id="161"/>
  <agent start_id="70" goal_id="99"/>
  <agent start_id="92" goal_id="145"/>
  <agent start_id="33" goal_id="160"/>
  <agent start_id="115" goal_id="35"/>
  <agent start_id="87" goal_id="104"/>
  <agent start_id="57" goal_id="190"/>
  <agent start_id="126" goal_id="55"/>
  <agent start_id="127" goal_id="105"/>
  <agent start_id="83" goal_id="142"/>
  <agent start_id="197" goal_id="115"/>
  <agent start_id="72" goal_id="29"/>
  <agent start_id="145" goal_id="33"/>
  <agent start_id="110" goal_id="30"/>
  <agent start_id="46" goal_id="76"/>
  <agent start_id="16" goal_id="124"/>
  <agent start_id="147" goal_id="88"/>
  <agent start_id="61" goal_id="128"/>
  <agent start_id="51" goal_id="58"/>
  <agent start_id="121" goal_id="69"/>
  <agent start_id="19" goal_id="163"/>
  <agent start_id="167" goal_id="28"/>
  <agent start_id="1" goal_id="185"/>
  <agent start_id="32" goal_id="66"/>
  <agent start_id="77" goal_id="146"/>
  <agent start_id="5" goal_id="13"/>
  <agent start_id="172" goal_id="52"/>
  <agent start_id="8" goal_id="126"/>
  <agent start_id="74" goal_id="9"/>
  <agent start_id="125" goal_id="183"/>
  <agent start_id="29" goal_id="4"/>
  <agent start_id="66" goal_id="19"/>
  <agent start_id="173" goal_id="67"/>
  <agent start_id="159" goal_id="167"/>
  <agent start_id="67" goal_id="133"/>
  <agent start_id="178" goal_id="62"/>
  <agent start_id="104" goal_id="149"/>
  <agent start_id="31" goal_id="195"/>
  <agent start_id="85" goal_id="84"/>
  <agent start_id="73" goal_id="164"/>
  <agent start_id="194" goal_id="87"/>
  <agent start_id="25" goal_id="154"/>
  <agent start_id="63" goal_id="6"/>
</root>
