<?xml version="1.0" ?>
<root>
  <agent start_id="110" goal_id="46"/>
  <agent start_id="177" goal_id="4"/>
  <agent start_id="45" goal_id="25"/>
  <agent start_id="100" goal_id="172"/>
  <agent start_id="132" goal_id="35"/>
  <agent start_id="38" goal_id="163"/>
  <agent start_id="61" goal_id="134"/>
  <agent start_id="136" goal_id="149"/>
  <agent start_id="72" goal_id="141"/>
  <agent start_id="103" goal_id="97"/>
  <agent start_id="42" goal_id="32"/>
  <agent start_id="7" goal_id="160"/>
  <agent start_id="1" goal_id="176"/>
  <agent start_id="170" goal_id="170"/>
  <agent start_id="99" goal_id="66"/>
  <agent start_id="181" goal_id="182"/>
  <agent start_id="199" goal_id="49"/>
  <agent start_id="49" goal_id="53"/>
  <agent start_id="31" goal_id="2"/>
  <agent start_id="48" goal_id="138"/>
  <agent start_id="109" goal_id="94"/>
  <agent start_id="129" goal_id="198"/>
  <agent start_id="16" goal_id="9"/>
  <agent start_id="66" goal_id="18"/>
  <agent start_id="111" goal_id="194"/>
  <agent start_id="149" goal_id="58"/>
  <agent start_id="5" goal_id="77"/>
  <agent start_id="106" goal_id="17"/>
  <agent start_id="74" goal_id="23"/>
  <agent start_id="130" goal_id="185"/>
  <agent start_id="51" goal_id="63"/>
  <agent start_id="174" goal_id="83"/>
  <agent start_id="82" goal_id="146"/>
  <agent start_id="95" goal_id="31"/>
  <agent start_id="78" goal_id="153"/>
  <agent start_id="141" goal_id="99"/>
  <agent start_id="57" goal_id="193"/>
  <agent start_id="126" goal_id="137"/>
  <agent start_id="183" goal_id="40"/>
  <agent start_id="125" goal_id="123"/>
  <agent start_id="30" goal_id="102"/>
  <agent start_id="56" goal_id="101"/>
  <agent start_id="54" goal_id="159"/>
  <agent start_id="165" goal_id="7"/>
  <agent start_id="53" goal_id="55"/>
  <agent start_id="62" goal_id="61"/>
  <agent start_id="84" goal_id="54"/>
  <agent start_id="151" goal_id="85"/>
  <agent start_id="172" goal_id="39"/>
  <agent start_id="22" goal_id="196"/>
</root>
