<?xml version="1.0" ?>
<root>
  <agent start_id="94" goal_id="18"/>
  <agent start_id="25" goal_id="83"/>
  <agent start_id="74" goal_id="17"/>
  <agent start_id="147" goal_id="85"/>
  <agent start_id="54" goal_id="148"/>
  <agent start_id="139" goal_id="184"/>
  <agent start_id="105" goal_id="70"/>
  <agent start_id="103" goal_id="45"/>
  <agent start_id="193" goal_id="13"/>
  <agent start_id="181" goal_id="54"/>
  <agent start_id="79" goal_id="14"/>
  <agent start_id="24" goal_id="154"/>
  <agent start_id="62" goal_id="185"/>
  <agent start_id="56" goal_id="66"/>
  <agent start_id="159" goal_id="160"/>
  <agent start_id="32" goal_id="124"/>
  <agent start_id="176" goal_id="131"/>
  <agent start_id="111" goal_id="121"/>
  <agent start_id="188" goal_id="113"/>
  <agent start_id="198" goal_id="100"/>
  <agent start_id="106" goal_id="31"/>
  <agent start_id="38" goal_id="1"/>
  <agent start_id="60" goal_id="39"/>
  <agent start_id="169" goal_id="153"/>
  <agent start_id="174" goal_id="40"/>
  <agent start_id="0" goal_id="198"/>
  <agent start_id="28" goal_id="119"/>
  <agent start_id="129" goal_id="25"/>
  <agent start_id="26" goal_id="156"/>
  <agent start_id="191" goal_id="132"/>
  <agent start_id="66" goal_id="95"/>
  <agent start_id="151" goal_id="195"/>
  <agent start_id="108" goal_id="182"/>
  <agent start_id="76" goal_id="32"/>
  <agent start_id="165" goal_id="2"/>
  <agent start_id="118" goal_id="117"/>
  <agent start_id="146" goal_id="125"/>
  <agent start_id="53" goal_id="42"/>
  <agent start_id="133" goal_id="73"/>
  <agent start_id="68" goal_id="188"/>
  <agent start_id="175" goal_id="191"/>
  <agent start_id="30" goal_id="177"/>
  <agent start_id="158" goal_id="163"/>
  <agent start_id="84" goal_id="111"/>
  <agent start_id="91" goal_id="79"/>
  <agent start_id="80" goal_id="138"/>
  <agent start_id="161" goal_id="142"/>
  <agent start_id="145" goal_id="35"/>
  <agent start_id="130" goal_id="15"/>
  <agent start_id="49" goal_id="194"/>
</root>
