<?xml version="1.0" ?>
<root>
  <agent start_id="18" goal_id="103"/>
  <agent start_id="129" goal_id="45"/>
  <agent start_id="178" goal_id="168"/>
  <agent start_id="121" goal_id="162"/>
  <agent start_id="180" goal_id="193"/>
  <agent start_id="140" goal_id="188"/>
  <agent start_id="35" goal_id="108"/>
  <agent start_id="3" goal_id="110"/>
  <agent start_id="88" goal_id="85"/>
  <agent start_id="10" goal_id="190"/>
  <agent start_id="7" goal_id="150"/>
  <agent start_id="20" goal_id="30"/>
  <agent start_id="92" goal_id="48"/>
  <agent start_id="44" goal_id="174"/>
  <agent start_id="112" goal_id="164"/>
  <agent start_id="45" goal_id="78"/>
  <agent start_id="25" goal_id="117"/>
  <agent start_id="169" goal_id="71"/>
  <agent start_id="167" goal_id="68"/>
  <agent start_id="165" goal_id="186"/>
  <agent start_id="114" goal_id="70"/>
  <agent start_id="14" goal_id="151"/>
  <agent start_id="116" goal_id="160"/>
  <agent start_id="62" goal_id="23"/>
  <agent start_id="106" goal_id="141"/>
  <agent start_id="154" goal_id="11"/>
  <agent start_id="39" goal_id="197"/>
  <agent start_id="1" goal_id="26"/>
  <agent start_id="96" goal_id="129"/>
  <agent start_id="173" goal_id="32"/>
  <agent start_id="152" goal_id="145"/>
  <agent start_id="26" goal_id="86"/>
  <agent start_id="50" goal_id="169"/>
  <agent start_id="98" goal_id="98"/>
  <agent start_id="156" goal_id="40"/>
  <agent start_id="138" goal_id="92"/>
  <agent start_id="163" goal_id="184"/>
  <agent start_id="4" goal_id="19"/>
  <agent start_id="195" goal_id="183"/>
  <agent start_id="184" goal_id="49"/>
  <agent start_id="31" goal_id="6"/>
  <agent start_id="197" goal_id="91"/>
  <agent start_id="71" goal_id="57"/>
  <agent start_id="74" goal_id="8"/>
  <agent start_id="110" goal_id="192"/>
  <agent start_id="78" goal_id="62"/>
  <agent start_id="147" goal_id="41"/>
  <agent start_id="182" goal_id="107"/>
  <agent start_id="119" goal_id="96"/>
  <agent start_id="192" goal_id="39"/>
</root>
