<?xml version="1.0" ?>
<root>
  <agent start_id="62" goal_id="2"/>
  <agent start_id="191" goal_id="99"/>
  <agent start_id="136" goal_id="10"/>
  <agent start_id="9" goal_id="169"/>
  <agent start_id="145" goal_id="182"/>
  <agent start_id="61" goal_id="35"/>
  <agent start_id="37" goal_id="6"/>
  <agent start_id="172" goal_id="78"/>
  <agent start_id="13" goal_id="115"/>
  <agent start_id="56" goal_id="162"/>
  <agent start_id="11" goal_id="62"/>
  <agent start_id="168" goal_id="46"/>
  <agent start_id="32" goal_id="164"/>
  <agent start_id="80" goal_id="73"/>
  <agent start_id="107" goal_id="136"/>
  <agent start_id="30" goal_id="22"/>
  <agent start_id="123" goal_id="32"/>
  <agent start_id="97" goal_id="33"/>
  <agent start_id="24" goal_id="176"/>
  <agent start_id="6" goal_id="14"/>
  <agent start_id="141" goal_id="131"/>
  <agent start_id="3" goal_id="186"/>
  <agent start_id="99" goal_id="30"/>
  <agent start_id="188" goal_id="8"/>
  <agent start_id="91" goal_id="157"/>
  <agent start_id="176" goal_id="21"/>
  <agent start_id="51" goal_id="56"/>
  <agent start_id="130" goal_id="81"/>
  <agent start_id="77" goal_id="92"/>
  <agent start_id="104" goal_id="196"/>
  <agent start_id="4" goal_id="195"/>
  <agent start_id="131" goal_id="37"/>
  <agent start_id="25" goal_id="64"/>
  <agent start_id="1" goal_id="148"/>
  <agent start_id="90" goal_id="105"/>
  <agent start_id="18" goal_id="23"/>
  <agent start_id="96" goal_id="41"/>
  <agent start_id="186" goal_id="58"/>
  <agent start_id="64" goal_id="93"/>
  <agent start_id="14" goal_id="112"/>
  <agent start_id="84" goal_id="141"/>
  <agent start_id="158" goal_id="144"/>
  <agent start_id="108" goal_id="68"/>
  <agent start_id="102" goal_id="107"/>
  <agent start_id="23" goal_id="85"/>
  <agent start_id="75" goal_id="160"/>
  <agent start_id="69" goal_id="172"/>
  <agent start_id="129" goal_id="63"/>
  <agent start_id="132" goal_id="16"/>
  <agent start_id="169" goal_id="173"/>
</root>
