<?xml version="1.0" ?>
<root>
  <agent start_id="192" goal_id="25"/>
  <agent start_id="195" goal_id="73"/>
  <agent start_id="175" goal_id="109"/>
  <agent start_id="61" goal_id="152"/>
  <agent start_id="73" goal_id="199"/>
  <agent start_id="33" goal_id="179"/>
  <agent start_id="10" goal_id="197"/>
  <agent start_id="153" goal_id="97"/>
  <agent start_id="100" goal_id="114"/>
  <agent start_id="191" goal_id="180"/>
  <agent start_id="155" goal_id="52"/>
  <agent start_id="88" goal_id="41"/>
  <agent start_id="156" goal_id="1"/>
  <agent start_id="14" goal_id="171"/>
  <agent start_id="163" goal_id="13"/>
  <agent start_id="141" goal_id="100"/>
  <agent start_id="7" goal_id="38"/>
  <agent start_id="162" goal_id="90"/>
  <agent start_id="20" goal_id="86"/>
  <agent start_id="173" goal_id="79"/>
  <agent start_id="154" goal_id="127"/>
  <agent start_id="68" goal_id="101"/>
  <agent start_id="77" goal_id="50"/>
  <agent start_id="148" goal_id="111"/>
  <agent start_id="30" goal_id="28"/>
  <agent start_id="69" goal_id="58"/>
  <agent start_id="17" goal_id="122"/>
  <agent start_id="93" goal_id="30"/>
  <agent start_id="177" goal_id="62"/>
  <agent start_id="114" goal_id="187"/>
  <agent start_id="167" goal_id="65"/>
  <agent start_id="83" goal_id="93"/>
  <agent start_id="0" goal_id="19"/>
  <agent start_id="48" goal_id="8"/>
  <agent start_id="176" goal_id="106"/>
  <agent start_id="57" goal_id="119"/>
  <agent start_id="121" goal_id="155"/>
  <agent start_id="116" goal_id="43"/>
  <agent start_id="47" goal_id="142"/>
  <agent start_id="139" goal_id="192"/>
  <agent start_id="15" goal_id="61"/>
  <agent start_id="160" goal_id="44"/>
  <agent start_id="146" goal_id="29"/>
  <agent start_id="90" goal_id="68"/>
  <agent start_id="4" goal_id="27"/>
  <agent start_id="22" goal_id="72"/>
  <agent start_id="194" goal_id="84"/>
  <agent start_id="169" goal_id="36"/>
  <agent start_id="150" goal_id="18"/>
  <agent start_id="21" goal_id="34"/>
</root>
