<?xml version="1.0" ?>
<root>
  <agent start_id="167" goal_id="33"/>
  <agent start_id="65" goal_id="169"/>
  <agent start_id="114" goal_id="194"/>
  <agent start_id="95" goal_id="111"/>
  <agent start_id="151" goal_id="123"/>
  <agent start_id="35" goal_id="128"/>
  <agent start_id="145" goal_id="52"/>
  <agent start_id="158" goal_id="127"/>
  <agent start_id="84" goal_id="125"/>
  <agent start_id="27" goal_id="1"/>
  <agent start_id="131" goal_id="4"/>
  <agent start_id="60" goal_id="152"/>
  <agent start_id="174" goal_id="195"/>
  <agent start_id="22" goal_id="157"/>
  <agent start_id="185" goal_id="117"/>
  <agent start_id="91" goal_id="94"/>
  <agent start_id="168" goal_id="76"/>
  <agent start_id="56" goal_id="55"/>
  <agent start_id="122" goal_id="97"/>
  <agent start_id="170" goal_id="8"/>
  <agent start_id="198" goal_id="130"/>
  <agent start_id="193" goal_id="188"/>
  <agent start_id="25" goal_id="38"/>
  <agent start_id="67" goal_id="62"/>
  <agent start_id="154" goal_id="196"/>
  <agent start_id="16" goal_id="113"/>
  <agent start_id="78" goal_id="182"/>
  <agent start_id="196" goal_id="25"/>
  <agent start_id="157" goal_id="29"/>
  <agent start_id="97" goal_id="78"/>
  <agent start_id="101" goal_id="159"/>
  <agent start_id="195" goal_id="6"/>
  <agent start_id="14" goal_id="137"/>
  <agent start_id="106" goal_id="64"/>
  <agent start_id="41" goal_id="24"/>
  <agent start_id="113" goal_id="53"/>
  <agent start_id="39" goal_id="176"/>
  <agent start_id="164" goal_id="122"/>
  <agent start_id="55" goal_id="43"/>
  <agent start_id="89" goal_id="15"/>
  <agent start_id="53" goal_id="17"/>
  <agent start_id="3" goal_id="185"/>
  <agent start_id="83" goal_id="191"/>
  <agent start_id="23" goal_id="96"/>
  <agent start_id="116" goal_id="40"/>
  <agent start_id="138" goal_id="102"/>
  <agent start_id="133" goal_id="20"/>
  <agent start_id="96" goal_id="81"/>
  <agent start_id="150" goal_id="23"/>
  <agent start_id="119" goal_id="144"/>
</root>
