<?xml version="1.0" ?>
<root>
  <agent start_id="197" goal_id="111"/>
  <agent start_id="44" goal_id="184"/>
  <agent start_id="127" goal_id="130"/>
  <agent start_id="124" goal_id="114"/>
  <agent start_id="36" goal_id="53"/>
  <agent start_id="161" goal_id="99"/>
  <agent start_id="134" goal_id="86"/>
  <agent start_id="157" goal_id="71"/>
  <agent start_id="106" goal_id="186"/>
  <agent start_id="34" goal_id="169"/>
  <agent start_id="198" goal_id="107"/>
  <agent start_id="189" goal_id="39"/>
  <agent start_id="184" goal_id="34"/>
  <agent start_id="43" goal_id="85"/>
  <agent start_id="10" goal_id="179"/>
  <agent start_id="120" goal_id="101"/>
  <agent start_id="143" goal_id="147"/>
  <agent start_id="152" goal_id="76"/>
  <agent start_id="80" goal_id="189"/>
  <agent start_id="85" goal_id="89"/>
  <agent start_id="23" goal_id="83"/>
  <agent start_id="170" goal_id="198"/>
  <agent start_id="52" goal_id="172"/>
  <agent start_id="172" goal_id="50"/>
  <agent start_id="125" goal_id="45"/>
  <agent start_id="9" goal_id="118"/>
  <agent start_id="64" goal_id="199"/>
  <agent start_id="15" goal_id="61"/>
  <agent start_id="116" goal_id="31"/>
  <agent start_id="131" goal_id="121"/>
  <agent start_id="108" goal_id="116"/>
  <agent start_id="79" goal_id="91"/>
  <agent start_id="149" goal_id="9"/>
  <agent start_id="48" goal_id="81"/>
  <agent start_id="37" goal_id="113"/>
  <agent start_id="154" goal_id="151"/>
  <agent start_id="3" goal_id="10"/>
  <agent start_id="192" goal_id="110"/>
  <agent start_id="91" goal_id="11"/>
  <agent start_id="13" goal_id="21"/>
  <agent start_id="83" goal_id="142"/>
  <agent start_id="135" goal_id="37"/>
  <agent start_id="74" goal_id="13"/>
  <agent start_id="158" goal_id="32"/>
  <agent start_id="194" goal_id="18"/>
  <agent start_id="162" goal_id="41"/>
  <agent start_id="115" goal_id="65"/>
  <agent start_id="111" goal_id="194"/>
  <agent start_id="69" goal_id="82"/>
  <agent start_id="176" goal_id="25"/>
</root>
