<?xml version="1.0" ?>
<root>
  <agent start_id="34" goal_id="159"/>
  <agent start_id="117" goal_id="169"/>
  <agent start_id="27" goal_id="181"/>
  <agent start_id="60" goal_id="27"/>
  <agent start_id="127" goal_id="156"/>
  <agent start_id="82" goal_id="49"/>
  <agent start_id="90" goal_id="13"/>
  <agent start_id="109" goal_id="74"/>
  <agent start_id="92" goal_id="157"/>
  <agent start_id="153" goal_id="118"/>
  <agent start_id="114" goal_id="168"/>
  <agent start_id="186" goal_id="112"/>
  <agent start_id="149" goal_id="137"/>
  <agent start_id="154" goal_id="59"/>
  <agent start_id="126" goal_id="177"/>
  <agent start_id="73" goal_id="98"/>
  <agent start_id="162" goal_id="5"/>
  <agent start_id="118" goal_id="42"/>
  <agent start_id="158" goal_id="35"/>
  <agent start_id="1" goal_id="123"/>
  <agent start_id="111" goal_id="90"/>
  <agent start_id="134" goal_id="179"/>
  <agent start_id="185" goal_id="158"/>
  <agent start_id="106" goal_id="68"/>
  <agent start_id="13" goal_id="133"/>
  <agent start_id="29" goal_id="51"/>
  <agent start_id="83" goal_id="95"/>
  <agent start_id="193" goal_id="46"/>
  <agent start_id="139" goal_id="86"/>
  <agent start_id="182" goal_id="171"/>
  <agent start_id="131" goal_id="152"/>
  <agent start_id="197" goal_id="128"/>
  <agent start_id="36" goal_id="37"/>
  <agent start_id="66" goal_id="40"/>
  <agent start_id="93" goal_id="105"/>
  <agent start_id="108" goal_id="82"/>
  <agent start_id="155" goal_id="101"/>
  <agent start_id="41" goal_id="91"/>
  <agent start_id="74" goal_id="69"/>
  <agent start_id="37" goal_id="196"/>
  <agent start_id="78" goal_id="114"/>
  <agent start_id="9" goal_id="190"/>
  <agent start_id="195" goal_id="56"/>
  <agent start_id="95" goal_id="63"/>
  <agent start_id="189" goal_id="60"/>
  <agent start_id="176" goal_id="136"/>
  <agent start_id="48" goal_id="19"/>
  <agent start_id="146" goal_id="3"/>
  <agent start_id="130" goal_id="72"/>
  <agent start_id="190" goal_id="53"/>
</root>
