<?xml version="1.0" ?>
<root>
  <agent start_id="156" goal_id="60"/>
  <agent start_id="172" goal_id="70"/>
  <agent start_id="26" goal_id="59"/>
  <agent start_id="21" goal_id="79"/>
  <agent start_id="193" goal_id="180"/>
  <agent start_id="42" goal_id="184"/>
  <agent start_id="12" goal_id="84"/>
  <agent start_id="81" goal_id="88"/>
  <agent start_id="52" goal_id="161"/>
  <agent start_id="89" goal_id="66"/>
  <agent start_id="4" goal_id="82"/>
  <agent start_id="38" goal_id="135"/>
  <agent start_id="17" goal_id="199"/>
  <agent start_id="155" goal_id="148"/>
  <agent start_id="95" goal_id="189"/>
  <agent start_id="47" goal_id="77"/>
  <agent start_id="40" goal_id="164"/>
  <agent start_id="87" goal_id="65"/>
  <agent start_id="138" goal_id="174"/>
  <agent start_id="39" goal_id="157"/>
  <agent start_id="173" goal_id="32"/>
  <agent start_id="168" goal_id="3"/>
  <agent start_id="62" goal_id="63"/>
  <agent start_id="83" goal_id="197"/>
  <agent start_id="100" goal_id="115"/>
  <agent start_id="96" goal_id="56"/>
  <agent start_id="148" goal_id="147"/>
  <agent start_id="127" goal_id="118"/>
  <agent start_id="9" goal_id="61"/>
  <agent start_id="41" goal_id="195"/>
  <agent start_id="6" goal_id="78"/>
  <agent start_id="19" goal_id="25"/>
  <agent start_id="51" goal_id="38"/>
  <agent start_id="189" goal_id="23"/>
  <agent start_id="43" goal_id="20"/>
  <agent start_id="185" goal_id="117"/>
  <agent start_id="54" goal_id="49"/>
  <agent start_id="175" goal_id="52"/>
  <agent start_id="116" goal_id="13"/>
  <agent start_id="76" goal_id="14"/>
  <agent start_id="160" goal_id="29"/>
  <agent start_id="130" goal_id="91"/>
  <agent start_id="183" goal_id="45"/>
  <agent start_id="162" goal_id="95"/>
  <agent start_id="78" goal_id="190"/>
  <agent start_id="49" goal_id="122"/>
  <agent start_id="28" goal_id="87"/>
  <agent start_id="131" goal_id="142"/>
  <agent start_id="152" goal_id="119"/>
  <agent start_id="176" goal_id="186"/>
</root>
