<?xml version="1.0" ?>
<root>
  <agent start_id="58" goal_id="186"/>
  <agent start_id="10" goal_id="70"/>
  <agent start_id="140" goal_id="81"/>
  <agent start_id="117" goal_id="180"/>
  <agent start_id="54" goal_id="76"/>
  <agent start_id="185" goal_id="139"/>
  <agent start_id="154" goal_id="113"/>
  <agent start_id="46" goal_id="26"/>
  <agent start_id="52" goal_id="118"/>
  <agent start_id="93" goal_id="137"/>
  <agent start_id="68" goal_id="164"/>
  <agent start_id="190" goal_id="16"/>
  <agent start_id="134" goal_id="168"/>
  <agent start_id="109" goal_id="155"/>
  <agent start_id="150" goal_id="165"/>
  <agent start_id="112" goal_id="19"/>
  <agent start_id="143" goal_id="13"/>
  <agent start_id="99" goal_id="80"/>
  <agent start_id="61" goal_id="8"/>
  <agent start_id="11" goal_id="198"/>
  <agent start_id="178" goal_id="184"/>
  <agent start_id="33" goal_id="69"/>
  <agent start_id="121" goal_id="174"/>
  <agent start_id="12" goal_id="42"/>
  <agent start_id="157" goal_id="111"/>
  <agent start_id="163" goal_id="166"/>
  <agent start_id="172" goal_id="146"/>
  <agent start_id="4" goal_id="188"/>
  <agent start_id="195" goal_id="43"/>
  <agent start_id="181" goal_id="199"/>
  <agent start_id="66" goal_id="161"/>
  <agent start_id="60" goal_id="123"/>
  <agent start_id="37" goal_id="95"/>
  <agent start_id="84" goal_id="33"/>
  <agent start_id="110" goal_id="130"/>
  <agent start_id="188" goal_id="23"/>
  <agent start_id="169" goal_id="40"/>
  <agent start_id="1" goal_id="172"/>
  <agent start_id="148" goal_id="72"/>
  <agent start_id="171" goal_id="151"/>
  <agent start_id="125" goal_id="93"/>
  <agent start_id="173" goal_id="53"/>
  <agent start_id="175" goal_id="98"/>
  <agent start_id="65" goal_id="6"/>
  <agent start_id="44" goal_id="133"/>
  <agent start_id="3" goal_id="25"/>
  <agent start_id="96" goal_id="0"/>
  <agent start_id="184" goal_id="67"/>
  <agent start_id="69" goal_id="28"/>
  <agent start_id="59" goal_id="51"/>
</root>
