<?xml version="1.0" ?>
<root>
  <agent start_id="23" goal_id="65"/>
  <agent start_id="27" goal_id="83"/>
  <agent start_id="74" goal_id="168"/>
  <agent start_id="159" goal_id="73"/>
  <agent start_id="48" goal_id="154"/>
  <agent start_id="177" goal_id="167"/>
  <agent start_id="36" goal_id="171"/>
  <agent start_id="58" goal_id="136"/>
  <agent start_id="41" goal_id="196"/>
  <agent start_id="186" goal_id="181"/>
  <agent start_id="59" goal_id="133"/>
  <agent start_id="126" goal_id="170"/>
  <agent start_id="165" goal_id="61"/>
  <agent start_id="0" goal_id="173"/>
  <agent start_id="171" goal_id="113"/>
  <agent start_id="51" goal_id="50"/>
  <agent start_id="18" goal_id="177"/>
  <agent start_id="147" goal_id="149"/>
  <agent start_id="180" goal_id="32"/>
  <agent start_id="114" goal_id="54"/>
  <agent start_id="13" goal_id="189"/>
  <agent start_id="69" goal_id="197"/>
  <agent start_id="31" goal_id="144"/>
  <agent start_id="132" goal_id="86"/>
  <agent start_id="9" goal_id="134"/>
  <agent start_id="61" goal_id="64"/>
  <agent start_id="55" goal_id="162"/>
  <agent start_id="46" goal_id="109"/>
  <agent start_id="191" goal_id="28"/>
  <agent start_id="44" goal_id="0"/>
  <agent start_id="170" goal_id="183"/>
  <agent start_id="78" goal_id="127"/>
  <agent start_id="4" goal_id="118"/>
  <agent start_id="146" goal_id="66"/>
  <agent start_id="81" goal_id="3"/>
  <agent start_id="123" goal_id="116"/>
  <agent start_id="194" goal_id="16"/>
  <agent start_id="128" goal_id="100"/>
  <agent start_id="156" goal_id="15"/>
  <agent start_id="34" goal_id="90"/>
  <agent start_id="98" goal_id="47"/>
  <agent start_id="70" goal_id="7"/>
  <agent start_id="137" goal_id="123"/>
  <agent start_id="37" goal_id="4"/>
  <agent start_id="197" goal_id="99"/>
  <agent start_id="117" goal_id="5"/>
  <agent start_id="25" goal_id="175"/>
  <agent start_id="71" goal_id="191"/>
  <agent start_id="73" goal_id="115"/>
  <agent start_id="67" goal_id="182"/>
</root>
