<?xml version="1.0" ?>
<root>
  <agent start_id="144" goal_id="34"/>
  <agent start_id="51" goal_id="148"/>
  <agent start_id="58" goal_id="27"/>
  <agent start_id="149" goal_id="16"/>
  <agent start_id="59" goal_id="103"/>
  <agent start_id="188" goal_id="62"/>
  <agent start_id="64" goal_id="130"/>
  <agent start_id="174" goal_id="42"/>
  <agent start_id="105" goal_id="46"/>
  <agent start_id="171" goal_id="169"/>
  <agent start_id="48" goal_id="153"/>
  <agent start_id="2" goal_id="40"/>
  <agent start_id="111" goal_id="76"/>
  <agent start_id="131" goal_id="121"/>
  <agent start_id="41" goal_id="128"/>
  <agent start_id="4" goal_id="49"/>
  <agent start_id="187" goal_id="161"/>
  <agent start_id="79" goal_id="80"/>
  <agent start_id="53" goal_id="184"/>
  <agent start_id="180" goal_id="52"/>
  <agent start_id="32" goal_id="190"/>
  <agent start_id="27" goal_id="99"/>
  <agent start_id="133" goal_id="165"/>
  <agent start_id="19" goal_id="198"/>
  <agent start_id="15" goal_id="96"/>
  <agent start_id="80" goal_id="155"/>
  <agent start_id="122" goal_id="83"/>
  <agent start_id="35" goal_id="95"/>
  <agent start_id="106" goal_id="185"/>
  <agent start_id="127" goal_id="111"/>
  <agent start_id="100" goal_id="68"/>
  <agent start_id="192" goal_id="24"/>
  <agent start_id="63" goal_id="137"/>
  <agent start_id="185" goal_id="195"/>
  <agent start_id="78" goal_id="182"/>
  <agent start_id="94" goal_id="140"/>
  <agent start_id="50" goal_id="10"/>
  <agent start_id="159" goal_id="107"/>
  <agent start_id="184" goal_id="55"/>
  <agent start_id="89" goal_id="82"/>
  <agent start_id="1" goal_id="37"/>
  <agent start_id="135" goal_id="87"/>
  <agent start_id="155" goal_id="47"/>
  <agent start_id="85" goal_id="116"/>
  <agent start_id="137" goal_id="89"/>
  <agent start_id="165" goal_id="188"/>
  <agent start_id="163" goal_id="93"/>
  <agent start_id="156" goal_id="173"/>
  <agent start_id="9" goal_id="159"/>
  <agent start_id="116" goal_id="81"/>
</root>
