<?xml version="1.0" ?>
<root>
  <agent start_id="195" goal_id="115"/>
  <agent start_id="68" goal_id="137"/>
  <agent start_id="108" goal_id="146"/>
  <agent start_id="87" goal_id="195"/>
  <agent start_id="63" goal_id="150"/>
  <agent start_id="154" goal_id="64"/>
  <agent start_id="149" goal_id="99"/>
  <agent start_id="116" goal_id="106"/>
  <agent start_id="80" goal_id="120"/>
  <agent start_id="172" goal_id="131"/>
  <agent start_id="121" goal_id="85"/>
  <agent start_id="100" goal_id="28"/>
  <agent start_id="167" goal_id="1"/>
  <agent start_id="181" goal_id="50"/>
  <agent start_id="24" goal_id="180"/>
  <agent start_id="38" goal_id="89"/>
  <agent start_id="114" goal_id="20"/>
  <agent start_id="49" goal_id="35"/>
  <agent start_id="22" goal_id="101"/>
  <agent start_id="136" goal_id="102"/>
  <agent start_id="50" goal_id="112"/>
  <agent start_id="118" goal_id="27"/>
  <agent start_id="150" goal_id="155"/>
  <agent start_id="137" goal_id="23"/>
  <agent start_id="71" goal_id="167"/>
  <agent start_id="81" goal_id="149"/>
  <agent start_id="3" goal_id="46"/>
  <agent start_id="123" goal_id="158"/>
  <agent start_id="14" goal_id="62"/>
  <agent start_id="4" goal_id="6"/>
  <agent start_id="173" goal_id="71"/>
  <agent start_id="144" goal_id="133"/>
  <agent start_id="163" goal_id="84"/>
  <agent start_id="28" goal_id="0"/>
  <agent start_id="89" goal_id="74"/>
  <agent start_id="171" goal_id="68"/>
  <agent start_id="45" goal_id="104"/>
  <agent start_id="160" goal_id="58"/>
  <agent start_id="111" goal_id="43"/>
  <agent start_id="39" goal_id="103"/>
  <agent start_id="44" goal_id="186"/>
  <agent start_id="61" goal_id="119"/>
  <agent start_id="193" goal_id="76"/>
  <agent start_id="5" goal_id="10"/>
  <agent start_id="104" goal_id="97"/>
  <agent start_id="57" goal_id="159"/>
  <agent start_id="78" goal_id="122"/>
  <agent start_id="21" goal_id="141"/>
  <agent start_id="175" goal_id="192"/>
  <agent start_id="13" goal_id="128"/>
</root>
