<?xml version="1.0" ?>
<root>
  <agent start_id="28" goal_id="39"/>
  <agent start_id="9" goal_id="187"/>
  <agent start_id="88" goal_id="178"/>
  <agent start_id="99" goal_id="69"/>
  <agent start_id="55" goal_id="64"/>
  <agent start_id="23" goal_id="46"/>
  <agent start_id="156" goal_id="134"/>
  <agent start_id="53" goal_id="141"/>
  <agent start_id="75" goal_id="59"/>
  <agent start_id="177" goal_id="44"/>
  <agent start_id="173" goal_id="135"/>
  <agent start_id="191" goal_id="101"/>
  <agent start_id="105" goal_id="90"/>
  <agent start_id="26" goal_id="67"/>
  <agent start_id="170" goal_id="52"/>
  <agent start_id="71" goal_id="118"/>
  <agent start_id="44" goal_id="188"/>
  <agent start_id="19" goal_id="73"/>
  <agent start_id="150" goal_id="168"/>
  <agent start_id="162" goal_id="54"/>
  <agent start_id="76" goal_id="102"/>
  <agent start_id="137" goal_id="194"/>
  <agent start_id="37" goal_id="176"/>
  <agent start_id="120" goal_id="75"/>
  <agent start_id="146" goal_id="0"/>
  <agent start_id="152" goal_id="132"/>
  <agent start_id="74" goal_id="114"/>
  <agent start_id="69" goal_id="150"/>
  <agent start_id="176" goal_id="145"/>
  <agent start_id="153" goal_id="2"/>
  <agent start_id="133" goal_id="140"/>
  <agent start_id="45" goal_id="71"/>
  <agent start_id="96" goal_id="147"/>
  <agent start_id="79" goal_id="40"/>
  <agent start_id="114" goal_id="139"/>
  <agent start_id="184" goal_id="9"/>
  <agent start_id="183" goal_id="11"/>
  <agent start_id="40" goal_id="189"/>
  <agent start_id="134" goal_id="153"/>
  <agent start_id="129" goal_id="41"/>
  <agent start_id="25" goal_id="77"/>
  <agent start_id="10" goal_id="65"/>
  <agent start_id="125" goal_id="180"/>
  <agent start_id="179" goal_id="43"/>
  <agent start_id="140" goal_id="20"/>
  <agent start_id="42" goal_id="83"/>
  <agent start_id="138" goal_id="76"/>
  <agent start_id="68" goal_id="93"/>
  <agent start_id="166" goal_id="181"/>
  <agent start_id="126" goal_id="18"/>
</root>
