<?xml version="1.0" ?>
<root>
  <agent start_id="1" goal_id="46"/>
  <agent start_id="52" goal_id="72"/>
  <agent start_id="191" goal_id="181"/>
  <agent start_id="175" goal_id="71"/>
  <agent start_id="139" goal_id="159"/>
  <agent start_id="72" goal_id="193"/>
  <agent start_id="33" goal_id="175"/>
  <agent start_id="38" goal_id="115"/>
  <agent start_id="54" goal_id="183"/>
  <agent start_id="63" goal_id="1"/>
  <agent start_id="89" goal_id="60"/>
  <agent start_id="2" goal_id="44"/>
  <agent start_id="94" goal_id="154"/>
  <agent start_id="163" goal_id="170"/>
  <agent start_id="42" goal_id="79"/>
  <agent start_id="135" goal_id="16"/>
  <agent start_id="98" goal_id="8"/>
  <agent start_id="161" goal_id="33"/>
  <agent start_id="45" goal_id="180"/>
  <agent start_id="16" goal_id="22"/>
  <agent start_id="170" goal_id="138"/>
  <agent start_id="130" goal_id="73"/>
  <agent start_id="158" goal_id="87"/>
  <agent start_id="136" goal_id="63"/>
  <agent start_id="198" goal_id="126"/>
  <agent start_id="107" goal_id="135"/>
  <agent start_id="169" goal_id="65"/>
  <agent start_id="116" goal_id="94"/>
  <agent start_id="144" goal_id="191"/>
  <agent start_id="179" goal_id="140"/>
  <agent start_id="9" goal_id="121"/>
  <agent start_id="91" goal_id="147"/>
  <agent start_id="82" goal_id="125"/>
  <agent start_id="122" goal_id="101"/>
  <agent start_id="48" goal_id="143"/>
  <agent start_id="60" goal_id="122"/>
  <agent start_id="182" goal_id="83"/>
  <agent start_id="70" goal_id="185"/>
  <agent start_id="88" goal_id="91"/>
  <agent start_id="186" goal_id="64"/>
  <agent start_id="0" goal_id="29"/>
  <agent start_id="160" goal_id="39"/>
  <agent start_id="23" goal_id="4"/>
  <agent start_id="87" goal_id="6"/>
  <agent start_id="143" goal_id="161"/>
  <agent start_id="109" goal_id="197"/>
  <agent start_id="156" goal_id="120"/>
  <agent start_id="30" goal_id="172"/>
  <agent start_id="133" goal_id="167"/>
  <agent start_id="36" goal_id="10"/>
</root>
