<?xml version="1.0" ?>
<root>
  <agent start_id="143" goal_id="57"/>
  <agent start_id="95" goal_id="170"/>
  <agent start_id="141" goal_id="106"/>
  <agent start_id="175" goal_id="144"/>
  <agent start_id="120" goal_id="103"/>
  <agent start_id="180" goal_id="194"/>
  <agent start_id="11" goal_id="147"/>
  <agent start_id="24" goal_id="38"/>
  <agent start_id="193" goal_id="151"/>
  <agent start_id="92" goal_id="92"/>
  <agent start_id="129" goal_id="86"/>
  <agent start_id="83" goal_id="30"/>
  <agent start_id="22" goal_id="165"/>
  <agent start_id="149" goal_id="173"/>
  <agent start_id="154" goal_id="75"/>
  <agent start_id="36" goal_id="54"/>
  <agent start_id="161" goal_id="113"/>
  <agent start_id="138" goal_id="43"/>
  <agent start_id="181" goal_id="156"/>
  <agent start_id="77" goal_id="4"/>
  <agent start_id="86" goal_id="158"/>
  <agent start_id="184" goal_id="153"/>
  <agent start_id="63" goal_id="46"/>
  <agent start_id="97" goal_id="175"/>
  <agent start_id="167" goal_id="159"/>
  <agent start_id="39" goal_id="101"/>
  <agent start_id="196" goal_id="189"/>
  <agent start_id="52" goal_id="142"/>
  <agent start_id="102" goal_id="198"/>
  <agent start_id="119" goal_id="155"/>
  <agent start_id="45" goal_id="148"/>
  <agent start_id="79" goal_id="64"/>
  <agent start_id="151" goal_id="16"/>
  <agent start_id="48" goal_id="188"/>
  <agent start_id="26" goal_id="80"/>
  <agent start_id="43" goal_id="127"/>
  <agent start_id="73" goal_id="22"/>
  <agent start_id="54" goal_id="120"/>
  <agent start_id="32" goal_id="14"/>
  <agent start_id="145" goal_id="140"/>
  <agent start_id="178" goal_id="89"/>
  <agent start_id="190" goal_id="186"/>
  <agent start_id="76" goal_id="157"/>
  <agent start_id="135" goal_id="24"/>
  <agent start_id="169" goal_id="63"/>
  <agent start_id="40" goal_id="129"/>
  <agent start_id="35" goal_id="35"/>
  <agent start_id="104" goal_id="139"/>
  <agent start_id="152" goal_id="184"/>
  <agent start_id="60" goal_id="178"/>
</root>
