<?xml version="1.0" ?>
<root>
  <agent start_id="96" goal_id="102"/>
  <agent start_id="128" goal_id="163"/>
  <agent start_id="83" goal_id="113"/>
  <agent start_id="125" goal_id="117"/>
  <agent start_id="30" goal_id="128"/>
  <agent start_id="176" goal_id="176"/>
  <agent start_id="24" goal_id="29"/>
  <agent start_id="21" goal_id="34"/>
  <agent start_id="61" goal_id="40"/>
  <agent start_id="171" goal_id="5"/>
  <agent start_id="156" goal_id="114"/>
  <agent start_id="26" goal_id="147"/>
  <agent start_id="155" goal_id="173"/>
  <agent start_id="37" goal_id="48"/>
  <agent start_id="121" goal_id="96"/>
  <agent start_id="2" goal_id="100"/>
  <agent start_id="143" goal_id="0"/>
  <agent start_id="56" goal_id="87"/>
  <agent start_id="131" goal_id="79"/>
  <agent start_id="188" goal_id="99"/>
  <agent start_id="90" goal_id="78"/>
  <agent start_id="112" goal_id="25"/>
  <agent start_id="178" goal_id="152"/>
  <agent start_id="180" goal_id="160"/>
  <agent start_id="147" goal_id="81"/>
  <agent start_id="12" goal_id="159"/>
  <agent start_id="67" goal_id="108"/>
  <agent start_id="161" goal_id="67"/>
  <agent start_id="133" goal_id="71"/>
  <agent start_id="70" goal_id="158"/>
  <agent start_id="100" goal_id="32"/>
  <agent start_id="11" goal_id="38"/>
  <agent start_id="4" goal_id="52"/>
  <agent start_id="62" goal_id="167"/>
  <agent start_id="55" goal_id="2"/>
  <agent start_id="73" goal_id="134"/>
  <agent start_id="59" goal_id="31"/>
  <agent start_id="101" goal_id="162"/>
  <agent start_id="104" goal_id="61"/>
  <agent start_id="34" goal_id="111"/>
  <agent start_id="136" goal_id="151"/>
  <agent start_id="138" goal_id="127"/>
  <agent start_id="68" goal_id="23"/>
  <agent start_id="117" goal_id="73"/>
  <agent start_id="189" goal_id="194"/>
  <agent start_id="148" goal_id="7"/>
  <agent start_id="97" goal_id="110"/>
  <agent start_id="197" goal_id="161"/>
  <agent start_id="162" goal_id="195"/>
  <agent start_id="81" goal_id="101"/>
</root>
