<?xml version="1.0" ?>
<root>
  <agent start_id="71" goal_id="182"/>
  <agent start_id="112" goal_id="93"/>
  <agent start_id="110" goal_id="141"/>
  <agent start_id="15" goal_id="194"/>
  <agent start_id="86" goal_id="140"/>
  <agent start_id="106" goal_id="190"/>
  <agent start_id="179" goal_id="116"/>
  <agent start_id="18" goal_id="106"/>
  <agent start_id="53" goal_id="73"/>
  <agent start_id="72" goal_id="100"/>
  <agent start_id="194" goal_id="72"/>
  <agent start_id="183" goal_id="71"/>
  <agent start_id="50" goal_id="88"/>
  <agent start_id="89" goal_id="63"/>
  <agent start_id="76" goal_id="135"/>
  <agent start_id="165" goal_id="192"/>
  <agent start_id="17" goal_id="119"/>
  <agent start_id="147" goal_id="45"/>
  <agent start_id="67" goal_id="168"/>
  <agent start_id="85" goal_id="15"/>
  <agent start_id="102" goal_id="50"/>
  <agent start_id="24" goal_id="112"/>
  <agent start_id="118" goal_id="186"/>
  <agent start_id="41" goal_id="16"/>
  <agent start_id="98" goal_id="65"/>
  <agent start_id="65" goal_id="151"/>
  <agent start_id="46" goal_id="58"/>
  <agent start_id="142" goal_id="122"/>
  <agent start_id="39" goal_id="138"/>
  <agent start_id="195" goal_id="95"/>
  <agent start_id="62" goal_id="127"/>
  <agent start_id="140" goal_id="48"/>
  <agent start_id="133" goal_id="130"/>
  <agent start_id="168" goal_id="165"/>
  <agent start_id="144" goal_id="185"/>
  <agent start_id="37" goal_id="23"/>
  <agent start_id="138" goal_id="79"/>
  <agent start_id="172" goal_id="7"/>
  <agent start_id="197" goal_id="1"/>
  <agent start_id="3" goal_id="159"/>
  <agent start_id="29" goal_id="104"/>
  <agent start_id="157" goal_id="2"/>
  <agent start_id="79" goal_id="56"/>
  <agent start_id="96" goal_id="156"/>
  <agent start_id="81" goal_id="128"/>
  <agent start_id="73" goal_id="78"/>
  <agent start_id="75" goal_id="35"/>
  <agent start_id="49" goal_id="117"/>
  <agent start_id="150" goal_id="171"/>
  <agent start_id="8" goal_id="98"/>
</root>
