<?xml version="1.0" ?>
<root>
  <agent start_id="104" goal_id="198"/>
  <agent start_id="106" goal_id="13"/>
  <agent start_id="159" goal_id="104"/>
  <agent start_id="153" goal_id="193"/>
  <agent start_id="192" goal_id="58"/>
  <agent start_id="141" goal_id="189"/>
  <agent start_id="187" goal_id="94"/>
  <agent start_id="22" goal_id="136"/>
  <agent start_id="73" goal_id="103"/>
  <agent start_id="99" goal_id="154"/>
  <agent start_id="131" goal_id="177"/>
  <agent start_id="110" goal_id="132"/>
  <agent start_id="4" goal_id="187"/>
  <agent start_id="180" goal_id="100"/>
  <agent start_id="92" goal_id="65"/>
  <agent start_id="157" goal_id="1"/>
  <agent start_id="140" goal_id="9"/>
  <agent start_id="18" goal_id="95"/>
  <agent start_id="145" goal_id="49"/>
  <agent start_id="43" goal_id="192"/>
  <agent start_id="156" goal_id="92"/>
  <agent start_id="127" goal_id="86"/>
  <agent start_id="86" goal_id="150"/>
  <agent start_id="193" goal_id="54"/>
  <agent start_id="182" goal_id="85"/>
  <agent start_id="23" goal_id="34"/>
  <agent start_id="165" goal_id="184"/>
  <agent start_id="61" goal_id="140"/>
  <agent start_id="195" goal_id="111"/>
  <agent start_id="7" goal_id="109"/>
  <agent start_id="170" goal_id="8"/>
  <agent start_id="137" goal_id="162"/>
  <agent start_id="133" goal_id="80"/>
  <agent start_id="185" goal_id="108"/>
  <agent start_id="28" goal_id="74"/>
  <agent start_id="189" goal_id="155"/>
  <agent start_id="71" goal_id="18"/>
  <agent start_id="191" goal_id="96"/>
  <agent start_id="117" goal_id="19"/>
  <agent start_id="88" goal_id="120"/>
  <agent start_id="175" goal_id="106"/>
  <agent start_id="11" goal_id="36"/>
  <agent start_id="97" goal_id="68"/>
  <agent start_id="37" goal_id="134"/>
  <agent start_id="32" goal_id="47"/>
  <agent start_id="56" goal_id="98"/>
  <agent start_id="94" goal_id="163"/>
  <agent start_id="160" goal_id="125"/>
  <agent start_id="197" goal_id="51"/>
  <agent start_id="102" goal_id="50"/>
</root>
