<?xml version="1.0" ?>
<root>
  <agent start_id="133" goal_id="112"/>
  <agent start_id="143" goal_id="70"/>
  <agent start_id="35" goal_id="136"/>
  <agent start_id="105" goal_id="160"/>
  <agent start_id="138" goal_id="175"/>
  <agent start_id="91" goal_id="139"/>
  <agent start_id="63" goal_id="114"/>
  <agent start_id="98" goal_id="154"/>
  <agent start_id="23" goal_id="38"/>
  <agent start_id="124" goal_id="59"/>
  <agent start_id="139" goal_id="57"/>
  <agent start_id="146" goal_id="30"/>
  <agent start_id="13" goal_id="172"/>
  <agent start_id="17" goal_id="166"/>
  <agent start_id="60" goal_id="65"/>
  <agent start_id="166" goal_id="20"/>
  <agent start_id="82" goal_id="75"/>
  <agent start_id="184" goal_id="5"/>
  <agent start_id="147" goal_id="146"/>
  <agent start_id="169" goal_id="157"/>
  <agent start_id="92" goal_id="107"/>
  <agent start_id="173" goal_id="120"/>
  <agent start_id="6" goal_id="130"/>
  <agent start_id="136" goal_id="168"/>
  <agent start_id="192" goal_id="83"/>
  <agent start_id="95" goal_id="79"/>
  <agent start_id="181" goal_id="162"/>
  <agent start_id="107" goal_id="62"/>
  <agent start_id="155" goal_id="89"/>
  <agent start_id="57" goal_id="69"/>
  <agent start_id="15" goal_id="190"/>
  <agent start_id="151" goal_id="137"/>
  <agent start_id="64" goal_id="0"/>
  <agent start_id="25" goal_id="144"/>
  <agent start_id="103" goal_id="41"/>
  <agent start_id="68" goal_id="124"/>
  <agent start_id="96" goal_id="14"/>
  <agent start_id="2" goal_id="44"/>
  <agent start_id="119" goal_id="21"/>
  <agent start_id="80" goal_id="88"/>
  <agent start_id="198" goal_id="180"/>
  <agent start_id="66" goal_id="13"/>
  <agent start_id="56" goal_id="22"/>
  <agent start_id="160" goal_id="189"/>
  <agent start_id="40" goal_id="96"/>
  <agent start_id="93" goal_id="186"/>
  <agent start_id="1" goal_id="10"/>
  <agent start_id="67" goal_id="98"/>
  <agent start_id="196" goal_id="174"/>
  <agent start_id="159" goal_id="52"/>
</root>
