<?xml version="1.0" ?>
<root>
  <agent start_id="119" goal_id="177"/>
  <agent start_id="154" goal_id="160"/>
  <agent start_id="57" goal_id="90"/>
  <agent start_id="112" goal_id="70"/>
  <agent start_id="30" goal_id="34"/>
  <agent start_id="162" goal_id="131"/>
  <agent start_id="40" goal_id="29"/>
  <agent start_id="6" goal_id="125"/>
  <agent start_id="121" goal_id="80"/>
  <agent start_id="176" goal_id="44"/>
  <agent start_id="166" goal_id="0"/>
  <agent start_id="39" goal_id="91"/>
  <agent start_id="113" goal_id="137"/>
  <agent start_id="49" goal_id="66"/>
  <agent start_id="184" goal_id="77"/>
  <agent start_id="180" goal_id="84"/>
  <agent start_id="199" goal_id="102"/>
  <agent start_id="23" goal_id="127"/>
  <agent start_id="191" goal_id="124"/>
  <agent start_id="108" goal_id="136"/>
  <agent start_id="32" goal_id="26"/>
  <agent start_id="106" goal_id="98"/>
  <agent start_id="169" goal_id="56"/>
  <agent start_id="43" goal_id="60"/>
  <agent start_id="116" goal_id="172"/>
  <agent start_id="179" goal_id="145"/>
  <agent start_id="24" goal_id="59"/>
  <agent start_id="125" goal_id="22"/>
  <agent start_id="137" goal_id="183"/>
  <agent start_id="91" goal_id="111"/>
  <agent start_id="84" goal_id="73"/>
  <agent start_id="155" goal_id="40"/>
  <agent start_id="95" goal_id="14"/>
  <agent start_id="11" goal_id="198"/>
  <agent start_id="45" goal_id="92"/>
  <agent start_id="156" goal_id="20"/>
  <agent start_id="195" goal_id="155"/>
  <agent start_id="124" goal_id="115"/>
  <agent start_id="72" goal_id="193"/>
  <agent start_id="139" goal_id="86"/>
  <agent start_id="71" goal_id="107"/>
  <agent start_id="110" goal_id="36"/>
  <agent start_id="160" goal_id="54"/>
  <agent start_id="99" goal_id="117"/>
  <agent start_id="42" goal_id="24"/>
  <agent start_id="78" goal_id="119"/>
  <agent start_id="189" goal_id="62"/>
  <agent start_id="90" goal_id="162"/>
  <agent start_id="198" goal_id="96"/>
  <agent start_id="67" goal_id="192"/>
</root>
