<?xml version="1.0" ?>
<root>
  <agent start_id="81" goal_id="120"/>
  <agent start_id="84" goal_id="41"/>
  <agent start_id="177" goal_id="2"/>
  <agent start_id="73" goal_id="62"/>
  <agent start_id="180" goal_id="134"/>
  <agent start_id="170" goal_id="29"/>
  <agent start_id="87" goal_id="80"/>
  <agent start_id="153" goal_id="12"/>
  <agent start_id="149" goal_id="88"/>
  <agent start_id="125" goal_id="79"/>
  <agent start_id="163" goal_id="50"/>
  <agent start_id="12" goal_id="107"/>
  <agent start_id="69" goal_id="160"/>
  <agent start_id="51" goal_id="191"/>
  <agent start_id="116" goal_id="141"/>
  <agent start_id="8" goal_id="33"/>
  <agent start_id="25" goal_id="159"/>
  <agent start_id="156" goal_id="176"/>
  <agent start_id="22" goal_id="151"/>
  <agent start_id="79" goal_id="122"/>
  <agent start_id="67" goal_id="58"/>
  <agent start_id="167" goal_id="92"/>
  <agent start_id="90" goal_id="132"/>
  <agent start_id="95" goal_id="103"/>
  <agent start_id="18" goal_id="23"/>
  <agent start_id="144" goal_id="187"/>
  <agent start_id="174" goal_id="118"/>
  <agent start_id="197" goal_id="67"/>
  <agent start_id="187" goal_id="66"/>
  <agent start_id="89" goal_id="121"/>
  <agent start_id="59" goal_id="36"/>
  <agent start_id="80" goal_id="136"/>
  <agent start_id="83" goal_id="98"/>
  <agent start_id="11" goal_id="143"/>
  <agent start_id="154" goal_id="178"/>
  <agent start_id="78" goal_id="9"/>
  <agent start_id="86" goal_id="173"/>
  <agent start_id="1" goal_id="85"/>
  <agent start_id="97" goal_id="194"/>
  <agent start_id="139" goal_id="52"/>
  <agent start_id="63" goal_id="56"/>
  <agent start_id="48" goal_id="161"/>
  <agent start_id="151" goal_id="38"/>
  <agent start_id="145" goal_id="105"/>
  <agent start_id="118" goal_id="109"/>
  <agent start_id="16" goal_id="97"/>
  <agent start_id="20" goal_id="82"/>
  <agent start_id="10" goal_id="128"/>
  <agent start_id="155" goal_id="167"/>
  <agent start_id="137" goal_id="150"/>
</root>
