<?xml version="1.0" ?>
<root>
  <agent start_id="73" goal_id="128"/>
  <agent start_id="68" goal_id="34"/>
  <agent start_id="62" goal_id="18"/>
  <agent start_id="86" goal_id="92"/>
  <agent start_id="179" goal_id="22"/>
  <agent start_id="180" goal_id="33"/>
  <agent start_id="153" goal_id="31"/>
  <agent start_id="22" goal_id="130"/>
  <agent start_id="80" goal_id="108"/>
  <agent start_id="53" goal_id="153"/>
  <agent start_id="163" goal_id="87"/>
  <agent start_id="1" goal_id="74"/>
  <agent start_id="137" goal_id="57"/>
  <agent start_id="78" goal_id="104"/>
  <agent start_id="161" goal_id="48"/>
  <agent start_id="84" goal_id="103"/>
  <agent start_id="36" goal_id="139"/>
  <agent start_id="75" goal_id="157"/>
  <agent start_id="28" goal_id="55"/>
  <agent start_id="102" goal_id="71"/>
  <agent start_id="107" goal_id="152"/>
  <agent start_id="10" goal_id="14"/>
  <agent start_id="157" goal_id="194"/>
  <agent start_id="50" goal_id="187"/>
  <agent start_id="187" goal_id="11"/>
  <agent start_id="197" goal_id="121"/>
  <agent start_id="113" goal_id="164"/>
  <agent start_id="103" goal_id="177"/>
  <agent start_id="81" goal_id="45"/>
  <agent start_id="154" goal_id="126"/>
  <agent start_id="83" goal_id="23"/>
  <agent start_id="192" goal_id="1"/>
  <agent start_id="112" goal_id="115"/>
  <agent start_id="141" goal_id="84"/>
  <agent start_id="91" goal_id="28"/>
  <agent start_id="43" goal_id="91"/>
  <agent start_id="198" goal_id="44"/>
  <agent start_id="55" goal_id="98"/>
  <agent start_id="67" goal_id="175"/>
  <agent start_id="147" goal_id="58"/>
  <agent start_id="20" goal_id="75"/>
  <agent start_id="104" goal_id="199"/>
  <agent start_id="131" goal_id="105"/>
  <agent start_id="92" goal_id="89"/>
  <agent start_id="120" goal_id="167"/>
  <agent start_id="145" goal_id="112"/>
  <agent start_id="184" goal_id="93"/>
  <agent start_id="186" goal_id="191"/>
  <agent start_id="117" goal_id="197"/>
  <agent start_id="170" goal_id="67"/>
</root>
