<?xml version="1.0" ?>
<root>
  <agent start_id="128" goal_id="135"/>
  <agent start_id="130" goal_id="118"/>
  <agent start_id="42" goal_id="169"/>
  <agent start_id="28" goal_id="147"/>
  <agent start_id="80" goal_id="36"/>
  <agent start_id="17" goal_id="73"/>
  <agent start_id="62" goal_id="2"/>
  <agent start_id="38" goal_id="45"/>
  <agent start_id="150" goal_id="7"/>
  <agent start_id="193" goal_id="67"/>
  <agent start_id="53" goal_id="153"/>
  <agent start_id="105" goal_id="49"/>
  <agent start_id="137" goal_id="174"/>
  <agent start_id="164" goal_id="160"/>
  <agent start_id="165" goal_id="148"/>
  <agent start_id="1" goal_id="130"/>
  <agent start_id="4" goal_id="22"/>
  <agent start_id="27" goal_id="173"/>
  <agent start_id="148" goal_id="109"/>
  <agent start_id="84" goal_id="154"/>
  <agent start_id="73" goal_id="69"/>
  <agent start_id="118" goal_id="39"/>
  <agent start_id="147" goal_id="68"/>
  <agent start_id="133" goal_id="157"/>
  <agent start_id="91" goal_id="12"/>
  <agent start_id="156" goal_id="117"/>
  <agent start_id="173" goal_id="82"/>
  <agent start_id="143" goal_id="105"/>
  <agent start_id="189" goal_id="46"/>
  <agent start_id="160" goal_id="95"/>
  <agent start_id="57" goal_id="51"/>
  <agent start_id="163" goal_id="133"/>
  <agent start_id="192" goal_id="163"/>
  <agent start_id="30" goal_id="56"/>
  <agent start_id="7" goal_id="61"/>
  <agent start_id="175" goal_id="121"/>
  <agent start_id="54" goal_id="92"/>
  <agent start_id="159" goal_id="177"/>
  <agent start_id="93" goal_id="122"/>
  <agent start_id="55" goal_id="79"/>
  <agent start_id="102" goal_id="42"/>
  <agent start_id="161" goal_id="162"/>
  <agent start_id="146" goal_id="145"/>
  <agent start_id="95" goal_id="58"/>
  <agent start_id="181" goal_id="70"/>
  <agent start_id="132" goal_id="31"/>
  <agent start_id="45" goal_id="151"/>
  <agent start_id="198" goal_id="96"/>
  <agent start_id="40" goal_id="165"/>
  <agent start_id="90" goal_id="167"/>
</root>
