<?xml version="1.0" ?>
<root>
  <agent start_id="63" goal_id="4"/>
  <agent start_id="74" goal_id="197"/>
  <agent start_id="146" goal_id="147"/>
  <agent start_id="98" goal_id="38"/>
  <agent start_id="151" goal_id="42"/>
  <agent start_id="61" goal_id="99"/>
  <agent start_id="163" goal_id="94"/>
  <agent start_id="69" goal_id="104"/>
  <agent start_id="76" goal_id="89"/>
  <agent start_id="42" goal_id="194"/>
  <agent start_id="29" goal_id="155"/>
  <agent start_id="48" goal_id="27"/>
  <agent start_id="108" goal_id="144"/>
  <agent start_id="34" goal_id="191"/>
  <agent start_id="161" goal_id="33"/>
  <agent start_id="167" goal_id="161"/>
  <agent start_id="14" goal_id="31"/>
  <agent start_id="0" goal_id="106"/>
  <agent start_id="45" goal_id="85"/>
  <agent start_id="174" goal_id="139"/>
  <agent start_id="36" goal_id="170"/>
  <agent start_id="32" goal_id="177"/>
  <agent start_id="17" goal_id="29"/>
  <agent start_id="53" goal_id="182"/>
  <agent start_id="51" goal_id="151"/>
  <agent start_id="178" goal_id="136"/>
  <agent start_id="169" goal_id="138"/>
  <agent start_id="105" goal_id="84"/>
  <agent start_id="106" goal_id="193"/>
  <agent start_id="93" goal_id="196"/>
  <agent start_id="122" goal_id="189"/>
  <agent start_id="12" goal_id="185"/>
  <agent start_id="182" goal_id="134"/>
  <agent start_id="136" goal_id="14"/>
  <agent start_id="150" goal_id="46"/>
  <agent start_id="198" goal_id="1"/>
  <agent start_id="188" goal_id="7"/>
  <agent start_id="159" goal_id="83"/>
  <agent start_id="185" goal_id="2"/>
  <agent start_id="18" goal_id="145"/>
  <agent start_id="70" goal_id="192"/>
  <agent start_id="11" goal_id="54"/>
  <agent start_id="173" goal_id="0"/>
  <agent start_id="8" goal_id="74"/>
  <agent start_id="21" goal_id="36"/>
  <agent start_id="90" goal_id="18"/>
  <agent start_id="26" goal_id="24"/>
  <agent start_id="121" goal_id="13"/>
  <agent start_id="78" goal_id="96"/>
  <agent start_id="44" goal_id="198"/>
</root>
