<?xml version="1.0" ?>
<root>
  <agent start_id="138" goal_id="71"/>
  <agent start_id="54" goal_id="93"/>
  <agent start_id="3" goal_id="156"/>
  <agent start_id="144" goal_id="115"/>
  <agent start_id="28" goal_id="164"/>
  <agent start_id="154" goal_id="143"/>
  <agent start_id="135" goal_id="9"/>
  <agent start_id="185" goal_id="78"/>
  <agent start_id="71" goal_id="191"/>
  <agent start_id="56" goal_id="1"/>
  <agent start_id="60" goal_id="18"/>
  <agent start_id="182" goal_id="92"/>
  <agent start_id="30" goal_id="139"/>
  <agent start_id="180" goal_id="12"/>
  <agent start_id="184" goal_id="195"/>
  <agent start_id="92" goal_id="188"/>
  <agent start_id="9" goal_id="133"/>
  <agent start_id="98" goal_id="38"/>
  <agent start_id="142" goal_id="136"/>
  <agent start_id="197" goal_id="20"/>
  <agent start_id="168" goal_id="129"/>
  <agent start_id="41" goal_id="6"/>
  <agent start_id="58" goal_id="77"/>
  <agent start_id="51" goal_id="43"/>
  <agent start_id="48" goal_id="57"/>
  <agent start_id="199" goal_id="186"/>
  <agent start_id="166" goal_id="138"/>
  <agent start_id="151" goal_id="172"/>
  <agent start_id="176" goal_id="127"/>
  <agent start_id="12" goal_id="54"/>
  <agent start_id="192" goal_id="151"/>
  <agent start_id="145" goal_id="3"/>
  <agent start_id="111" goal_id="41"/>
  <agent start_id="127" goal_id="170"/>
  <agent start_id="189" goal_id="8"/>
  <agent start_id="122" goal_id="158"/>
  <agent start_id="108" goal_id="82"/>
  <agent start_id="44" goal_id="44"/>
  <agent start_id="119" goal_id="131"/>
  <agent start_id="110" goal_id="51"/>
  <agent start_id="75" goal_id="110"/>
  <agent start_id="129" goal_id="192"/>
  <agent start_id="170" goal_id="68"/>
  <agent start_id="194" goal_id="46"/>
  <agent start_id="82" goal_id="119"/>
  <agent start_id="5" goal_id="174"/>
  <agent start_id="55" goal_id="199"/>
  <agent start_id="83" goal_id="45"/>
  <agent start_id="68" goal_id="132"/>
  <agent start_id="163" goal_id="177"/>
</root>
