<?xml version="1.0" ?>
<root>
  <agent start_id="190" goal_id="34"/>
  <agent start_id="21" goal_id="33"/>
  <agent start_id="13" goal_id="160"/>
  <agent start_id="137" goal_id="24"/>
  <agent start_id="124" goal_id="124"/>
  <agent start_id="121" goal_id="154"/>
  <agent start_id="52" goal_id="149"/>
  <agent start_id="156" goal_id="164"/>
  <agent start_id="113" goal_id="15"/>
  <agent start_id="42" goal_id="30"/>
  <agent start_id="67" goal_id="18"/>
  <agent start_id="31" goal_id="157"/>
  <agent start_id="115" goal_id="118"/>
  <agent start_id="90" goal_id="175"/>
  <agent start_id="122" goal_id="187"/>
  <agent start_id="123" goal_id="120"/>
  <agent start_id="2" goal_id="2"/>
  <agent start_id="62" goal_id="165"/>
  <agent start_id="193" goal_id="8"/>
  <agent start_id="97" goal_id="62"/>
  <agent start_id="155" goal_id="145"/>
  <agent start_id="78" goal_id="61"/>
  <agent start_id="86" goal_id="55"/>
  <agent start_id="120" goal_id="176"/>
  <agent start_id="80" goal_id="22"/>
  <agent start_id="158" goal_id="49"/>
  <agent start_id="57" goal_id="83"/>
  <agent start_id="24" goal_id="99"/>
  <agent start_id="75" goal_id="90"/>
  <agent start_id="147" goal_id="109"/>
  <agent start_id="141" goal_id="126"/>
  <agent start_id="152" goal_id="67"/>
  <agent start_id="98" goal_id="69"/>
  <agent start_id="55" goal_id="91"/>
  <agent start_id="186" goal_id="147"/>
  <agent start_id="181" goal_id="43"/>
  <agent start_id="26" goal_id="105"/>
  <agent start_id="188" goal_id="12"/>
  <agent start_id="119" goal_id="174"/>
  <agent start_id="134" goal_id="46"/>
  <agent start_id="177" goal_id="198"/>
  <agent start_id="169" goal_id="181"/>
  <agent start_id="49" goal_id="153"/>
  <agent start_id="173" goal_id="173"/>
  <agent start_id="73" goal_id="97"/>
  <agent start_id="36" goal_id="195"/>
  <agent start_id="10" goal_id="37"/>
  <agent start_id="92" goal_id="51"/>
  <agent start_id="164" goal_id="191"/>
  <agent start_id="69" goal_id="188"/>
</root>
