<?xml version="1.0" ?>
<root>
  <agent start_id="7" goal_id="132"/>
  <agent start_id="31" goal_id="142"/>
  <agent start_id="116" goal_id="61"/>
  <agent start_id="160" goal_id="163"/>
  <agent start_id="167" goal_id="129"/>
  <agent start_id="110" goal_id="178"/>
  <agent start_id="70" goal_id="52"/>
  <agent start_id="92" goal_id="137"/>
  <agent start_id="67" goal_id="167"/>
  <agent start_id="37" goal_id="169"/>
  <agent start_id="142" goal_id="133"/>
  <agent start_id="25" goal_id="93"/>
  <agent start_id="48" goal_id="112"/>
  <agent start_id="133" goal_id="45"/>
  <agent start_id="69" goal_id="55"/>
  <agent start_id="145" goal_id="120"/>
  <agent start_id="13" goal_id="138"/>
  <agent start_id="78" goal_id="16"/>
  <agent start_id="179" goal_id="57"/>
  <agent start_id="83" goal_id="106"/>
  <agent start_id="189" goal_id="189"/>
  <agent start_id="138" goal_id="179"/>
  <agent start_id="193" goal_id="97"/>
  <agent start_id="100" goal_id="113"/>
  <agent start_id="73" goal_id="99"/>
  <agent start_id="119" goal_id="46"/>
  <agent start_id="120" goal_id="198"/>
  <agent start_id="95" goal_id="87"/>
  <agent start_id="10" goal_id="78"/>
  <agent start_id="0" goal_id="62"/>
  <agent start_id="185" goal_id="115"/>
  <agent start_id="180" goal_id="102"/>
  <agent start_id="194" goal_id="128"/>
  <agent start_id="144" goal_id="90"/>
  <agent start_id="172" goal_id="107"/>
  <agent start_id="153" goal_id="160"/>
  <agent start_id="149" goal_id="104"/>
  <agent start_id="85" goal_id="182"/>
  <agent start_id="111" goal_id="122"/>
  <agent start_id="52" goal_id="124"/>
  <agent start_id="24" goal_id="3"/>
  <agent start_id="39" goal_id="155"/>
  <agent start_id="103" goal_id="121"/>
  <agent start_id="129" goal_id="0"/>
  <agent start_id="60" goal_id="186"/>
  <agent start_id="161" goal_id="2"/>
  <agent start_id="84" goal_id="14"/>
  <agent start_id="46" goal_id="197"/>
  <agent start_id="22" goal_id="144"/>
  <agent start_id="128" goal_id="151"/>
</root>
