<?xml version="1.0" ?>
<root>
  <agent start_id="199" goal_id="28"/>
  <agent start_id="52" goal_id="192"/>
  <agent start_id="155" goal_id="193"/>
  <agent start_id="178" goal_id="32"/>
  <agent start_id="12" goal_id="19"/>
  <agent start_id="56" goal_id="148"/>
  <agent start_id="132" goal_id="15"/>
  <agent start_id="75" goal_id="115"/>
  <agent start_id="25" goal_id="50"/>
  <agent start_id="112" goal_id="75"/>
  <agent start_id="111" goal_id="195"/>
  <agent start_id="133" goal_id="106"/>
  <agent start_id="110" goal_id="92"/>
  <agent start_id="122" goal_id="96"/>
  <agent start_id="177" goal_id="72"/>
  <agent start_id="46" goal_id="0"/>
  <agent start_id="176" goal_id="5"/>
  <agent start_id="119" goal_id="140"/>
  <agent start_id="173" goal_id="55"/>
  <agent start_id="117" goal_id="62"/>
  <agent start_id="102" goal_id="26"/>
  <agent start_id="55" goal_id="36"/>
  <agent start_id="59" goal_id="116"/>
  <agent start_id="97" goal_id="129"/>
  <agent start_id="154" goal_id="139"/>
  <agent start_id="0" goal_id="125"/>
  <agent start_id="81" goal_id="70"/>
  <agent start_id="89" goal_id="67"/>
  <agent start_id="32" goal_id="88"/>
  <agent start_id="100" goal_id="131"/>
  <agent start_id="39" goal_id="27"/>
  <agent start_id="189" goal_id="143"/>
  <agent start_id="163" goal_id="162"/>
  <agent start_id="60" goal_id="163"/>
  <agent start_id="143" goal_id="48"/>
  <agent start_id="49" goal_id="137"/>
  <agent start_id="193" goal_id="56"/>
  <agent start_id="182" goal_id="159"/>
  <agent start_id="138" goal_id="109"/>
  <agent start_id="120" goal_id="91"/>
  <agent start_id="43" goal_id="151"/>
  <agent start_id="73" goal_id="40"/>
  <agent start_id="174" goal_id="123"/>
  <agent start_id="190" goal_id="175"/>
  <agent start_id="135" goal_id="10"/>
  <agent start_id="16" goal_id="197"/>
  <agent start_id="106" goal_id="177"/>
  <agent start_id="186" goal_id="45"/>
  <agent start_id="170" goal_id="172"/>
  <agent start_id="6" goal_id="107"/>
</root>
