<?xml version="1.0" ?>
<root>
  <agent start_id="24" goal_id="53"/>
  <agent start_id="183" goal_id="146"/>
  <agent start_id="87" goal_id="86"/>
  <agent start_id="42" goal_id="83"/>
  <agent start_id="158" goal_id="129"/>
  <agent start_id="189" goal_id="1"/>
  <agent start_id="48" goal_id="48"/>
  <agent start_id="123" goal_id="81"/>
  <agent start_id="0" goal_id="160"/>
  <agent start_id="144" goal_id="106"/>
  <agent start_id="133" goal_id="89"/>
  <agent start_id="80" goal_id="165"/>
  <agent start_id="2" goal_id="179"/>
  <agent start_id="195" goal_id="36"/>
  <agent start_id="155" goal_id="98"/>
  <agent start_id="31" goal_id="16"/>
  <agent start_id="81" goal_id="183"/>
  <agent start_id="187" goal_id="112"/>
  <agent start_id="113" goal_id="75"/>
  <agent start_id="137" goal_id="32"/>
  <agent start_id="163" goal_id="59"/>
  <agent start_id="178" goal_id="127"/>
  <agent start_id="27" goal_id="141"/>
  <agent start_id="16" goal_id="187"/>
  <agent start_id="17" goal_id="23"/>
  <agent start_id="54" goal_id="104"/>
  <agent start_id="157" goal_id="121"/>
  <agent start_id="153" goal_id="63"/>
  <agent start_id="66" goal_id="2"/>
  <agent start_id="118" goal_id="174"/>
  <agent start_id="77" goal_id="143"/>
  <agent start_id="141" goal_id="60"/>
  <agent start_id="90" goal_id="144"/>
  <agent start_id="55" goal_id="87"/>
  <agent start_id="132" goal_id="44"/>
  <agent start_id="37" goal_id="42"/>
  <agent start_id="50" goal_id="35"/>
  <agent start_id="32" goal_id="114"/>
  <agent start_id="86" goal_id="99"/>
  <agent start_id="125" goal_id="102"/>
  <agent start_id="99" goal_id="49"/>
  <agent start_id="150" goal_id="62"/>
  <agent start_id="104" goal_id="31"/>
  <agent start_id="193" goal_id="124"/>
  <agent start_id="61" goal_id="95"/>
  <agent start_id="6" goal_id="139"/>
  <agent start_id="199" goal_id="8"/>
  <agent start_id="154" goal_id="100"/>
  <agent start_id="36" goal_id="181"/>
  <agent start_id="62" goal_id="10"/>
</root>
