<?xml version="1.0" ?>
<root>
  <agent start_id="136" goal_id="18"/>
  <agent start_id="111" goal_id="39"/>
  <agent start_id="50" goal_id="137"/>
  <agent start_id="180" goal_id="154"/>
  <agent start_id="144" goal_id="101"/>
  <agent start_id="103" goal_id="152"/>
  <agent start_id="115" goal_id="75"/>
  <agent start_id="81" goal_id="194"/>
  <agent start_id="25" goal_id="95"/>
  <agent start_id="82" goal_id="134"/>
  <agent start_id="2" goal_id="197"/>
  <agent start_id="24" goal_id="29"/>
  <agent start_id="53" goal_id="54"/>
  <agent start_id="27" goal_id="110"/>
  <agent start_id="163" goal_id="58"/>
  <agent start_id="93" goal_id="8"/>
  <agent start_id="31" goal_id="151"/>
  <agent start_id="67" goal_id="52"/>
  <agent start_id="140" goal_id="109"/>
  <agent start_id="127" goal_id="149"/>
  <agent start_id="107" goal_id="14"/>
  <agent start_id="156" goal_id="2"/>
  <agent start_id="170" goal_id="49"/>
  <agent start_id="3" goal_id="108"/>
  <agent start_id="70" goal_id="59"/>
  <agent start_id="149" goal_id="80"/>
  <agent start_id="194" goal_id="44"/>
  <agent start_id="173" goal_id="160"/>
  <agent start_id="54" goal_id="37"/>
  <agent start_id="174" goal_id="63"/>
  <agent start_id="167" goal_id="98"/>
  <agent start_id="84" goal_id="56"/>
  <agent start_id="65" goal_id="20"/>
  <agent start_id="146" goal_id="60"/>
  <agent start_id="188" goal_id="70"/>
  <agent start_id="60" goal_id="4"/>
  <agent start_id="191" goal_id="5"/>
  <agent start_id="175" goal_id="169"/>
  <agent start_id="47" goal_id="87"/>
  <agent start_id="19" goal_id="51"/>
  <agent start_id="6" goal_id="185"/>
  <agent start_id="185" goal_id="141"/>
  <agent start_id="164" goal_id="175"/>
  <agent start_id="108" goal_id="22"/>
  <agent start_id="89" goal_id="69"/>
  <agent start_id="72" goal_id="155"/>
  <agent start_id="139" goal_id="162"/>
  <agent start_id="122" goal_id="82"/>
  <agent start_id="29" goal_id="181"/>
  <agent start_id="98" goal_id="10"/>
</root>
