<?xml version="1.0" ?>
<root>
  <agent start_id="125" goal_id="93"/>
  <agent start_id="178" goal_id="164"/>
  <agent start_id="161" goal_id="50"/>
  <agent start_id="197" goal_id="134"/>
  <agent start_id="167" goal_id="28"/>
  <agent start_id="141" goal_id="84"/>
  <agent start_id="84" goal_id="24"/>
  <agent start_id="0" goal_id="20"/>
  <agent start_id="31" goal_id="9"/>
  <agent start_id="6" goal_id="48"/>
  <agent start_id="79" goal_id="162"/>
  <agent start_id="137" goal_id="147"/>
  <agent start_id="60" goal_id="109"/>
  <agent start_id="82" goal_id="148"/>
  <agent start_id="93" goal_id="58"/>
  <agent start_id="27" goal_id="70"/>
  <agent start_id="49" goal_id="85"/>
  <agent start_id="100" goal_id="142"/>
  <agent start_id="16" goal_id="100"/>
  <agent start_id="24" goal_id="143"/>
  <agent start_id="131" goal_id="106"/>
  <agent start_id="66" goal_id="41"/>
  <agent start_id="3" goal_id="180"/>
  <agent start_id="51" goal_id="131"/>
  <agent start_id="166" goal_id="90"/>
  <agent start_id="8" goal_id="112"/>
  <agent start_id="195" goal_id="182"/>
  <agent start_id="76" goal_id="168"/>
  <agent start_id="173" goal_id="57"/>
  <agent start_id="32" goal_id="111"/>
  <agent start_id="149" goal_id="5"/>
  <agent start_id="114" goal_id="56"/>
  <agent start_id="91" goal_id="13"/>
  <agent start_id="111" goal_id="165"/>
  <agent start_id="56" goal_id="99"/>
  <agent start_id="150" goal_id="179"/>
  <agent start_id="171" goal_id="35"/>
  <agent start_id="86" goal_id="59"/>
  <agent start_id="106" goal_id="11"/>
  <agent start_id="119" goal_id="193"/>
  <agent start_id="34" goal_id="140"/>
  <agent start_id="78" goal_id="159"/>
  <agent start_id="165" goal_id="139"/>
  <agent start_id="19" goal_id="128"/>
  <agent start_id="39" goal_id="135"/>
  <agent start_id="109" goal_id="161"/>
  <agent start_id="154" goal_id="74"/>
  <agent start_id="152" goal_id="196"/>
  <agent start_id="115" goal_id="7"/>
  <agent start_id="198" goal_id="137"/>
</root>
