<?xml version="1.0" ?>
<root>
  <agent start_id="85" goal_id="33"/>
  <agent start_id="145" goal_id="118"/>
  <agent start_id="87" goal_id="166"/>
  <agent start_id="171" goal_id="39"/>
  <agent start_id="19" goal_id="112"/>
  <agent start_id="49" goal_id="195"/>
  <agent start_id="158" goal_id="45"/>
  <agent start_id="126" goal_id="143"/>
  <agent start_id="156" goal_id="72"/>
  <agent start_id="3" goal_id="73"/>
  <agent start_id="197" goal_id="9"/>
  <agent start_id="164" goal_id="64"/>
  <agent start_id="184" goal_id="110"/>
  <agent start_id="12" goal_id="41"/>
  <agent start_id="105" goal_id="147"/>
  <agent start_id="73" goal_id="11"/>
  <agent start_id="62" goal_id="51"/>
  <agent start_id="36" goal_id="127"/>
  <agent start_id="32" goal_id="102"/>
  <agent start_id="185" goal_id="131"/>
  <agent start_id="20" goal_id="153"/>
  <agent start_id="47" goal_id="181"/>
  <agent start_id="127" goal_id="79"/>
  <agent start_id="40" goal_id="104"/>
  <agent start_id="103" goal_id="170"/>
  <agent start_id="38" goal_id="47"/>
  <agent start_id="176" goal_id="68"/>
  <agent start_id="46" goal_id="57"/>
  <agent start_id="174" goal_id="148"/>
  <agent start_id="45" goal_id="193"/>
  <agent start_id="74" goal_id="121"/>
  <agent start_id="119" goal_id="71"/>
  <agent start_id="147" goal_id="129"/>
  <agent start_id="15" goal_id="141"/>
  <agent start_id="151" goal_id="105"/>
  <agent start_id="168" goal_id="20"/>
  <agent start_id="75" goal_id="158"/>
  <agent start_id="123" goal_id="95"/>
  <agent start_id="102" goal_id="8"/>
  <agent start_id="1" goal_id="74"/>
  <agent start_id="112" goal_id="16"/>
  <agent start_id="95" goal_id="108"/>
  <agent start_id="128" goal_id="48"/>
  <agent start_id="193" goal_id="152"/>
  <agent start_id="72" goal_id="124"/>
  <agent start_id="194" goal_id="169"/>
  <agent start_id="51" goal_id="13"/>
  <agent start_id="21" goal_id="19"/>
  <agent start_id="139" goal_id="184"/>
  <agent start_id="131" goal_id="187"/>
</root>
