<?xml version="1.0" ?>
<root>
  <agent start_id="196" goal_id="35"/>
  <agent start_id="93" goal_id="50"/>
  <agent start_id="45" goal_id="96"/>
  <agent start_id="68" goal_id="67"/>
  <agent start_id="37" goal_id="104"/>
  <agent start_id="64" goal_id="197"/>
  <agent start_id="116" goal_id="113"/>
  <agent start_id="71" goal_id="94"/>
  <agent start_id="19" goal_id="23"/>
  <agent start_id="147" goal_id="3"/>
  <agent start_id="178" goal_id="182"/>
  <agent start_id="74" goal_id="19"/>
  <agent start_id="152" goal_id="172"/>
  <agent start_id="23" goal_id="11"/>
  <agent start_id="89" goal_id="110"/>
  <agent start_id="42" goal_id="192"/>
  <agent start_id="96" goal_id="71"/>
  <agent start_id="187" goal_id="121"/>
  <agent start_id="33" goal_id="54"/>
  <agent start_id="193" goal_id="126"/>
  <agent start_id="117" goal_id="141"/>
  <agent start_id="80" goal_id="194"/>
  <agent start_id="177" goal_id="199"/>
  <agent start_id="142" goal_id="169"/>
  <agent start_id="139" goal_id="155"/>
  <agent start_id="78" goal_id="107"/>
  <agent start_id="100" goal_id="32"/>
  <agent start_id="65" goal_id="154"/>
  <agent start_id="168" goal_id="171"/>
  <agent start_id="149" goal_id="140"/>
  <agent start_id="6" goal_id="105"/>
  <agent start_id="184" goal_id="85"/>
  <agent start_id="137" goal_id="15"/>
  <agent start_id="190" goal_id="69"/>
  <agent start_id="127" goal_id="24"/>
  <agent start_id="170" goal_id="43"/>
  <agent start_id="110" goal_id="183"/>
  <agent start_id="46" goal_id="86"/>
  <agent start_id="121" goal_id="164"/>
  <agent start_id="1" goal_id="165"/>
  <agent start_id="126" goal_id="150"/>
  <agent start_id="130" goal_id="83"/>
  <agent start_id="59" goal_id="139"/>
  <agent start_id="31" goal_id="77"/>
  <agent start_id="105" goal_id="92"/>
  <agent start_id="28" goal_id="48"/>
  <agent start_id="113" goal_id="17"/>
  <agent start_id="189" goal_id="66"/>
  <agent start_id="158" goal_id="191"/>
  <agent start_id="118" goal_id="122"/>
</root>
