<?xml version="1.0" ?>
<root>
  <agent start_id="59" goal_id="160"/>
  <agent start_id="122" goal_id="103"/>
  <agent start_id="28" goal_id="37"/>
  <agent start_id="148" goal_id="152"/>
  <agent start_id="70" goal_id="121"/>
  <agent start_id="0" goal_id="171"/>
  <agent start_id="30" goal_id="1"/>
  <agent start_id="172" goal_id="104"/>
  <agent start_id="75" goal_id="21"/>
  <agent start_id="117" goal_id="198"/>
  <agent start_id="61" goal_id="86"/>
  <agent start_id="107" goal_id="180"/>
  <agent start_id="156" goal_id="17"/>
  <agent start_id="93" goal_id="82"/>
  <agent start_id="199" goal_id="143"/>
  <agent start_id="167" goal_id="119"/>
  <agent start_id="150" goal_id="111"/>
  <agent start_id="138" goal_id="159"/>
  <agent start_id="41" goal_id="25"/>
  <agent start_id="80" goal_id="184"/>
  <agent start_id="6" goal_id="90"/>
  <agent start_id="34" goal_id="64"/>
  <agent start_id="23" goal_id="101"/>
  <agent start_id="85" goal_id="133"/>
  <agent start_id="132" goal_id="2"/>
  <agent start_id="115" goal_id="96"/>
  <agent start_id="162" goal_id="172"/>
  <agent start_id="133" goal_id="43"/>
  <agent start_id="89" goal_id="40"/>
  <agent start_id="78" goal_id="11"/>
  <agent start_id="38" goal_id="163"/>
  <agent start_id="71" goal_id="50"/>
  <agent start_id="87" goal_id="18"/>
  <agent start_id="195" goal_id="153"/>
  <agent start_id="163" goal_id="182"/>
  <agent start_id="127" goal_id="190"/>
  <agent start_id="79" goal_id="44"/>
  <agent start_id="86" goal_id="168"/>
  <agent start_id="182" goal_id="8"/>
  <agent start_id="55" goal_id="191"/>
  <agent start_id="180" goal_id="145"/>
  <agent start_id="98" goal_id="193"/>
  <agent start_id="160" goal_id="10"/>
  <agent start_id="91" goal_id="22"/>
  <agent start_id="94" goal_id="13"/>
  <agent start_id="124" goal_id="179"/>
  <agent start_id="114" goal_id="174"/>
  <agent start_id="191" goal_id="91"/>
  <agent start_id="137" goal_id="107"/>
  <agent start_id="178" goal_id="27"/>
</root>
