<?xml version="1.0" ?>
<root>
  <agent start_id="97" goal_id="12"/>
  <agent start_id="149" goal_id="79"/>
  <agent start_id="166" goal_id="35"/>
  <agent start_id="19" goal_id="20"/>
  <agent start_id="84" goal_id="105"/>
  <agent start_id="115" goal_id="187"/>
  <agent start_id="191" goal_id="184"/>
  <agent start_id="5" goal_id="141"/>
  <agent start_id="53" goal_id="130"/>
  <agent start_id="81" goal_id="53"/>
  <agent start_id="131" goal_id="83"/>
  <agent start_id="162" goal_id="85"/>
  <agent start_id="156" goal_id="13"/>
  <agent start_id="178" goal_id="128"/>
  <agent start_id="12" goal_id="145"/>
  <agent start_id="8" goal_id="178"/>
  <agent start_id="173" goal_id="155"/>
  <agent start_id="180" goal_id="4"/>
  <agent start_id="90" goal_id="42"/>
  <agent start_id="15" goal_id="24"/>
  <agent start_id="109" goal_id="183"/>
  <agent start_id="49" goal_id="116"/>
  <agent start_id="61" goal_id="158"/>
  <agent start_id="147" goal_id="139"/>
  <agent start_id="79" goal_id="36"/>
  <agent start_id="139" goal_id="71"/>
  <agent start_id="70" goal_id="70"/>
  <agent start_id="136" goal_id="68"/>
  <agent start_id="160" goal_id="30"/>
  <agent start_id="77" goal_id="7"/>
  <agent start_id="38" goal_id="185"/>
  <agent start_id="24" goal_id="90"/>
  <agent start_id="190" goal_id="26"/>
  <agent start_id="187" goal_id="78"/>
  <agent start_id="45" goal_id="44"/>
  <agent start_id="118" goal_id="168"/>
  <agent start_id="123" goal_id="119"/>
  <agent start_id="23" goal_id="104"/>
  <agent start_id="78" goal_id="93"/>
  <agent start_id="161" goal_id="51"/>
  <agent start_id="7" goal_id="172"/>
  <agent start_id="28" goal_id="28"/>
  <agent start_id="64" goal_id="80"/>
  <agent start_id="113" goal_id="161"/>
  <agent start_id="128" goal_id="117"/>
  <agent start_id="126" goal_id="182"/>
  <agent start_id="184" goal_id="177"/>
  <agent start_id="1" goal_id="87"/>
  <agent start_id="47" goal_id="157"/>
  <agent start_id="68" goal_id="18"/>
</root>
