<?xml version="1.0" ?>
<root>
  <agent start_id="179" goal_id="160"/>
  <agent start_id="114" goal_id="180"/>
  <agent start_id="110" goal_id="138"/>
  <agent start_id="57" goal_id="195"/>
  <agent start_id="150" goal_id="30"/>
  <agent start_id="72" goal_id="36"/>
  <agent start_id="24" goal_id="197"/>
  <agent start_id="117" goal_id="44"/>
  <agent start_id="32" goal_id="75"/>
  <agent start_id="30" goal_id="129"/>
  <agent start_id="194" goal_id="96"/>
  <agent start_id="36" goal_id="167"/>
  <agent start_id="53" goal_id="84"/>
  <agent start_id="107" goal_id="31"/>
  <agent start_id="136" goal_id="0"/>
  <agent start_id="9" goal_id="136"/>
  <agent start_id="22" goal_id="105"/>
  <agent start_id="105" goal_id="192"/>
  <agent start_id="157" goal_id="182"/>
  <agent start_id="62" goal_id="79"/>
  <agent start_id="91" goal_id="16"/>
  <agent start_id="177" goal_id="101"/>
  <agent start_id="139" goal_id="119"/>
  <agent start_id="31" goal_id="125"/>
  <agent start_id="98" goal_id="39"/>
  <agent start_id="33" goal_id="133"/>
  <agent start_id="48" goal_id="14"/>
  <agent start_id="155" goal_id="175"/>
  <agent start_id="5" goal_id="144"/>
  <agent start_id="65" goal_id="179"/>
  <agent start_id="128" goal_id="113"/>
  <agent start_id="23" goal_id="186"/>
  <agent start_id="26" goal_id="148"/>
  <agent start_id="187" goal_id="163"/>
  <agent start_id="195" goal_id="147"/>
  <agent start_id="138" goal_id="86"/>
  <agent start_id="143" goal_id="29"/>
  <agent start_id="39" goal_id="35"/>
  <agent start_id="113" goal_id="131"/>
  <agent start_id="147" goal_id="157"/>
  <agent start_id="152" goal_id="5"/>
  <agent start_id="104" goal_id="71"/>
  <agent start_id="144" goal_id="18"/>
  <agent start_id="50" goal_id="26"/>
  <agent start_id="184" goal_id="13"/>
  <agent start_id="168" goal_id="189"/>
  <agent start_id="20" goal_id="139"/>
  <agent start_id="64" goal_id="183"/>
  <agent start_id="74" goal_id="77"/>
  <agent start_id="89" goal_id="12"/>
</root>
