<?xml version="1.0" ?>
<root>
  <agent start_id="180" goal_id="137"/>
  <agent start_id="25" goal_id="16"/>
  <agent start_id="37" goal_id="158"/>
  <agent start_id="156" goal_id="86"/>
  <agent start_id="8" goal_id="40"/>
  <agent start_id="38" goal_id="102"/>
  <agent start_id="41" goal_id="12"/>
  <agent start_id="170" goal_id="3"/>
  <agent start_id="19" goal_id="43"/>
  <agent start_id="192" goal_id="52"/>
  <agent start_id="51" goal_id="67"/>
  <agent start_id="182" goal_id="50"/>
  <agent start_id="174" goal_id="187"/>
  <agent start_id="122" goal_id="128"/>
  <agent start_id="15" goal_id="83"/>
  <agent start_id="169" goal_id="116"/>
  <agent start_id="124" goal_id="150"/>
  <agent start_id="22" goal_id="133"/>
  <agent start_id="80" goal_id="146"/>
  <agent start_id="91" goal_id="176"/>
  <agent start_id="70" goal_id="196"/>
  <agent start_id="0" goal_id="44"/>
  <agent start_id="84" goal_id="192"/>
  <agent start_id="10" goal_id="132"/>
  <agent start_id="196" goal_id="159"/>
  <agent start_id="77" goal_id="184"/>
  <agent start_id="197" goal_id="84"/>
  <agent start_id="2" goal_id="4"/>
  <agent start_id="87" goal_id="70"/>
  <agent start_id="65" goal_id="54"/>
  <agent start_id="101" goal_id="59"/>
  <agent start_id="167" goal_id="189"/>
  <agent start_id="186" goal_id="7"/>
  <agent start_id="153" goal_id="19"/>
  <agent start_id="178" goal_id="2"/>
  <agent start_id="115" goal_id="28"/>
  <agent start_id="90" goal_id="18"/>
  <agent start_id="193" goal_id="64"/>
  <agent start_id="53" goal_id="106"/>
  <agent start_id="97" goal_id="61"/>
  <agent start_id="109" goal_id="37"/>
  <agent start_id="162" goal_id="55"/>
  <agent start_id="32" goal_id="72"/>
  <agent start_id="62" goal_id="76"/>
  <agent start_id="58" goal_id="193"/>
  <agent start_id="34" goal_id="81"/>
  <agent start_id="131" goal_id="6"/>
  <agent start_id="181" goal_id="163"/>
  <agent start_id="29" goal_id="136"/>
  <agent start_id="59" goal_id="166"/>
</root>
