<?xml version="1.0" ?>
<root>
  <agent start_id="137" goal_id="60"/>
  <agent start_id="187" goal_id="74"/>
  <agent start_id="88" goal_id="44"/>
  <agent start_id="52" goal_id="190"/>
  <agent start_id="136" goal_id="130"/>
  <agent start_id="57" goal_id="9"/>
  <agent start_id="100" goal_id="43"/>
  <agent start_id="85" goal_id="115"/>
  <agent start_id="75" goal_id="189"/>
  <agent start_id="103" goal_id="135"/>
  <agent start_id="45" goal_id="35"/>
  <agent start_id="180" goal_id="195"/>
  <agent start_id="34" goal_id="26"/>
  <agent start_id="131" goal_id="161"/>
  <agent start_id="184" goal_id="147"/>
  <agent start_id="183" goal_id="158"/>
  <agent start_id="173" goal_id="142"/>
  <agent start_id="80" goal_id="90"/>
  <agent start_id="71" goal_id="80"/>
  <agent start_id="43" goal_id="193"/>
  <agent start_id="196" goal_id="68"/>
  <agent start_id="138" goal_id="182"/>
  <agent start_id="133" goal_id="171"/>
  <agent start_id="119" goal_id="99"/>
  <agent start_id="124" goal_id="149"/>
  <agent start_id="122" goal_id="50"/>
  <agent start_id="63" goal_id="29"/>
  <agent start_id="19" goal_id="84"/>
  <agent start_id="169" goal_id="67"/>
  <agent start_id="116" goal_id="96"/>
  <agent start_id="97" goal_id="37"/>
  <agent start_id="84" goal_id="198"/>
  <agent start_id="94" goal_id="45"/>
  <agent start_id="1" goal_id="56"/>
  <agent start_id="146" goal_id="180"/>
  <agent start_id="41" goal_id="82"/>
  <agent start_id="129" goal_id="86"/>
  <agent start_id="22" goal_id="98"/>
  <agent start_id="46" goal_id="1"/>
  <agent start_id="143" goal_id="106"/>
  <agent start_id="176" goal_id="31"/>
  <agent start_id="70" goal_id="71"/>
  <agent start_id="36" goal_id="163"/>
  <agent start_id="113" goal_id="174"/>
  <agent start_id="160" goal_id="124"/>
  <agent start_id="27" goal_id="111"/>
  <agent start_id="155" goal_id="122"/>
  <agent start_id="0" goal_id="64"/>
  <agent start_id="4" goal_id="179"/>
  <agent start_id="15" goal_id="181"/>
</root>
