<?xml version="1.0" ?>
<root>
  <agent start_id="13" goal_id="10"/>
  <agent start_id="118" goal_id="131"/>
  <agent start_id="150" goal_id="162"/>
  <agent start_id="66" goal_id="66"/>
  <agent start_id="7" goal_id="181"/>
  <agent start_id="65" goal_id="0"/>
  <agent start_id="4" goal_id="14"/>
  <agent start_id="193" goal_id="6"/>
  <agent start_id="20" goal_id="29"/>
  <agent start_id="98" goal_id="88"/>
  <agent start_id="37" goal_id="194"/>
  <agent start_id="190" goal_id="187"/>
  <agent start_id="76" goal_id="189"/>
  <agent start_id="189" goal_id="146"/>
  <agent start_id="152" goal_id="33"/>
  <agent start_id="59" goal_id="157"/>
  <agent start_id="146" goal_id="182"/>
  <agent start_id="181" goal_id="95"/>
  <agent start_id="81" goal_id="30"/>
  <agent start_id="140" goal_id="80"/>
  <agent start_id="16" goal_id="46"/>
  <agent start_id="161" goal_id="197"/>
  <agent start_id="50" goal_id="4"/>
  <agent start_id="123" goal_id="114"/>
  <agent start_id="78" goal_id="69"/>
  <agent start_id="111" goal_id="111"/>
  <agent start_id="196" goal_id="123"/>
  <agent start_id="8" goal_id="191"/>
  <agent start_id="186" goal_id="48"/>
  <agent start_id="121" goal_id="188"/>
  <agent start_id="109" goal_id="44"/>
  <agent start_id="153" goal_id="76"/>
  <agent start_id="24" goal_id="97"/>
  <agent start_id="32" goal_id="43"/>
  <agent start_id="39" goal_id="8"/>
  <agent start_id="132" goal_id="105"/>
  <agent start_id="10" goal_id="37"/>
  <agent start_id="137" goal_id="24"/>
  <agent start_id="144" goal_id="127"/>
  <agent start_id="69" goal_id="50"/>
  <agent start_id="159" goal_id="116"/>
  <agent start_id="170" goal_id="185"/>
  <agent start_id="99" goal_id="140"/>
  <agent start_id="54" goal_id="60"/>
  <agent start_id="133" goal_id="79"/>
  <agent start_id="51" goal_id="49"/>
  <agent start_id="92" goal_id="139"/>
  <agent start_id="162" goal_id="112"/>
  <agent start_id="91" goal_id="177"/>
  <agent start_id="188" goal_id="100"/>
</root>
