<?xml version="1.0" ?>
<root>
  <agent start_id="144" goal_id="108"/>
  <agent start_id="67" goal_id="158"/>
  <agent start_id="185" goal_id="159"/>
  <agent start_id="116" goal_id="68"/>
  <agent start_id="86" goal_id="163"/>
  <agent start_id="29" goal_id="60"/>
  <agent start_id="114" goal_id="31"/>
  <agent start_id="106" goal_id="184"/>
  <agent start_id="3" goal_id="38"/>
  <agent start_id="141" goal_id="0"/>
  <agent start_id="97" goal_id="107"/>
  <agent start_id="149" goal_id="87"/>
  <agent start_id="190" goal_id="13"/>
  <agent start_id="133" goal_id="150"/>
  <agent start_id="124" goal_id="157"/>
  <agent start_id="91" goal_id="7"/>
  <agent start_id="192" goal_id="91"/>
  <agent start_id="179" goal_id="3"/>
  <agent start_id="48" goal_id="145"/>
  <agent start_id="100" goal_id="136"/>
  <agent start_id="75" goal_id="25"/>
  <agent start_id="73" goal_id="149"/>
  <agent start_id="30" goal_id="112"/>
  <agent start_id="14" goal_id="39"/>
  <agent start_id="16" goal_id="34"/>
  <agent start_id="83" goal_id="195"/>
  <agent start_id="129" goal_id="90"/>
  <agent start_id="95" goal_id="131"/>
  <agent start_id="24" goal_id="123"/>
  <agent start_id="161" goal_id="8"/>
  <agent start_id="170" goal_id="115"/>
  <agent start_id="61" goal_id="113"/>
  <agent start_id="181" goal_id="98"/>
  <agent start_id="5" goal_id="101"/>
  <agent start_id="79" goal_id="32"/>
  <agent start_id="10" goal_id="94"/>
  <agent start_id="177" goal_id="168"/>
  <agent start_id="36" goal_id="12"/>
  <agent start_id="78" goal_id="177"/>
  <agent start_id="92" goal_id="171"/>
  <agent start_id="198" goal_id="53"/>
  <agent start_id="107" goal_id="167"/>
  <agent start_id="139" goal_id="183"/>
  <agent start_id="136" goal_id="14"/>
  <agent start_id="51" goal_id="49"/>
  <agent start_id="11" goal_id="116"/>
  <agent start_id="193" goal_id="15"/>
  <agent start_id="153" goal_id="84"/>
  <agent start_id="182" goal_id="152"/>
  <agent start_id="140" goal_id="197"/>
</root>
