<?xml version="1.0" ?>
<root>
  <agent start_id="157" goal_id="113"/>
  <agent start_id="72" goal_id="136"/>
  <agent start_id="140" goal_id="162"/>
  <agent start_id="30" goal_id="171"/>
  <agent start_id="196" goal_id="77"/>
  <agent start_id="199" goal_id="104"/>
  <agent start_id="164" goal_id="142"/>
  <agent start_id="10" goal_id="132"/>
  <agent start_id="125" goal_id="33"/>
  <agent start_id="194" goal_id="73"/>
  <agent start_id="120" goal_id="150"/>
  <agent start_id="178" goal_id="28"/>
  <agent start_id="63" goal_id="137"/>
  <agent start_id="28" goal_id="172"/>
  <agent start_id="158" goal_id="169"/>
  <agent start_id="180" goal_id="40"/>
  <agent start_id="121" goal_id="4"/>
  <agent start_id="118" goal_id="190"/>
  <agent start_id="147" goal_id="178"/>
  <agent start_id="197" goal_id="44"/>
  <agent start_id="46" goal_id="158"/>
  <agent start_id="104" goal_id="157"/>
  <agent start_id="109" goal_id="1"/>
  <agent start_id="23" goal_id="165"/>
  <agent start_id="60" goal_id="99"/>
  <agent start_id="19" goal_id="2"/>
  <agent start_id="139" goal_id="166"/>
  <agent start_id="76" goal_id="133"/>
  <agent start_id="66" goal_id="65"/>
  <agent start_id="79" goal_id="124"/>
  <agent start_id="185" goal_id="30"/>
  <agent start_id="16" goal_id="86"/>
  <agent start_id="145" goal_id="71"/>
  <agent start_id="188" goal_id="110"/>
  <agent start_id="137" goal_id="147"/>
  <agent start_id="141" goal_id="84"/>
  <agent start_id="191" goal_id="167"/>
  <agent start_id="114" goal_id="153"/>
  <agent start_id="5" goal_id="81"/>
  <agent start_id="181" goal_id="159"/>
  <agent start_id="96" goal_id="103"/>
  <agent start_id="171" goal_id="38"/>
  <agent start_id="56" goal_id="176"/>
  <agent start_id="135" goal_id="174"/>
  <agent start_id="48" goal_id="148"/>
  <agent start_id="2" goal_id="108"/>
  <agent start_id="0" goal_id="197"/>
  <agent start_id="128" goal_id="70"/>
  <agent start_id="182" goal_id="26"/>
  <agent start_id="67" goal_id="100"/>
</root>
