<?xml version="1.0" ?>
<root>
  <agent start_id="79" goal_id="174"/>
  <agent start_id="116" goal_id="59"/>
  <agent start_id="50" goal_id="120"/>
  <agent start_id="124" goal_id="142"/>
  <agent start_id="37" goal_id="25"/>
  <agent start_id="64" goal_id="48"/>
  <agent start_id="140" goal_id="96"/>
  <agent start_id="97" goal_id="102"/>
  <agent start_id="63" goal_id="191"/>
  <agent start_id="145" goal_id="130"/>
  <agent start_id="24" goal_id="7"/>
  <agent start_id="78" goal_id="133"/>
  <agent start_id="84" goal_id="163"/>
  <agent start_id="6" goal_id="11"/>
  <agent start_id="166" goal_id="31"/>
  <agent start_id="36" goal_id="118"/>
  <agent start_id="118" goal_id="193"/>
  <agent start_id="128" goal_id="35"/>
  <agent start_id="95" goal_id="189"/>
  <agent start_id="74" goal_id="19"/>
  <agent start_id="147" goal_id="77"/>
  <agent start_id="121" goal_id="68"/>
  <agent start_id="160" goal_id="10"/>
  <agent start_id="5" goal_id="32"/>
  <agent start_id="30" goal_id="197"/>
  <agent start_id="129" goal_id="51"/>
  <agent start_id="77" goal_id="127"/>
  <agent start_id="14" goal_id="108"/>
  <agent start_id="28" goal_id="24"/>
  <agent start_id="130" goal_id="143"/>
  <agent start_id="1" goal_id="110"/>
  <agent start_id="34" goal_id="172"/>
  <agent start_id="199" goal_id="2"/>
  <agent start_id="58" goal_id="97"/>
  <agent start_id="195" goal_id="119"/>
  <agent start_id="70" goal_id="57"/>
  <agent start_id="187" goal_id="166"/>
  <agent start_id="169" goal_id="38"/>
  <agent start_id="164" goal_id="146"/>
  <agent start_id="59" goal_id="152"/>
  <agent start_id="176" goal_id="53"/>
  <agent start_id="82" goal_id="74"/>
  <agent start_id="13" goal_id="183"/>
  <agent start_id="57" goal_id="122"/>
  <agent start_id="158" goal_id="29"/>
  <agent start_id="107" goal_id="154"/>
  <agent start_id="99" goal_id="187"/>
  <agent start_id="193" goal_id="111"/>
  <agent start_id="154" goal_id="190"/>
  <agent start_id="51" goal_id="185"/>
</root>
