<?xml version="1.0" ?>
<root>
  <agent start_id="124" goal_id="198"/>
  <agent start_id="127" goal_id="127"/>
  <agent start_id="91" goal_id="163"/>
  <agent start_id="118" goal_id="160"/>
  <agent start_id="185" goal_id="140"/>
  <agent start_id="36" goal_id="151"/>
  <agent start_id="64" goal_id="25"/>
  <agent start_id="193" goal_id="110"/>
  <agent start_id="137" goal_id="124"/>
  <agent start_id="38" goal_id="13"/>
  <agent start_id="159" goal_id="181"/>
  <agent start_id="115" goal_id="67"/>
  <agent start_id="75" goal_id="182"/>
  <agent start_id="77" goal_id="97"/>
  <agent start_id="66" goal_id="102"/>
  <agent start_id="0" goal_id="28"/>
  <agent start_id="44" goal_id="75"/>
  <agent start_id="5" goal_id="174"/>
  <agent start_id="6" goal_id="98"/>
  <agent start_id="35" goal_id="158"/>
  <agent start_id="67" goal_id="74"/>
  <agent start_id="93" goal_id="111"/>
  <agent start_id="147" goal_id="70"/>
  <agent start_id="119" goal_id="152"/>
  <agent start_id="9" goal_id="71"/>
  <agent start_id="95" goal_id="20"/>
  <agent start_id="162" goal_id="133"/>
  <agent start_id="103" goal_id="175"/>
  <agent start_id="22" goal_id="113"/>
  <agent start_id="30" goal_id="153"/>
  <agent start_id="60" goal_id="149"/>
  <agent start_id="78" goal_id="22"/>
  <agent start_id="17" goal_id="86"/>
  <agent start_id="81" goal_id="100"/>
  <agent start_id="61" goal_id="119"/>
  <agent start_id="52" goal_id="87"/>
  <agent start_id="177" goal_id="164"/>
  <agent start_id="157" goal_id="196"/>
  <agent start_id="134" goal_id="9"/>
  <agent start_id="24" goal_id="95"/>
  <agent start_id="73" goal_id="32"/>
  <agent start_id="97" goal_id="109"/>
  <agent start_id="151" goal_id="168"/>
  <agent start_id="142" goal_id="172"/>
  <agent start_id="112" goal_id="46"/>
  <agent start_id="169" goal_id="2"/>
  <agent start_id="2" goal_id="1"/>
  <agent start_id="47" goal_id="115"/>
  <agent start_id="153" goal_id="44"/>
  <agent start_id="65" goal_id="166"/>
</root>
