<?xml version="1.0" ?>
<root>
  <agent start_id="42" goal_id="26"/>
  <agent start_id="79" goal_id="66"/>
  <agent start_id="190" goal_id="123"/>
  <agent start_id="189" goal_id="52"/>
  <agent start_id="88" goal_id="104"/>
  <agent start_id="126" goal_id="175"/>
  <agent start_id="175" goal_id="99"/>
  <agent start_id="61" goal_id="77"/>
  <agent start_id="87" goal_id="12"/>
  <agent start_id="149" goal_id="127"/>
  <agent start_id="30" goal_id="181"/>
  <agent start_id="127" goal_id="129"/>
  <agent start_id="26" goal_id="197"/>
  <agent start_id="139" goal_id="179"/>
  <agent start_id="112" goal_id="100"/>
  <agent start_id="9" goal_id="193"/>
  <agent start_id="103" goal_id="167"/>
  <agent start_id="179" goal_id="140"/>
  <agent start_id="172" goal_id="54"/>
  <agent start_id="1" goal_id="48"/>
  <agent start_id="56" goal_id="24"/>
  <agent start_id="40" goal_id="92"/>
  <agent start_id="6" goal_id="182"/>
  <agent start_id="182" goal_id="199"/>
  <agent start_id="192" goal_id="39"/>
  <agent start_id="8" goal_id="20"/>
  <agent start_id="151" goal_id="154"/>
  <agent start_id="115" goal_id="90"/>
  <agent start_id="84" goal_id="105"/>
  <agent start_id="195" goal_id="134"/>
  <agent start_id="34" goal_id="35"/>
  <agent start_id="66" goal_id="155"/>
  <agent start_id="95" goal_id="116"/>
  <agent start_id="116" goal_id="28"/>
  <agent start_id="123" goal_id="5"/>
  <agent start_id="168" goal_id="147"/>
  <agent start_id="178" goal_id="89"/>
  <agent start_id="124" goal_id="172"/>
  <agent start_id="117" goal_id="76"/>
  <agent start_id="74" goal_id="110"/>
  <agent start_id="28" goal_id="73"/>
  <agent start_id="108" goal_id="67"/>
  <agent start_id="156" goal_id="145"/>
  <agent start_id="160" goal_id="74"/>
  <agent start_id="86" goal_id="120"/>
  <agent start_id="44" goal_id="37"/>
  <agent start_id="158" goal_id="71"/>
  <agent start_id="0" goal_id="64"/>
  <agent start_id="73" goal_id="137"/>
  <agent start_id="39" goal_id="163"/>
</root>
