<?xml version="1.0" ?>
<root>
  <agent start_id="63" goal_id="131"/>
  <agent start_id="31" goal_id="13"/>
  <agent start_id="198" goal_id="28"/>
  <agent start_id="13" goal_id="71"/>
  <agent start_id="180" goal_id="121"/>
  <agent start_id="58" goal_id="194"/>
  <agent start_id="81" goal_id="109"/>
  <agent start_id="177" goal_id="181"/>
  <agent start_id="37" goal_id="112"/>
  <agent start_id="20" goal_id="50"/>
  <agent start_id="41" goal_id="10"/>
  <agent start_id="4" goal_id="100"/>
  <agent start_id="62" goal_id="85"/>
  <agent start_id="32" goal_id="89"/>
  <agent start_id="184" goal_id="55"/>
  <agent start_id="193" goal_id="172"/>
  <agent start_id="163" goal_id="26"/>
  <agent start_id="73" goal_id="138"/>
  <agent start_id="104" goal_id="14"/>
  <agent start_id="133" goal_id="178"/>
  <agent start_id="87" goal_id="65"/>
  <agent start_id="187" goal_id="159"/>
  <agent start_id="131" goal_id="81"/>
  <agent start_id="140" goal_id="160"/>
  <agent start_id="195" goal_id="188"/>
  <agent start_id="182" goal_id="155"/>
  <agent start_id="93" goal_id="18"/>
  <agent start_id="14" goal_id="95"/>
  <agent start_id="26" goal_id="21"/>
  <agent start_id="89" goal_id="11"/>
  <agent start_id="91" goal_id="130"/>
  <agent start_id="172" goal_id="166"/>
  <agent start_id="35" goal_id="56"/>
  <agent start_id="92" goal_id="94"/>
  <agent start_id="99" goal_id="86"/>
  <agent start_id="40" goal_id="107"/>
  <agent start_id="118" goal_id="49"/>
  <agent start_id="138" goal_id="122"/>
  <agent start_id="72" goal_id="195"/>
  <agent start_id="74" goal_id="196"/>
  <agent start_id="154" goal_id="114"/>
  <agent start_id="189" goal_id="16"/>
  <agent start_id="156" goal_id="140"/>
  <agent start_id="47" goal_id="139"/>
  <agent start_id="52" goal_id="25"/>
  <agent start_id="151" goal_id="189"/>
  <agent start_id="113" goal_id="167"/>
  <agent start_id="30" goal_id="175"/>
  <agent start_id="119" goal_id="141"/>
  <agent start_id="55" goal_id="199"/>
</root>
