<?xml version="1.0" ?>
<root>
  <agent start_id="184" goal_id="108"/>
  <agent start_id="147" goal_id="179"/>
  <agent start_id="109" goal_id="162"/>
  <agent start_id="102" goal_id="3"/>
  <agent start_id="173" goal_id="13"/>
  <agent start_id="137" goal_id="102"/>
  <agent start_id="154" goal_id="141"/>
  <agent start_id="134" goal_id="199"/>
  <agent start_id="100" goal_id="10"/>
  <agent start_id="170" goal_id="143"/>
  <agent start_id="183" goal_id="86"/>
  <agent start_id="171" goal_id="93"/>
  <agent start_id="74" goal_id="120"/>
  <agent start_id="53" goal_id="18"/>
  <agent start_id="127" goal_id="46"/>
  <agent start_id="11" goal_id="130"/>
  <agent start_id="121" goal_id="194"/>
  <agent start_id="14" goal_id="171"/>
  <agent start_id="91" goal_id="160"/>
  <agent start_id="191" goal_id="29"/>
  <agent start_id="104" goal_id="105"/>
  <agent start_id="27" goal_id="94"/>
  <agent start_id="22" goal_id="35"/>
  <agent start_id="182" goal_id="119"/>
  <agent start_id="61" goal_id="106"/>
  <agent start_id="156" goal_id="38"/>
  <agent start_id="157" goal_id="169"/>
  <agent start_id="106" goal_id="74"/>
  <agent start_id="149" goal_id="180"/>
  <agent start_id="198" goal_id="136"/>
  <agent start_id="140" goal_id="73"/>
  <agent start_id="21" goal_id="89"/>
  <agent start_id="188" goal_id="30"/>
  <agent start_id="29" goal_id="63"/>
  <agent start_id="95" goal_id="14"/>
  <agent start_id="25" goal_id="144"/>
  <agent start_id="38" goal_id="43"/>
  <agent start_id="19" goal_id="166"/>
  <agent start_id="165" goal_id="71"/>
  <agent start_id="50" goal_id="78"/>
  <agent start_id="84" goal_id="128"/>
  <agent start_id="4" goal_id="11"/>
  <agent start_id="112" goal_id="134"/>
  <agent start_id="15" goal_id="41"/>
  <agent start_id="130" goal_id="75"/>
  <agent start_id="98" goal_id="87"/>
  <agent start_id="167" goal_id="103"/>
  <agent start_id="116" goal_id="188"/>
  <agent start_id="158" goal_id="6"/>
  <agent start_id="66" goal_id="8"/>
</root>
