<?xml version="1.0" ?>
<root>
  <agent start_id="190" goal_id="166"/>
  <agent start_id="176" goal_id="127"/>
  <agent start_id="117" goal_id="43"/>
  <agent start_id="61" goal_id="85"/>
  <agent start_id="68" goal_id="172"/>
  <agent start_id="4" goal_id="38"/>
  <agent start_id="158" goal_id="154"/>
  <agent start_id="14" goal_id="180"/>
  <agent start_id="111" goal_id="39"/>
  <agent start_id="196" goal_id="80"/>
  <agent start_id="109" goal_id="93"/>
  <agent start_id="153" goal_id="121"/>
  <agent start_id="77" goal_id="139"/>
  <agent start_id="28" goal_id="67"/>
  <agent start_id="27" goal_id="173"/>
  <agent start_id="44" goal_id="64"/>
  <agent start_id="106" goal_id="129"/>
  <agent start_id="90" goal_id="31"/>
  <agent start_id="194" goal_id="149"/>
  <agent start_id="54" goal_id="17"/>
  <agent start_id="128" goal_id="65"/>
  <agent start_id="127" goal_id="95"/>
  <agent start_id="70" goal_id="72"/>
  <agent start_id="29" goal_id="198"/>
  <agent start_id="83" goal_id="45"/>
  <agent start_id="181" goal_id="158"/>
  <agent start_id="87" goal_id="161"/>
  <agent start_id="126" goal_id="99"/>
  <agent start_id="98" goal_id="114"/>
  <agent start_id="17" goal_id="6"/>
  <agent start_id="80" goal_id="101"/>
  <agent start_id="179" goal_id="135"/>
  <agent start_id="10" goal_id="82"/>
  <agent start_id="36" goal_id="68"/>
  <agent start_id="76" goal_id="90"/>
  <agent start_id="30" goal_id="9"/>
  <agent start_id="160" goal_id="21"/>
  <agent start_id="65" goal_id="89"/>
  <agent start_id="2" goal_id="160"/>
  <agent start_id="11" goal_id="51"/>
  <agent start_id="102" goal_id="181"/>
  <agent start_id="143" goal_id="3"/>
  <agent start_id="173" goal_id="56"/>
  <agent start_id="79" goal_id="191"/>
  <agent start_id="74" goal_id="184"/>
  <agent start_id="8" goal_id="87"/>
  <agent start_id="72" goal_id="111"/>
  <agent start_id="89" goal_id="96"/>
  <agent start_id="166" goal_id="19"/>
  <agent start_id="84" goal_id="156"/>
</root>
