<?xml version="1.0" ?>
<root>
  <agent start_id="127" goal_id="47"/>
  <agent start_id="180" goal_id="4"/>
  <agent start_id="31" goal_id="61"/>
  <agent start_id="111" goal_id="97"/>
  <agent start_id="117" goal_id="10"/>
  <agent start_id="74" goal_id="146"/>
  <agent start_id="140" goal_id="187"/>
  <agent start_id="52" goal_id="121"/>
  <agent start_id="37" goal_id="105"/>
  <agent start_id="115" goal_id="88"/>
  <agent start_id="182" goal_id="147"/>
  <agent start_id="187" goal_id="111"/>
  <agent start_id="69" goal_id="15"/>
  <agent start_id="186" goal_id="104"/>
  <agent start_id="54" goal_id="135"/>
  <agent start_id="163" goal_id="30"/>
  <agent start_id="147" goal_id="58"/>
  <agent start_id="197" goal_id="87"/>
  <agent start_id="164" goal_id="13"/>
  <agent start_id="20" goal_id="3"/>
  <agent start_id="21" goal_id="103"/>
  <agent start_id="7" goal_id="8"/>
  <agent start_id="189" goal_id="31"/>
  <agent start_id="18" goal_id="186"/>
  <agent start_id="94" goal_id="52"/>
  <agent start_id="102" goal_id="145"/>
  <agent start_id="47" goal_id="160"/>
  <agent start_id="34" goal_id="28"/>
  <agent start_id="66" goal_id="117"/>
  <agent start_id="192" goal_id="149"/>
  <agent start_id="70" goal_id="153"/>
  <agent start_id="143" goal_id="101"/>
  <agent start_id="97" goal_id="161"/>
  <agent start_id="176" goal_id="51"/>
  <agent start_id="96" goal_id="177"/>
  <agent start_id="59" goal_id="49"/>
  <agent start_id="33" goal_id="175"/>
  <agent start_id="151" goal_id="168"/>
  <agent start_id="196" goal_id="163"/>
  <agent start_id="87" goal_id="191"/>
  <agent start_id="61" goal_id="158"/>
  <agent start_id="46" goal_id="6"/>
  <agent start_id="138" goal_id="19"/>
  <agent start_id="133" goal_id="92"/>
  <agent start_id="27" goal_id="90"/>
  <agent start_id="24" goal_id="137"/>
  <agent start_id="128" goal_id="44"/>
  <agent start_id="12" goal_id="167"/>
  <agent start_id="174" goal_id="171"/>
  <agent start_id="154" goal_id="190"/>
</root>
