<?xml version="1.0" ?>
<root>
  <agent start_id="50" goal_id="8"/>
  <agent start_id="90" goal_id="52"/>
  <agent start_id="126" goal_id="194"/>
  <agent start_id="96" goal_id="165"/>
  <agent start_id="62" goal_id="67"/>
  <agent start_id="25" goal_id="100"/>
  <agent start_id="24" goal_id="55"/>
  <agent start_id="83" goal_id="149"/>
  <agent start_id="7" goal_id="129"/>
  <agent start_id="177" goal_id="70"/>
  <agent start_id="138" goal_id="59"/>
  <agent start_id="160" goal_id="121"/>
  <agent start_id="114" goal_id="135"/>
  <agent start_id="184" goal_id="199"/>
  <agent start_id="23" goal_id="85"/>
  <agent start_id="39" goal_id="177"/>
  <agent start_id="120" goal_id="82"/>
  <agent start_id="35" goal_id="151"/>
  <agent start_id="115" goal_id="9"/>
  <agent start_id="5" goal_id="44"/>
  <agent start_id="109" goal_id="146"/>
  <agent start_id="145" goal_id="157"/>
  <agent start_id="58" goal_id="32"/>
  <agent start_id="93" goal_id="110"/>
  <agent start_id="73" goal_id="14"/>
  <agent start_id="70" goal_id="16"/>
  <agent start_id="163" goal_id="48"/>
  <agent start_id="143" goal_id="69"/>
  <agent start_id="169" goal_id="112"/>
  <agent start_id="77" goal_id="170"/>
  <agent start_id="31" goal_id="133"/>
  <agent start_id="151" goal_id="95"/>
  <agent start_id="135" goal_id="188"/>
  <agent start_id="181" goal_id="118"/>
  <agent start_id="54" goal_id="77"/>
  <agent start_id="72" goal_id="142"/>
  <agent start_id="16" goal_id="17"/>
  <agent start_id="101" goal_id="73"/>
  <agent start_id="191" goal_id="66"/>
  <agent start_id="134" goal_id="134"/>
  <agent start_id="111" goal_id="29"/>
  <agent start_id="174" goal_id="1"/>
  <agent start_id="199" goal_id="148"/>
  <agent start_id="107" goal_id="120"/>
  <agent start_id="75" goal_id="127"/>
  <agent start_id="46" goal_id="178"/>
  <agent start_id="180" goal_id="79"/>
  <agent start_id="148" goal_id="102"/>
  <agent start_id="168" goal_id="192"/>
  <agent start_id="189" goal_id="27"/>
</root>
