<?xml version="1.0" ?>
<root>
  <agent start_id="27" goal_id="168"/>
  <agent start_id="41" goal_id="5"/>
  <agent start_id="3" goal_id="125"/>
  <agent start_id="90" goal_id="127"/>
  <agent start_id="78" goal_id="11"/>
  <agent start_id="188" goal_id="161"/>
  <agent start_id="111" goal_id="132"/>
  <agent start_id="151" goal_id="38"/>
  <agent start_id="24" goal_id="37"/>
  <agent start_id="133" goal_id="185"/>
  <agent start_id="54" goal_id="48"/>
  <agent start_id="148" goal_id="1"/>
  <agent start_id="16" goal_id="117"/>
  <agent start_id="59" goal_id="32"/>
  <agent start_id="103" goal_id="187"/>
  <agent start_id="85" goal_id="135"/>
  <agent start_id="150" goal_id="118"/>
  <agent start_id="81" goal_id="27"/>
  <agent start_id="66" goal_id="157"/>
  <agent start_id="194" goal_id="79"/>
  <agent start_id="50" goal_id="59"/>
  <agent start_id="40" goal_id="25"/>
  <agent start_id="157" goal_id="192"/>
  <agent start_id="8" goal_id="176"/>
  <agent start_id="189" goal_id="131"/>
  <agent start_id="48" goal_id="82"/>
  <agent start_id="97" goal_id="45"/>
  <agent start_id="119" goal_id="123"/>
  <agent start_id="185" goal_id="29"/>
  <agent start_id="125" goal_id="134"/>
  <agent start_id="169" goal_id="120"/>
  <agent start_id="155" goal_id="148"/>
  <agent start_id="38" goal_id="107"/>
  <agent start_id="143" goal_id="139"/>
  <agent start_id="108" goal_id="170"/>
  <agent start_id="84" goal_id="143"/>
  <agent start_id="67" goal_id="41"/>
  <agent start_id="186" goal_id="114"/>
  <agent start_id="128" goal_id="166"/>
  <agent start_id="19" goal_id="173"/>
  <agent start_id="26" goal_id="66"/>
  <agent start_id="73" goal_id="10"/>
  <agent start_id="5" goal_id="23"/>
  <agent start_id="197" goal_id="198"/>
  <agent start_id="102" goal_id="0"/>
  <agent start_id="170" goal_id="78"/>
  <agent start_id="180" goal_id="199"/>
  <agent start_id="161" goal_id="121"/>
  <agent start_id="115" goal_id="181"/>
  <agent start_id="31" goal_id="40"/>
</root>
