<?xml version="1.0" ?>
<root>
  <agent start_id="20" goal_id="79"/>
  <agent start_id="35" goal_id="155"/>
  <agent start_id="68" goal_id="109"/>
  <agent start_id="75" goal_id="146"/>
  <agent start_id="190" goal_id="0"/>
  <agent start_id="144" goal_id="75"/>
  <agent start_id="81" goal_id="66"/>
  <agent start_id="51" goal_id="34"/>
  <agent start_id="53" goal_id="3"/>
  <agent start_id="96" goal_id="15"/>
  <agent start_id="154" goal_id="125"/>
  <agent start_id="0" goal_id="77"/>
  <agent start_id="40" goal_id="46"/>
  <agent start_id="129" goal_id="72"/>
  <agent start_id="83" goal_id="160"/>
  <agent start_id="2" goal_id="133"/>
  <agent start_id="84" goal_id="189"/>
  <agent start_id="185" goal_id="36"/>
  <agent start_id="130" goal_id="177"/>
  <agent start_id="180" goal_id="180"/>
  <agent start_id="182" goal_id="119"/>
  <agent start_id="94" goal_id="69"/>
  <agent start_id="73" goal_id="183"/>
  <agent start_id="12" goal_id="64"/>
  <agent start_id="172" goal_id="105"/>
  <agent start_id="175" goal_id="198"/>
  <agent start_id="14" goal_id="191"/>
  <agent start_id="66" goal_id="153"/>
  <agent start_id="92" goal_id="84"/>
  <agent start_id="100" goal_id="22"/>
  <agent start_id="34" goal_id="42"/>
  <agent start_id="45" goal_id="181"/>
  <agent start_id="9" goal_id="9"/>
  <agent start_id="64" goal_id="104"/>
  <agent start_id="107" goal_id="28"/>
  <agent start_id="195" goal_id="55"/>
  <agent start_id="166" goal_id="30"/>
  <agent start_id="117" goal_id="23"/>
  <agent start_id="4" goal_id="4"/>
  <agent start_id="199" goal_id="185"/>
  <agent start_id="50" goal_id="115"/>
  <agent start_id="123" goal_id="48"/>
  <agent start_id="164" goal_id="193"/>
  <agent start_id="41" goal_id="111"/>
  <agent start_id="59" goal_id="76"/>
  <agent start_id="118" goal_id="20"/>
  <agent start_id="197" goal_id="40"/>
  <agent start_id="21" goal_id="164"/>
  <agent start_id="22" goal_id="120"/>
  <agent start_id="149" goal_id="172"/>
</root>
