<?xml version="1.0" ?>
<root>
  <agent start_id="121" goal_id="152"/>
  <agent start_id="65" goal_id="133"/>
  <agent start_id="102" goal_id="96"/>
  <agent start_id="127" goal_id="195"/>
  <agent start_id="5" goal_id="142"/>
  <agent start_id="147" goal_id="8"/>
  <agent start_id="85" goal_id="190"/>
  <agent start_id="176" goal_id="147"/>
  <agent start_id="97" goal_id="150"/>
  <agent start_id="72" goal_id="168"/>
  <agent start_id="179" goal_id="110"/>
  <agent start_id="43" goal_id="158"/>
  <agent start_id="68" goal_id="119"/>
  <agent start_id="28" goal_id="84"/>
  <agent start_id="21" goal_id="78"/>
  <agent start_id="119" goal_id="94"/>
  <agent start_id="90" goal_id="140"/>
  <agent start_id="84" goal_id="124"/>
  <agent start_id="9" goal_id="129"/>
  <agent start_id="107" goal_id="29"/>
  <agent start_id="128" goal_id="16"/>
  <agent start_id="25" goal_id="1"/>
  <agent start_id="135" goal_id="85"/>
  <agent start_id="109" goal_id="128"/>
  <agent start_id="183" goal_id="112"/>
  <agent start_id="16" goal_id="162"/>
  <agent start_id="178" goal_id="56"/>
  <agent start_id="64" goal_id="22"/>
  <agent start_id="86" goal_id="135"/>
  <agent start_id="173" goal_id="23"/>
  <agent start_id="185" goal_id="98"/>
  <agent start_id="63" goal_id="127"/>
  <agent start_id="15" goal_id="125"/>
  <agent start_id="46" goal_id="69"/>
  <agent start_id="131" goal_id="83"/>
  <agent start_id="81" goal_id="174"/>
  <agent start_id="167" goal_id="141"/>
  <agent start_id="35" goal_id="13"/>
  <agent start_id="187" goal_id="46"/>
  <agent start_id="111" goal_id="51"/>
  <agent start_id="52" goal_id="62"/>
  <agent start_id="156" goal_id="146"/>
  <agent start_id="19" goal_id="61"/>
  <agent start_id="145" goal_id="199"/>
  <agent start_id="61" goal_id="88"/>
  <agent start_id="71" goal_id="30"/>
  <agent start_id="182" goal_id="37"/>
  <agent start_id="154" goal_id="156"/>
  <agent start_id="27" goal_id="197"/>
  <agent start_id="2" goal_id="73"/>
</root>
