<?xml version="1.0" ?>
<root>
  <agent start_id="40" goal_id="135"/>
  <agent start_id="137" goal_id="80"/>
  <agent start_id="168" goal_id="163"/>
  <agent start_id="1" goal_id="104"/>
  <agent start_id="172" goal_id="29"/>
  <agent start_id="160" goal_id="162"/>
  <agent start_id="31" goal_id="73"/>
  <agent start_id="17" goal_id="180"/>
  <agent start_id="101" goal_id="199"/>
  <agent start_id="55" goal_id="122"/>
  <agent start_id="35" goal_id="158"/>
  <agent start_id="33" goal_id="15"/>
  <agent start_id="54" goal_id="166"/>
  <agent start_id="5" goal_id="66"/>
  <agent start_id="82" goal_id="125"/>
  <agent start_id="124" goal_id="159"/>
  <agent start_id="158" goal_id="173"/>
  <agent start_id="24" goal_id="0"/>
  <agent start_id="63" goal_id="57"/>
  <agent start_id="193" goal_id="28"/>
  <agent start_id="166" goal_id="111"/>
  <agent start_id="49" goal_id="184"/>
  <agent start_id="128" goal_id="74"/>
  <agent start_id="129" goal_id="97"/>
  <agent start_id="159" goal_id="150"/>
  <agent start_id="22" goal_id="187"/>
  <agent start_id="117" goal_id="176"/>
  <agent start_id="9" goal_id="3"/>
  <agent start_id="189" goal_id="172"/>
  <agent start_id="28" goal_id="36"/>
  <agent start_id="87" goal_id="103"/>
  <agent start_id="70" goal_id="114"/>
  <agent start_id="48" goal_id="64"/>
  <agent start_id="196" goal_id="193"/>
  <agent start_id="93" goal_id="109"/>
  <agent start_id="145" goal_id="127"/>
  <agent start_id="64" goal_id="14"/>
  <agent start_id="174" goal_id="192"/>
  <agent start_id="6" goal_id="10"/>
  <agent start_id="90" goal_id="37"/>
  <agent start_id="184" goal_id="130"/>
  <agent start_id="75" goal_id="123"/>
  <agent start_id="80" goal_id="120"/>
  <agent start_id="72" goal_id="168"/>
  <agent start_id="199" goal_id="38"/>
  <agent start_id="119" goal_id="11"/>
  <agent start_id="42" goal_id="27"/>
  <agent start_id="150" goal_id="43"/>
  <agent start_id="78" goal_id="22"/>
  <agent start_id="23" goal_id="138"/>
</root>
