<?xml version="1.0" ?>
<root>
  <agent start_id="144" goal_id="52"/>
  <agent start_id="172" goal_id="101"/>
  <agent start_id="131" goal_id="173"/>
  <agent start_id="86" goal_id="154"/>
  <agent start_id="125" goal_id="80"/>
  <agent start_id="155" goal_id="17"/>
  <agent start_id="103" goal_id="138"/>
  <agent start_id="42" goal_id="163"/>
  <agent start_id="168" goal_id="88"/>
  <agent start_id="113" goal_id="157"/>
  <agent start_id="159" goal_id="113"/>
  <agent start_id="66" goal_id="151"/>
  <agent start_id="67" goal_id="18"/>
  <agent start_id="40" goal_id="168"/>
  <agent start_id="53" goal_id="25"/>
  <agent start_id="89" goal_id="0"/>
  <agent start_id="102" goal_id="71"/>
  <agent start_id="157" goal_id="63"/>
  <agent start_id="139" goal_id="152"/>
  <agent start_id="93" goal_id="182"/>
  <agent start_id="7" goal_id="74"/>
  <agent start_id="128" goal_id="199"/>
  <agent start_id="28" goal_id="79"/>
  <agent start_id="72" goal_id="166"/>
  <agent start_id="116" goal_id="12"/>
  <agent start_id="1" goal_id="144"/>
  <agent start_id="193" goal_id="105"/>
  <agent start_id="22" goal_id="156"/>
  <agent start_id="23" goal_id="172"/>
  <agent start_id="6" goal_id="159"/>
  <agent start_id="187" goal_id="142"/>
  <agent start_id="4" goal_id="69"/>
  <agent start_id="56" goal_id="180"/>
  <agent start_id="97" goal_id="46"/>
  <agent start_id="177" goal_id="10"/>
  <agent start_id="36" goal_id="132"/>
  <agent start_id="132" goal_id="23"/>
  <agent start_id="166" goal_id="104"/>
  <agent start_id="123" goal_id="59"/>
  <agent start_id="77" goal_id="140"/>
  <agent start_id="160" goal_id="43"/>
  <agent start_id="95" goal_id="42"/>
  <agent start_id="54" goal_id="9"/>
  <agent start_id="9" goal_id="127"/>
  <agent start_id="82" goal_id="38"/>
  <agent start_id="142" goal_id="76"/>
  <agent start_id="25" goal_id="119"/>
  <agent start_id="105" goal_id="161"/>
  <agent start_id="174" goal_id="175"/>
  <agent start_id="11" goal_id="72"/>
</root>
