<?xml version="1.0" ?>
<root>
  <agent start_id="108" goal_id="120"/>
  <agent start_id="181" goal_id="93"/>
  <agent start_id="61" goal_id="150"/>
  <agent start_id="97" goal_id="39"/>
  <agent start_id="159" goal_id="88"/>
  <agent start_id="37" goal_id="64"/>
  <agent start_id="33" goal_id="52"/>
  <agent start_id="186" goal_id="84"/>
  <agent start_id="147" goal_id="54"/>
  <agent start_id="50" goal_id="195"/>
  <agent start_id="121" goal_id="0"/>
  <agent start_id="14" goal_id="78"/>
  <agent start_id="126" goal_id="119"/>
  <agent start_id="113" goal_id="121"/>
  <agent start_id="66" goal_id="40"/>
  <agent start_id="104" goal_id="173"/>
  <agent start_id="94" goal_id="132"/>
  <agent start_id="20" goal_id="154"/>
  <agent start_id="190" goal_id="129"/>
  <agent start_id="169" goal_id="7"/>
  <agent start_id="47" goal_id="46"/>
  <agent start_id="15" goal_id="71"/>
  <agent start_id="177" goal_id="57"/>
  <agent start_id="23" goal_id="176"/>
  <agent start_id="42" goal_id="171"/>
  <agent start_id="132" goal_id="94"/>
  <agent start_id="194" goal_id="104"/>
  <agent start_id="130" goal_id="47"/>
  <agent start_id="103" goal_id="146"/>
  <agent start_id="17" goal_id="41"/>
  <agent start_id="114" goal_id="70"/>
  <agent start_id="19" goal_id="3"/>
  <agent start_id="137" goal_id="89"/>
  <agent start_id="135" goal_id="35"/>
  <agent start_id="24" goal_id="96"/>
  <agent start_id="38" goal_id="138"/>
  <agent start_id="27" goal_id="37"/>
  <agent start_id="99" goal_id="105"/>
  <agent start_id="160" goal_id="164"/>
  <agent start_id="90" goal_id="160"/>
  <agent start_id="22" goal_id="180"/>
  <agent start_id="5" goal_id="55"/>
  <agent start_id="156" goal_id="187"/>
  <agent start_id="192" goal_id="197"/>
  <agent start_id="84" goal_id="80"/>
  <agent start_id="43" goal_id="152"/>
  <agent start_id="36" goal_id="14"/>
  <agent start_id="118" goal_id="191"/>
  <agent start_id="26" goal_id="163"/>
  <agent start_id="167" goal_id="198"/>
</root>
