<?xml version="1.0" ?>
<root>
  <agent start_id="4" goal_id="113"/>
  <agent start_id="103" goal_id="4"/>
  <agent start_id="119" goal_id="117"/>
  <agent start_id="12" goal_id="162"/>
  <agent start_id="123" goal_id="159"/>
  <agent start_id="163" goal_id="66"/>
  <agent start_id="25" goal_id="112"/>
  <agent start_id="114" goal_id="99"/>
  <agent start_id="20" goal_id="95"/>
  <agent start_id="84" goal_id="75"/>
  <agent start_id="21" goal_id="164"/>
  <agent start_id="99" goal_id="145"/>
  <agent start_id="127" goal_id="49"/>
  <agent start_id="181" goal_id="52"/>
  <agent start_id="35" goal_id="175"/>
  <agent start_id="30" goal_id="103"/>
  <agent start_id="129" goal_id="53"/>
  <agent start_id="94" goal_id="38"/>
  <agent start_id="149" goal_id="30"/>
  <agent start_id="37" goal_id="190"/>
  <agent start_id="58" goal_id="11"/>
  <agent start_id="48" goal_id="28"/>
  <agent start_id="65" goal_id="156"/>
  <agent start_id="198" goal_id="1"/>
  <agent start_id="61" goal_id="130"/>
  <agent start_id="83" goal_id="107"/>
  <agent start_id="70" goal_id="69"/>
  <agent start_id="6" goal_id="171"/>
  <agent start_id="107" goal_id="100"/>
  <agent start_id="78" goal_id="89"/>
  <agent start_id="136" goal_id="137"/>
  <agent start_id="141" goal_id="67"/>
  <agent start_id="0" goal_id="126"/>
  <agent start_id="100" goal_id="18"/>
  <agent start_id="74" goal_id="39"/>
  <agent start_id="96" goal_id="21"/>
  <agent start_id="146" goal_id="188"/>
  <agent start_id="150" goal_id="184"/>
  <agent start_id="120" goal_id="152"/>
  <agent start_id="186" goal_id="166"/>
  <agent start_id="194" goal_id="31"/>
  <agent start_id="165" goal_id="71"/>
  <agent start_id="46" goal_id="139"/>
  <agent start_id="133" goal_id="97"/>
  <agent start_id="81" goal_id="65"/>
  <agent start_id="79" goal_id="158"/>
  <agent start_id="190" goal_id="115"/>
  <agent start_id="167" goal_id="60"/>
  <agent start_id="187" goal_id="148"/>
  <agent start_id="86" goal_id="199"/>
</root>
