<?xml version="1.0" ?>
<root>
  <agent start_id="134" goal_id="12"/>
  <agent start_id="51" goal_id="22"/>
  <agent start_id="138" goal_id="58"/>
  <agent start_id="158" goal_id="172"/>
  <agent start_id="75" goal_id="153"/>
  <agent start_id="150" goal_id="126"/>
  <agent start_id="182" goal_id="18"/>
  <agent start_id="5" goal_id="169"/>
  <agent start_id="192" goal_id="56"/>
  <agent start_id="132" goal_id="175"/>
  <agent start_id="52" goal_id="120"/>
  <agent start_id="3" goal_id="63"/>
  <agent start_id="93" goal_id="24"/>
  <agent start_id="125" goal_id="108"/>
  <agent start_id="24" goal_id="168"/>
  <agent start_id="199" goal_id="46"/>
  <agent start_id="12" goal_id="7"/>
  <agent start_id="55" goal_id="174"/>
  <agent start_id="92" goal_id="62"/>
  <agent start_id="178" goal_id="131"/>
  <agent start_id="2" goal_id="159"/>
  <agent start_id="168" goal_id="185"/>
  <agent start_id="111" goal_id="103"/>
  <agent start_id="9" goal_id="188"/>
  <agent start_id="118" goal_id="29"/>
  <agent start_id="184" goal_id="112"/>
  <agent start_id="26" goal_id="138"/>
  <agent start_id="107" goal_id="133"/>
  <agent start_id="187" goal_id="0"/>
  <agent start_id="156" goal_id="71"/>
  <agent start_id="73" goal_id="13"/>
  <agent start_id="131" goal_id="54"/>
  <agent start_id="60" goal_id="11"/>
  <agent start_id="13" goal_id="52"/>
  <agent start_id="154" goal_id="144"/>
  <agent start_id="30" goal_id="180"/>
  <agent start_id="54" goal_id="86"/>
  <agent start_id="66" goal_id="193"/>
  <agent start_id="68" goal_id="99"/>
  <agent start_id="98" goal_id="66"/>
  <agent start_id="116" goal_id="30"/>
  <agent start_id="167" goal_id="87"/>
  <agent start_id="28" goal_id="101"/>
  <agent start_id="174" goal_id="107"/>
  <agent start_id="135" goal_id="79"/>
  <agent start_id="160" goal_id="158"/>
  <agent start_id="163" goal_id="125"/>
  <agent start_id="189" goal_id="147"/>
  <agent start_id="166" goal_id="136"/>
  <agent start_id="19" goal_id="39"/>
</root>
