<?xml version="1.0" ?>
<root>
  <agent start_id="98" goal_id="184"/>
  <agent start_id="140" goal_id="10"/>
  <agent start_id="136" goal_id="55"/>
  <agent start_id="67" goal_id="178"/>
  <agent start_id="92" goal_id="167"/>
  <agent start_id="19" goal_id="61"/>
  <agent start_id="121" goal_id="199"/>
  <agent start_id="182" goal_id="16"/>
  <agent start_id="186" goal_id="173"/>
  <agent start_id="31" goal_id="149"/>
  <agent start_id="62" goal_id="31"/>
  <agent start_id="75" goal_id="84"/>
  <agent start_id="36" goal_id="80"/>
  <agent start_id="149" goal_id="62"/>
  <agent start_id="21" goal_id="90"/>
  <agent start_id="24" goal_id="163"/>
  <agent start_id="83" goal_id="172"/>
  <agent start_id="174" goal_id="140"/>
  <agent start_id="120" goal_id="3"/>
  <agent start_id="156" goal_id="96"/>
  <agent start_id="141" goal_id="97"/>
  <agent start_id="147" goal_id="110"/>
  <agent start_id="194" goal_id="192"/>
  <agent start_id="99" goal_id="182"/>
  <agent start_id="48" goal_id="114"/>
  <agent start_id="52" goal_id="143"/>
  <agent start_id="111" goal_id="152"/>
  <agent start_id="158" goal_id="101"/>
  <agent start_id="100" goal_id="94"/>
  <agent start_id="66" goal_id="65"/>
  <agent start_id="56" goal_id="49"/>
  <agent start_id="128" goal_id="119"/>
  <agent start_id="175" goal_id="176"/>
  <agent start_id="59" goal_id="157"/>
  <agent start_id="96" goal_id="168"/>
  <agent start_id="188" goal_id="14"/>
  <agent start_id="0" goal_id="186"/>
  <agent start_id="187" goal_id="189"/>
  <agent start_id="146" goal_id="21"/>
  <agent start_id="85" goal_id="27"/>
  <agent start_id="79" goal_id="131"/>
  <agent start_id="35" goal_id="118"/>
  <agent start_id="178" goal_id="142"/>
  <agent start_id="123" goal_id="181"/>
  <agent start_id="181" goal_id="148"/>
  <agent start_id="84" goal_id="102"/>
  <agent start_id="30" goal_id="1"/>
  <agent start_id="192" goal_id="25"/>
  <agent start_id="88" goal_id="126"/>
  <agent start_id="26" goal_id="76"/>
</root>
