<?xml version="1.0" ?>
<root>
  <agent start_id="191" goal_id="14"/>
  <agent start_id="57" goal_id="101"/>
  <agent start_id="70" goal_id="168"/>
  <agent start_id="110" goal_id="133"/>
  <agent start_id="40" goal_id="120"/>
  <agent start_id="2" goal_id="129"/>
  <agent start_id="10" goal_id="20"/>
  <agent start_id="84" goal_id="107"/>
  <agent start_id="29" goal_id="142"/>
  <agent start_id="173" goal_id="11"/>
  <agent start_id="192" goal_id="54"/>
  <agent start_id="184" goal_id="51"/>
  <agent start_id="135" goal_id="32"/>
  <agent start_id="37" goal_id="26"/>
  <agent start_id="61" goal_id="134"/>
  <agent start_id="101" goal_id="94"/>
  <agent start_id="197" goal_id="141"/>
  <agent start_id="31" goal_id="58"/>
  <agent start_id="39" goal_id="154"/>
  <agent start_id="199" goal_id="45"/>
  <agent start_id="82" goal_id="41"/>
  <agent start_id="190" goal_id="147"/>
  <agent start_id="93" goal_id="38"/>
  <agent start_id="152" goal_id="110"/>
  <agent start_id="165" goal_id="196"/>
  <agent start_id="123" goal_id="29"/>
  <agent start_id="144" goal_id="30"/>
  <agent start_id="117" goal_id="57"/>
  <agent start_id="158" goal_id="151"/>
  <agent start_id="17" goal_id="182"/>
  <agent start_id="148" goal_id="187"/>
  <agent start_id="136" goal_id="161"/>
  <agent start_id="15" goal_id="191"/>
  <agent start_id="142" goal_id="194"/>
  <agent start_id="176" goal_id="35"/>
  <agent start_id="1" goal_id="5"/>
  <agent start_id="74" goal_id="90"/>
  <agent start_id="186" goal_id="119"/>
  <agent start_id="91" goal_id="22"/>
  <agent start_id="7" goal_id="81"/>
  <agent start_id="160" goal_id="109"/>
  <agent start_id="73" goal_id="178"/>
  <agent start_id="89" goal_id="85"/>
  <agent start_id="131" goal_id="19"/>
  <agent start_id="4" goal_id="175"/>
  <agent start_id="178" goal_id="113"/>
  <agent start_id="72" goal_id="76"/>
  <agent start_id="67" goal_id="135"/>
  <agent start_id="106" goal_id="13"/>
  <agent start_id="111" goal_id="24"/>
</root>
