<?xml version="1.0" ?>
<root>
  <agent start_id="176" goal_id="160"/>
  <agent start_id="86" goal_id="122"/>
  <agent start_id="77" goal_id="189"/>
  <agent start_id="107" goal_id="83"/>
  <agent start_id="26" goal_id="110"/>
  <agent start_id="54" goal_id="198"/>
  <agent start_id="161" goal_id="158"/>
  <agent start_id="96" goal_id="143"/>
  <agent start_id="37" goal_id="169"/>
  <agent start_id="111" goal_id="138"/>
  <agent start_id="190" goal_id="64"/>
  <agent start_id="91" goal_id="81"/>
  <agent start_id="135" goal_id="96"/>
  <agent start_id="185" goal_id="175"/>
  <agent start_id="180" goal_id="30"/>
  <agent start_id="195" goal_id="150"/>
  <agent start_id="14" goal_id="28"/>
  <agent start_id="172" goal_id="144"/>
  <agent start_id="82" goal_id="166"/>
  <agent start_id="101" goal_id="163"/>
  <agent start_id="59" goal_id="126"/>
  <agent start_id="19" goal_id="58"/>
  <agent start_id="23" goal_id="197"/>
  <agent start_id="187" goal_id="80"/>
  <agent start_id="142" goal_id="171"/>
  <agent start_id="50" goal_id="139"/>
  <agent start_id="145" goal_id="168"/>
  <agent start_id="191" goal_id="142"/>
  <agent start_id="72" goal_id="45"/>
  <agent start_id="134" goal_id="57"/>
  <agent start_id="42" goal_id="179"/>
  <agent start_id="61" goal_id="90"/>
  <agent start_id="148" goal_id="108"/>
  <agent start_id="147" goal_id="21"/>
  <agent start_id="32" goal_id="79"/>
  <agent start_id="159" goal_id="133"/>
  <agent start_id="174" goal_id="13"/>
  <agent start_id="160" goal_id="15"/>
  <agent start_id="138" goal_id="6"/>
  <agent start_id="10" goal_id="84"/>
  <agent start_id="81" goal_id="68"/>
  <agent start_id="78" goal_id="73"/>
  <agent start_id="121" goal_id="156"/>
  <agent start_id="179" goal_id="136"/>
  <agent start_id="169" goal_id="67"/>
  <agent start_id="151" goal_id="187"/>
  <agent start_id="51" goal_id="97"/>
  <agent start_id="105" goal_id="159"/>
  <agent start_id="73" goal_id="56"/>
  <agent start_id="67" goal_id="107"/>
</root>
