<?xml version="1.0" ?>
<root>
  <agent start_id="97" goal_id="82"/>
  <agent start_id="91" goal_id="120"/>
  <agent start_id="140" goal_id="159"/>
  <agent start_id="89" goal_id="54"/>
  <agent start_id="193" goal_id="160"/>
  <agent start_id="107" goal_id="122"/>
  <agent start_id="151" goal_id="36"/>
  <agent start_id="90" goal_id="35"/>
  <agent start_id="146" goal_id="20"/>
  <agent start_id="178" goal_id="21"/>
  <agent start_id="65" goal_id="26"/>
  <agent start_id="86" goal_id="123"/>
  <agent start_id="10" goal_id="67"/>
  <agent start_id="131" goal_id="154"/>
  <agent start_id="46" goal_id="1"/>
  <agent start_id="71" goal_id="165"/>
  <agent start_id="64" goal_id="88"/>
  <agent start_id="40" goal_id="85"/>
  <agent start_id="84" goal_id="109"/>
  <agent start_id="104" goal_id="167"/>
  <agent start_id="4" goal_id="104"/>
  <agent start_id="39" goal_id="62"/>
  <agent start_id="75" goal_id="146"/>
  <agent start_id="166" goal_id="126"/>
  <agent start_id="32" goal_id="81"/>
  <agent start_id="159" goal_id="24"/>
  <agent start_id="145" goal_id="137"/>
  <agent start_id="199" goal_id="148"/>
  <agent start_id="172" goal_id="11"/>
  <agent start_id="93" goal_id="150"/>
  <agent start_id="6" goal_id="8"/>
  <agent start_id="1" goal_id="116"/>
  <agent start_id="185" goal_id="38"/>
  <agent start_id="196" goal_id="16"/>
  <agent start_id="87" goal_id="47"/>
  <agent start_id="9" goal_id="161"/>
  <agent start_id="100" goal_id="180"/>
  <agent start_id="150" goal_id="39"/>
  <agent start_id="28" goal_id="127"/>
  <agent start_id="190" goal_id="63"/>
  <agent start_id="24" goal_id="14"/>
  <agent start_id="175" goal_id="184"/>
  <agent start_id="148" goal_id="68"/>
  <agent start_id="18" goal_id="171"/>
  <agent start_id="57" goal_id="198"/>
  <agent start_id="59" goal_id="114"/>
  <agent start_id="61" goal_id="96"/>
  <agent start_id="69" goal_id="10"/>
  <agent start_id="79" goal_id="191"/>
  <agent start_id="35" goal_id="58"/>
</root>
