<?xml version="1.0" ?>
<root>
  <agent start_id="50" goal_id="10"/>
  <agent start_id="68" goal_id="131"/>
  <agent start_id="121" goal_id="173"/>
  <agent start_id="167" goal_id="165"/>
  <agent start_id="182" goal_id="6"/>
  <agent start_id="100" goal_id="181"/>
  <agent start_id="139" goal_id="102"/>
  <agent start_id="146" goal_id="56"/>
  <agent start_id="31" goal_id="59"/>
  <agent start_id="115" goal_id="63"/>
  <agent start_id="43" goal_id="57"/>
  <agent start_id="29" goal_id="46"/>
  <agent start_id="9" goal_id="177"/>
  <agent start_id="82" goal_id="175"/>
  <agent start_id="5" goal_id="70"/>
  <agent start_id="174" goal_id="95"/>
  <agent start_id="181" goal_id="38"/>
  <agent start_id="179" goal_id="0"/>
  <agent start_id="164" goal_id="89"/>
  <agent start_id="21" goal_id="178"/>
  <agent start_id="117" goal_id="162"/>
  <agent start_id="72" goal_id="101"/>
  <agent start_id="118" goal_id="157"/>
  <agent start_id="56" goal_id="168"/>
  <agent start_id="104" goal_id="60"/>
  <agent start_id="35" goal_id="120"/>
  <agent start_id="136" goal_id="83"/>
  <agent start_id="45" goal_id="197"/>
  <agent start_id="7" goal_id="199"/>
  <agent start_id="32" goal_id="110"/>
  <agent start_id="79" goal_id="64"/>
  <agent start_id="160" goal_id="84"/>
  <agent start_id="157" goal_id="17"/>
  <agent start_id="52" goal_id="143"/>
  <agent start_id="10" goal_id="36"/>
  <agent start_id="165" goal_id="97"/>
  <agent start_id="91" goal_id="159"/>
  <agent start_id="108" goal_id="161"/>
  <agent start_id="59" goal_id="99"/>
  <agent start_id="24" goal_id="25"/>
  <agent start_id="192" goal_id="34"/>
  <agent start_id="80" goal_id="66"/>
  <agent start_id="77" goal_id="144"/>
  <agent start_id="152" goal_id="20"/>
  <agent start_id="86" goal_id="2"/>
  <agent start_id="46" goal_id="71"/>
  <agent start_id="142" goal_id="85"/>
  <agent start_id="125" goal_id="154"/>
  <agent start_id="73" goal_id="42"/>
  <agent start_id="150" goal_id="78"/>
</root>
