<?xml version="1.0" ?>
<root>
  <agent start_id="102" goal_id="126"/>
  <agent start_id="151" goal_id="87"/>
  <agent start_id="48" goal_id="10"/>
  <agent start_id="86" goal_id="57"/>
  <agent start_id="34" goal_id="164"/>
  <agent start_id="109" goal_id="74"/>
  <agent start_id="158" goal_id="199"/>
  <agent start_id="177" goal_id="75"/>
  <agent start_id="130" goal_id="162"/>
  <agent start_id="197" goal_id="2"/>
  <agent start_id="108" goal_id="170"/>
  <agent start_id="40" goal_id="86"/>
  <agent start_id="165" goal_id="121"/>
  <agent start_id="13" goal_id="62"/>
  <agent start_id="140" goal_id="95"/>
  <agent start_id="141" goal_id="128"/>
  <agent start_id="186" goal_id="189"/>
  <agent start_id="33" goal_id="1"/>
  <agent start_id="89" goal_id="135"/>
  <agent start_id="190" goal_id="195"/>
  <agent start_id="121" goal_id="68"/>
  <agent start_id="19" goal_id="144"/>
  <agent start_id="60" goal_id="50"/>
  <agent start_id="97" goal_id="143"/>
  <agent start_id="184" goal_id="100"/>
  <agent start_id="183" goal_id="49"/>
  <agent start_id="36" goal_id="97"/>
  <agent start_id="90" goal_id="108"/>
  <agent start_id="25" goal_id="34"/>
  <agent start_id="143" goal_id="137"/>
  <agent start_id="38" goal_id="0"/>
  <agent start_id="100" goal_id="197"/>
  <agent start_id="194" goal_id="153"/>
  <agent start_id="137" goal_id="105"/>
  <agent start_id="78" goal_id="111"/>
  <agent start_id="91" goal_id="180"/>
  <agent start_id="69" goal_id="173"/>
  <agent start_id="52" goal_id="185"/>
  <agent start_id="125" goal_id="5"/>
  <agent start_id="178" goal_id="146"/>
  <agent start_id="188" goal_id="114"/>
  <agent start_id="35" goal_id="29"/>
  <agent start_id="191" goal_id="92"/>
  <agent start_id="50" goal_id="32"/>
  <agent start_id="1" goal_id="33"/>
  <agent start_id="21" goal_id="176"/>
  <agent start_id="63" goal_id="4"/>
  <agent start_id="173" goal_id="127"/>
  <agent start_id="54" goal_id="118"/>
  <agent start_id="160" goal_id="47"/>
</root>
