<?xml version="1.0" ?>
<root>
  <agent start_id="185" goal_id="52"/>
  <agent start_id="148" goal_id="99"/>
  <agent start_id="64" goal_id="14"/>
  <agent start_id="31" goal_id="161"/>
  <agent start_id="107" goal_id="67"/>
  <agent start_id="24" goal_id="70"/>
  <agent start_id="174" goal_id="12"/>
  <agent start_id="96" goal_id="132"/>
  <agent start_id="80" goal_id="150"/>
  <agent start_id="87" goal_id="17"/>
  <agent start_id="65" goal_id="50"/>
  <agent start_id="100" goal_id="190"/>
  <agent start_id="167" goal_id="16"/>
  <agent start_id="189" goal_id="31"/>
  <agent start_id="196" goal_id="115"/>
  <agent start_id="13" goal_id="171"/>
  <agent start_id="6" goal_id="154"/>
  <agent start_id="190" goal_id="138"/>
  <agent start_id="62" goal_id="102"/>
  <agent start_id="29" goal_id="108"/>
  <agent start_id="126" goal_id="37"/>
  <agent start_id="136" goal_id="103"/>
  <agent start_id="151" goal_id="23"/>
  <agent start_id="21" goal_id="122"/>
  <agent start_id="40" goal_id="55"/>
  <agent start_id="150" goal_id="110"/>
  <agent start_id="108" goal_id="15"/>
  <agent start_id="177" goal_id="165"/>
  <agent start_id="63" goal_id="145"/>
  <agent start_id="102" goal_id="20"/>
  <agent start_id="113" goal_id="69"/>
  <agent start_id="143" goal_id="140"/>
  <agent start_id="47" goal_id="198"/>
  <agent start_id="122" goal_id="82"/>
  <agent start_id="86" goal_id="48"/>
  <agent start_id="28" goal_id="194"/>
  <agent start_id="162" goal_id="54"/>
  <agent start_id="50" goal_id="90"/>
  <agent start_id="114" goal_id="107"/>
  <agent start_id="91" goal_id="58"/>
  <agent start_id="159" goal_id="61"/>
  <agent start_id="183" goal_id="7"/>
  <agent start_id="0" goal_id="81"/>
  <agent start_id="197" goal_id="22"/>
  <agent start_id="92" goal_id="124"/>
  <agent start_id="127" goal_id="25"/>
  <agent start_id="149" goal_id="160"/>
  <agent start_id="179" goal_id="28"/>
  <agent start_id="46" goal_id="163"/>
  <agent start_id="27" goal_id="149"/>
</root>
