<?xml version="1.0" ?>
<root>
  <agent start_id="27" goal_id="195"/>
  <agent start_id="192" goal_id="109"/>
  <agent start_id="165" goal_id="45"/>
  <agent start_id="105" goal_id="37"/>
  <agent start_id="167" goal_id="8"/>
  <agent start_id="101" goal_id="146"/>
  <agent start_id="142" goal_id="184"/>
  <agent start_id="143" goal_id="99"/>
  <agent start_id="15" goal_id="110"/>
  <agent start_id="54" goal_id="66"/>
  <agent start_id="55" goal_id="105"/>
  <agent start_id="97" goal_id="89"/>
  <agent start_id="11" goal_id="165"/>
  <agent start_id="151" goal_id="150"/>
  <agent start_id="25" goal_id="160"/>
  <agent start_id="99" goal_id="145"/>
  <agent start_id="157" goal_id="63"/>
  <agent start_id="119" goal_id="96"/>
  <agent start_id="178" goal_id="129"/>
  <agent start_id="117" goal_id="29"/>
  <agent start_id="113" goal_id="136"/>
  <agent start_id="68" goal_id="35"/>
  <agent start_id="33" goal_id="118"/>
  <agent start_id="8" goal_id="148"/>
  <agent start_id="96" goal_id="13"/>
  <agent start_id="43" goal_id="123"/>
  <agent start_id="183" goal_id="159"/>
  <agent start_id="46" goal_id="49"/>
  <agent start_id="181" goal_id="42"/>
  <agent start_id="100" goal_id="94"/>
  <agent start_id="13" goal_id="186"/>
  <agent start_id="154" goal_id="183"/>
  <agent start_id="45" goal_id="41"/>
  <agent start_id="187" goal_id="23"/>
  <agent start_id="128" goal_id="149"/>
  <agent start_id="164" goal_id="30"/>
  <agent start_id="139" goal_id="64"/>
  <agent start_id="62" goal_id="92"/>
  <agent start_id="148" goal_id="72"/>
  <agent start_id="93" goal_id="27"/>
  <agent start_id="106" goal_id="167"/>
  <agent start_id="89" goal_id="61"/>
  <agent start_id="9" goal_id="40"/>
  <agent start_id="69" goal_id="84"/>
  <agent start_id="110" goal_id="143"/>
  <agent start_id="147" goal_id="187"/>
  <agent start_id="6" goal_id="100"/>
  <agent start_id="47" goal_id="122"/>
  <agent start_id="102" goal_id="158"/>
  <agent start_id="107" goal_id="107"/>
</root>
