<?xml version="1.0" ?>
<root>
  <agent start_id="196" goal_id="58"/>
  <agent start_id="7" goal_id="27"/>
  <agent start_id="190" goal_id="146"/>
  <agent start_id="76" goal_id="110"/>
  <agent start_id="151" goal_id="193"/>
  <agent start_id="161" goal_id="106"/>
  <agent start_id="186" goal_id="118"/>
  <agent start_id="147" goal_id="90"/>
  <agent start_id="125" goal_id="30"/>
  <agent start_id="22" goal_id="9"/>
  <agent start_id="135" goal_id="156"/>
  <agent start_id="60" goal_id="39"/>
  <agent start_id="91" goal_id="94"/>
  <agent start_id="192" goal_id="142"/>
  <agent start_id="86" goal_id="66"/>
  <agent start_id="81" goal_id="144"/>
  <agent start_id="167" goal_id="35"/>
  <agent start_id="82" goal_id="77"/>
  <agent start_id="33" goal_id="154"/>
  <agent start_id="11" goal_id="15"/>
  <agent start_id="28" goal_id="32"/>
  <agent start_id="35" goal_id="107"/>
  <agent start_id="20" goal_id="158"/>
  <agent start_id="106" goal_id="16"/>
  <agent start_id="153" goal_id="78"/>
  <agent start_id="156" goal_id="6"/>
  <agent start_id="31" goal_id="4"/>
  <agent start_id="131" goal_id="116"/>
  <agent start_id="148" goal_id="132"/>
  <agent start_id="13" goal_id="92"/>
  <agent start_id="42" goal_id="122"/>
  <agent start_id="45" goal_id="126"/>
  <agent start_id="173" goal_id="182"/>
  <agent start_id="174" goal_id="179"/>
  <agent start_id="143" goal_id="176"/>
  <agent start_id="99" goal_id="31"/>
  <agent start_id="164" goal_id="72"/>
  <agent start_id="47" goal_id="33"/>
  <agent start_id="178" goal_id="89"/>
  <agent start_id="116" goal_id="54"/>
  <agent start_id="61" goal_id="173"/>
  <agent start_id="180" goal_id="69"/>
  <agent start_id="170" goal_id="75"/>
  <agent start_id="32" goal_id="80"/>
  <agent start_id="87" goal_id="83"/>
  <agent start_id="51" goal_id="87"/>
  <agent start_id="109" goal_id="26"/>
  <agent start_id="39" goal_id="38"/>
  <agent start_id="93" goal_id="2"/>
  <agent start_id="97" goal_id="21"/>
</root>
