<?xml version="1.0" ?>
<root>
  <agent start_id="71" goal_id="173"/>
  <agent start_id="141" goal_id="107"/>
  <agent start_id="75" goal_id="21"/>
  <agent start_id="102" goal_id="6"/>
  <agent start_id="10" goal_id="102"/>
  <agent start_id="14" goal_id="28"/>
  <agent start_id="114" goal_id="44"/>
  <agent start_id="165" goal_id="53"/>
  <agent start_id="111" goal_id="77"/>
  <agent start_id="46" goal_id="100"/>
  <agent start_id="144" goal_id="79"/>
  <agent start_id="41" goal_id="123"/>
  <agent start_id="127" goal_id="145"/>
  <agent start_id="108" goal_id="103"/>
  <agent start_id="187" goal_id="54"/>
  <agent start_id="156" goal_id="74"/>
  <agent start_id="86" goal_id="170"/>
  <agent start_id="21" goal_id="131"/>
  <agent start_id="47" goal_id="135"/>
  <agent start_id="89" goal_id="13"/>
  <agent start_id="146" goal_id="12"/>
  <agent start_id="84" goal_id="194"/>
  <agent start_id="166" goal_id="191"/>
  <agent start_id="115" goal_id="172"/>
  <agent start_id="17" goal_id="61"/>
  <agent start_id="180" goal_id="182"/>
  <agent start_id="140" goal_id="124"/>
  <agent start_id="143" goal_id="186"/>
  <agent start_id="154" goal_id="114"/>
  <agent start_id="65" goal_id="8"/>
  <agent start_id="197" goal_id="68"/>
  <agent start_id="38" goal_id="133"/>
  <agent start_id="54" goal_id="143"/>
  <agent start_id="194" goal_id="42"/>
  <agent start_id="118" goal_id="112"/>
  <agent start_id="52" goal_id="66"/>
  <agent start_id="70" goal_id="190"/>
  <agent start_id="49" goal_id="85"/>
  <agent start_id="92" goal_id="156"/>
  <agent start_id="78" goal_id="110"/>
  <agent start_id="9" goal_id="57"/>
  <agent start_id="80" goal_id="99"/>
  <agent start_id="81" goal_id="64"/>
  <agent start_id="99" goal_id="125"/>
  <agent start_id="7" goal_id="148"/>
  <agent start_id="126" goal_id="72"/>
  <agent start_id="43" goal_id="86"/>
  <agent start_id="191" goal_id="93"/>
  <agent start_id="57" goal_id="17"/>
  <agent start_id="59" goal_id="187"/>
</root>
