<?xml version="1.0" ?>
<root>
  <agent start_id="11" goal_id="91"/>
  <agent start_id="42" goal_id="194"/>
  <agent start_id="116" goal_id="59"/>
  <agent start_id="80" goal_id="81"/>
  <agent start_id="106" goal_id="78"/>
  <agent start_id="70" goal_id="120"/>
  <agent start_id="24" goal_id="1"/>
  <agent start_id="181" goal_id="31"/>
  <agent start_id="127" goal_id="35"/>
  <agent start_id="78" goal_id="122"/>
  <agent start_id="94" goal_id="105"/>
  <agent start_id="55" goal_id="13"/>
  <agent start_id="52" goal_id="175"/>
  <agent start_id="188" goal_id="111"/>
  <agent start_id="159" goal_id="74"/>
  <agent start_id="118" goal_id="66"/>
  <agent start_id="59" goal_id="15"/>
  <agent start_id="12" goal_id="62"/>
  <agent start_id="66" goal_id="38"/>
  <agent start_id="34" goal_id="163"/>
  <agent start_id="69" goal_id="65"/>
  <agent start_id="5" goal_id="193"/>
  <agent start_id="6" goal_id="167"/>
  <agent start_id="51" goal_id="144"/>
  <agent start_id="81" goal_id="134"/>
  <agent start_id="72" goal_id="186"/>
  <agent start_id="109" goal_id="98"/>
  <agent start_id="17" goal_id="85"/>
  <agent start_id="183" goal_id="135"/>
  <agent start_id="133" goal_id="159"/>
  <agent start_id="48" goal_id="107"/>
  <agent start_id="131" goal_id="83"/>
  <agent start_id="177" goal_id="88"/>
  <agent start_id="184" goal_id="44"/>
  <agent start_id="43" goal_id="181"/>
  <agent start_id="152" goal_id="101"/>
  <agent start_id="164" goal_id="47"/>
  <agent start_id="56" goal_id="52"/>
  <agent start_id="73" goal_id="16"/>
  <agent start_id="141" goal_id="160"/>
  <agent start_id="100" goal_id="149"/>
  <agent start_id="195" goal_id="169"/>
  <agent start_id="192" goal_id="53"/>
  <agent start_id="105" goal_id="147"/>
  <agent start_id="129" goal_id="21"/>
  <agent start_id="57" goal_id="51"/>
  <agent start_id="169" goal_id="60"/>
  <agent start_id="16" goal_id="119"/>
  <agent start_id="113" goal_id="104"/>
  <agent start_id="170" goal_id="54"/>
</root>
