<?xml version="1.0" ?>
<root>
  <agent start_id="87" goal_id="160"/>
  <agent start_id="141" goal_id="49"/>
  <agent start_id="149" goal_id="176"/>
  <agent start_id="145" goal_id="152"/>
  <agent start_id="160" goal_id="21"/>
  <agent start_id="67" goal_id="161"/>
  <agent start_id="89" goal_id="148"/>
  <agent start_id="39" goal_id="5"/>
  <agent start_id="37" goal_id="9"/>
  <agent start_id="110" goal_id="47"/>
  <agent start_id="29" goal_id="130"/>
  <agent start_id="23" goal_id="52"/>
  <agent start_id="56" goal_id="12"/>
  <agent start_id="96" goal_id="139"/>
  <agent start_id="116" goal_id="67"/>
  <agent start_id="42" goal_id="115"/>
  <agent start_id="8" goal_id="167"/>
  <agent start_id="82" goal_id="102"/>
  <agent start_id="33" goal_id="106"/>
  <agent start_id="44" goal_id="81"/>
  <agent start_id="113" goal_id="188"/>
  <agent start_id="134" goal_id="31"/>
  <agent start_id="139" goal_id="75"/>
  <agent start_id="35" goal_id="134"/>
  <agent start_id="4" goal_id="64"/>
  <agent start_id="183" goal_id="8"/>
  <agent start_id="185" goal_id="180"/>
  <agent start_id="187" goal_id="142"/>
  <agent start_id="184" goal_id="131"/>
  <agent start_id="54" goal_id="189"/>
  <agent start_id="47" goal_id="199"/>
  <agent start_id="124" goal_id="150"/>
  <agent start_id="31" goal_id="17"/>
  <agent start_id="108" goal_id="103"/>
  <agent start_id="65" goal_id="80"/>
  <agent start_id="111" goal_id="118"/>
  <agent start_id="16" goal_id="137"/>
  <agent start_id="150" goal_id="101"/>
  <agent start_id="81" goal_id="93"/>
  <agent start_id="106" goal_id="138"/>
  <agent start_id="25" goal_id="15"/>
  <agent start_id="93" goal_id="157"/>
  <agent start_id="26" goal_id="121"/>
  <agent start_id="196" goal_id="105"/>
  <agent start_id="0" goal_id="82"/>
  <agent start_id="133" goal_id="133"/>
  <agent start_id="15" goal_id="24"/>
  <agent start_id="147" goal_id="178"/>
  <agent start_id="85" goal_id="108"/>
  <agent start_id="14" goal_id="185"/>
</root>
