<?xml version="1.0" ?>
<root>
  <agent start_id="6" goal_id="68"/>
  <agent start_id="38" goal_id="24"/>
  <agent start_id="182" goal_id="130"/>
  <agent start_id="116" goal_id="197"/>
  <agent start_id="80" goal_id="44"/>
  <agent start_id="134" goal_id="26"/>
  <agent start_id="54" goal_id="40"/>
  <agent start_id="166" goal_id="95"/>
  <agent start_id="113" goal_id="53"/>
  <agent start_id="74" goal_id="32"/>
  <agent start_id="32" goal_id="79"/>
  <agent start_id="145" goal_id="0"/>
  <agent start_id="18" goal_id="169"/>
  <agent start_id="59" goal_id="108"/>
  <agent start_id="12" goal_id="176"/>
  <agent start_id="140" goal_id="14"/>
  <agent start_id="39" goal_id="67"/>
  <agent start_id="98" goal_id="120"/>
  <agent start_id="168" goal_id="113"/>
  <agent start_id="57" goal_id="18"/>
  <agent start_id="129" goal_id="167"/>
  <agent start_id="22" goal_id="9"/>
  <agent start_id="147" goal_id="10"/>
  <agent start_id="96" goal_id="124"/>
  <agent start_id="160" goal_id="90"/>
  <agent start_id="157" goal_id="170"/>
  <agent start_id="108" goal_id="117"/>
  <agent start_id="135" goal_id="63"/>
  <agent start_id="151" goal_id="72"/>
  <agent start_id="125" goal_id="48"/>
  <agent start_id="29" goal_id="107"/>
  <agent start_id="174" goal_id="41"/>
  <agent start_id="102" goal_id="184"/>
  <agent start_id="193" goal_id="138"/>
  <agent start_id="72" goal_id="97"/>
  <agent start_id="189" goal_id="160"/>
  <agent start_id="45" goal_id="154"/>
  <agent start_id="61" goal_id="1"/>
  <agent start_id="43" goal_id="62"/>
  <agent start_id="75" goal_id="55"/>
  <agent start_id="191" goal_id="80"/>
  <agent start_id="179" goal_id="99"/>
  <agent start_id="176" goal_id="91"/>
  <agent start_id="170" goal_id="199"/>
  <agent start_id="163" goal_id="191"/>
  <agent start_id="47" goal_id="93"/>
  <agent start_id="69" goal_id="155"/>
  <agent start_id="42" goal_id="118"/>
  <agent start_id="159" goal_id="195"/>
  <agent start_id="65" goal_id="119"/>
</root>
