<?xml version="1.0" ?>
<root>
  <agent start_id="191" goal_id="171"/>
  <agent start_id="161" goal_id="50"/>
  <agent start_id="53" goal_id="39"/>
  <agent start_id="9" goal_id="177"/>
  <agent start_id="196" goal_id="167"/>
  <agent start_id="92" goal_id="111"/>
  <agent start_id="66" goal_id="83"/>
  <agent start_id="145" goal_id="115"/>
  <agent start_id="147" goal_id="155"/>
  <agent start_id="106" goal_id="90"/>
  <agent start_id="48" goal_id="18"/>
  <agent start_id="0" goal_id="9"/>
  <agent start_id="10" goal_id="88"/>
  <agent start_id="185" goal_id="144"/>
  <agent start_id="173" goal_id="43"/>
  <agent start_id="132" goal_id="123"/>
  <agent start_id="70" goal_id="193"/>
  <agent start_id="42" goal_id="195"/>
  <agent start_id="110" goal_id="121"/>
  <agent start_id="187" goal_id="159"/>
  <agent start_id="125" goal_id="149"/>
  <agent start_id="60" goal_id="85"/>
  <agent start_id="90" goal_id="58"/>
  <agent start_id="5" goal_id="73"/>
  <agent start_id="81" goal_id="169"/>
  <agent start_id="183" goal_id="191"/>
  <agent start_id="182" goal_id="175"/>
  <agent start_id="162" goal_id="147"/>
  <agent start_id="78" goal_id="143"/>
  <agent start_id="20" goal_id="11"/>
  <agent start_id="133" goal_id="92"/>
  <agent start_id="172" goal_id="40"/>
  <agent start_id="157" goal_id="54"/>
  <agent start_id="100" goal_id="7"/>
  <agent start_id="85" goal_id="13"/>
  <agent start_id="80" goal_id="188"/>
  <agent start_id="24" goal_id="57"/>
  <agent start_id="98" goal_id="95"/>
  <agent start_id="108" goal_id="62"/>
  <agent start_id="84" goal_id="114"/>
  <agent start_id="3" goal_id="184"/>
  <agent start_id="127" goal_id="119"/>
  <agent start_id="75" goal_id="148"/>
  <agent start_id="14" goal_id="2"/>
  <agent start_id="101" goal_id="120"/>
  <agent start_id="198" goal_id="112"/>
  <agent start_id="122" goal_id="140"/>
  <agent start_id="7" goal_id="24"/>
  <agent start_id="88" goal_id="80"/>
  <agent start_id="34" goal_id="67"/>
</root>
