<?xml version="1.0" ?>
<root>
  <agent start_id="146" goal_id="23"/>
  <agent start_id="128" goal_id="183"/>
  <agent start_id="129" goal_id="157"/>
  <agent start_id="189" goal_id="175"/>
  <agent start_id="19" goal_id="76"/>
  <agent start_id="9" goal_id="13"/>
  <agent start_id="78" goal_id="61"/>
  <agent start_id="108" goal_id="63"/>
  <agent start_id="183" goal_id="196"/>
  <agent start_id="132" goal_id="143"/>
  <agent start_id="89" goal_id="102"/>
  <agent start_id="196" goal_id="16"/>
  <agent start_id="29" goal_id="119"/>
  <agent start_id="115" goal_id="78"/>
  <agent start_id="163" goal_id="15"/>
  <agent start_id="18" goal_id="45"/>
  <agent start_id="61" goal_id="51"/>
  <agent start_id="92" goal_id="130"/>
  <agent start_id="63" goal_id="125"/>
  <agent start_id="148" goal_id="79"/>
  <agent start_id="141" goal_id="147"/>
  <agent start_id="73" goal_id="144"/>
  <agent start_id="142" goal_id="44"/>
  <agent start_id="90" goal_id="31"/>
  <agent start_id="34" goal_id="70"/>
  <agent start_id="74" goal_id="53"/>
  <agent start_id="96" goal_id="156"/>
  <agent start_id="66" goal_id="106"/>
  <agent start_id="79" goal_id="19"/>
  <agent start_id="87" goal_id="2"/>
  <agent start_id="8" goal_id="11"/>
  <agent start_id="138" goal_id="184"/>
  <agent start_id="58" goal_id="171"/>
  <agent start_id="57" goal_id="5"/>
  <agent start_id="51" goal_id="114"/>
  <agent start_id="4" goal_id="153"/>
  <agent start_id="68" goal_id="128"/>
  <agent start_id="152" goal_id="122"/>
  <agent start_id="41" goal_id="118"/>
  <agent start_id="6" goal_id="20"/>
  <agent start_id="179" goal_id="167"/>
  <agent start_id="45" goal_id="66"/>
  <agent start_id="60" goal_id="6"/>
  <agent start_id="193" goal_id="73"/>
  <agent start_id="125" goal_id="7"/>
  <agent start_id="165" goal_id="83"/>
  <agent start_id="174" goal_id="47"/>
  <agent start_id="116" goal_id="115"/>
  <agent start_id="88" goal_id="69"/>
  <agent start_id="166" goal_id="60"/>
</root>
