<?xml version="1.0" ?>
<root>
  <agent start_id="62" goal_id="152"/>
  <agent start_id="83" goal_id="102"/>
  <agent start_id="175" goal_id="143"/>
  <agent start_id="14" goal_id="127"/>
  <agent start_id="38" goal_id="58"/>
  <agent start_id="120" goal_id="109"/>
  <agent start_id="198" goal_id="190"/>
  <agent start_id="41" goal_id="101"/>
  <agent start_id="166" goal_id="28"/>
  <agent start_id="24" goal_id="30"/>
  <agent start_id="100" goal_id="176"/>
  <agent start_id="190" goal_id="161"/>
  <agent start_id="99" goal_id="62"/>
  <agent start_id="29" goal_id="158"/>
  <agent start_id="171" goal_id="136"/>
  <agent start_id="132" goal_id="43"/>
  <agent start_id="65" goal_id="159"/>
  <agent start_id="97" goal_id="88"/>
  <agent start_id="79" goal_id="39"/>
  <agent start_id="92" goal_id="56"/>
  <agent start_id="6" goal_id="4"/>
  <agent start_id="158" goal_id="94"/>
  <agent start_id="5" goal_id="9"/>
  <agent start_id="85" goal_id="23"/>
  <agent start_id="147" goal_id="120"/>
  <agent start_id="163" goal_id="117"/>
  <agent start_id="110" goal_id="80"/>
  <agent start_id="135" goal_id="122"/>
  <agent start_id="25" goal_id="24"/>
  <agent start_id="54" goal_id="51"/>
  <agent start_id="7" goal_id="164"/>
  <agent start_id="48" goal_id="197"/>
  <agent start_id="195" goal_id="27"/>
  <agent start_id="188" goal_id="7"/>
  <agent start_id="81" goal_id="47"/>
  <agent start_id="106" goal_id="32"/>
  <agent start_id="52" goal_id="68"/>
  <agent start_id="196" goal_id="183"/>
  <agent start_id="63" goal_id="119"/>
  <agent start_id="16" goal_id="34"/>
  <agent start_id="75" goal_id="6"/>
  <agent start_id="114" goal_id="140"/>
  <agent start_id="124" goal_id="113"/>
  <agent start_id="36" goal_id="40"/>
  <agent start_id="108" goal_id="54"/>
  <agent start_id="191" goal_id="153"/>
  <agent start_id="151" goal_id="192"/>
  <agent start_id="95" goal_id="64"/>
  <agent start_id="31" goal_id="103"/>
  <agent start_id="121" goal_id="84"/>
</root>
