<?xml version="1.0" ?>
<root>
  <agent start_id="62" goal_id="134"/>
  <agent start_id="160" goal_id="69"/>
  <agent start_id="188" goal_id="198"/>
  <agent start_id="36" goal_id="18"/>
  <agent start_id="41" goal_id="8"/>
  <agent start_id="164" goal_id="46"/>
  <agent start_id="5" goal_id="160"/>
  <agent start_id="64" goal_id="9"/>
  <agent start_id="181" goal_id="59"/>
  <agent start_id="113" goal_id="36"/>
  <agent start_id="172" goal_id="145"/>
  <agent start_id="6" goal_id="110"/>
  <agent start_id="71" goal_id="127"/>
  <agent start_id="38" goal_id="51"/>
  <agent start_id="43" goal_id="174"/>
  <agent start_id="63" goal_id="100"/>
  <agent start_id="147" goal_id="106"/>
  <agent start_id="87" goal_id="33"/>
  <agent start_id="73" goal_id="55"/>
  <agent start_id="82" goal_id="189"/>
  <agent start_id="193" goal_id="24"/>
  <agent start_id="136" goal_id="165"/>
  <agent start_id="53" goal_id="138"/>
  <agent start_id="80" goal_id="43"/>
  <agent start_id="131" goal_id="153"/>
  <agent start_id="138" goal_id="107"/>
  <agent start_id="142" goal_id="163"/>
  <agent start_id="29" goal_id="53"/>
  <agent start_id="165" goal_id="76"/>
  <agent start_id="35" goal_id="113"/>
  <agent start_id="58" goal_id="115"/>
  <agent start_id="88" goal_id="176"/>
  <agent start_id="124" goal_id="5"/>
  <agent start_id="189" goal_id="129"/>
  <agent start_id="78" goal_id="12"/>
  <agent start_id="47" goal_id="199"/>
  <agent start_id="199" goal_id="109"/>
  <agent start_id="22" goal_id="185"/>
  <agent start_id="115" goal_id="155"/>
  <agent start_id="1" goal_id="39"/>
  <agent start_id="166" goal_id="188"/>
  <agent start_id="125" goal_id="78"/>
  <agent start_id="149" goal_id="28"/>
  <agent start_id="197" goal_id="117"/>
  <agent start_id="89" goal_id="3"/>
  <agent start_id="92" goal_id="61"/>
  <agent start_id="182" goal_id="183"/>
  <agent start_id="156" goal_id="82"/>
  <agent start_id="163" goal_id="144"/>
  <agent start_id="174" goal_id="151"/>
</root>
