<?xml version="1.0" ?>
<root>
  <agent start_id="161" goal_id="125"/>
  <agent start_id="98" goal_id="61"/>
  <agent start_id="58" goal_id="84"/>
  <agent start_id="183" goal_id="192"/>
  <agent start_id="119" goal_id="131"/>
  <agent start_id="95" goal_id="37"/>
  <agent start_id="176" goal_id="85"/>
  <agent start_id="163" goal_id="135"/>
  <agent start_id="23" goal_id="72"/>
  <agent start_id="164" goal_id="9"/>
  <agent start_id="42" goal_id="106"/>
  <agent start_id="89" goal_id="129"/>
  <agent start_id="18" goal_id="44"/>
  <agent start_id="162" goal_id="148"/>
  <agent start_id="107" goal_id="189"/>
  <agent start_id="148" goal_id="162"/>
  <agent start_id="40" goal_id="15"/>
  <agent start_id="140" goal_id="12"/>
  <agent start_id="72" goal_id="167"/>
  <agent start_id="128" goal_id="190"/>
  <agent start_id="185" goal_id="80"/>
  <agent start_id="129" goal_id="113"/>
  <agent start_id="77" goal_id="20"/>
  <agent start_id="111" goal_id="186"/>
  <agent start_id="123" goal_id="40"/>
  <agent start_id="110" goal_id="10"/>
  <agent start_id="9" goal_id="103"/>
  <agent start_id="60" goal_id="4"/>
  <agent start_id="55" goal_id="98"/>
  <agent start_id="13" goal_id="199"/>
  <agent start_id="33" goal_id="0"/>
  <agent start_id="178" goal_id="58"/>
  <agent start_id="88" goal_id="52"/>
  <agent start_id="151" goal_id="127"/>
  <agent start_id="16" goal_id="35"/>
  <agent start_id="112" goal_id="71"/>
  <agent start_id="63" goal_id="102"/>
  <agent start_id="2" goal_id="87"/>
  <agent start_id="143" goal_id="23"/>
  <agent start_id="49" goal_id="193"/>
  <agent start_id="184" goal_id="183"/>
  <agent start_id="122" goal_id="5"/>
  <agent start_id="0" goal_id="101"/>
  <agent start_id="19" goal_id="117"/>
  <agent start_id="47" goal_id="39"/>
  <agent start_id="172" goal_id="138"/>
  <agent start_id="51" goal_id="164"/>
  <agent start_id="91" goal_id="3"/>
  <agent start_id="10" goal_id="63"/>
  <agent start_id="80" goal_id="196"/>
</root>
