<?xml version="1.0" ?>
<root>
  <agent start_id="113" goal_id="149"/>
  <agent start_id="21" goal_id="182"/>
  <agent start_id="146" goal_id="59"/>
  <agent start_id="149" goal_id="82"/>
  <agent start_id="110" goal_id="65"/>
  <agent start_id="61" goal_id="130"/>
  <agent start_id="15" goal_id="81"/>
  <agent start_id="49" goal_id="77"/>
  <agent start_id="142" goal_id="40"/>
  <agent start_id="199" goal_id="52"/>
  <agent start_id="7" goal_id="10"/>
  <agent start_id="119" goal_id="109"/>
  <agent start_id="23" goal_id="73"/>
  <agent start_id="147" goal_id="176"/>
  <agent start_id="52" goal_id="113"/>
  <agent start_id="75" goal_id="141"/>
  <agent start_id="120" goal_id="57"/>
  <agent start_id="6" goal_id="150"/>
  <agent start_id="48" goal_id="5"/>
  <agent start_id="96" goal_id="75"/>
  <agent start_id="30" goal_id="196"/>
  <agent start_id="99" goal_id="37"/>
  <agent start_id="121" goal_id="151"/>
  <agent start_id="72" goal_id="172"/>
  <agent start_id="134" goal_id="64"/>
  <agent start_id="177" goal_id="119"/>
  <agent start_id="107" goal_id="143"/>
  <agent start_id="1" goal_id="122"/>
  <agent start_id="137" goal_id="144"/>
  <agent start_id="94" goal_id="39"/>
  <agent start_id="188" goal_id="146"/>
  <agent start_id="138" goal_id="36"/>
  <agent start_id="101" goal_id="12"/>
  <agent start_id="42" goal_id="170"/>
  <agent start_id="97" goal_id="194"/>
  <agent start_id="58" goal_id="2"/>
  <agent start_id="186" goal_id="133"/>
  <agent start_id="127" goal_id="22"/>
  <agent start_id="184" goal_id="33"/>
  <agent start_id="37" goal_id="41"/>
  <agent start_id="173" goal_id="90"/>
  <agent start_id="115" goal_id="114"/>
  <agent start_id="148" goal_id="199"/>
  <agent start_id="68" goal_id="108"/>
  <agent start_id="175" goal_id="140"/>
  <agent start_id="144" goal_id="116"/>
  <agent start_id="154" goal_id="125"/>
  <agent start_id="139" goal_id="23"/>
  <agent start_id="87" goal_id="7"/>
  <agent start_id="151" goal_id="4"/>
</root>
