<?xml version="1.0" ?>
<root>
  <agent start_id="160" goal_id="7"/>
  <agent start_id="48" goal_id="10"/>
  <agent start_id="185" goal_id="85"/>
  <agent start_id="90" goal_id="80"/>
  <agent start_id="71" goal_id="194"/>
  <agent start_id="189" goal_id="118"/>
  <agent start_id="27" goal_id="146"/>
  <agent start_id="105" goal_id="156"/>
  <agent start_id="120" goal_id="59"/>
  <agent start_id="5" goal_id="92"/>
  <agent start_id="118" goal_id="142"/>
  <agent start_id="77" goal_id="99"/>
  <agent start_id="3" goal_id="193"/>
  <agent start_id="98" goal_id="145"/>
  <agent start_id="81" goal_id="104"/>
  <agent start_id="162" goal_id="127"/>
  <agent start_id="144" goal_id="182"/>
  <agent start_id="50" goal_id="4"/>
  <agent start_id="22" goal_id="114"/>
  <agent start_id="60" goal_id="172"/>
  <agent start_id="129" goal_id="84"/>
  <agent start_id="182" goal_id="102"/>
  <agent start_id="136" goal_id="110"/>
  <agent start_id="24" goal_id="70"/>
  <agent start_id="151" goal_id="159"/>
  <agent start_id="14" goal_id="87"/>
  <agent start_id="42" goal_id="133"/>
  <agent start_id="10" goal_id="52"/>
  <agent start_id="39" goal_id="22"/>
  <agent start_id="157" goal_id="13"/>
  <agent start_id="43" goal_id="53"/>
  <agent start_id="121" goal_id="46"/>
  <agent start_id="68" goal_id="187"/>
  <agent start_id="193" goal_id="41"/>
  <agent start_id="131" goal_id="199"/>
  <agent start_id="181" goal_id="24"/>
  <agent start_id="170" goal_id="135"/>
  <agent start_id="184" goal_id="164"/>
  <agent start_id="123" goal_id="132"/>
  <agent start_id="4" goal_id="88"/>
  <agent start_id="33" goal_id="173"/>
  <agent start_id="96" goal_id="26"/>
  <agent start_id="166" goal_id="120"/>
  <agent start_id="106" goal_id="39"/>
  <agent start_id="112" goal_id="89"/>
  <agent start_id="167" goal_id="6"/>
  <agent start_id="45" goal_id="111"/>
  <agent start_id="173" goal_id="47"/>
  <agent start_id="158" goal_id="96"/>
  <agent start_id="191" goal_id="56"/>
</root>
