<?xml version="1.0" ?>
<root>
  <agent start_id="47" goal_id="171"/>
  <agent start_id="171" goal_id="98"/>
  <agent start_id="65" goal_id="17"/>
  <agent start_id="66" goal_id="54"/>
  <agent start_id="76" goal_id="95"/>
  <agent start_id="81" goal_id="167"/>
  <agent start_id="195" goal_id="87"/>
  <agent start_id="63" goal_id="69"/>
  <agent start_id="186" goal_id="60"/>
  <agent start_id="160" goal_id="143"/>
  <agent start_id="90" goal_id="135"/>
  <agent start_id="154" goal_id="146"/>
  <agent start_id="13" goal_id="6"/>
  <agent start_id="112" goal_id="99"/>
  <agent start_id="55" goal_id="81"/>
  <agent start_id="178" goal_id="125"/>
  <agent start_id="121" goal_id="82"/>
  <agent start_id="54" goal_id="36"/>
  <agent start_id="75" goal_id="2"/>
  <agent start_id="15" goal_id="29"/>
  <agent start_id="94" goal_id="22"/>
  <agent start_id="100" goal_id="195"/>
  <agent start_id="169" goal_id="20"/>
  <agent start_id="5" goal_id="85"/>
  <agent start_id="69" goal_id="187"/>
  <agent start_id="83" goal_id="140"/>
  <agent start_id="32" goal_id="131"/>
  <agent start_id="88" goal_id="141"/>
  <agent start_id="198" goal_id="176"/>
  <agent start_id="71" goal_id="129"/>
  <agent start_id="108" goal_id="8"/>
  <agent start_id="82" goal_id="12"/>
  <agent start_id="117" goal_id="31"/>
  <agent start_id="11" goal_id="198"/>
  <agent start_id="43" goal_id="23"/>
  <agent start_id="106" goal_id="65"/>
  <agent start_id="80" goal_id="104"/>
  <agent start_id="157" goal_id="108"/>
  <agent start_id="164" goal_id="133"/>
  <agent start_id="68" goal_id="48"/>
  <agent start_id="179" goal_id="37"/>
  <agent start_id="89" goal_id="169"/>
  <agent start_id="45" goal_id="162"/>
  <agent start_id="73" goal_id="15"/>
  <agent start_id="79" goal_id="71"/>
  <agent start_id="72" goal_id="150"/>
  <agent start_id="98" goal_id="157"/>
  <agent start_id="105" goal_id="148"/>
  <agent start_id="18" goal_id="55"/>
  <agent start_id="151" goal_id="45"/>
</root>
