<?xml version="1.0" ?>
<root>
  <agent start_id="151" goal_id="152"/>
  <agent start_id="58" goal_id="154"/>
  <agent start_id="60" goal_id="47"/>
  <agent start_id="1" goal_id="21"/>
  <agent start_id="48" goal_id="142"/>
  <agent start_id="6" goal_id="120"/>
  <agent start_id="47" goal_id="137"/>
  <agent start_id="55" goal_id="27"/>
  <agent start_id="30" goal_id="146"/>
  <agent start_id="57" goal_id="68"/>
  <agent start_id="174" goal_id="50"/>
  <agent start_id="44" goal_id="106"/>
  <agent start_id="46" goal_id="109"/>
  <agent start_id="190" goal_id="105"/>
  <agent start_id="104" goal_id="145"/>
  <agent start_id="129" goal_id="111"/>
  <agent start_id="14" goal_id="190"/>
  <agent start_id="27" goal_id="14"/>
  <agent start_id="172" goal_id="74"/>
  <agent start_id="181" goal_id="46"/>
  <agent start_id="161" goal_id="22"/>
  <agent start_id="188" goal_id="199"/>
  <agent start_id="160" goal_id="178"/>
  <agent start_id="75" goal_id="193"/>
  <agent start_id="78" goal_id="39"/>
  <agent start_id="143" goal_id="98"/>
  <agent start_id="7" goal_id="143"/>
  <agent start_id="65" goal_id="17"/>
  <agent start_id="63" goal_id="59"/>
  <agent start_id="25" goal_id="100"/>
  <agent start_id="53" goal_id="41"/>
  <agent start_id="171" goal_id="99"/>
  <agent start_id="81" goal_id="12"/>
  <agent start_id="144" goal_id="77"/>
  <agent start_id="70" goal_id="3"/>
  <agent start_id="125" goal_id="2"/>
  <agent start_id="185" goal_id="184"/>
  <agent start_id="192" goal_id="89"/>
  <agent start_id="131" goal_id="130"/>
  <agent start_id="119" goal_id="93"/>
  <agent start_id="197" goal_id="94"/>
  <agent start_id="176" goal_id="24"/>
  <agent start_id="23" goal_id="84"/>
  <agent start_id="16" goal_id="185"/>
  <agent start_id="36" goal_id="52"/>
  <agent start_id="13" goal_id="10"/>
  <agent start_id="162" goal_id="0"/>
  <agent start_id="73" goal_id="60"/>
  <agent start_id="9" goal_id="4"/>
  <agent start_id="72" goal_id="29"/>
</root>
