<?xml version="1.0" ?>
<root>
  <agent start_id="98" goal_id="57"/>
  <agent start_id="146" goal_id="121"/>
  <agent start_id="143" goal_id="34"/>
  <agent start_id="21" goal_id="63"/>
  <agent start_id="60" goal_id="92"/>
  <agent start_id="164" goal_id="50"/>
  <agent start_id="56" goal_id="144"/>
  <agent start_id="78" goal_id="19"/>
  <agent start_id="115" goal_id="102"/>
  <agent start_id="73" goal_id="120"/>
  <agent start_id="171" goal_id="65"/>
  <agent start_id="0" goal_id="41"/>
  <agent start_id="175" goal_id="152"/>
  <agent start_id="165" goal_id="142"/>
  <agent start_id="105" goal_id="110"/>
  <agent start_id="2" goal_id="129"/>
  <agent start_id="107" goal_id="178"/>
  <agent start_id="197" goal_id="138"/>
  <agent start_id="192" goal_id="74"/>
  <agent start_id="34" goal_id="98"/>
  <agent start_id="68" goal_id="153"/>
  <agent start_id="151" goal_id="26"/>
  <agent start_id="157" goal_id="199"/>
  <agent start_id="5" goal_id="155"/>
  <agent start_id="47" goal_id="21"/>
  <agent start_id="77" goal_id="66"/>
  <agent start_id="99" goal_id="159"/>
  <agent start_id="167" goal_id="27"/>
  <agent start_id="29" goal_id="149"/>
  <agent start_id="179" goal_id="72"/>
  <agent start_id="187" goal_id="113"/>
  <agent start_id="147" goal_id="47"/>
  <agent start_id="174" goal_id="154"/>
  <agent start_id="32" goal_id="17"/>
  <agent start_id="198" goal_id="171"/>
  <agent start_id="64" goal_id="192"/>
  <agent start_id="137" goal_id="78"/>
  <agent start_id="123" goal_id="81"/>
  <agent start_id="100" goal_id="96"/>
  <agent start_id="193" goal_id="136"/>
  <agent start_id="106" goal_id="53"/>
  <agent start_id="65" goal_id="141"/>
  <agent start_id="37" goal_id="38"/>
  <agent start_id="35" goal_id="139"/>
  <agent start_id="51" goal_id="166"/>
  <agent start_id="168" goal_id="88"/>
  <agent start_id="20" goal_id="126"/>
  <agent start_id="17" goal_id="130"/>
  <agent start_id="54" goal_id="143"/>
  <agent start_id="1" goal_id="9"/>
</root>
