<?xml version="1.0" ?>
<root>
  <agent start_id="155" goal_id="5"/>
  <agent start_id="25" goal_id="126"/>
  <agent start_id="53" goal_id="161"/>
  <agent start_id="190" goal_id="76"/>
  <agent start_id="103" goal_id="6"/>
  <agent start_id="194" goal_id="52"/>
  <agent start_id="66" goal_id="3"/>
  <agent start_id="88" goal_id="182"/>
  <agent start_id="129" goal_id="143"/>
  <agent start_id="12" goal_id="185"/>
  <agent start_id="149" goal_id="141"/>
  <agent start_id="167" goal_id="125"/>
  <agent start_id="186" goal_id="88"/>
  <agent start_id="68" goal_id="30"/>
  <agent start_id="62" goal_id="121"/>
  <agent start_id="121" goal_id="181"/>
  <agent start_id="189" goal_id="169"/>
  <agent start_id="117" goal_id="164"/>
  <agent start_id="44" goal_id="24"/>
  <agent start_id="139" goal_id="187"/>
  <agent start_id="49" goal_id="47"/>
  <agent start_id="124" goal_id="7"/>
  <agent start_id="26" goal_id="65"/>
  <agent start_id="141" goal_id="18"/>
  <agent start_id="143" goal_id="144"/>
  <agent start_id="47" goal_id="82"/>
  <agent start_id="5" goal_id="15"/>
  <agent start_id="172" goal_id="86"/>
  <agent start_id="126" goal_id="12"/>
  <agent start_id="27" goal_id="2"/>
  <agent start_id="41" goal_id="51"/>
  <agent start_id="178" goal_id="184"/>
  <agent start_id="81" goal_id="118"/>
  <agent start_id="17" goal_id="123"/>
  <agent start_id="82" goal_id="158"/>
  <agent start_id="147" goal_id="70"/>
  <agent start_id="56" goal_id="108"/>
  <agent start_id="199" goal_id="36"/>
  <agent start_id="54" goal_id="102"/>
  <agent start_id="14" goal_id="89"/>
  <agent start_id="110" goal_id="55"/>
  <agent start_id="10" goal_id="45"/>
  <agent start_id="100" goal_id="66"/>
  <agent start_id="165" goal_id="138"/>
  <agent start_id="23" goal_id="61"/>
  <agent start_id="135" goal_id="23"/>
  <agent start_id="3" goal_id="166"/>
  <agent start_id="157" goal_id="198"/>
  <agent start_id="127" goal_id="191"/>
  <agent start_id="0" goal_id="189"/>
</root>
