<?xml version="1.0" ?>
<root>
  <agent start_id="164" goal_id="171"/>
  <agent start_id="77" goal_id="25"/>
  <agent start_id="19" goal_id="67"/>
  <agent start_id="49" goal_id="158"/>
  <agent start_id="173" goal_id="69"/>
  <agent start_id="165" goal_id="84"/>
  <agent start_id="103" goal_id="164"/>
  <agent start_id="37" goal_id="187"/>
  <agent start_id="43" goal_id="52"/>
  <agent start_id="160" goal_id="180"/>
  <agent start_id="6" goal_id="146"/>
  <agent start_id="81" goal_id="55"/>
  <agent start_id="137" goal_id="81"/>
  <agent start_id="153" goal_id="192"/>
  <agent start_id="176" goal_id="106"/>
  <agent start_id="98" goal_id="199"/>
  <agent start_id="168" goal_id="78"/>
  <agent start_id="107" goal_id="21"/>
  <agent start_id="138" goal_id="117"/>
  <agent start_id="51" goal_id="70"/>
  <agent start_id="120" goal_id="11"/>
  <agent start_id="169" goal_id="195"/>
  <agent start_id="25" goal_id="36"/>
  <agent start_id="140" goal_id="2"/>
  <agent start_id="161" goal_id="194"/>
  <agent start_id="186" goal_id="167"/>
  <agent start_id="151" goal_id="85"/>
  <agent start_id="62" goal_id="132"/>
  <agent start_id="70" goal_id="138"/>
  <agent start_id="79" goal_id="68"/>
  <agent start_id="9" goal_id="173"/>
  <agent start_id="174" goal_id="148"/>
  <agent start_id="48" goal_id="130"/>
  <agent start_id="122" goal_id="188"/>
  <agent start_id="4" goal_id="137"/>
  <agent start_id="12" goal_id="42"/>
  <agent start_id="15" goal_id="120"/>
  <agent start_id="1" goal_id="5"/>
  <agent start_id="158" goal_id="118"/>
  <agent start_id="108" goal_id="33"/>
  <agent start_id="139" goal_id="179"/>
  <agent start_id="192" goal_id="128"/>
  <agent start_id="33" goal_id="90"/>
  <agent start_id="7" goal_id="178"/>
  <agent start_id="102" goal_id="198"/>
  <agent start_id="83" goal_id="155"/>
  <agent start_id="17" goal_id="87"/>
  <agent start_id="30" goal_id="9"/>
  <agent start_id="5" goal_id="109"/>
  <agent start_id="134" goal_id="92"/>
</root>
