<?xml version="1.0" ?>
<root>
  <agent start_id="59" goal_id="156"/>
  <agent start_id="11" goal_id="167"/>
  <agent start_id="171" goal_id="81"/>
  <agent start_id="18" goal_id="40"/>
  <agent start_id="127" goal_id="42"/>
  <agent start_id="5" goal_id="191"/>
  <agent start_id="89" goal_id="12"/>
  <agent start_id="75" goal_id="147"/>
  <agent start_id="128" goal_id="50"/>
  <agent start_id="49" goal_id="78"/>
  <agent start_id="178" goal_id="158"/>
  <agent start_id="155" goal_id="132"/>
  <agent start_id="95" goal_id="175"/>
  <agent start_id="4" goal_id="188"/>
  <agent start_id="145" goal_id="126"/>
  <agent start_id="189" goal_id="161"/>
  <agent start_id="60" goal_id="59"/>
  <agent start_id="134" goal_id="138"/>
  <agent start_id="71" goal_id="131"/>
  <agent start_id="53" goal_id="160"/>
  <agent start_id="22" goal_id="166"/>
  <agent start_id="92" goal_id="37"/>
  <agent start_id="76" goal_id="47"/>
  <agent start_id="110" goal_id="15"/>
  <agent start_id="175" goal_id="53"/>
  <agent start_id="56" goal_id="94"/>
  <agent start_id="94" goal_id="49"/>
  <agent start_id="27" goal_id="72"/>
  <agent start_id="106" goal_id="174"/>
  <agent start_id="176" goal_id="124"/>
  <agent start_id="13" goal_id="152"/>
  <agent start_id="96" goal_id="144"/>
  <agent start_id="61" goal_id="7"/>
  <agent start_id="51" goal_id="114"/>
  <agent start_id="16" goal_id="196"/>
  <agent start_id="120" goal_id="139"/>
  <agent start_id="81" goal_id="116"/>
  <agent start_id="140" goal_id="56"/>
  <agent start_id="87" goal_id="111"/>
  <agent start_id="2" goal_id="84"/>
  <agent start_id="90" goal_id="51"/>
  <agent start_id="24" goal_id="43"/>
  <agent start_id="39" goal_id="107"/>
  <agent start_id="147" goal_id="178"/>
  <agent start_id="124" goal_id="87"/>
  <agent start_id="108" goal_id="198"/>
  <agent start_id="166" goal_id="165"/>
  <agent start_id="149" goal_id="154"/>
  <agent start_id="93" goal_id="163"/>
  <agent start_id="78" goal_id="184"/>
</root>
