<?xml version="1.0" ?>
<root>
  <agent start_id="1" goal_id="100"/>
  <agent start_id="171" goal_id="154"/>
  <agent start_id="180" goal_id="105"/>
  <agent start_id="39" goal_id="146"/>
  <agent start_id="76" goal_id="103"/>
  <agent start_id="53" goal_id="132"/>
  <agent start_id="179" goal_id="137"/>
  <agent start_id="4" goal_id="47"/>
  <agent start_id="87" goal_id="29"/>
  <agent start_id="80" goal_id="195"/>
  <agent start_id="59" goal_id="87"/>
  <agent start_id="195" goal_id="106"/>
  <agent start_id="93" goal_id="131"/>
  <agent start_id="125" goal_id="90"/>
  <agent start_id="107" goal_id="141"/>
  <agent start_id="66" goal_id="36"/>
  <agent start_id="28" goal_id="13"/>
  <agent start_id="74" goal_id="97"/>
  <agent start_id="47" goal_id="45"/>
  <agent start_id="83" goal_id="53"/>
  <agent start_id="178" goal_id="79"/>
  <agent start_id="150" goal_id="192"/>
  <agent start_id="188" goal_id="30"/>
  <agent start_id="129" goal_id="114"/>
  <agent start_id="114" goal_id="18"/>
  <agent start_id="131" goal_id="57"/>
  <agent start_id="149" goal_id="23"/>
  <agent start_id="134" goal_id="188"/>
  <agent start_id="160" goal_id="133"/>
  <agent start_id="12" goal_id="150"/>
  <agent start_id="51" goal_id="152"/>
  <agent start_id="197" goal_id="93"/>
  <agent start_id="64" goal_id="111"/>
  <agent start_id="8" goal_id="1"/>
  <agent start_id="152" goal_id="63"/>
  <agent start_id="186" goal_id="59"/>
  <agent start_id="124" goal_id="95"/>
  <agent start_id="103" goal_id="169"/>
  <agent start_id="81" goal_id="158"/>
  <agent start_id="86" goal_id="127"/>
  <agent start_id="72" goal_id="170"/>
  <agent start_id="34" goal_id="4"/>
  <agent start_id="90" goal_id="64"/>
  <agent start_id="40" goal_id="96"/>
  <agent start_id="36" goal_id="19"/>
  <agent start_id="22" goal_id="190"/>
  <agent start_id="136" goal_id="104"/>
  <agent start_id="143" goal_id="62"/>
  <agent start_id="153" goal_id="7"/>
  <agent start_id="184" goal_id="14"/>
</root>
