<?xml version="1.0" ?>
<root>
  <agent start_id="103" goal_id="61"/>
  <agent start_id="30" goal_id="132"/>
  <agent start_id="152" goal_id="11"/>
  <agent start_id="121" goal_id="181"/>
  <agent start_id="67" goal_id="51"/>
  <agent start_id="35" goal_id="140"/>
  <agent start_id="183" goal_id="128"/>
  <agent start_id="111" goal_id="35"/>
  <agent start_id="29" goal_id="145"/>
  <agent start_id="45" goal_id="130"/>
  <agent start_id="173" goal_id="2"/>
  <agent start_id="115" goal_id="129"/>
  <agent start_id="154" goal_id="46"/>
  <agent start_id="151" goal_id="29"/>
  <agent start_id="23" goal_id="110"/>
  <agent start_id="119" goal_id="148"/>
  <agent start_id="196" goal_id="60"/>
  <agent start_id="91" goal_id="199"/>
  <agent start_id="61" goal_id="25"/>
  <agent start_id="78" goal_id="58"/>
  <agent start_id="137" goal_id="43"/>
  <agent start_id="66" goal_id="177"/>
  <agent start_id="74" goal_id="68"/>
  <agent start_id="49" goal_id="105"/>
  <agent start_id="32" goal_id="172"/>
  <agent start_id="117" goal_id="104"/>
  <agent start_id="131" goal_id="18"/>
  <agent start_id="36" goal_id="91"/>
  <agent start_id="167" goal_id="72"/>
  <agent start_id="94" goal_id="179"/>
  <agent start_id="10" goal_id="75"/>
  <agent start_id="12" goal_id="88"/>
  <agent start_id="72" goal_id="23"/>
  <agent start_id="1" goal_id="126"/>
  <agent start_id="53" goal_id="6"/>
  <agent start_id="126" goal_id="12"/>
  <agent start_id="8" goal_id="98"/>
  <agent start_id="194" goal_id="41"/>
  <agent start_id="199" goal_id="108"/>
  <agent start_id="125" goal_id="171"/>
  <agent start_id="58" goal_id="16"/>
  <agent start_id="187" goal_id="44"/>
  <agent start_id="192" goal_id="186"/>
  <agent start_id="147" goal_id="190"/>
  <agent start_id="108" goal_id="107"/>
  <agent start_id="4" goal_id="79"/>
  <agent start_id="101" goal_id="96"/>
  <agent start_id="48" goal_id="49"/>
  <agent start_id="188" goal_id="8"/>
  <agent start_id="34" goal_id="159"/>
</root>
