<?xml version="1.0" ?>
<root>
  <agent start_id="123" goal_id="57"/>
  <agent start_id="47" goal_id="80"/>
  <agent start_id="68" goal_id="162"/>
  <agent start_id="14" goal_id="184"/>
  <agent start_id="141" goal_id="36"/>
  <agent start_id="186" goal_id="9"/>
  <agent start_id="101" goal_id="185"/>
  <agent start_id="192" goal_id="29"/>
  <agent start_id="26" goal_id="20"/>
  <agent start_id="88" goal_id="198"/>
  <agent start_id="94" goal_id="58"/>
  <agent start_id="61" goal_id="41"/>
  <agent start_id="116" goal_id="3"/>
  <agent start_id="148" goal_id="113"/>
  <agent start_id="25" goal_id="152"/>
  <agent start_id="180" goal_id="133"/>
  <agent start_id="91" goal_id="65"/>
  <agent start_id="149" goal_id="196"/>
  <agent start_id="152" goal_id="54"/>
  <agent start_id="0" goal_id="126"/>
  <agent start_id="112" goal_id="10"/>
  <agent start_id="147" goal_id="46"/>
  <agent start_id="17" goal_id="76"/>
  <agent start_id="75" goal_id="72"/>
  <agent start_id="69" goal_id="151"/>
  <agent start_id="104" goal_id="23"/>
  <agent start_id="120" goal_id="137"/>
  <agent start_id="54" goal_id="56"/>
  <agent start_id="64" goal_id="79"/>
  <agent start_id="110" goal_id="14"/>
  <agent start_id="131" goal_id="75"/>
  <agent start_id="63" goal_id="180"/>
  <agent start_id="93" goal_id="116"/>
  <agent start_id="92" goal_id="38"/>
  <agent start_id="66" goal_id="147"/>
  <agent start_id="96" goal_id="195"/>
  <agent start_id="19" goal_id="193"/>
  <agent start_id="199" goal_id="21"/>
  <agent start_id="50" goal_id="31"/>
  <agent start_id="102" goal_id="115"/>
  <agent start_id="179" goal_id="110"/>
  <agent start_id="119" goal_id="120"/>
  <agent start_id="151" goal_id="62"/>
  <agent start_id="87" goal_id="141"/>
  <agent start_id="184" goal_id="188"/>
  <agent start_id="57" goal_id="145"/>
  <agent start_id="76" goal_id="192"/>
  <agent start_id="81" goal_id="135"/>
  <agent start_id="84" goal_id="0"/>
  <agent start_id="144" goal_id="83"/>
</root>
