<?xml version="1.0" ?>
<root>
  <agent start_id="23" goal_id="52"/>
  <agent start_id="74" goal_id="129"/>
  <agent start_id="65" goal_id="112"/>
  <agent start_id="75" goal_id="46"/>
  <agent start_id="119" goal_id="98"/>
  <agent start_id="62" goal_id="100"/>
  <agent start_id="105" goal_id="119"/>
  <agent start_id="134" goal_id="132"/>
  <agent start_id="33" goal_id="6"/>
  <agent start_id="17" goal_id="104"/>
  <agent start_id="155" goal_id="50"/>
  <agent start_id="152" goal_id="96"/>
  <agent start_id="170" goal_id="43"/>
  <agent start_id="39" goal_id="177"/>
  <agent start_id="6" goal_id="82"/>
  <agent start_id="199" goal_id="34"/>
  <agent start_id="177" goal_id="13"/>
  <agent start_id="185" goal_id="16"/>
  <agent start_id="194" goal_id="109"/>
  <agent start_id="163" goal_id="127"/>
  <agent start_id="26" goal_id="182"/>
  <agent start_id="32" goal_id="19"/>
  <agent start_id="196" goal_id="73"/>
  <agent start_id="113" goal_id="27"/>
  <agent start_id="60" goal_id="30"/>
  <agent start_id="166" goal_id="192"/>
  <agent start_id="78" goal_id="113"/>
  <agent start_id="158" goal_id="174"/>
  <agent start_id="97" goal_id="1"/>
  <agent start_id="59" goal_id="114"/>
  <agent start_id="132" goal_id="71"/>
  <agent start_id="73" goal_id="77"/>
  <agent start_id="66" goal_id="184"/>
  <agent start_id="70" goal_id="49"/>
  <agent start_id="8" goal_id="131"/>
  <agent start_id="121" goal_id="171"/>
  <agent start_id="37" goal_id="86"/>
  <agent start_id="34" goal_id="160"/>
  <agent start_id="83" goal_id="115"/>
  <agent start_id="150" goal_id="10"/>
  <agent start_id="140" goal_id="158"/>
  <agent start_id="20" goal_id="37"/>
  <agent start_id="96" goal_id="80"/>
  <agent start_id="41" goal_id="198"/>
  <agent start_id="40" goal_id="130"/>
  <agent start_id="50" goal_id="103"/>
  <agent start_id="67" goal_id="35"/>
  <agent start_id="49" goal_id="152"/>
  <agent start_id="12" goal_id="148"/>
  <agent start_id="161" goal_id="24"/>
</root>
