<?xml version="1.0" ?>
<root>
  <agent start_id="99" goal_id="22"/>
  <agent start_id="107" goal_id="75"/>
  <agent start_id="28" goal_id="106"/>
  <agent start_id="119" goal_id="65"/>
  <agent start_id="152" goal_id="175"/>
  <agent start_id="39" goal_id="148"/>
  <agent start_id="127" goal_id="150"/>
  <agent start_id="170" goal_id="10"/>
  <agent start_id="198" goal_id="134"/>
  <agent start_id="56" goal_id="170"/>
  <agent start_id="90" goal_id="3"/>
  <agent start_id="150" goal_id="131"/>
  <agent start_id="103" goal_id="156"/>
  <agent start_id="159" goal_id="52"/>
  <agent start_id="187" goal_id="181"/>
  <agent start_id="88" goal_id="142"/>
  <agent start_id="17" goal_id="36"/>
  <agent start_id="186" goal_id="152"/>
  <agent start_id="80" goal_id="149"/>
  <agent start_id="40" goal_id="158"/>
  <agent start_id="108" goal_id="15"/>
  <agent start_id="124" goal_id="169"/>
  <agent start_id="94" goal_id="194"/>
  <agent start_id="191" goal_id="171"/>
  <agent start_id="135" goal_id="93"/>
  <agent start_id="70" goal_id="57"/>
  <agent start_id="113" goal_id="39"/>
  <agent start_id="91" goal_id="0"/>
  <agent start_id="48" goal_id="33"/>
  <agent start_id="65" goal_id="68"/>
  <agent start_id="153" goal_id="108"/>
  <agent start_id="112" goal_id="30"/>
  <agent start_id="131" goal_id="166"/>
  <agent start_id="0" goal_id="67"/>
  <agent start_id="93" goal_id="145"/>
  <agent start_id="11" goal_id="116"/>
  <agent start_id="138" goal_id="50"/>
  <agent start_id="22" goal_id="174"/>
  <agent start_id="62" goal_id="77"/>
  <agent start_id="157" goal_id="122"/>
  <agent start_id="23" goal_id="92"/>
  <agent start_id="169" goal_id="102"/>
  <agent start_id="123" goal_id="87"/>
  <agent start_id="15" goal_id="127"/>
  <agent start_id="1" goal_id="133"/>
  <agent start_id="18" goal_id="24"/>
  <agent start_id="106" goal_id="64"/>
  <agent start_id="34" goal_id="79"/>
  <agent start_id="163" goal_id="1"/>
  <agent start_id="116" goal_id="124"/>
</root>
