<?xml version="1.0" ?>
<root>
  <agent start_id="139" goal_id="30"/>
  <agent start_id="99" goal_id="67"/>
  <agent start_id="48" goal_id="96"/>
  <agent start_id="113" goal_id="198"/>
  <agent start_id="128" goal_id="6"/>
  <agent start_id="178" goal_id="168"/>
  <agent start_id="43" goal_id="18"/>
  <agent start_id="73" goal_id="165"/>
  <agent start_id="184" goal_id="48"/>
  <agent start_id="188" goal_id="190"/>
  <agent start_id="58" goal_id="164"/>
  <agent start_id="198" goal_id="34"/>
  <agent start_id="137" goal_id="81"/>
  <agent start_id="46" goal_id="187"/>
  <agent start_id="36" goal_id="128"/>
  <agent start_id="74" goal_id="192"/>
  <agent start_id="102" goal_id="196"/>
  <agent start_id="163" goal_id="113"/>
  <agent start_id="107" goal_id="2"/>
  <agent start_id="153" goal_id="74"/>
  <agent start_id="170" goal_id="147"/>
  <agent start_id="145" goal_id="29"/>
  <agent start_id="62" goal_id="185"/>
  <agent start_id="175" goal_id="85"/>
  <agent start_id="183" goal_id="157"/>
  <agent start_id="151" goal_id="146"/>
  <agent start_id="15" goal_id="12"/>
  <agent start_id="160" goal_id="97"/>
  <agent start_id="192" goal_id="117"/>
  <agent start_id="91" goal_id="183"/>
  <agent start_id="57" goal_id="158"/>
  <agent start_id="71" goal_id="56"/>
  <agent start_id="196" goal_id="10"/>
  <agent start_id="3" goal_id="102"/>
  <agent start_id="78" goal_id="5"/>
  <agent start_id="158" goal_id="105"/>
  <agent start_id="45" goal_id="134"/>
  <agent start_id="159" goal_id="20"/>
  <agent start_id="9" goal_id="197"/>
  <agent start_id="41" goal_id="149"/>
  <agent start_id="47" goal_id="161"/>
  <agent start_id="125" goal_id="156"/>
  <agent start_id="89" goal_id="142"/>
  <agent start_id="68" goal_id="94"/>
  <agent start_id="199" goal_id="150"/>
  <agent start_id="173" goal_id="152"/>
  <agent start_id="142" goal_id="100"/>
  <agent start_id="24" goal_id="88"/>
  <agent start_id="97" goal_id="118"/>
  <agent start_id="1" goal_id="64"/>
</root>
