<?xml version="1.0" ?>
<root>
  <agent start_id="142" goal_id="68"/>
  <agent start_id="149" goal_id="6"/>
  <agent start_id="195" goal_id="138"/>
  <agent start_id="118" goal_id="34"/>
  <agent start_id="36" goal_id="100"/>
  <agent start_id="131" goal_id="1"/>
  <agent start_id="182" goal_id="62"/>
  <agent start_id="69" goal_id="95"/>
  <agent start_id="86" goal_id="58"/>
  <agent start_id="41" goal_id="74"/>
  <agent start_id="47" goal_id="36"/>
  <agent start_id="81" goal_id="44"/>
  <agent start_id="187" goal_id="0"/>
  <agent start_id="122" goal_id="190"/>
  <agent start_id="18" goal_id="80"/>
  <agent start_id="96" goal_id="82"/>
  <agent start_id="5" goal_id="64"/>
  <agent start_id="161" goal_id="110"/>
  <agent start_id="150" goal_id="115"/>
  <agent start_id="45" goal_id="172"/>
  <agent start_id="68" goal_id="18"/>
  <agent start_id="66" goal_id="31"/>
  <agent start_id="82" goal_id="46"/>
  <agent start_id="107" goal_id="17"/>
  <agent start_id="185" goal_id="165"/>
  <agent start_id="3" goal_id="13"/>
  <agent start_id="30" goal_id="4"/>
  <agent start_id="147" goal_id="179"/>
  <agent start_id="48" goal_id="142"/>
  <agent start_id="159" goal_id="139"/>
  <agent start_id="60" goal_id="2"/>
  <agent start_id="12" goal_id="98"/>
  <agent start_id="83" goal_id="79"/>
  <agent start_id="44" goal_id="114"/>
  <agent start_id="7" goal_id="76"/>
  <agent start_id="10" goal_id="8"/>
  <agent start_id="72" goal_id="12"/>
  <agent start_id="181" goal_id="123"/>
  <agent start_id="76" goal_id="131"/>
  <agent start_id="70" goal_id="50"/>
  <agent start_id="153" goal_id="199"/>
  <agent start_id="111" goal_id="166"/>
  <agent start_id="73" goal_id="87"/>
  <agent start_id="63" goal_id="169"/>
  <agent start_id="0" goal_id="101"/>
  <agent start_id="110" goal_id="61"/>
  <agent start_id="198" goal_id="23"/>
  <agent start_id="71" goal_id="47"/>
  <agent start_id="135" goal_id="153"/>
  <agent start_id="108" goal_id="191"/>
</root>
