<?xml version="1.0" ?>
<root>
  <agent start_id="144" goal_id="89"/>
  <agent start_id="57" goal_id="115"/>
  <agent start_id="192" goal_id="170"/>
  <agent start_id="174" goal_id="133"/>
  <agent start_id="4" goal_id="140"/>
  <agent start_id="39" goal_id="33"/>
  <agent start_id="179" goal_id="79"/>
  <agent start_id="189" goal_id="104"/>
  <agent start_id="168" goal_id="123"/>
  <agent start_id="85" goal_id="48"/>
  <agent start_id="28" goal_id="95"/>
  <agent start_id="171" goal_id="1"/>
  <agent start_id="117" goal_id="106"/>
  <agent start_id="139" goal_id="57"/>
  <agent start_id="104" goal_id="149"/>
  <agent start_id="59" goal_id="26"/>
  <agent start_id="5" goal_id="62"/>
  <agent start_id="10" goal_id="184"/>
  <agent start_id="128" goal_id="147"/>
  <agent start_id="40" goal_id="85"/>
  <agent start_id="0" goal_id="139"/>
  <agent start_id="98" goal_id="188"/>
  <agent start_id="91" goal_id="29"/>
  <agent start_id="106" goal_id="153"/>
  <agent start_id="175" goal_id="43"/>
  <agent start_id="26" goal_id="82"/>
  <agent start_id="138" goal_id="130"/>
  <agent start_id="152" goal_id="60"/>
  <agent start_id="12" goal_id="154"/>
  <agent start_id="14" goal_id="100"/>
  <agent start_id="88" goal_id="163"/>
  <agent start_id="142" goal_id="161"/>
  <agent start_id="157" goal_id="176"/>
  <agent start_id="22" goal_id="30"/>
  <agent start_id="48" goal_id="64"/>
  <agent start_id="60" goal_id="179"/>
  <agent start_id="184" goal_id="113"/>
  <agent start_id="134" goal_id="47"/>
  <agent start_id="93" goal_id="68"/>
  <agent start_id="11" goal_id="59"/>
  <agent start_id="177" goal_id="171"/>
  <agent start_id="160" goal_id="32"/>
  <agent start_id="27" goal_id="168"/>
  <agent start_id="70" goal_id="35"/>
  <agent start_id="41" goal_id="138"/>
  <agent start_id="44" goal_id="199"/>
  <agent start_id="183" goal_id="141"/>
  <agent start_id="135" goal_id="196"/>
  <agent start_id="101" goal_id="4"/>
  <agent start_id="191" goal_id="65"/>
</root>
