<?xml version="1.0" ?>
<root>
  <agent start_id="127" goal_id="196"/>
  <agent start_id="42" goal_id="27"/>
  <agent start_id="117" goal_id="98"/>
  <agent start_id="103" goal_id="48"/>
  <agent start_id="174" goal_id="6"/>
  <agent start_id="194" goal_id="59"/>
  <agent start_id="179" goal_id="21"/>
  <agent start_id="164" goal_id="85"/>
  <agent start_id="33" goal_id="92"/>
  <agent start_id="166" goal_id="154"/>
  <agent start_id="95" goal_id="113"/>
  <agent start_id="186" goal_id="199"/>
  <agent start_id="191" goal_id="4"/>
  <agent start_id="1" goal_id="137"/>
  <agent start_id="149" goal_id="29"/>
  <agent start_id="64" goal_id="163"/>
  <agent start_id="197" goal_id="180"/>
  <agent start_id="101" goal_id="83"/>
  <agent start_id="137" goal_id="86"/>
  <agent start_id="140" goal_id="99"/>
  <agent start_id="175" goal_id="150"/>
  <agent start_id="18" goal_id="32"/>
  <agent start_id="161" goal_id="132"/>
  <agent start_id="180" goal_id="136"/>
  <agent start_id="118" goal_id="139"/>
  <agent start_id="184" goal_id="39"/>
  <agent start_id="84" goal_id="2"/>
  <agent start_id="39" goal_id="111"/>
  <agent start_id="30" goal_id="121"/>
  <agent start_id="82" goal_id="76"/>
  <agent start_id="92" goal_id="37"/>
  <agent start_id="80" goal_id="80"/>
  <agent start_id="89" goal_id="45"/>
  <agent start_id="96" goal_id="22"/>
  <agent start_id="152" goal_id="141"/>
  <agent start_id="25" goal_id="50"/>
  <agent start_id="8" goal_id="96"/>
  <agent start_id="4" goal_id="193"/>
  <agent start_id="183" goal_id="31"/>
  <agent start_id="24" goal_id="170"/>
  <agent start_id="17" goal_id="93"/>
  <agent start_id="99" goal_id="131"/>
  <agent start_id="68" goal_id="176"/>
  <agent start_id="50" goal_id="95"/>
  <agent start_id="63" goal_id="89"/>
  <agent start_id="172" goal_id="5"/>
  <agent start_id="143" goal_id="125"/>
  <agent start_id="158" goal_id="81"/>
  <agent start_id="153" goal_id="162"/>
  <agent start_id="173" goal_id="188"/>
</root>
