<?xml version="1.0" ?>
<root>
  <agent start_id="131" goal_id="193"/>
  <agent start_id="166" goal_id="165"/>
  <agent start_id="142" goal_id="55"/>
  <agent start_id="60" goal_id="67"/>
  <agent start_id="73" goal_id="161"/>
  <agent start_id="124" goal_id="86"/>
  <agent start_id="190" goal_id="111"/>
  <agent start_id="12" goal_id="2"/>
  <agent start_id="84" goal_id="178"/>
  <agent start_id="68" goal_id="180"/>
  <agent start_id="46" goal_id="108"/>
  <agent start_id="55" goal_id="150"/>
  <agent start_id="146" goal_id="174"/>
  <agent start_id="185" goal_id="153"/>
  <agent start_id="17" goal_id="79"/>
  <agent start_id="195" goal_id="88"/>
  <agent start_id="103" goal_id="85"/>
  <agent start_id="152" goal_id="18"/>
  <agent start_id="2" goal_id="132"/>
  <agent start_id="100" goal_id="121"/>
  <agent start_id="94" goal_id="62"/>
  <agent start_id="129" goal_id="72"/>
  <agent start_id="134" goal_id="58"/>
  <agent start_id="82" goal_id="184"/>
  <agent start_id="50" goal_id="124"/>
  <agent start_id="48" goal_id="43"/>
  <agent start_id="53" goal_id="113"/>
  <agent start_id="116" goal_id="6"/>
  <agent start_id="21" goal_id="129"/>
  <agent start_id="24" goal_id="22"/>
  <agent start_id="69" goal_id="134"/>
  <agent start_id="150" goal_id="117"/>
  <agent start_id="186" goal_id="156"/>
  <agent start_id="91" goal_id="118"/>
  <agent start_id="148" goal_id="189"/>
  <agent start_id="19" goal_id="177"/>
  <agent start_id="38" goal_id="157"/>
  <agent start_id="58" goal_id="90"/>
  <agent start_id="155" goal_id="105"/>
  <agent start_id="159" goal_id="95"/>
  <agent start_id="6" goal_id="1"/>
  <agent start_id="110" goal_id="186"/>
  <agent start_id="180" goal_id="191"/>
  <agent start_id="34" goal_id="48"/>
  <agent start_id="165" goal_id="143"/>
  <agent start_id="161" goal_id="101"/>
  <agent start_id="27" goal_id="69"/>
  <agent start_id="32" goal_id="115"/>
  <agent start_id="127" goal_id="127"/>
  <agent start_id="182" goal_id="41"/>
</root>
