<?xml version="1.0" ?>
<root>
  <agent start_id="167" goal_id="36"/>
  <agent start_id="66" goal_id="62"/>
  <agent start_id="57" goal_id="110"/>
  <agent start_id="84" goal_id="179"/>
  <agent start_id="55" goal_id="173"/>
  <agent start_id="109" goal_id="19"/>
  <agent start_id="185" goal_id="96"/>
  <agent start_id="27" goal_id="136"/>
  <agent start_id="157" goal_id="57"/>
  <agent start_id="126" goal_id="115"/>
  <agent start_id="133" goal_id="137"/>
  <agent start_id="154" goal_id="72"/>
  <agent start_id="156" goal_id="94"/>
  <agent start_id="71" goal_id="188"/>
  <agent start_id="165" goal_id="113"/>
  <agent start_id="28" goal_id="80"/>
  <agent start_id="142" goal_id="160"/>
  <agent start_id="29" goal_id="81"/>
  <agent start_id="41" goal_id="189"/>
  <agent start_id="177" goal_id="25"/>
  <agent start_id="134" goal_id="89"/>
  <agent start_id="58" goal_id="104"/>
  <agent start_id="35" goal_id="170"/>
  <agent start_id="67" goal_id="132"/>
  <agent start_id="95" goal_id="24"/>
  <agent start_id="183" goal_id="106"/>
  <agent start_id="91" goal_id="168"/>
  <agent start_id="23" goal_id="44"/>
  <agent start_id="63" goal_id="70"/>
  <agent start_id="152" goal_id="73"/>
  <agent start_id="171" goal_id="30"/>
  <agent start_id="151" goal_id="15"/>
  <agent start_id="60" goal_id="78"/>
  <agent start_id="112" goal_id="9"/>
  <agent start_id="195" goal_id="176"/>
  <agent start_id="45" goal_id="45"/>
  <agent start_id="125" goal_id="198"/>
  <agent start_id="175" goal_id="134"/>
  <agent start_id="161" goal_id="129"/>
  <agent start_id="49" goal_id="193"/>
  <agent start_id="199" goal_id="152"/>
  <agent start_id="196" goal_id="156"/>
  <agent start_id="170" goal_id="158"/>
  <agent start_id="98" goal_id="167"/>
  <agent start_id="101" goal_id="55"/>
  <agent start_id="93" goal_id="164"/>
  <agent start_id="17" goal_id="187"/>
  <agent start_id="21" goal_id="181"/>
  <agent start_id="51" goal_id="119"/>
  <agent start_id="50" goal_id="99"/>
</root>
