<?xml version="1.0" ?>
<root>
  <agent start_id="107" goal_id="64"/>
  <agent start_id="0" goal_id="191"/>
  <agent start_id="71" goal_id="72"/>
  <agent start_id="120" goal_id="104"/>
  <agent start_id="81" goal_id="152"/>
  <agent start_id="141" goal_id="194"/>
  <agent start_id="190" goal_id="131"/>
  <agent start_id="177" goal_id="25"/>
  <agent start_id="19" goal_id="85"/>
  <agent start_id="176" goal_id="192"/>
  <agent start_id="159" goal_id="93"/>
  <agent start_id="27" goal_id="47"/>
  <agent start_id="150" goal_id="121"/>
  <agent start_id="124" goal_id="58"/>
  <agent start_id="130" goal_id="125"/>
  <agent start_id="33" goal_id="139"/>
  <agent start_id="113" goal_id="184"/>
  <agent start_id="77" goal_id="157"/>
  <agent start_id="187" goal_id="112"/>
  <agent start_id="36" goal_id="144"/>
  <agent start_id="54" goal_id="54"/>
  <agent start_id="67" goal_id="135"/>
  <agent start_id="41" goal_id="108"/>
  <agent start_id="102" goal_id="48"/>
  <agent start_id="84" goal_id="176"/>
  <agent start_id="17" goal_id="171"/>
  <agent start_id="90" goal_id="168"/>
  <agent start_id="72" goal_id="46"/>
  <agent start_id="5" goal_id="162"/>
  <agent start_id="188" goal_id="196"/>
  <agent start_id="193" goal_id="31"/>
  <agent start_id="191" goal_id="27"/>
  <agent start_id="70" goal_id="18"/>
  <agent start_id="109" goal_id="91"/>
  <agent start_id="156" goal_id="78"/>
  <agent start_id="167" goal_id="70"/>
  <agent start_id="126" goal_id="6"/>
  <agent start_id="75" goal_id="151"/>
  <agent start_id="32" goal_id="185"/>
  <agent start_id="4" goal_id="186"/>
  <agent start_id="2" goal_id="146"/>
  <agent start_id="11" goal_id="161"/>
  <agent start_id="24" goal_id="116"/>
  <agent start_id="174" goal_id="118"/>
  <agent start_id="103" goal_id="45"/>
  <agent start_id="116" goal_id="87"/>
  <agent start_id="184" goal_id="10"/>
  <agent start_id="134" goal_id="3"/>
  <agent start_id="158" goal_id="92"/>
  <agent start_id="22" goal_id="88"/>
</root>
