<?xml version="1.0" ?>
<root>
  <agent start_id="15" goal_id="174"/>
  <agent start_id="140" goal_id="48"/>
  <agent start_id="86" goal_id="136"/>
  <agent start_id="168" goal_id="43"/>
  <agent start_id="135" goal_id="169"/>
  <agent start_id="43" goal_id="137"/>
  <agent start_id="99" goal_id="146"/>
  <agent start_id="167" goal_id="105"/>
  <agent start_id="46" goal_id="131"/>
  <agent start_id="11" goal_id="42"/>
  <agent start_id="74" goal_id="71"/>
  <agent start_id="107" goal_id="98"/>
  <agent start_id="77" goal_id="132"/>
  <agent start_id="126" goal_id="152"/>
  <agent start_id="33" goal_id="171"/>
  <agent start_id="184" goal_id="143"/>
  <agent start_id="198" goal_id="69"/>
  <agent start_id="79" goal_id="54"/>
  <agent start_id="177" goal_id="19"/>
  <agent start_id="19" goal_id="58"/>
  <agent start_id="22" goal_id="197"/>
  <agent start_id="7" goal_id="194"/>
  <agent start_id="52" goal_id="115"/>
  <agent start_id="120" goal_id="21"/>
  <agent start_id="149" goal_id="93"/>
  <agent start_id="38" goal_id="168"/>
  <agent start_id="118" goal_id="77"/>
  <agent start_id="62" goal_id="50"/>
  <agent start_id="68" goal_id="20"/>
  <agent start_id="65" goal_id="25"/>
  <agent start_id="95" goal_id="150"/>
  <agent start_id="56" goal_id="65"/>
  <agent start_id="3" goal_id="165"/>
  <agent start_id="143" goal_id="13"/>
  <agent start_id="152" goal_id="87"/>
  <agent start_id="195" goal_id="187"/>
  <agent start_id="97" goal_id="23"/>
  <agent start_id="127" goal_id="192"/>
  <agent start_id="57" goal_id="106"/>
  <agent start_id="150" goal_id="101"/>
  <agent start_id="122" goal_id="177"/>
  <agent start_id="132" goal_id="72"/>
  <agent start_id="145" goal_id="124"/>
  <agent start_id="110" goal_id="183"/>
  <agent start_id="90" goal_id="191"/>
  <agent start_id="103" goal_id="84"/>
  <agent start_id="190" goal_id="117"/>
  <agent start_id="72" goal_id="156"/>
  <agent start_id="101" goal_id="82"/>
  <agent start_id="163" goal_id="144"/>
</root>
