<?xml version="1.0" ?>
<root>
  <agent start_id="191" goal_id="106"/>
  <agent start_id="15" goal_id="165"/>
  <agent start_id="6" goal_id="148"/>
  <agent start_id="186" goal_id="56"/>
  <agent start_id="119" goal_id="6"/>
  <agent start_id="101" goal_id="186"/>
  <agent start_id="199" goal_id="55"/>
  <agent start_id="81" goal_id="24"/>
  <agent start_id="131" goal_id="64"/>
  <agent start_id="176" goal_id="118"/>
  <agent start_id="152" goal_id="150"/>
  <agent start_id="68" goal_id="67"/>
  <agent start_id="75" goal_id="128"/>
  <agent start_id="57" goal_id="88"/>
  <agent start_id="29" goal_id="83"/>
  <agent start_id="163" goal_id="132"/>
  <agent start_id="120" goal_id="91"/>
  <agent start_id="37" goal_id="160"/>
  <agent start_id="61" goal_id="123"/>
  <agent start_id="58" goal_id="37"/>
  <agent start_id="102" goal_id="52"/>
  <agent start_id="168" goal_id="144"/>
  <agent start_id="43" goal_id="29"/>
  <agent start_id="162" goal_id="25"/>
  <agent start_id="117" goal_id="155"/>
  <agent start_id="190" goal_id="169"/>
  <agent start_id="34" goal_id="35"/>
  <agent start_id="178" goal_id="74"/>
  <agent start_id="20" goal_id="196"/>
  <agent start_id="147" goal_id="174"/>
  <agent start_id="134" goal_id="72"/>
  <agent start_id="184" goal_id="147"/>
  <agent start_id="93" goal_id="51"/>
  <agent start_id="133" goal_id="145"/>
  <agent start_id="27" goal_id="39"/>
  <agent start_id="145" goal_id="185"/>
  <agent start_id="13" goal_id="13"/>
  <agent start_id="88" goal_id="28"/>
  <agent start_id="160" goal_id="80"/>
  <agent start_id="32" goal_id="101"/>
  <agent start_id="127" goal_id="49"/>
  <agent start_id="174" goal_id="89"/>
  <agent start_id="171" goal_id="63"/>
  <agent start_id="105" goal_id="193"/>
  <agent start_id="35" goal_id="58"/>
  <agent start_id="150" goal_id="50"/>
  <agent start_id="92" goal_id="134"/>
  <agent start_id="85" goal_id="116"/>
  <agent start_id="139" goal_id="16"/>
  <agent start_id="77" goal_id="114"/>
</root>
