<?xml version="1.0" ?>
<root>
  <agent start_id="100" goal_id="3"/>
  <agent start_id="3" goal_id="94"/>
  <agent start_id="143" goal_id="121"/>
  <agent start_id="148" goal_id="6"/>
  <agent start_id="139" goal_id="28"/>
  <agent start_id="43" goal_id="197"/>
  <agent start_id="194" goal_id="39"/>
  <agent start_id="21" goal_id="83"/>
  <agent start_id="22" goal_id="175"/>
  <agent start_id="105" goal_id="126"/>
  <agent start_id="141" goal_id="156"/>
  <agent start_id="171" goal_id="31"/>
  <agent start_id="167" goal_id="177"/>
  <agent start_id="176" goal_id="11"/>
  <agent start_id="40" goal_id="102"/>
  <agent start_id="166" goal_id="1"/>
  <agent start_id="188" goal_id="110"/>
  <agent start_id="36" goal_id="151"/>
  <agent start_id="102" goal_id="183"/>
  <agent start_id="106" goal_id="100"/>
  <agent start_id="132" goal_id="66"/>
  <agent start_id="126" goal_id="34"/>
  <agent start_id="0" goal_id="192"/>
  <agent start_id="33" goal_id="167"/>
  <agent start_id="121" goal_id="123"/>
  <agent start_id="87" goal_id="155"/>
  <agent start_id="68" goal_id="16"/>
  <agent start_id="97" goal_id="29"/>
  <agent start_id="108" goal_id="71"/>
  <agent start_id="116" goal_id="44"/>
  <agent start_id="177" goal_id="72"/>
  <agent start_id="84" goal_id="190"/>
  <agent start_id="118" goal_id="63"/>
  <agent start_id="79" goal_id="56"/>
  <agent start_id="198" goal_id="9"/>
  <agent start_id="41" goal_id="188"/>
  <agent start_id="65" goal_id="125"/>
  <agent start_id="86" goal_id="54"/>
  <agent start_id="179" goal_id="180"/>
  <agent start_id="5" goal_id="62"/>
  <agent start_id="197" goal_id="131"/>
  <agent start_id="30" goal_id="18"/>
  <agent start_id="94" goal_id="113"/>
  <agent start_id="27" goal_id="164"/>
  <agent start_id="109" goal_id="99"/>
  <agent start_id="183" goal_id="42"/>
  <agent start_id="51" goal_id="132"/>
  <agent start_id="76" goal_id="97"/>
  <agent start_id="150" goal_id="142"/>
  <agent start_id="178" goal_id="191"/>
</root>
