<?xml version="1.0" ?>
<root>
  <agent start_id="48" goal_id="4"/>
  <agent start_id="87" goal_id="125"/>
  <agent start_id="109" goal_id="160"/>
  <agent start_id="150" goal_id="41"/>
  <agent start_id="187" goal_id="170"/>
  <agent start_id="142" goal_id="79"/>
  <agent start_id="0" goal_id="124"/>
  <agent start_id="54" goal_id="26"/>
  <agent start_id="34" goal_id="115"/>
  <agent start_id="37" goal_id="46"/>
  <agent start_id="5" goal_id="108"/>
  <agent start_id="75" goal_id="112"/>
  <agent start_id="132" goal_id="43"/>
  <agent start_id="159" goal_id="54"/>
  <agent start_id="110" goal_id="178"/>
  <agent start_id="80" goal_id="8"/>
  <agent start_id="183" goal_id="51"/>
  <agent start_id="47" goal_id="119"/>
  <agent start_id="115" goal_id="30"/>
  <agent start_id="81" goal_id="68"/>
  <agent start_id="9" goal_id="32"/>
  <agent start_id="169" goal_id="123"/>
  <agent start_id="90" goal_id="133"/>
  <agent start_id="7" goal_id="104"/>
  <agent start_id="66" goal_id="73"/>
  <agent start_id="126" goal_id="194"/>
  <agent start_id="171" goal_id="143"/>
  <agent start_id="76" goal_id="191"/>
  <agent start_id="19" goal_id="61"/>
  <agent start_id="148" goal_id="17"/>
  <agent start_id="138" goal_id="167"/>
  <agent start_id="189" goal_id="97"/>
  <agent start_id="129" goal_id="82"/>
  <agent start_id="134" goal_id="48"/>
  <agent start_id="52" goal_id="57"/>
  <agent start_id="24" goal_id="134"/>
  <agent start_id="153" goal_id="90"/>
  <agent start_id="168" goal_id="147"/>
  <agent start_id="123" goal_id="33"/>
  <agent start_id="43" goal_id="164"/>
  <agent start_id="164" goal_id="162"/>
  <agent start_id="92" goal_id="113"/>
  <agent start_id="176" goal_id="121"/>
  <agent start_id="16" goal_id="130"/>
  <agent start_id="84" goal_id="129"/>
  <agent start_id="105" goal_id="86"/>
  <agent start_id="68" goal_id="176"/>
  <agent start_id="4" goal_id="195"/>
  <agent start_id="65" goal_id="35"/>
  <agent start_id="199" goal_id="109"/>
</root>
