<?xml version="1.0" ?>
<root>
  <agent start_id="55" goal_id="198"/>
  <agent start_id="77" goal_id="120"/>
  <agent start_id="85" goal_id="63"/>
  <agent start_id="198" goal_id="113"/>
  <agent start_id="73" goal_id="39"/>
  <agent start_id="124" goal_id="14"/>
  <agent start_id="28" goal_id="189"/>
  <agent start_id="35" goal_id="0"/>
  <agent start_id="30" goal_id="158"/>
  <agent start_id="93" goal_id="5"/>
  <agent start_id="57" goal_id="132"/>
  <agent start_id="150" goal_id="168"/>
  <agent start_id="164" goal_id="77"/>
  <agent start_id="13" goal_id="75"/>
  <agent start_id="40" goal_id="36"/>
  <agent start_id="130" goal_id="30"/>
  <agent start_id="54" goal_id="156"/>
  <agent start_id="47" goal_id="70"/>
  <agent start_id="90" goal_id="135"/>
  <agent start_id="127" goal_id="34"/>
  <agent start_id="145" goal_id="118"/>
  <agent start_id="12" goal_id="62"/>
  <agent start_id="109" goal_id="9"/>
  <agent start_id="112" goal_id="192"/>
  <agent start_id="20" goal_id="57"/>
  <agent start_id="31" goal_id="187"/>
  <agent start_id="115" goal_id="122"/>
  <agent start_id="192" goal_id="99"/>
  <agent start_id="16" goal_id="105"/>
  <agent start_id="153" goal_id="21"/>
  <agent start_id="113" goal_id="183"/>
  <agent start_id="49" goal_id="171"/>
  <agent start_id="195" goal_id="164"/>
  <agent start_id="51" goal_id="32"/>
  <agent start_id="96" goal_id="80"/>
  <agent start_id="131" goal_id="95"/>
  <agent start_id="160" goal_id="153"/>
  <agent start_id="62" goal_id="19"/>
  <agent start_id="187" goal_id="151"/>
  <agent start_id="19" goal_id="23"/>
  <agent start_id="44" goal_id="42"/>
  <agent start_id="70" goal_id="69"/>
  <agent start_id="155" goal_id="11"/>
  <agent start_id="39" goal_id="146"/>
  <agent start_id="183" goal_id="79"/>
  <agent start_id="123" goal_id="89"/>
  <agent start_id="169" goal_id="160"/>
  <agent start_id="140" goal_id="84"/>
  <agent start_id="129" goal_id="28"/>
  <agent start_id="78" goal_id="81"/>
</root>
