<?xml version="1.0" ?>
<root>
  <agent start_id="36" goal_id="9"/>
  <agent start_id="196" goal_id="122"/>
  <agent start_id="193" goal_id="164"/>
  <agent start_id="131" goal_id="163"/>
  <agent start_id="148" goal_id="54"/>
  <agent start_id="110" goal_id="80"/>
  <agent start_id="152" goal_id="82"/>
  <agent start_id="70" goal_id="30"/>
  <agent start_id="1" goal_id="72"/>
  <agent start_id="119" goal_id="114"/>
  <agent start_id="173" goal_id="70"/>
  <agent start_id="89" goal_id="101"/>
  <agent start_id="156" goal_id="129"/>
  <agent start_id="194" goal_id="64"/>
  <agent start_id="138" goal_id="22"/>
  <agent start_id="47" goal_id="16"/>
  <agent start_id="170" goal_id="5"/>
  <agent start_id="169" goal_id="104"/>
  <agent start_id="172" goal_id="117"/>
  <agent start_id="101" goal_id="13"/>
  <agent start_id="56" goal_id="195"/>
  <agent start_id="113" goal_id="141"/>
  <agent start_id="104" goal_id="61"/>
  <agent start_id="17" goal_id="121"/>
  <agent start_id="5" goal_id="90"/>
  <agent start_id="81" goal_id="136"/>
  <agent start_id="86" goal_id="45"/>
  <agent start_id="178" goal_id="126"/>
  <agent start_id="64" goal_id="35"/>
  <agent start_id="3" goal_id="131"/>
  <agent start_id="117" goal_id="78"/>
  <agent start_id="167" goal_id="49"/>
  <agent start_id="50" goal_id="93"/>
  <agent start_id="116" goal_id="150"/>
  <agent start_id="14" goal_id="162"/>
  <agent start_id="135" goal_id="196"/>
  <agent start_id="191" goal_id="125"/>
  <agent start_id="42" goal_id="107"/>
  <agent start_id="7" goal_id="27"/>
  <agent start_id="84" goal_id="190"/>
  <agent start_id="161" goal_id="6"/>
  <agent start_id="57" goal_id="3"/>
  <agent start_id="147" goal_id="106"/>
  <agent start_id="62" goal_id="133"/>
  <agent start_id="162" goal_id="66"/>
  <agent start_id="154" goal_id="172"/>
  <agent start_id="79" goal_id="34"/>
  <agent start_id="159" goal_id="142"/>
  <agent start_id="136" goal_id="113"/>
  <agent start_id="65" goal_id="178"/>
</root>
