<?xml version="1.0" ?>
<root>
  <agent start_id="18" goal_id="106"/>
  <agent start_id="81" goal_id="48"/>
  <agent start_id="149" goal_id="185"/>
  <agent start_id="56" goal_id="154"/>
  <agent start_id="12" goal_id="125"/>
  <agent start_id="188" goal_id="183"/>
  <agent start_id="142" goal_id="91"/>
  <agent start_id="172" goal_id="71"/>
  <agent start_id="23" goal_id="81"/>
  <agent start_id="66" goal_id="113"/>
  <agent start_id="106" goal_id="28"/>
  <agent start_id="46" goal_id="162"/>
  <agent start_id="100" goal_id="150"/>
  <agent start_id="141" goal_id="7"/>
  <agent start_id="121" goal_id="73"/>
  <agent start_id="112" goal_id="114"/>
  <agent start_id="109" goal_id="173"/>
  <agent start_id="2" goal_id="186"/>
  <agent start_id="5" goal_id="16"/>
  <agent start_id="52" goal_id="126"/>
  <agent start_id="78" goal_id="87"/>
  <agent start_id="30" goal_id="191"/>
  <agent start_id="20" goal_id="74"/>
  <agent start_id="83" goal_id="84"/>
  <agent start_id="64" goal_id="131"/>
  <agent start_id="3" goal_id="1"/>
  <agent start_id="102" goal_id="93"/>
  <agent start_id="67" goal_id="116"/>
  <agent start_id="91" goal_id="177"/>
  <agent start_id="54" goal_id="164"/>
  <agent start_id="74" goal_id="85"/>
  <agent start_id="136" goal_id="198"/>
  <agent start_id="159" goal_id="95"/>
  <agent start_id="177" goal_id="194"/>
  <agent start_id="97" goal_id="188"/>
  <agent start_id="133" goal_id="108"/>
  <agent start_id="95" goal_id="46"/>
  <agent start_id="126" goal_id="49"/>
  <agent start_id="39" goal_id="178"/>
  <agent start_id="13" goal_id="17"/>
  <agent start_id="24" goal_id="99"/>
  <agent start_id="143" goal_id="68"/>
  <agent start_id="122" goal_id="63"/>
  <agent start_id="134" goal_id="10"/>
  <agent start_id="108" goal_id="76"/>
  <agent start_id="138" goal_id="128"/>
  <agent start_id="152" goal_id="13"/>
  <agent start_id="8" goal_id="141"/>
  <agent start_id="15" goal_id="148"/>
  <agent start_id="115" goal_id="133"/>
</root>
