<?xml version="1.0" ?>
<root>
  <agent start_id="145" goal_id="157"/>
  <agent start_id="106" goal_id="115"/>
  <agent start_id="42" goal_id="76"/>
  <agent start_id="64" goal_id="84"/>
  <agent start_id="57" goal_id="22"/>
  <agent start_id="24" goal_id="47"/>
  <agent start_id="92" goal_id="180"/>
  <agent start_id="78" goal_id="14"/>
  <agent start_id="96" goal_id="111"/>
  <agent start_id="16" goal_id="132"/>
  <agent start_id="194" goal_id="78"/>
  <agent start_id="154" goal_id="2"/>
  <agent start_id="52" goal_id="5"/>
  <agent start_id="168" goal_id="146"/>
  <agent start_id="79" goal_id="153"/>
  <agent start_id="25" goal_id="54"/>
  <agent start_id="143" goal_id="68"/>
  <agent start_id="41" goal_id="188"/>
  <agent start_id="47" goal_id="176"/>
  <agent start_id="130" goal_id="32"/>
  <agent start_id="141" goal_id="112"/>
  <agent start_id="124" goal_id="10"/>
  <agent start_id="60" goal_id="165"/>
  <agent start_id="37" goal_id="89"/>
  <agent start_id="174" goal_id="185"/>
  <agent start_id="185" goal_id="163"/>
  <agent start_id="2" goal_id="18"/>
  <agent start_id="12" goal_id="190"/>
  <agent start_id="127" goal_id="79"/>
  <agent start_id="155" goal_id="35"/>
  <agent start_id="112" goal_id="161"/>
  <agent start_id="159" goal_id="123"/>
  <agent start_id="158" goal_id="186"/>
  <agent start_id="118" goal_id="93"/>
  <agent start_id="95" goal_id="72"/>
  <agent start_id="105" goal_id="119"/>
  <agent start_id="178" goal_id="108"/>
  <agent start_id="181" goal_id="105"/>
  <agent start_id="188" goal_id="142"/>
  <agent start_id="27" goal_id="168"/>
  <agent start_id="87" goal_id="195"/>
  <agent start_id="58" goal_id="3"/>
  <agent start_id="6" goal_id="46"/>
  <agent start_id="126" goal_id="49"/>
  <agent start_id="23" goal_id="0"/>
  <agent start_id="68" goal_id="97"/>
  <agent start_id="186" goal_id="61"/>
  <agent start_id="183" goal_id="129"/>
  <agent start_id="53" goal_id="179"/>
  <agent start_id="49" goal_id="140"/>
</root>
