<?xml version="1.0" ?>
<root>
  <agent start_id="114" goal_id="187"/>
  <agent start_id="81" goal_id="77"/>
  <agent start_id="129" goal_id="136"/>
  <agent start_id="110" goal_id="129"/>
  <agent start_id="68" goal_id="33"/>
  <agent start_id="186" goal_id="13"/>
  <agent start_id="118" goal_id="139"/>
  <agent start_id="112" goal_id="6"/>
  <agent start_id="77" goal_id="132"/>
  <agent start_id="3" goal_id="2"/>
  <agent start_id="105" goal_id="68"/>
  <agent start_id="98" goal_id="179"/>
  <agent start_id="73" goal_id="76"/>
  <agent start_id="66" goal_id="19"/>
  <agent start_id="169" goal_id="24"/>
  <agent start_id="56" goal_id="36"/>
  <agent start_id="159" goal_id="103"/>
  <agent start_id="28" goal_id="183"/>
  <agent start_id="82" goal_id="30"/>
  <agent start_id="50" goal_id="197"/>
  <agent start_id="138" goal_id="106"/>
  <agent start_id="123" goal_id="83"/>
  <agent start_id="130" goal_id="100"/>
  <agent start_id="182" goal_id="45"/>
  <agent start_id="19" goal_id="31"/>
  <agent start_id="1" goal_id="147"/>
  <agent start_id="25" goal_id="185"/>
  <agent start_id="128" goal_id="74"/>
  <agent start_id="22" goal_id="99"/>
  <agent start_id="162" goal_id="127"/>
  <agent start_id="170" goal_id="32"/>
  <agent start_id="69" goal_id="122"/>
  <agent start_id="126" goal_id="135"/>
  <agent start_id="34" goal_id="23"/>
  <agent start_id="91" goal_id="115"/>
  <agent start_id="184" goal_id="81"/>
  <agent start_id="155" goal_id="199"/>
  <agent start_id="5" goal_id="168"/>
  <agent start_id="152" goal_id="73"/>
  <agent start_id="84" goal_id="54"/>
  <agent start_id="97" goal_id="40"/>
  <agent start_id="47" goal_id="90"/>
  <agent start_id="48" goal_id="48"/>
  <agent start_id="14" goal_id="14"/>
  <agent start_id="148" goal_id="94"/>
  <agent start_id="187" goal_id="193"/>
  <agent start_id="176" goal_id="69"/>
  <agent start_id="119" goal_id="25"/>
  <agent start_id="17" goal_id="143"/>
  <agent start_id="132" goal_id="92"/>
</root>
