<?xml version="1.0" ?>
<root>
  <agent start_id="149" goal_id="192"/>
  <agent start_id="108" goal_id="193"/>
  <agent start_id="23" goal_id="111"/>
  <agent start_id="168" goal_id="88"/>
  <agent start_id="99" goal_id="51"/>
  <agent start_id="160" goal_id="130"/>
  <agent start_id="154" goal_id="195"/>
  <agent start_id="66" goal_id="83"/>
  <agent start_id="143" goal_id="147"/>
  <agent start_id="19" goal_id="47"/>
  <agent start_id="37" goal_id="104"/>
  <agent start_id="81" goal_id="123"/>
  <agent start_id="185" goal_id="7"/>
  <agent start_id="171" goal_id="177"/>
  <agent start_id="4" goal_id="21"/>
  <agent start_id="128" goal_id="162"/>
  <agent start_id="58" goal_id="164"/>
  <agent start_id="87" goal_id="71"/>
  <agent start_id="106" goal_id="98"/>
  <agent start_id="122" goal_id="109"/>
  <agent start_id="191" goal_id="145"/>
  <agent start_id="173" goal_id="185"/>
  <agent start_id="104" goal_id="169"/>
  <agent start_id="150" goal_id="44"/>
  <agent start_id="24" goal_id="23"/>
  <agent start_id="98" goal_id="28"/>
  <agent start_id="103" goal_id="15"/>
  <agent start_id="153" goal_id="84"/>
  <agent start_id="67" goal_id="191"/>
  <agent start_id="146" goal_id="168"/>
  <agent start_id="107" goal_id="57"/>
  <agent start_id="189" goal_id="136"/>
  <agent start_id="135" goal_id="68"/>
  <agent start_id="101" goal_id="114"/>
  <agent start_id="31" goal_id="143"/>
  <agent start_id="16" goal_id="141"/>
  <agent start_id="167" goal_id="178"/>
  <agent start_id="14" goal_id="80"/>
  <agent start_id="141" goal_id="17"/>
  <agent start_id="111" goal_id="20"/>
  <agent start_id="187" goal_id="11"/>
  <agent start_id="136" goal_id="59"/>
  <agent start_id="93" goal_id="79"/>
  <agent start_id="162" goal_id="56"/>
  <agent start_id="115" goal_id="2"/>
  <agent start_id="138" goal_id="157"/>
  <agent start_id="57" goal_id="194"/>
  <agent start_id="30" goal_id="152"/>
  <agent start_id="110" goal_id="103"/>
  <agent start_id="192" goal_id="176"/>
</root>
