<?xml version="1.0" ?>
<root>
  <agent start_id="134" goal_id="175"/>
  <agent start_id="70" goal_id="58"/>
  <agent start_id="30" goal_id="62"/>
  <agent start_id="1" goal_id="47"/>
  <agent start_id="52" goal_id="55"/>
  <agent start_id="148" goal_id="145"/>
  <agent start_id="117" goal_id="146"/>
  <agent start_id="17" goal_id="89"/>
  <agent start_id="124" goal_id="178"/>
  <agent start_id="14" goal_id="93"/>
  <agent start_id="152" goal_id="162"/>
  <agent start_id="69" goal_id="103"/>
  <agent start_id="56" goal_id="49"/>
  <agent start_id="48" goal_id="42"/>
  <agent start_id="19" goal_id="156"/>
  <agent start_id="80" goal_id="157"/>
  <agent start_id="118" goal_id="199"/>
  <agent start_id="170" goal_id="132"/>
  <agent start_id="180" goal_id="186"/>
  <agent start_id="187" goal_id="53"/>
  <agent start_id="20" goal_id="153"/>
  <agent start_id="60" goal_id="68"/>
  <agent start_id="102" goal_id="77"/>
  <agent start_id="108" goal_id="106"/>
  <agent start_id="65" goal_id="64"/>
  <agent start_id="62" goal_id="171"/>
  <agent start_id="130" goal_id="159"/>
  <agent start_id="22" goal_id="139"/>
  <agent start_id="147" goal_id="46"/>
  <agent start_id="125" goal_id="23"/>
  <agent start_id="109" goal_id="86"/>
  <agent start_id="47" goal_id="26"/>
  <agent start_id="55" goal_id="43"/>
  <agent start_id="175" goal_id="6"/>
  <agent start_id="53" goal_id="173"/>
  <agent start_id="51" goal_id="170"/>
  <agent start_id="162" goal_id="154"/>
  <agent start_id="159" goal_id="48"/>
  <agent start_id="13" goal_id="181"/>
  <agent start_id="57" goal_id="190"/>
  <agent start_id="116" goal_id="12"/>
  <agent start_id="49" goal_id="101"/>
  <agent start_id="107" goal_id="194"/>
  <agent start_id="161" goal_id="192"/>
  <agent start_id="195" goal_id="30"/>
  <agent start_id="189" goal_id="17"/>
  <agent start_id="164" goal_id="0"/>
  <agent start_id="7" goal_id="79"/>
  <agent start_id="138" goal_id="148"/>
  <agent start_id="154" goal_id="109"/>
</root>
