<?xml version="1.0" ?>
<root>
  <agent start_id="4" goal_id="77"/>
  <agent start_id="20" goal_id="114"/>
  <agent start_id="98" goal_id="127"/>
  <agent start_id="37" goal_id="65"/>
  <agent start_id="76" goal_id="46"/>
  <agent start_id="84" goal_id="199"/>
  <agent start_id="140" goal_id="102"/>
  <agent start_id="117" goal_id="136"/>
  <agent start_id="65" goal_id="78"/>
  <agent start_id="110" goal_id="99"/>
  <agent start_id="83" goal_id="164"/>
  <agent start_id="68" goal_id="29"/>
  <agent start_id="81" goal_id="88"/>
  <agent start_id="39" goal_id="125"/>
  <agent start_id="99" goal_id="193"/>
  <agent start_id="125" goal_id="142"/>
  <agent start_id="133" goal_id="123"/>
  <agent start_id="169" goal_id="145"/>
  <agent start_id="26" goal_id="111"/>
  <agent start_id="77" goal_id="86"/>
  <agent start_id="131" goal_id="30"/>
  <agent start_id="75" goal_id="84"/>
  <agent start_id="162" goal_id="104"/>
  <agent start_id="93" goal_id="2"/>
  <agent start_id="96" goal_id="80"/>
  <agent start_id="60" goal_id="67"/>
  <agent start_id="198" goal_id="11"/>
  <agent start_id="165" goal_id="43"/>
  <agent start_id="5" goal_id="15"/>
  <agent start_id="36" goal_id="158"/>
  <agent start_id="174" goal_id="126"/>
  <agent start_id="188" goal_id="40"/>
  <agent start_id="137" goal_id="151"/>
  <agent start_id="2" goal_id="153"/>
  <agent start_id="112" goal_id="87"/>
  <agent start_id="63" goal_id="19"/>
  <agent start_id="189" goal_id="120"/>
  <agent start_id="179" goal_id="12"/>
  <agent start_id="177" goal_id="76"/>
  <agent start_id="48" goal_id="53"/>
  <agent start_id="186" goal_id="190"/>
  <agent start_id="193" goal_id="194"/>
  <agent start_id="191" goal_id="177"/>
  <agent start_id="176" goal_id="69"/>
  <agent start_id="8" goal_id="93"/>
  <agent start_id="7" goal_id="174"/>
  <agent start_id="42" goal_id="42"/>
  <agent start_id="168" goal_id="71"/>
  <agent start_id="150" goal_id="160"/>
  <agent start_id="115" goal_id="176"/>
</root>
