<?xml version="1.0" ?>
<root>
  <agent start_id="191" goal_id="135"/>
  <agent start_id="172" goal_id="116"/>
  <agent start_id="115" goal_id="189"/>
  <agent start_id="146" goal_id="20"/>
  <agent start_id="65" goal_id="92"/>
  <agent start_id="182" goal_id="171"/>
  <agent start_id="40" goal_id="77"/>
  <agent start_id="90" goal_id="11"/>
  <agent start_id="96" goal_id="75"/>
  <agent start_id="175" goal_id="176"/>
  <agent start_id="119" goal_id="191"/>
  <agent start_id="5" goal_id="51"/>
  <agent start_id="14" goal_id="106"/>
  <agent start_id="63" goal_id="17"/>
  <agent start_id="140" goal_id="108"/>
  <agent start_id="39" goal_id="94"/>
  <agent start_id="198" goal_id="133"/>
  <agent start_id="162" goal_id="131"/>
  <agent start_id="169" goal_id="70"/>
  <agent start_id="3" goal_id="163"/>
  <agent start_id="186" goal_id="24"/>
  <agent start_id="55" goal_id="196"/>
  <agent start_id="142" goal_id="27"/>
  <agent start_id="46" goal_id="113"/>
  <agent start_id="192" goal_id="7"/>
  <agent start_id="102" goal_id="33"/>
  <agent start_id="29" goal_id="101"/>
  <agent start_id="30" goal_id="61"/>
  <agent start_id="109" goal_id="26"/>
  <agent start_id="75" goal_id="166"/>
  <agent start_id="59" goal_id="170"/>
  <agent start_id="34" goal_id="9"/>
  <agent start_id="61" goal_id="35"/>
  <agent start_id="177" goal_id="44"/>
  <agent start_id="156" goal_id="174"/>
  <agent start_id="24" goal_id="181"/>
  <agent start_id="1" goal_id="167"/>
  <agent start_id="164" goal_id="23"/>
  <agent start_id="51" goal_id="187"/>
  <agent start_id="137" goal_id="87"/>
  <agent start_id="148" goal_id="109"/>
  <agent start_id="23" goal_id="66"/>
  <agent start_id="179" goal_id="64"/>
  <agent start_id="199" goal_id="137"/>
  <agent start_id="79" goal_id="5"/>
  <agent start_id="152" goal_id="12"/>
  <agent start_id="50" goal_id="47"/>
  <agent start_id="166" goal_id="155"/>
  <agent start_id="181" goal_id="145"/>
  <agent start_id="84" goal_id="175"/>
</root>
