<?xml version="1.0" ?>
<root>
  <agent start_id="108" goal_id="172"/>
  <agent start_id="119" goal_id="166"/>
  <agent start_id="24" goal_id="83"/>
  <agent start_id="79" goal_id="35"/>
  <agent start_id="56" goal_id="60"/>
  <agent start_id="178" goal_id="47"/>
  <agent start_id="162" goal_id="76"/>
  <agent start_id="51" goal_id="194"/>
  <agent start_id="33" goal_id="90"/>
  <agent start_id="143" goal_id="114"/>
  <agent start_id="112" goal_id="105"/>
  <agent start_id="73" goal_id="116"/>
  <agent start_id="198" goal_id="150"/>
  <agent start_id="43" goal_id="156"/>
  <agent start_id="81" goal_id="101"/>
  <agent start_id="104" goal_id="43"/>
  <agent start_id="12" goal_id="142"/>
  <agent start_id="186" goal_id="189"/>
  <agent start_id="110" goal_id="132"/>
  <agent start_id="2" goal_id="108"/>
  <agent start_id="165" goal_id="54"/>
  <agent start_id="150" goal_id="21"/>
  <agent start_id="132" goal_id="12"/>
  <agent start_id="98" goal_id="1"/>
  <agent start_id="69" goal_id="136"/>
  <agent start_id="21" goal_id="78"/>
  <agent start_id="89" goal_id="168"/>
  <agent start_id="65" goal_id="22"/>
  <agent start_id="68" goal_id="182"/>
  <agent start_id="9" goal_id="26"/>
  <agent start_id="105" goal_id="29"/>
  <agent start_id="193" goal_id="59"/>
  <agent start_id="50" goal_id="158"/>
  <agent start_id="146" goal_id="109"/>
  <agent start_id="196" goal_id="155"/>
  <agent start_id="62" goal_id="8"/>
  <agent start_id="128" goal_id="6"/>
  <agent start_id="122" goal_id="151"/>
  <agent start_id="177" goal_id="99"/>
  <agent start_id="91" goal_id="106"/>
  <agent start_id="23" goal_id="68"/>
  <agent start_id="47" goal_id="71"/>
  <agent start_id="18" goal_id="19"/>
  <agent start_id="54" goal_id="100"/>
  <agent start_id="70" goal_id="4"/>
  <agent start_id="94" goal_id="126"/>
  <agent start_id="135" goal_id="154"/>
  <agent start_id="151" goal_id="181"/>
  <agent start_id="35" goal_id="81"/>
  <agent start_id="100" goal_id="30"/>
</root>
