<?xml version="1.0" ?>
<root>
  <agent start_id="15" goal_id="3"/>
  <agent start_id="181" goal_id="181"/>
  <agent start_id="64" goal_id="160"/>
  <agent start_id="9" goal_id="99"/>
  <agent start_id="38" goal_id="155"/>
  <agent start_id="93" goal_id="108"/>
  <agent start_id="86" goal_id="189"/>
  <agent start_id="74" goal_id="49"/>
  <agent start_id="149" goal_id="185"/>
  <agent start_id="54" goal_id="80"/>
  <agent start_id="55" goal_id="48"/>
  <agent start_id="92" goal_id="50"/>
  <agent start_id="178" goal_id="31"/>
  <agent start_id="88" goal_id="82"/>
  <agent start_id="59" goal_id="195"/>
  <agent start_id="152" goal_id="183"/>
  <agent start_id="159" goal_id="162"/>
  <agent start_id="160" goal_id="138"/>
  <agent start_id="48" goal_id="154"/>
  <agent start_id="109" goal_id="13"/>
  <agent start_id="172" goal_id="157"/>
  <agent start_id="177" goal_id="153"/>
  <agent start_id="162" goal_id="63"/>
  <agent start_id="144" goal_id="173"/>
  <agent start_id="95" goal_id="29"/>
  <agent start_id="131" goal_id="74"/>
  <agent start_id="156" goal_id="8"/>
  <agent start_id="40" goal_id="71"/>
  <agent start_id="199" goal_id="60"/>
  <agent start_id="26" goal_id="87"/>
  <agent start_id="43" goal_id="159"/>
  <agent start_id="34" goal_id="65"/>
  <agent start_id="7" goal_id="11"/>
  <agent start_id="146" goal_id="38"/>
  <agent start_id="100" goal_id="51"/>
  <agent start_id="52" goal_id="115"/>
  <agent start_id="121" goal_id="40"/>
  <agent start_id="174" goal_id="122"/>
  <agent start_id="57" goal_id="129"/>
  <agent start_id="182" goal_id="15"/>
  <agent start_id="186" goal_id="78"/>
  <agent start_id="28" goal_id="32"/>
  <agent start_id="41" goal_id="131"/>
  <agent start_id="135" goal_id="57"/>
  <agent start_id="137" goal_id="193"/>
  <agent start_id="37" goal_id="96"/>
  <agent start_id="24" goal_id="187"/>
  <agent start_id="141" goal_id="110"/>
  <agent start_id="71" goal_id="126"/>
  <agent start_id="84" goal_id="142"/>
</root>
