<?xml version="1.0" ?>
<root>
  <agent start_id="110" goal_id="157"/>
  <agent start_id="191" goal_id="79"/>
  <agent start_id="34" goal_id="20"/>
  <agent start_id="10" goal_id="44"/>
  <agent start_id="5" goal_id="97"/>
  <agent start_id="107" goal_id="10"/>
  <agent start_id="63" goal_id="123"/>
  <agent start_id="182" goal_id="127"/>
  <agent start_id="46" goal_id="140"/>
  <agent start_id="187" goal_id="45"/>
  <agent start_id="159" goal_id="148"/>
  <agent start_id="154" goal_id="103"/>
  <agent start_id="52" goal_id="56"/>
  <agent start_id="198" goal_id="83"/>
  <agent start_id="54" goal_id="80"/>
  <agent start_id="45" goal_id="112"/>
  <agent start_id="139" goal_id="186"/>
  <agent start_id="109" goal_id="78"/>
  <agent start_id="81" goal_id="183"/>
  <agent start_id="28" goal_id="104"/>
  <agent start_id="130" goal_id="77"/>
  <agent start_id="67" goal_id="117"/>
  <agent start_id="146" goal_id="110"/>
  <agent start_id="13" goal_id="154"/>
  <agent start_id="174" goal_id="149"/>
  <agent start_id="71" goal_id="161"/>
  <agent start_id="118" goal_id="116"/>
  <agent start_id="82" goal_id="136"/>
  <agent start_id="165" goal_id="4"/>
  <agent start_id="57" goal_id="66"/>
  <agent start_id="65" goal_id="68"/>
  <agent start_id="51" goal_id="167"/>
  <agent start_id="76" goal_id="172"/>
  <agent start_id="90" goal_id="173"/>
  <agent start_id="142" goal_id="50"/>
  <agent start_id="133" goal_id="164"/>
  <agent start_id="58" goal_id="159"/>
  <agent start_id="178" goal_id="12"/>
  <agent start_id="32" goal_id="135"/>
  <agent start_id="170" goal_id="42"/>
  <agent start_id="95" goal_id="39"/>
  <agent start_id="195" goal_id="101"/>
  <agent start_id="23" goal_id="131"/>
  <agent start_id="186" goal_id="41"/>
  <agent start_id="185" goal_id="7"/>
  <agent start_id="86" goal_id="107"/>
  <agent start_id="117" goal_id="151"/>
  <agent start_id="193" goal_id="113"/>
  <agent start_id="173" goal_id="0"/>
  <agent start_id="105" goal_id="29"/>
</root>
