<?xml version="1.0" ?>
<root>
  <agent start_id="56" goal_id="109"/>
  <agent start_id="140" goal_id="7"/>
  <agent start_id="26" goal_id="90"/>
  <agent start_id="102" goal_id="159"/>
  <agent start_id="71" goal_id="84"/>
  <agent start_id="31" goal_id="126"/>
  <agent start_id="116" goal_id="142"/>
  <agent start_id="198" goal_id="26"/>
  <agent start_id="72" goal_id="64"/>
  <agent start_id="17" goal_id="173"/>
  <agent start_id="161" goal_id="77"/>
  <agent start_id="80" goal_id="3"/>
  <agent start_id="9" goal_id="111"/>
  <agent start_id="27" goal_id="121"/>
  <agent start_id="62" goal_id="51"/>
  <agent start_id="33" goal_id="99"/>
  <agent start_id="37" goal_id="133"/>
  <agent start_id="85" goal_id="24"/>
  <agent start_id="84" goal_id="71"/>
  <agent start_id="166" goal_id="22"/>
  <agent start_id="119" goal_id="132"/>
  <agent start_id="50" goal_id="29"/>
  <agent start_id="114" goal_id="196"/>
  <agent start_id="54" goal_id="172"/>
  <agent start_id="122" goal_id="170"/>
  <agent start_id="13" goal_id="48"/>
  <agent start_id="139" goal_id="37"/>
  <agent start_id="16" goal_id="175"/>
  <agent start_id="187" goal_id="174"/>
  <agent start_id="68" goal_id="145"/>
  <agent start_id="170" goal_id="123"/>
  <agent start_id="98" goal_id="19"/>
  <agent start_id="109" goal_id="13"/>
  <agent start_id="19" goal_id="38"/>
  <agent start_id="46" goal_id="86"/>
  <agent start_id="135" goal_id="104"/>
  <agent start_id="117" goal_id="92"/>
  <agent start_id="1" goal_id="100"/>
  <agent start_id="158" goal_id="74"/>
  <agent start_id="2" goal_id="186"/>
  <agent start_id="168" goal_id="152"/>
  <agent start_id="147" goal_id="193"/>
  <agent start_id="164" goal_id="102"/>
  <agent start_id="181" goal_id="114"/>
  <agent start_id="115" goal_id="69"/>
  <agent start_id="134" goal_id="55"/>
  <agent start_id="126" goal_id="183"/>
  <agent start_id="79" goal_id="154"/>
  <agent start_id="188" goal_id="156"/>
  <agent start_id="35" goal_id="46"/>
</root>
