<?xml version="1.0" ?>
<root>
  <agent start_id="1" goal_id="153"/>
  <agent start_id="65" goal_id="87"/>
  <agent start_id="149" goal_id="185"/>
  <agent start_id="32" goal_id="7"/>
  <agent start_id="90" goal_id="33"/>
  <agent start_id="108" goal_id="149"/>
  <agent start_id="26" goal_id="55"/>
  <agent start_id="173" goal_id="102"/>
  <agent start_id="184" goal_id="2"/>
  <agent start_id="64" goal_id="91"/>
  <agent start_id="189" goal_id="9"/>
  <agent start_id="38" goal_id="167"/>
  <agent start_id="171" goal_id="63"/>
  <agent start_id="165" goal_id="37"/>
  <agent start_id="120" goal_id="42"/>
  <agent start_id="146" goal_id="195"/>
  <agent start_id="77" goal_id="122"/>
  <agent start_id="88" goal_id="20"/>
  <agent start_id="123" goal_id="66"/>
  <agent start_id="61" goal_id="120"/>
  <agent start_id="69" goal_id="133"/>
  <agent start_id="116" goal_id="3"/>
  <agent start_id="14" goal_id="62"/>
  <agent start_id="115" goal_id="162"/>
  <agent start_id="193" goal_id="101"/>
  <agent start_id="0" goal_id="140"/>
  <agent start_id="96" goal_id="174"/>
  <agent start_id="119" goal_id="15"/>
  <agent start_id="167" goal_id="25"/>
  <agent start_id="137" goal_id="84"/>
  <agent start_id="182" goal_id="52"/>
  <agent start_id="113" goal_id="171"/>
  <agent start_id="15" goal_id="6"/>
  <agent start_id="47" goal_id="135"/>
  <agent start_id="8" goal_id="67"/>
  <agent start_id="158" goal_id="80"/>
  <agent start_id="44" goal_id="49"/>
  <agent start_id="187" goal_id="38"/>
  <agent start_id="140" goal_id="98"/>
  <agent start_id="27" goal_id="75"/>
  <agent start_id="197" goal_id="10"/>
  <agent start_id="52" goal_id="28"/>
  <agent start_id="73" goal_id="132"/>
  <agent start_id="105" goal_id="118"/>
  <agent start_id="132" goal_id="165"/>
  <agent start_id="155" goal_id="32"/>
  <agent start_id="50" goal_id="137"/>
  <agent start_id="163" goal_id="111"/>
  <agent start_id="185" goal_id="76"/>
  <agent start_id="37" goal_id="148"/>
</root>
