<?xml version="1.0" ?>
<root>
  <agent start_id="1" goal_id="185"/>
  <agent start_id="29" goal_id="28"/>
  <agent start_id="137" goal_id="188"/>
  <agent start_id="33" goal_id="36"/>
  <agent start_id="173" goal_id="80"/>
  <agent start_id="155" goal_id="23"/>
  <agent start_id="85" goal_id="92"/>
  <agent start_id="84" goal_id="180"/>
  <agent start_id="47" goal_id="119"/>
  <agent start_id="82" goal_id="101"/>
  <agent start_id="64" goal_id="114"/>
  <agent start_id="107" goal_id="160"/>
  <agent start_id="72" goal_id="158"/>
  <agent start_id="95" goal_id="57"/>
  <agent start_id="169" goal_id="78"/>
  <agent start_id="35" goal_id="53"/>
  <agent start_id="163" goal_id="77"/>
  <agent start_id="109" goal_id="116"/>
  <agent start_id="70" goal_id="85"/>
  <agent start_id="172" goal_id="34"/>
  <agent start_id="165" goal_id="179"/>
  <agent start_id="45" goal_id="93"/>
  <agent start_id="188" goal_id="199"/>
  <agent start_id="91" goal_id="110"/>
  <agent start_id="11" goal_id="64"/>
  <agent start_id="149" goal_id="193"/>
  <agent start_id="132" goal_id="186"/>
  <agent start_id="118" goal_id="75"/>
  <agent start_id="182" goal_id="176"/>
  <agent start_id="12" goal_id="107"/>
  <agent start_id="80" goal_id="144"/>
  <agent start_id="190" goal_id="133"/>
  <agent start_id="130" goal_id="68"/>
  <agent start_id="79" goal_id="120"/>
  <agent start_id="86" goal_id="152"/>
  <agent start_id="151" goal_id="129"/>
  <agent start_id="157" goal_id="137"/>
  <agent start_id="27" goal_id="174"/>
  <agent start_id="36" goal_id="125"/>
  <agent start_id="139" goal_id="123"/>
  <agent start_id="101" goal_id="51"/>
  <agent start_id="40" goal_id="83"/>
  <agent start_id="117" goal_id="1"/>
  <agent start_id="164" goal_id="157"/>
  <agent start_id="77" goal_id="87"/>
  <agent start_id="191" goal_id="113"/>
  <agent start_id="39" goal_id="146"/>
  <agent start_id="31" goal_id="48"/>
  <agent start_id="5" goal_id="24"/>
  <agent start_id="13" goal_id="4"/>
</root>
