<?xml version="1.0" ?>
<root>
  <agent start_id="143" goal_id="96"/>
  <agent start_id="18" goal_id="175"/>
  <agent start_id="139" goal_id="29"/>
  <agent start_id="191" goal_id="16"/>
  <agent start_id="137" goal_id="114"/>
  <agent start_id="101" goal_id="66"/>
  <agent start_id="32" goal_id="27"/>
  <agent start_id="184" goal_id="165"/>
  <agent start_id="155" goal_id="10"/>
  <agent start_id="95" goal_id="3"/>
  <agent start_id="59" goal_id="152"/>
  <agent start_id="134" goal_id="180"/>
  <agent start_id="7" goal_id="35"/>
  <agent start_id="125" goal_id="141"/>
  <agent start_id="70" goal_id="95"/>
  <agent start_id="9" goal_id="89"/>
  <agent start_id="198" goal_id="112"/>
  <agent start_id="104" goal_id="28"/>
  <agent start_id="88" goal_id="187"/>
  <agent start_id="141" goal_id="170"/>
  <agent start_id="119" goal_id="142"/>
  <agent start_id="131" goal_id="47"/>
  <agent start_id="82" goal_id="39"/>
  <agent start_id="187" goal_id="80"/>
  <agent start_id="145" goal_id="116"/>
  <agent start_id="52" goal_id="198"/>
  <agent start_id="45" goal_id="197"/>
  <agent start_id="67" goal_id="44"/>
  <agent start_id="6" goal_id="120"/>
  <agent start_id="31" goal_id="45"/>
  <agent start_id="171" goal_id="135"/>
  <agent start_id="73" goal_id="5"/>
  <agent start_id="24" goal_id="100"/>
  <agent start_id="84" goal_id="150"/>
  <agent start_id="158" goal_id="174"/>
  <agent start_id="148" goal_id="186"/>
  <agent start_id="35" goal_id="173"/>
  <agent start_id="156" goal_id="110"/>
  <agent start_id="167" goal_id="129"/>
  <agent start_id="80" goal_id="37"/>
  <agent start_id="116" goal_id="2"/>
  <agent start_id="91" goal_id="48"/>
  <agent start_id="76" goal_id="140"/>
  <agent start_id="195" goal_id="34"/>
  <agent start_id="41" goal_id="49"/>
  <agent start_id="150" goal_id="156"/>
  <agent start_id="2" goal_id="136"/>
  <agent start_id="122" goal_id="119"/>
  <agent start_id="29" goal_id="64"/>
  <agent start_id="144" goal_id="85"/>
</root>
