<?xml version="1.0" ?>
<root>
  <agent start_id="11" goal_id="66"/>
  <agent start_id="50" goal_id="150"/>
  <agent start_id="59" goal_id="196"/>
  <agent start_id="60" goal_id="175"/>
  <agent start_id="8" goal_id="25"/>
  <agent start_id="121" goal_id="179"/>
  <agent start_id="196" goal_id="39"/>
  <agent start_id="186" goal_id="75"/>
  <agent start_id="71" goal_id="51"/>
  <agent start_id="189" goal_id="48"/>
  <agent start_id="190" goal_id="126"/>
  <agent start_id="100" goal_id="198"/>
  <agent start_id="86" goal_id="115"/>
  <agent start_id="170" goal_id="12"/>
  <agent start_id="2" goal_id="41"/>
  <agent start_id="97" goal_id="163"/>
  <agent start_id="149" goal_id="174"/>
  <agent start_id="135" goal_id="140"/>
  <agent start_id="182" goal_id="17"/>
  <agent start_id="1" goal_id="4"/>
  <agent start_id="180" goal_id="156"/>
  <agent start_id="5" goal_id="152"/>
  <agent start_id="127" goal_id="37"/>
  <agent start_id="145" goal_id="160"/>
  <agent start_id="119" goal_id="72"/>
  <agent start_id="72" goal_id="181"/>
  <agent start_id="15" goal_id="145"/>
  <agent start_id="122" goal_id="141"/>
  <agent start_id="62" goal_id="128"/>
  <agent start_id="194" goal_id="166"/>
  <agent start_id="175" goal_id="78"/>
  <agent start_id="98" goal_id="55"/>
  <agent start_id="110" goal_id="151"/>
  <agent start_id="91" goal_id="73"/>
  <agent start_id="67" goal_id="106"/>
  <agent start_id="31" goal_id="116"/>
  <agent start_id="69" goal_id="64"/>
  <agent start_id="106" goal_id="168"/>
  <agent start_id="107" goal_id="123"/>
  <agent start_id="40" goal_id="111"/>
  <agent start_id="49" goal_id="42"/>
  <agent start_id="74" goal_id="71"/>
  <agent start_id="28" goal_id="165"/>
  <agent start_id="183" goal_id="146"/>
  <agent start_id="10" goal_id="136"/>
  <agent start_id="146" goal_id="104"/>
  <agent start_id="126" goal_id="170"/>
  <agent start_id="93" goal_id="56"/>
  <agent start_id="76" goal_id="96"/>
  <agent start_id="157" goal_id="16"/>
</root>
