<?xml version="1.0" ?>
<root>
  <agent start_id="191" goal_id="58"/>
  <agent start_id="172" goal_id="151"/>
  <agent start_id="176" goal_id="52"/>
  <agent start_id="175" goal_id="162"/>
  <agent start_id="99" goal_id="149"/>
  <agent start_id="141" goal_id="121"/>
  <agent start_id="174" goal_id="165"/>
  <agent start_id="124" goal_id="7"/>
  <agent start_id="170" goal_id="17"/>
  <agent start_id="162" goal_id="187"/>
  <agent start_id="58" goal_id="84"/>
  <agent start_id="131" goal_id="50"/>
  <agent start_id="65" goal_id="118"/>
  <agent start_id="39" goal_id="199"/>
  <agent start_id="164" goal_id="160"/>
  <agent start_id="153" goal_id="166"/>
  <agent start_id="163" goal_id="119"/>
  <agent start_id="128" goal_id="111"/>
  <agent start_id="63" goal_id="47"/>
  <agent start_id="47" goal_id="163"/>
  <agent start_id="111" goal_id="195"/>
  <agent start_id="15" goal_id="23"/>
  <agent start_id="181" goal_id="39"/>
  <agent start_id="93" goal_id="34"/>
  <agent start_id="159" goal_id="148"/>
  <agent start_id="37" goal_id="176"/>
  <agent start_id="51" goal_id="112"/>
  <agent start_id="67" goal_id="62"/>
  <agent start_id="190" goal_id="172"/>
  <agent start_id="116" goal_id="173"/>
  <agent start_id="168" goal_id="145"/>
  <agent start_id="71" goal_id="75"/>
  <agent start_id="198" goal_id="107"/>
  <agent start_id="122" goal_id="83"/>
  <agent start_id="100" goal_id="179"/>
  <agent start_id="28" goal_id="158"/>
  <agent start_id="155" goal_id="103"/>
  <agent start_id="70" goal_id="143"/>
  <agent start_id="103" goal_id="147"/>
  <agent start_id="27" goal_id="136"/>
  <agent start_id="187" goal_id="8"/>
  <agent start_id="112" goal_id="89"/>
  <agent start_id="46" goal_id="170"/>
  <agent start_id="34" goal_id="22"/>
  <agent start_id="130" goal_id="37"/>
  <agent start_id="94" goal_id="106"/>
  <agent start_id="77" goal_id="72"/>
  <agent start_id="19" goal_id="156"/>
  <agent start_id="157" goal_id="57"/>
  <agent start_id="154" goal_id="126"/>
</root>
