<?xml version="1.0" ?>
<root>
  <agent start_id="59" goal_id="117"/>
  <agent start_id="189" goal_id="3"/>
  <agent start_id="103" goal_id="177"/>
  <agent start_id="146" goal_id="52"/>
  <agent start_id="104" goal_id="199"/>
  <agent start_id="199" goal_id="38"/>
  <agent start_id="68" goal_id="47"/>
  <agent start_id="53" goal_id="101"/>
  <agent start_id="50" goal_id="14"/>
  <agent start_id="28" goal_id="30"/>
  <agent start_id="137" goal_id="128"/>
  <agent start_id="70" goal_id="13"/>
  <agent start_id="90" goal_id="111"/>
  <agent start_id="190" goal_id="42"/>
  <agent start_id="184" goal_id="191"/>
  <agent start_id="144" goal_id="75"/>
  <agent start_id="16" goal_id="161"/>
  <agent start_id="127" goal_id="15"/>
  <agent start_id="93" goal_id="59"/>
  <agent start_id="195" goal_id="149"/>
  <agent start_id="14" goal_id="131"/>
  <agent start_id="5" goal_id="185"/>
  <agent start_id="132" goal_id="24"/>
  <agent start_id="110" goal_id="65"/>
  <agent start_id="175" goal_id="160"/>
  <agent start_id="169" goal_id="84"/>
  <agent start_id="179" goal_id="143"/>
  <agent start_id="60" goal_id="21"/>
  <agent start_id="23" goal_id="120"/>
  <agent start_id="150" goal_id="57"/>
  <agent start_id="106" goal_id="54"/>
  <agent start_id="153" goal_id="71"/>
  <agent start_id="9" goal_id="78"/>
  <agent start_id="100" goal_id="88"/>
  <agent start_id="120" goal_id="27"/>
  <agent start_id="41" goal_id="92"/>
  <agent start_id="43" goal_id="116"/>
  <agent start_id="86" goal_id="154"/>
  <agent start_id="129" goal_id="174"/>
  <agent start_id="108" goal_id="86"/>
  <agent start_id="172" goal_id="169"/>
  <agent start_id="3" goal_id="157"/>
  <agent start_id="94" goal_id="182"/>
  <agent start_id="91" goal_id="106"/>
  <agent start_id="192" goal_id="115"/>
  <agent start_id="64" goal_id="67"/>
  <agent start_id="156" goal_id="147"/>
  <agent start_id="17" goal_id="100"/>
  <agent start_id="166" goal_id="33"/>
  <agent start_id="113" goal_id="5"/>
</root>
