<?xml version="1.0" ?>
<root>
  <agent start_id="134" goal_id="49"/>
  <agent start_id="77" goal_id="118"/>
  <agent start_id="114" goal_id="56"/>
  <agent start_id="89" goal_id="156"/>
  <agent start_id="17" goal_id="162"/>
  <agent start_id="109" goal_id="120"/>
  <agent start_id="52" goal_id="183"/>
  <agent start_id="155" goal_id="82"/>
  <agent start_id="85" goal_id="51"/>
  <agent start_id="98" goal_id="48"/>
  <agent start_id="122" goal_id="155"/>
  <agent start_id="158" goal_id="9"/>
  <agent start_id="124" goal_id="125"/>
  <agent start_id="187" goal_id="41"/>
  <agent start_id="97" goal_id="188"/>
  <agent start_id="13" goal_id="149"/>
  <agent start_id="111" goal_id="172"/>
  <agent start_id="64" goal_id="77"/>
  <agent start_id="131" goal_id="74"/>
  <agent start_id="27" goal_id="98"/>
  <agent start_id="162" goal_id="194"/>
  <agent start_id="43" goal_id="92"/>
  <agent start_id="177" goal_id="142"/>
  <agent start_id="117" goal_id="0"/>
  <agent start_id="19" goal_id="96"/>
  <agent start_id="139" goal_id="79"/>
  <agent start_id="106" goal_id="69"/>
  <agent start_id="7" goal_id="169"/>
  <agent start_id="3" goal_id="11"/>
  <agent start_id="44" goal_id="62"/>
  <agent start_id="193" goal_id="167"/>
  <agent start_id="67" goal_id="126"/>
  <agent start_id="136" goal_id="180"/>
  <agent start_id="169" goal_id="111"/>
  <agent start_id="15" goal_id="71"/>
  <agent start_id="47" goal_id="121"/>
  <agent start_id="93" goal_id="97"/>
  <agent start_id="74" goal_id="164"/>
  <agent start_id="30" goal_id="107"/>
  <agent start_id="190" goal_id="109"/>
  <agent start_id="11" goal_id="190"/>
  <agent start_id="144" goal_id="25"/>
  <agent start_id="145" goal_id="40"/>
  <agent start_id="191" goal_id="3"/>
  <agent start_id="50" goal_id="100"/>
  <agent start_id="95" goal_id="147"/>
  <agent start_id="147" goal_id="191"/>
  <agent start_id="79" goal_id="42"/>
  <agent start_id="63" goal_id="157"/>
  <agent start_id="20" goal_id="139"/>
</root>
