<?xml version="1.0" ?>
<root>
  <agent start_id="55" goal_id="118"/>
  <agent start_id="75" goal_id="194"/>
  <agent start_id="169" goal_id="55"/>
  <agent start_id="38" goal_id="153"/>
  <agent start_id="22" goal_id="89"/>
  <agent start_id="92" goal_id="26"/>
  <agent start_id="59" goal_id="45"/>
  <agent start_id="47" goal_id="155"/>
  <agent start_id="109" goal_id="189"/>
  <agent start_id="18" goal_id="97"/>
  <agent start_id="135" goal_id="15"/>
  <agent start_id="73" goal_id="92"/>
  <agent start_id="173" goal_id="53"/>
  <agent start_id="123" goal_id="80"/>
  <agent start_id="49" goal_id="110"/>
  <agent start_id="145" goal_id="99"/>
  <agent start_id="127" goal_id="183"/>
  <agent start_id="141" goal_id="83"/>
  <agent start_id="83" goal_id="11"/>
  <agent start_id="57" goal_id="124"/>
  <agent start_id="15" goal_id="145"/>
  <agent start_id="194" goal_id="67"/>
  <agent start_id="2" goal_id="105"/>
  <agent start_id="76" goal_id="3"/>
  <agent start_id="86" goal_id="74"/>
  <agent start_id="87" goal_id="146"/>
  <agent start_id="188" goal_id="123"/>
  <agent start_id="78" goal_id="0"/>
  <agent start_id="85" goal_id="198"/>
  <agent start_id="137" goal_id="24"/>
  <agent start_id="130" goal_id="61"/>
  <agent start_id="143" goal_id="181"/>
  <agent start_id="112" goal_id="87"/>
  <agent start_id="70" goal_id="148"/>
  <agent start_id="176" goal_id="135"/>
  <agent start_id="140" goal_id="175"/>
  <agent start_id="166" goal_id="166"/>
  <agent start_id="154" goal_id="132"/>
  <agent start_id="183" goal_id="66"/>
  <agent start_id="51" goal_id="81"/>
  <agent start_id="185" goal_id="116"/>
  <agent start_id="170" goal_id="133"/>
  <agent start_id="195" goal_id="47"/>
  <agent start_id="149" goal_id="42"/>
  <agent start_id="148" goal_id="150"/>
  <agent start_id="131" goal_id="59"/>
  <agent start_id="3" goal_id="177"/>
  <agent start_id="111" goal_id="91"/>
  <agent start_id="110" goal_id="30"/>
  <agent start_id="158" goal_id="113"/>
</root>
