<?xml version="1.0" ?>
<root>
  <agent start_id="136" goal_id="74"/>
  <agent start_id="131" goal_id="133"/>
  <agent start_id="191" goal_id="139"/>
  <agent start_id="109" goal_id="55"/>
  <agent start_id="121" goal_id="142"/>
  <agent start_id="188" goal_id="115"/>
  <agent start_id="40" goal_id="87"/>
  <agent start_id="105" goal_id="16"/>
  <agent start_id="38" goal_id="117"/>
  <agent start_id="137" goal_id="146"/>
  <agent start_id="88" goal_id="159"/>
  <agent start_id="59" goal_id="23"/>
  <agent start_id="29" goal_id="43"/>
  <agent start_id="142" goal_id="169"/>
  <agent start_id="30" goal_id="2"/>
  <agent start_id="73" goal_id="86"/>
  <agent start_id="165" goal_id="152"/>
  <agent start_id="80" goal_id="189"/>
  <agent start_id="139" goal_id="68"/>
  <agent start_id="50" goal_id="161"/>
  <agent start_id="196" goal_id="191"/>
  <agent start_id="187" goal_id="88"/>
  <agent start_id="33" goal_id="182"/>
  <agent start_id="66" goal_id="35"/>
  <agent start_id="198" goal_id="52"/>
  <agent start_id="3" goal_id="185"/>
  <agent start_id="92" goal_id="38"/>
  <agent start_id="57" goal_id="194"/>
  <agent start_id="128" goal_id="29"/>
  <agent start_id="26" goal_id="12"/>
  <agent start_id="24" goal_id="77"/>
  <agent start_id="63" goal_id="190"/>
  <agent start_id="96" goal_id="9"/>
  <agent start_id="199" goal_id="125"/>
  <agent start_id="69" goal_id="27"/>
  <agent start_id="118" goal_id="144"/>
  <agent start_id="166" goal_id="127"/>
  <agent start_id="18" goal_id="61"/>
  <agent start_id="14" goal_id="34"/>
  <agent start_id="9" goal_id="75"/>
  <agent start_id="1" goal_id="150"/>
  <agent start_id="36" goal_id="132"/>
  <agent start_id="12" goal_id="128"/>
  <agent start_id="53" goal_id="56"/>
  <agent start_id="170" goal_id="136"/>
  <agent start_id="41" goal_id="79"/>
  <agent start_id="39" goal_id="113"/>
  <agent start_id="103" goal_id="193"/>
  <agent start_id="44" goal_id="187"/>
  <agent start_id="143" goal_id="31"/>
</root>
