<?xml version="1.0" ?>
<root>
  <agent start_id="133" goal_id="18"/>
  <agent start_id="28" goal_id="188"/>
  <agent start_id="8" goal_id="0"/>
  <agent start_id="198" goal_id="173"/>
  <agent start_id="15" goal_id="194"/>
  <agent start_id="91" goal_id="96"/>
  <agent start_id="83" goal_id="126"/>
  <agent start_id="74" goal_id="113"/>
  <agent start_id="23" goal_id="157"/>
  <agent start_id="27" goal_id="184"/>
  <agent start_id="46" goal_id="141"/>
  <agent start_id="22" goal_id="199"/>
  <agent start_id="158" goal_id="103"/>
  <agent start_id="156" goal_id="49"/>
  <agent start_id="95" goal_id="162"/>
  <agent start_id="68" goal_id="88"/>
  <agent start_id="14" goal_id="25"/>
  <agent start_id="142" goal_id="67"/>
  <agent start_id="177" goal_id="63"/>
  <agent start_id="76" goal_id="115"/>
  <agent start_id="104" goal_id="180"/>
  <agent start_id="77" goal_id="32"/>
  <agent start_id="17" goal_id="26"/>
  <agent start_id="149" goal_id="24"/>
  <agent start_id="174" goal_id="97"/>
  <agent start_id="60" goal_id="45"/>
  <agent start_id="101" goal_id="36"/>
  <agent start_id="64" goal_id="175"/>
  <agent start_id="121" goal_id="87"/>
  <agent start_id="19" goal_id="11"/>
  <agent start_id="172" goal_id="125"/>
  <agent start_id="114" goal_id="51"/>
  <agent start_id="107" goal_id="61"/>
  <agent start_id="135" goal_id="122"/>
  <agent start_id="110" goal_id="59"/>
  <agent start_id="13" goal_id="79"/>
  <agent start_id="180" goal_id="106"/>
  <agent start_id="88" goal_id="120"/>
  <agent start_id="9" goal_id="43"/>
  <agent start_id="47" goal_id="163"/>
  <agent start_id="161" goal_id="117"/>
  <agent start_id="165" goal_id="21"/>
  <agent start_id="152" goal_id="159"/>
  <agent start_id="163" goal_id="136"/>
  <agent start_id="97" goal_id="91"/>
  <agent start_id="25" goal_id="53"/>
  <agent start_id="90" goal_id="195"/>
  <agent start_id="71" goal_id="197"/>
  <agent start_id="40" goal_id="69"/>
  <agent start_id="113" goal_id="170"/>
</root>
