<?xml version="1.0" ?>
<root>
  <agent start_id="40" goal_id="90"/>
  <agent start_id="189" goal_id="81"/>
  <agent start_id="84" goal_id="130"/>
  <agent start_id="140" goal_id="26"/>
  <agent start_id="71" goal_id="27"/>
  <agent start_id="5" goal_id="106"/>
  <agent start_id="25" goal_id="34"/>
  <agent start_id="157" goal_id="118"/>
  <agent start_id="161" goal_id="182"/>
  <agent start_id="16" goal_id="7"/>
  <agent start_id="38" goal_id="165"/>
  <agent start_id="42" goal_id="101"/>
  <agent start_id="87" goal_id="55"/>
  <agent start_id="9" goal_id="19"/>
  <agent start_id="198" goal_id="161"/>
  <agent start_id="77" goal_id="42"/>
  <agent start_id="61" goal_id="37"/>
  <agent start_id="165" goal_id="141"/>
  <agent start_id="46" goal_id="124"/>
  <agent start_id="196" goal_id="31"/>
  <agent start_id="124" goal_id="63"/>
  <agent start_id="102" goal_id="122"/>
  <agent start_id="4" goal_id="23"/>
  <agent start_id="187" goal_id="116"/>
  <agent start_id="174" goal_id="67"/>
  <agent start_id="70" goal_id="196"/>
  <agent start_id="91" goal_id="79"/>
  <agent start_id="193" goal_id="107"/>
  <agent start_id="126" goal_id="99"/>
  <agent start_id="104" goal_id="131"/>
  <agent start_id="195" goal_id="74"/>
  <agent start_id="33" goal_id="89"/>
  <agent start_id="185" goal_id="155"/>
  <agent start_id="197" goal_id="21"/>
  <agent start_id="170" goal_id="72"/>
  <agent start_id="150" goal_id="168"/>
  <agent start_id="179" goal_id="0"/>
  <agent start_id="99" goal_id="46"/>
  <agent start_id="160" goal_id="91"/>
  <agent start_id="127" goal_id="22"/>
  <agent start_id="35" goal_id="52"/>
  <agent start_id="62" goal_id="156"/>
  <agent start_id="80" goal_id="143"/>
  <agent start_id="37" goal_id="189"/>
  <agent start_id="3" goal_id="57"/>
  <agent start_id="155" goal_id="32"/>
  <agent start_id="108" goal_id="53"/>
  <agent start_id="30" goal_id="97"/>
  <agent start_id="166" goal_id="48"/>
  <agent start_id="2" goal_id="195"/>
</root>
