<?xml version="1.0" ?>
<root>
  <agent start_id="15" goal_id="27"/>
  <agent start_id="153" goal_id="141"/>
  <agent start_id="81" goal_id="136"/>
  <agent start_id="125" goal_id="39"/>
  <agent start_id="75" goal_id="4"/>
  <agent start_id="33" goal_id="93"/>
  <agent start_id="74" goal_id="84"/>
  <agent start_id="128" goal_id="168"/>
  <agent start_id="97" goal_id="191"/>
  <agent start_id="28" goal_id="54"/>
  <agent start_id="168" goal_id="182"/>
  <agent start_id="1" goal_id="47"/>
  <agent start_id="8" goal_id="0"/>
  <agent start_id="147" goal_id="118"/>
  <agent start_id="122" goal_id="61"/>
  <agent start_id="194" goal_id="71"/>
  <agent start_id="193" goal_id="132"/>
  <agent start_id="36" goal_id="153"/>
  <agent start_id="63" goal_id="67"/>
  <agent start_id="115" goal_id="64"/>
  <agent start_id="114" goal_id="144"/>
  <agent start_id="124" goal_id="66"/>
  <agent start_id="169" goal_id="125"/>
  <agent start_id="136" goal_id="139"/>
  <agent start_id="52" goal_id="101"/>
  <agent start_id="167" goal_id="122"/>
  <agent start_id="108" goal_id="134"/>
  <agent start_id="112" goal_id="12"/>
  <agent start_id="12" goal_id="99"/>
  <agent start_id="96" goal_id="187"/>
  <agent start_id="131" goal_id="142"/>
  <agent start_id="86" goal_id="30"/>
  <agent start_id="57" goal_id="9"/>
  <agent start_id="107" goal_id="94"/>
  <agent start_id="188" goal_id="31"/>
  <agent start_id="139" goal_id="36"/>
  <agent start_id="164" goal_id="150"/>
  <agent start_id="76" goal_id="130"/>
  <agent start_id="141" goal_id="112"/>
  <agent start_id="100" goal_id="75"/>
  <agent start_id="198" goal_id="169"/>
  <agent start_id="50" goal_id="194"/>
  <agent start_id="191" goal_id="108"/>
  <agent start_id="38" goal_id="111"/>
  <agent start_id="80" goal_id="119"/>
  <agent start_id="16" goal_id="183"/>
  <agent start_id="17" goal_id="147"/>
  <agent start_id="99" goal_id="38"/>
  <agent start_id="163" goal_id="34"/>
  <agent start_id="10" goal_id="107"/>
</root>
