<?xml version="1.0" ?>
<root>
  <agent start_id="132" goal_id="144"/>
  <agent start_id="52" goal_id="157"/>
  <agent start_id="134" goal_id="75"/>
  <agent start_id="143" goal_id="88"/>
  <agent start_id="49" goal_id="191"/>
  <agent start_id="174" goal_id="154"/>
  <agent start_id="71" goal_id="22"/>
  <agent start_id="51" goal_id="109"/>
  <agent start_id="171" goal_id="172"/>
  <agent start_id="177" goal_id="92"/>
  <agent start_id="83" goal_id="161"/>
  <agent start_id="139" goal_id="52"/>
  <agent start_id="76" goal_id="184"/>
  <agent start_id="81" goal_id="155"/>
  <agent start_id="118" goal_id="70"/>
  <agent start_id="20" goal_id="175"/>
  <agent start_id="78" goal_id="82"/>
  <agent start_id="86" goal_id="8"/>
  <agent start_id="166" goal_id="46"/>
  <agent start_id="58" goal_id="103"/>
  <agent start_id="25" goal_id="41"/>
  <agent start_id="92" goal_id="60"/>
  <agent start_id="178" goal_id="138"/>
  <agent start_id="127" goal_id="28"/>
  <agent start_id="124" goal_id="15"/>
  <agent start_id="153" goal_id="170"/>
  <agent start_id="44" goal_id="196"/>
  <agent start_id="167" goal_id="120"/>
  <agent start_id="189" goal_id="177"/>
  <agent start_id="142" goal_id="23"/>
  <agent start_id="67" goal_id="186"/>
  <agent start_id="181" goal_id="4"/>
  <agent start_id="21" goal_id="83"/>
  <agent start_id="179" goal_id="190"/>
  <agent start_id="77" goal_id="146"/>
  <agent start_id="136" goal_id="114"/>
  <agent start_id="196" goal_id="29"/>
  <agent start_id="82" goal_id="149"/>
  <agent start_id="194" goal_id="44"/>
  <agent start_id="141" goal_id="165"/>
  <agent start_id="23" goal_id="105"/>
  <agent start_id="144" goal_id="81"/>
  <agent start_id="34" goal_id="20"/>
  <agent start_id="88" goal_id="167"/>
  <agent start_id="74" goal_id="17"/>
  <agent start_id="182" goal_id="127"/>
  <agent start_id="41" goal_id="97"/>
  <agent start_id="151" goal_id="117"/>
  <agent start_id="10" goal_id="125"/>
  <agent start_id="119" goal_id="3"/>
</root>
