<?xml version="1.0" ?>
<root>
  <agent start_id="107" goal_id="54"/>
  <agent start_id="123" goal_id="122"/>
  <agent start_id="108" goal_id="197"/>
  <agent start_id="104" goal_id="77"/>
  <agent start_id="181" goal_id="189"/>
  <agent start_id="94" goal_id="174"/>
  <agent start_id="182" goal_id="85"/>
  <agent start_id="63" goal_id="45"/>
  <agent start_id="15" goal_id="114"/>
  <agent start_id="56" goal_id="20"/>
  <agent start_id="169" goal_id="8"/>
  <agent start_id="51" goal_id="100"/>
  <agent start_id="5" goal_id="150"/>
  <agent start_id="58" goal_id="111"/>
  <agent start_id="28" goal_id="193"/>
  <agent start_id="73" goal_id="146"/>
  <agent start_id="131" goal_id="96"/>
  <agent start_id="124" goal_id="65"/>
  <agent start_id="183" goal_id="109"/>
  <agent start_id="113" goal_id="161"/>
  <agent start_id="79" goal_id="176"/>
  <agent start_id="45" goal_id="129"/>
  <agent start_id="86" goal_id="28"/>
  <agent start_id="35" goal_id="104"/>
  <agent start_id="39" goal_id="3"/>
  <agent start_id="7" goal_id="57"/>
  <agent start_id="193" goal_id="145"/>
  <agent start_id="91" goal_id="15"/>
  <agent start_id="61" goal_id="142"/>
  <agent start_id="102" goal_id="76"/>
  <agent start_id="12" goal_id="88"/>
  <agent start_id="47" goal_id="23"/>
  <agent start_id="120" goal_id="71"/>
  <agent start_id="139" goal_id="120"/>
  <agent start_id="33" goal_id="42"/>
  <agent start_id="117" goal_id="116"/>
  <agent start_id="100" goal_id="169"/>
  <agent start_id="196" goal_id="12"/>
  <agent start_id="145" goal_id="138"/>
  <agent start_id="177" goal_id="22"/>
  <agent start_id="52" goal_id="184"/>
  <agent start_id="119" goal_id="4"/>
  <agent start_id="1" goal_id="44"/>
  <agent start_id="30" goal_id="37"/>
  <agent start_id="97" goal_id="155"/>
  <agent start_id="3" goal_id="168"/>
  <agent start_id="186" goal_id="0"/>
  <agent start_id="158" goal_id="121"/>
  <agent start_id="2" goal_id="53"/>
  <agent start_id="41" goal_id="26"/>
</root>
