<?xml version="1.0" ?>
<root>
  <agent start_id="34" goal_id="103"/>
  <agent start_id="55" goal_id="195"/>
  <agent start_id="122" goal_id="87"/>
  <agent start_id="14" goal_id="62"/>
  <agent start_id="118" goal_id="132"/>
  <agent start_id="197" goal_id="51"/>
  <agent start_id="48" goal_id="32"/>
  <agent start_id="171" goal_id="85"/>
  <agent start_id="22" goal_id="125"/>
  <agent start_id="173" goal_id="170"/>
  <agent start_id="199" goal_id="117"/>
  <agent start_id="36" goal_id="27"/>
  <agent start_id="71" goal_id="113"/>
  <agent start_id="127" goal_id="157"/>
  <agent start_id="91" goal_id="9"/>
  <agent start_id="29" goal_id="145"/>
  <agent start_id="73" goal_id="109"/>
  <agent start_id="174" goal_id="52"/>
  <agent start_id="38" goal_id="182"/>
  <agent start_id="114" goal_id="124"/>
  <agent start_id="149" goal_id="41"/>
  <agent start_id="109" goal_id="34"/>
  <agent start_id="108" goal_id="100"/>
  <agent start_id="169" goal_id="179"/>
  <agent start_id="181" goal_id="46"/>
  <agent start_id="184" goal_id="57"/>
  <agent start_id="58" goal_id="138"/>
  <agent start_id="192" goal_id="81"/>
  <agent start_id="39" goal_id="1"/>
  <agent start_id="183" goal_id="116"/>
  <agent start_id="31" goal_id="38"/>
  <agent start_id="95" goal_id="129"/>
  <agent start_id="76" goal_id="19"/>
  <agent start_id="20" goal_id="186"/>
  <agent start_id="134" goal_id="112"/>
  <agent start_id="3" goal_id="192"/>
  <agent start_id="15" goal_id="7"/>
  <agent start_id="119" goal_id="64"/>
  <agent start_id="196" goal_id="181"/>
  <agent start_id="182" goal_id="89"/>
  <agent start_id="159" goal_id="23"/>
  <agent start_id="25" goal_id="135"/>
  <agent start_id="44" goal_id="95"/>
  <agent start_id="125" goal_id="26"/>
  <agent start_id="148" goal_id="16"/>
  <agent start_id="62" goal_id="153"/>
  <agent start_id="120" goal_id="17"/>
  <agent start_id="8" goal_id="10"/>
  <agent start_id="142" goal_id="151"/>
  <agent start_id="180" goal_id="77"/>
</root>
