<?xml version="1.0" ?>
<root>
  <agent start_id="0" goal_id="90"/>
  <agent start_id="29" goal_id="184"/>
  <agent start_id="163" goal_id="112"/>
  <agent start_id="89" goal_id="82"/>
  <agent start_id="36" goal_id="138"/>
  <agent start_id="70" goal_id="181"/>
  <agent start_id="147" goal_id="148"/>
  <agent start_id="27" goal_id="76"/>
  <agent start_id="105" goal_id="29"/>
  <agent start_id="39" goal_id="192"/>
  <agent start_id="138" goal_id="98"/>
  <agent start_id="153" goal_id="196"/>
  <agent start_id="122" goal_id="93"/>
  <agent start_id="4" goal_id="6"/>
  <agent start_id="34" goal_id="36"/>
  <agent start_id="14" goal_id="111"/>
  <agent start_id="61" goal_id="159"/>
  <agent start_id="188" goal_id="153"/>
  <agent start_id="68" goal_id="10"/>
  <agent start_id="136" goal_id="57"/>
  <agent start_id="195" goal_id="13"/>
  <agent start_id="160" goal_id="151"/>
  <agent start_id="18" goal_id="107"/>
  <agent start_id="161" goal_id="18"/>
  <agent start_id="79" goal_id="103"/>
  <agent start_id="180" goal_id="152"/>
  <agent start_id="197" goal_id="121"/>
  <agent start_id="150" goal_id="78"/>
  <agent start_id="134" goal_id="27"/>
  <agent start_id="73" goal_id="59"/>
  <agent start_id="2" goal_id="149"/>
  <agent start_id="143" goal_id="175"/>
  <agent start_id="174" goal_id="40"/>
  <agent start_id="95" goal_id="3"/>
  <agent start_id="84" goal_id="169"/>
  <agent start_id="50" goal_id="177"/>
  <agent start_id="44" goal_id="43"/>
  <agent start_id="47" goal_id="190"/>
  <agent start_id="152" goal_id="96"/>
  <agent start_id="117" goal_id="32"/>
  <agent start_id="10" goal_id="102"/>
  <agent start_id="172" goal_id="140"/>
  <agent start_id="113" goal_id="185"/>
  <agent start_id="48" goal_id="109"/>
  <agent start_id="82" goal_id="51"/>
  <agent start_id="173" goal_id="65"/>
  <agent start_id="142" goal_id="166"/>
  <agent start_id="184" goal_id="188"/>
  <agent start_id="119" goal_id="25"/>
  <agent start_id="42" goal_id="21"/>
</root>
