<?xml version="1.0" ?>
<root>
  <agent start_id="163" goal_id="69"/>
  <agent start_id="104" goal_id="189"/>
  <agent start_id="190" goal_id="45"/>
  <agent start_id="117" goal_id="70"/>
  <agent start_id="153" goal_id="114"/>
  <agent start_id="142" goal_id="106"/>
  <agent start_id="121" goal_id="17"/>
  <agent start_id="110" goal_id="187"/>
  <agent start_id="43" goal_id="39"/>
  <agent start_id="130" goal_id="154"/>
  <agent start_id="192" goal_id="98"/>
  <agent start_id="82" goal_id="122"/>
  <agent start_id="149" goal_id="42"/>
  <agent start_id="135" goal_id="101"/>
  <agent start_id="69" goal_id="176"/>
  <agent start_id="191" goal_id="62"/>
  <agent start_id="185" goal_id="188"/>
  <agent start_id="150" goal_id="160"/>
  <agent start_id="67" goal_id="51"/>
  <agent start_id="42" goal_id="80"/>
  <agent start_id="89" goal_id="157"/>
  <agent start_id="71" goal_id="63"/>
  <agent start_id="178" goal_id="64"/>
  <agent start_id="196" goal_id="81"/>
  <agent start_id="95" goal_id="68"/>
  <agent start_id="195" goal_id="191"/>
  <agent start_id="152" goal_id="172"/>
  <agent start_id="13" goal_id="145"/>
  <agent start_id="30" goal_id="127"/>
  <agent start_id="112" goal_id="22"/>
  <agent start_id="20" goal_id="147"/>
  <agent start_id="92" goal_id="170"/>
  <agent start_id="53" goal_id="196"/>
  <agent start_id="4" goal_id="14"/>
  <agent start_id="15" goal_id="183"/>
  <agent start_id="137" goal_id="4"/>
  <agent start_id="25" goal_id="151"/>
  <agent start_id="51" goal_id="115"/>
  <agent start_id="183" goal_id="129"/>
  <agent start_id="143" goal_id="36"/>
  <agent start_id="161" goal_id="155"/>
  <agent start_id="169" goal_id="140"/>
  <agent start_id="125" goal_id="21"/>
  <agent start_id="102" goal_id="185"/>
  <agent start_id="111" goal_id="103"/>
  <agent start_id="60" goal_id="77"/>
  <agent start_id="187" goal_id="15"/>
  <agent start_id="26" goal_id="48"/>
  <agent start_id="98" goal_id="193"/>
  <agent start_id="123" goal_id="184"/>
</root>
