<?xml version="1.0" ?>
<root>
  <agent start_id="17" goal_id="63"/>
  <agent start_id="79" goal_id="163"/>
  <agent start_id="5" goal_id="132"/>
  <agent start_id="190" goal_id="194"/>
  <agent start_id="43" goal_id="74"/>
  <agent start_id="68" goal_id="72"/>
  <agent start_id="52" goal_id="123"/>
  <agent start_id="186" goal_id="171"/>
  <agent start_id="1" goal_id="170"/>
  <agent start_id="109" goal_id="153"/>
  <agent start_id="125" goal_id="182"/>
  <agent start_id="130" goal_id="120"/>
  <agent start_id="162" goal_id="56"/>
  <agent start_id="199" goal_id="17"/>
  <agent start_id="22" goal_id="47"/>
  <agent start_id="86" goal_id="165"/>
  <agent start_id="62" goal_id="88"/>
  <agent start_id="126" goal_id="39"/>
  <agent start_id="149" goal_id="85"/>
  <agent start_id="78" goal_id="127"/>
  <agent start_id="80" goal_id="48"/>
  <agent start_id="166" goal_id="155"/>
  <agent start_id="3" goal_id="81"/>
  <agent start_id="128" goal_id="37"/>
  <agent start_id="93" goal_id="24"/>
  <agent start_id="55" goal_id="83"/>
  <agent start_id="114" goal_id="53"/>
  <agent start_id="56" goal_id="50"/>
  <agent start_id="193" goal_id="111"/>
  <agent start_id="150" goal_id="58"/>
  <agent start_id="10" goal_id="101"/>
  <agent start_id="87" goal_id="160"/>
  <agent start_id="164" goal_id="148"/>
  <agent start_id="132" goal_id="144"/>
  <agent start_id="108" goal_id="27"/>
  <agent start_id="115" goal_id="13"/>
  <agent start_id="172" goal_id="199"/>
  <agent start_id="157" goal_id="115"/>
  <agent start_id="168" goal_id="42"/>
  <agent start_id="139" goal_id="137"/>
  <agent start_id="159" goal_id="130"/>
  <agent start_id="71" goal_id="181"/>
  <agent start_id="70" goal_id="139"/>
  <agent start_id="47" goal_id="65"/>
  <agent start_id="27" goal_id="149"/>
  <agent start_id="40" goal_id="70"/>
  <agent start_id="37" goal_id="91"/>
  <agent start_id="69" goal_id="122"/>
  <agent start_id="123" goal_id="18"/>
  <agent start_id="18" goal_id="10"/>
</root>
