<?xml version="1.0" ?>
<root>
  <agent start_id="24" goal_id="147"/>
  <agent start_id="108" goal_id="64"/>
  <agent start_id="54" goal_id="195"/>
  <agent start_id="86" goal_id="62"/>
  <agent start_id="77" goal_id="13"/>
  <agent start_id="107" goal_id="114"/>
  <agent start_id="14" goal_id="123"/>
  <agent start_id="184" goal_id="156"/>
  <agent start_id="175" goal_id="145"/>
  <agent start_id="176" goal_id="169"/>
  <agent start_id="63" goal_id="193"/>
  <agent start_id="100" goal_id="179"/>
  <agent start_id="128" goal_id="88"/>
  <agent start_id="138" goal_id="37"/>
  <agent start_id="5" goal_id="101"/>
  <agent start_id="167" goal_id="78"/>
  <agent start_id="28" goal_id="129"/>
  <agent start_id="0" goal_id="90"/>
  <agent start_id="97" goal_id="95"/>
  <agent start_id="105" goal_id="3"/>
  <agent start_id="126" goal_id="44"/>
  <agent start_id="66" goal_id="149"/>
  <agent start_id="140" goal_id="72"/>
  <agent start_id="69" goal_id="109"/>
  <agent start_id="4" goal_id="59"/>
  <agent start_id="48" goal_id="111"/>
  <agent start_id="114" goal_id="25"/>
  <agent start_id="102" goal_id="127"/>
  <agent start_id="59" goal_id="171"/>
  <agent start_id="198" goal_id="21"/>
  <agent start_id="116" goal_id="170"/>
  <agent start_id="103" goal_id="84"/>
  <agent start_id="78" goal_id="137"/>
  <agent start_id="43" goal_id="163"/>
  <agent start_id="151" goal_id="16"/>
  <agent start_id="160" goal_id="28"/>
  <agent start_id="146" goal_id="133"/>
  <agent start_id="182" goal_id="157"/>
  <agent start_id="70" goal_id="93"/>
  <agent start_id="52" goal_id="174"/>
  <agent start_id="133" goal_id="136"/>
  <agent start_id="117" goal_id="142"/>
  <agent start_id="157" goal_id="162"/>
  <agent start_id="185" goal_id="196"/>
  <agent start_id="56" goal_id="57"/>
  <agent start_id="27" goal_id="164"/>
  <agent start_id="71" goal_id="187"/>
  <agent start_id="118" goal_id="122"/>
  <agent start_id="152" goal_id="75"/>
  <agent start_id="124" goal_id="40"/>
</root>
