<?xml version="1.0" ?>
<root>
  <agent start_id="18" goal_id="195"/>
  <agent start_id="132" goal_id="187"/>
  <agent start_id="80" goal_id="6"/>
  <agent start_id="101" goal_id="188"/>
  <agent start_id="139" goal_id="102"/>
  <agent start_id="126" goal_id="168"/>
  <agent start_id="68" goal_id="57"/>
  <agent start_id="78" goal_id="36"/>
  <agent start_id="184" goal_id="69"/>
  <agent start_id="152" goal_id="68"/>
  <agent start_id="1" goal_id="60"/>
  <agent start_id="25" goal_id="199"/>
  <agent start_id="115" goal_id="3"/>
  <agent start_id="163" goal_id="182"/>
  <agent start_id="50" goal_id="26"/>
  <agent start_id="146" goal_id="100"/>
  <agent start_id="161" goal_id="153"/>
  <agent start_id="47" goal_id="87"/>
  <agent start_id="170" goal_id="185"/>
  <agent start_id="123" goal_id="123"/>
  <agent start_id="62" goal_id="105"/>
  <agent start_id="52" goal_id="127"/>
  <agent start_id="99" goal_id="193"/>
  <agent start_id="199" goal_id="53"/>
  <agent start_id="10" goal_id="35"/>
  <agent start_id="13" goal_id="0"/>
  <agent start_id="98" goal_id="63"/>
  <agent start_id="148" goal_id="167"/>
  <agent start_id="72" goal_id="161"/>
  <agent start_id="142" goal_id="19"/>
  <agent start_id="191" goal_id="42"/>
  <agent start_id="44" goal_id="150"/>
  <agent start_id="117" goal_id="165"/>
  <agent start_id="172" goal_id="135"/>
  <agent start_id="166" goal_id="40"/>
  <agent start_id="196" goal_id="156"/>
  <agent start_id="177" goal_id="113"/>
  <agent start_id="60" goal_id="47"/>
  <agent start_id="110" goal_id="90"/>
  <agent start_id="9" goal_id="173"/>
  <agent start_id="40" goal_id="13"/>
  <agent start_id="42" goal_id="117"/>
  <agent start_id="185" goal_id="166"/>
  <agent start_id="94" goal_id="61"/>
  <agent start_id="160" goal_id="178"/>
  <agent start_id="182" goal_id="137"/>
  <agent start_id="28" goal_id="59"/>
  <agent start_id="135" goal_id="38"/>
  <agent start_id="116" goal_id="95"/>
  <agent start_id="36" goal_id="97"/>
</root>
