<?xml version="1.0" ?>
<root>
  <agent start_id="185" goal_id="104"/>
  <agent start_id="188" goal_id="20"/>
  <agent start_id="85" goal_id="54"/>
  <agent start_id="94" goal_id="184"/>
  <agent start_id="135" goal_id="168"/>
  <agent start_id="96" goal_id="80"/>
  <agent start_id="178" goal_id="82"/>
  <agent start_id="113" goal_id="10"/>
  <agent start_id="106" goal_id="43"/>
  <agent start_id="57" goal_id="192"/>
  <agent start_id="158" goal_id="109"/>
  <agent start_id="144" goal_id="190"/>
  <agent start_id="93" goal_id="4"/>
  <agent start_id="70" goal_id="0"/>
  <agent start_id="13" goal_id="41"/>
  <agent start_id="92" goal_id="87"/>
  <agent start_id="30" goal_id="166"/>
  <agent start_id="0" goal_id="183"/>
  <agent start_id="88" goal_id="7"/>
  <agent start_id="52" goal_id="110"/>
  <agent start_id="53" goal_id="137"/>
  <agent start_id="79" goal_id="120"/>
  <agent start_id="34" goal_id="195"/>
  <agent start_id="16" goal_id="94"/>
  <agent start_id="64" goal_id="112"/>
  <agent start_id="151" goal_id="115"/>
  <agent start_id="197" goal_id="60"/>
  <agent start_id="172" goal_id="66"/>
  <agent start_id="153" goal_id="107"/>
  <agent start_id="132" goal_id="179"/>
  <agent start_id="19" goal_id="177"/>
  <agent start_id="40" goal_id="188"/>
  <agent start_id="199" goal_id="92"/>
  <agent start_id="107" goal_id="145"/>
  <agent start_id="163" goal_id="114"/>
  <agent start_id="51" goal_id="33"/>
  <agent start_id="146" goal_id="169"/>
  <agent start_id="18" goal_id="86"/>
  <agent start_id="8" goal_id="46"/>
  <agent start_id="21" goal_id="40"/>
  <agent start_id="142" goal_id="133"/>
  <agent start_id="101" goal_id="36"/>
  <agent start_id="31" goal_id="78"/>
  <agent start_id="189" goal_id="127"/>
  <agent start_id="89" goal_id="142"/>
  <agent start_id="35" goal_id="141"/>
  <agent start_id="71" goal_id="95"/>
  <agent start_id="77" goal_id="16"/>
  <agent start_id="176" goal_id="84"/>
  <agent start_id="98" goal_id="198"/>
</root>
