<?xml version="1.0" ?>
<root>
  <agent start_id="86" goal_id="199"/>
  <agent start_id="89" goal_id="156"/>
  <agent start_id="188" goal_id="194"/>
  <agent start_id="22" goal_id="141"/>
  <agent start_id="101" goal_id="68"/>
  <agent start_id="5" goal_id="120"/>
  <agent start_id="84" goal_id="163"/>
  <agent start_id="95" goal_id="171"/>
  <agent start_id="48" goal_id="46"/>
  <agent start_id="170" goal_id="7"/>
  <agent start_id="18" goal_id="189"/>
  <agent start_id="81" goal_id="135"/>
  <agent start_id="141" goal_id="42"/>
  <agent start_id="34" goal_id="150"/>
  <agent start_id="116" goal_id="39"/>
  <agent start_id="199" goal_id="75"/>
  <agent start_id="178" goal_id="131"/>
  <agent start_id="120" goal_id="93"/>
  <agent start_id="68" goal_id="153"/>
  <agent start_id="183" goal_id="6"/>
  <agent start_id="56" goal_id="35"/>
  <agent start_id="180" goal_id="26"/>
  <agent start_id="179" goal_id="179"/>
  <agent start_id="59" goal_id="146"/>
  <agent start_id="97" goal_id="106"/>
  <agent start_id="122" goal_id="49"/>
  <agent start_id="161" goal_id="65"/>
  <agent start_id="45" goal_id="24"/>
  <agent start_id="15" goal_id="89"/>
  <agent start_id="36" goal_id="12"/>
  <agent start_id="134" goal_id="187"/>
  <agent start_id="96" goal_id="186"/>
  <agent start_id="118" goal_id="103"/>
  <agent start_id="54" goal_id="64"/>
  <agent start_id="167" goal_id="1"/>
  <agent start_id="9" goal_id="23"/>
  <agent start_id="26" goal_id="118"/>
  <agent start_id="13" goal_id="30"/>
  <agent start_id="146" goal_id="148"/>
  <agent start_id="38" goal_id="177"/>
  <agent start_id="82" goal_id="172"/>
  <agent start_id="44" goal_id="144"/>
  <agent start_id="138" goal_id="17"/>
  <agent start_id="152" goal_id="19"/>
  <agent start_id="43" goal_id="52"/>
  <agent start_id="41" goal_id="11"/>
  <agent start_id="105" goal_id="99"/>
  <agent start_id="171" goal_id="5"/>
  <agent start_id="19" goal_id="154"/>
  <agent start_id="131" goal_id="50"/>
</root>
