<?xml version="1.0" ?>
<root>
  <agent start_id="106" goal_id="118"/>
  <agent start_id="18" goal_id="60"/>
  <agent start_id="110" goal_id="139"/>
  <agent start_id="23" goal_id="165"/>
  <agent start_id="99" goal_id="115"/>
  <agent start_id="109" goal_id="198"/>
  <agent start_id="157" goal_id="179"/>
  <agent start_id="88" goal_id="161"/>
  <agent start_id="132" goal_id="56"/>
  <agent start_id="53" goal_id="83"/>
  <agent start_id="160" goal_id="28"/>
  <agent start_id="187" goal_id="97"/>
  <agent start_id="191" goal_id="77"/>
  <agent start_id="147" goal_id="149"/>
  <agent start_id="94" goal_id="95"/>
  <agent start_id="55" goal_id="54"/>
  <agent start_id="80" goal_id="135"/>
  <agent start_id="39" goal_id="25"/>
  <agent start_id="154" goal_id="131"/>
  <agent start_id="125" goal_id="184"/>
  <agent start_id="41" goal_id="193"/>
  <agent start_id="16" goal_id="174"/>
  <agent start_id="184" goal_id="87"/>
  <agent start_id="69" goal_id="120"/>
  <agent start_id="26" goal_id="20"/>
  <agent start_id="188" goal_id="105"/>
  <agent start_id="30" goal_id="164"/>
  <agent start_id="116" goal_id="104"/>
  <agent start_id="73" goal_id="114"/>
  <agent start_id="104" goal_id="96"/>
  <agent start_id="60" goal_id="86"/>
  <agent start_id="76" goal_id="65"/>
  <agent start_id="170" goal_id="132"/>
  <agent start_id="48" goal_id="172"/>
  <agent start_id="14" goal_id="47"/>
  <agent start_id="49" goal_id="163"/>
  <agent start_id="100" goal_id="3"/>
  <agent start_id="163" goal_id="53"/>
  <agent start_id="166" goal_id="70"/>
  <agent start_id="162" goal_id="80"/>
  <agent start_id="121" goal_id="39"/>
  <agent start_id="142" goal_id="124"/>
  <agent start_id="176" goal_id="141"/>
  <agent start_id="62" goal_id="49"/>
  <agent start_id="178" goal_id="35"/>
  <agent start_id="85" goal_id="133"/>
  <agent start_id="192" goal_id="71"/>
  <agent start_id="158" goal_id="1"/>
  <agent start_id="10" goal_id="16"/>
  <agent start_id="34" goal_id="89"/>
</root>
