<?xml version="1.0" ?>
<root>
  <agent start_id="2" goal_id="76"/>
  <agent start_id="21" goal_id="164"/>
  <agent start_id="109" goal_id="154"/>
  <agent start_id="67" goal_id="101"/>
  <agent start_id="55" goal_id="104"/>
  <agent start_id="97" goal_id="46"/>
  <agent start_id="77" goal_id="41"/>
  <agent start_id="30" goal_id="135"/>
  <agent start_id="197" goal_id="170"/>
  <agent start_id="39" goal_id="25"/>
  <agent start_id="131" goal_id="6"/>
  <agent start_id="88" goal_id="2"/>
  <agent start_id="146" goal_id="189"/>
  <agent start_id="60" goal_id="144"/>
  <agent start_id="165" goal_id="86"/>
  <agent start_id="92" goal_id="96"/>
  <agent start_id="69" goal_id="85"/>
  <agent start_id="193" goal_id="109"/>
  <agent start_id="102" goal_id="59"/>
  <agent start_id="96" goal_id="78"/>
  <agent start_id="184" goal_id="195"/>
  <agent start_id="84" goal_id="90"/>
  <agent start_id="144" goal_id="125"/>
  <agent start_id="187" goal_id="169"/>
  <agent start_id="16" goal_id="163"/>
  <agent start_id="110" goal_id="165"/>
  <agent start_id="163" goal_id="156"/>
  <agent start_id="172" goal_id="122"/>
  <agent start_id="101" goal_id="140"/>
  <agent start_id="128" goal_id="194"/>
  <agent start_id="19" goal_id="141"/>
  <agent start_id="137" goal_id="51"/>
  <agent start_id="64" goal_id="102"/>
  <agent start_id="89" goal_id="114"/>
  <agent start_id="91" goal_id="47"/>
  <agent start_id="121" goal_id="187"/>
  <agent start_id="66" goal_id="33"/>
  <agent start_id="54" goal_id="87"/>
  <agent start_id="138" goal_id="27"/>
  <agent start_id="171" goal_id="37"/>
  <agent start_id="27" goal_id="182"/>
  <agent start_id="125" goal_id="30"/>
  <agent start_id="176" goal_id="64"/>
  <agent start_id="50" goal_id="137"/>
  <agent start_id="143" goal_id="82"/>
  <agent start_id="113" goal_id="88"/>
  <agent start_id="52" goal_id="14"/>
  <agent start_id="147" goal_id="42"/>
  <agent start_id="41" goal_id="111"/>
  <agent start_id="58" goal_id="26"/>
</root>
