<?xml version="1.0" ?>
<root>
  <agent start_id="160" goal_id="141"/>
  <agent start_id="44" goal_id="150"/>
  <agent start_id="150" goal_id="76"/>
  <agent start_id="101" goal_id="35"/>
  <agent start_id="146" goal_id="164"/>
  <agent start_id="130" goal_id="166"/>
  <agent start_id="183" goal_id="174"/>
  <agent start_id="7" goal_id="5"/>
  <agent start_id="147" goal_id="157"/>
  <agent start_id="154" goal_id="158"/>
  <agent start_id="0" goal_id="180"/>
  <agent start_id="19" goal_id="143"/>
  <agent start_id="10" goal_id="17"/>
  <agent start_id="164" goal_id="46"/>
  <agent start_id="58" goal_id="146"/>
  <agent start_id="55" goal_id="15"/>
  <agent start_id="80" goal_id="194"/>
  <agent start_id="99" goal_id="129"/>
  <agent start_id="76" goal_id="80"/>
  <agent start_id="91" goal_id="69"/>
  <agent start_id="182" goal_id="144"/>
  <agent start_id="102" goal_id="136"/>
  <agent start_id="22" goal_id="195"/>
  <agent start_id="149" goal_id="182"/>
  <agent start_id="75" goal_id="152"/>
  <agent start_id="8" goal_id="23"/>
  <agent start_id="180" goal_id="71"/>
  <agent start_id="199" goal_id="130"/>
  <agent start_id="50" goal_id="169"/>
  <agent start_id="129" goal_id="184"/>
  <agent start_id="86" goal_id="75"/>
  <agent start_id="88" goal_id="192"/>
  <agent start_id="78" goal_id="190"/>
  <agent start_id="134" goal_id="188"/>
  <agent start_id="94" goal_id="34"/>
  <agent start_id="131" goal_id="36"/>
  <agent start_id="47" goal_id="103"/>
  <agent start_id="171" goal_id="43"/>
  <agent start_id="45" goal_id="39"/>
  <agent start_id="119" goal_id="108"/>
  <agent start_id="155" goal_id="199"/>
  <agent start_id="190" goal_id="21"/>
  <agent start_id="117" goal_id="142"/>
  <agent start_id="18" goal_id="163"/>
  <agent start_id="87" goal_id="112"/>
  <agent start_id="172" goal_id="64"/>
  <agent start_id="52" goal_id="52"/>
  <agent start_id="173" goal_id="6"/>
  <agent start_id="196" goal_id="125"/>
  <agent start_id="104" goal_id="149"/>
</root>
