<?xml version="1.0" ?>
<root>
  <agent start_id="84" goal_id="90"/>
  <agent start_id="79" goal_id="145"/>
  <agent start_id="196" goal_id="177"/>
  <agent start_id="138" goal_id="199"/>
  <agent start_id="118" goal_id="55"/>
  <agent start_id="61" goal_id="15"/>
  <agent start_id="1" goal_id="69"/>
  <agent start_id="42" goal_id="61"/>
  <agent start_id="98" goal_id="51"/>
  <agent start_id="20" goal_id="53"/>
  <agent start_id="160" goal_id="175"/>
  <agent start_id="50" goal_id="82"/>
  <agent start_id="63" goal_id="166"/>
  <agent start_id="147" goal_id="11"/>
  <agent start_id="35" goal_id="128"/>
  <agent start_id="10" goal_id="27"/>
  <agent start_id="165" goal_id="26"/>
  <agent start_id="101" goal_id="14"/>
  <agent start_id="24" goal_id="117"/>
  <agent start_id="182" goal_id="138"/>
  <agent start_id="74" goal_id="17"/>
  <agent start_id="71" goal_id="77"/>
  <agent start_id="108" goal_id="88"/>
  <agent start_id="73" goal_id="170"/>
  <agent start_id="94" goal_id="135"/>
  <agent start_id="111" goal_id="80"/>
  <agent start_id="178" goal_id="101"/>
  <agent start_id="159" goal_id="58"/>
  <agent start_id="195" goal_id="171"/>
  <agent start_id="11" goal_id="62"/>
  <agent start_id="135" goal_id="173"/>
  <agent start_id="173" goal_id="127"/>
  <agent start_id="180" goal_id="153"/>
  <agent start_id="36" goal_id="48"/>
  <agent start_id="30" goal_id="181"/>
  <agent start_id="190" goal_id="65"/>
  <agent start_id="52" goal_id="139"/>
  <agent start_id="86" goal_id="158"/>
  <agent start_id="67" goal_id="92"/>
  <agent start_id="87" goal_id="46"/>
  <agent start_id="185" goal_id="124"/>
  <agent start_id="184" goal_id="8"/>
  <agent start_id="144" goal_id="167"/>
  <agent start_id="17" goal_id="23"/>
  <agent start_id="117" goal_id="87"/>
  <agent start_id="99" goal_id="10"/>
  <agent start_id="141" goal_id="95"/>
  <agent start_id="80" goal_id="5"/>
  <agent start_id="179" goal_id="72"/>
  <agent start_id="130" goal_id="118"/>
</root>
