<?xml version="1.0" ?>
<root>
  <agent start_id="188" goal_id="4"/>
  <agent start_id="66" goal_id="23"/>
  <agent start_id="20" goal_id="122"/>
  <agent start_id="61" goal_id="90"/>
  <agent start_id="81" goal_id="107"/>
  <agent start_id="111" goal_id="29"/>
  <agent start_id="71" goal_id="197"/>
  <agent start_id="118" goal_id="119"/>
  <agent start_id="183" goal_id="195"/>
  <agent start_id="126" goal_id="52"/>
  <agent start_id="12" goal_id="191"/>
  <agent start_id="33" goal_id="184"/>
  <agent start_id="8" goal_id="40"/>
  <agent start_id="94" goal_id="41"/>
  <agent start_id="163" goal_id="91"/>
  <agent start_id="53" goal_id="12"/>
  <agent start_id="83" goal_id="10"/>
  <agent start_id="187" goal_id="142"/>
  <agent start_id="166" goal_id="76"/>
  <agent start_id="157" goal_id="149"/>
  <agent start_id="70" goal_id="88"/>
  <agent start_id="106" goal_id="180"/>
  <agent start_id="177" goal_id="189"/>
  <agent start_id="41" goal_id="117"/>
  <agent start_id="155" goal_id="35"/>
  <agent start_id="97" goal_id="132"/>
  <agent start_id="7" goal_id="9"/>
  <agent start_id="138" goal_id="179"/>
  <agent start_id="102" goal_id="0"/>
  <agent start_id="168" goal_id="16"/>
  <agent start_id="197" goal_id="67"/>
  <agent start_id="76" goal_id="145"/>
  <agent start_id="87" goal_id="171"/>
  <agent start_id="165" goal_id="57"/>
  <agent start_id="36" goal_id="93"/>
  <agent start_id="186" goal_id="162"/>
  <agent start_id="42" goal_id="1"/>
  <agent start_id="35" goal_id="50"/>
  <agent start_id="92" goal_id="14"/>
  <agent start_id="27" goal_id="130"/>
  <agent start_id="139" goal_id="131"/>
  <agent start_id="45" goal_id="169"/>
  <agent start_id="198" goal_id="34"/>
  <agent start_id="132" goal_id="92"/>
  <agent start_id="58" goal_id="178"/>
  <agent start_id="85" goal_id="134"/>
  <agent start_id="75" goal_id="185"/>
  <agent start_id="77" goal_id="25"/>
  <agent start_id="181" goal_id="188"/>
  <agent start_id="180" goal_id="38"/>
</root>
