<?xml version="1.0" ?>
<root>
  <agent start_id="80" goal_id="9"/>
  <agent start_id="109" goal_id="194"/>
  <agent start_id="48" goal_id="49"/>
  <agent start_id="174" goal_id="10"/>
  <agent start_id="91" goal_id="160"/>
  <agent start_id="164" goal_id="164"/>
  <agent start_id="159" goal_id="38"/>
  <agent start_id="116" goal_id="103"/>
  <agent start_id="112" goal_id="177"/>
  <agent start_id="119" goal_id="74"/>
  <agent start_id="128" goal_id="84"/>
  <agent start_id="185" goal_id="189"/>
  <agent start_id="67" goal_id="158"/>
  <agent start_id="6" goal_id="60"/>
  <agent start_id="122" goal_id="141"/>
  <agent start_id="184" goal_id="183"/>
  <agent start_id="197" goal_id="13"/>
  <agent start_id="17" goal_id="145"/>
  <agent start_id="52" goal_id="154"/>
  <agent start_id="64" goal_id="184"/>
  <agent start_id="189" goal_id="47"/>
  <agent start_id="175" goal_id="113"/>
  <agent start_id="125" goal_id="110"/>
  <agent start_id="57" goal_id="167"/>
  <agent start_id="178" goal_id="86"/>
  <agent start_id="115" goal_id="76"/>
  <agent start_id="199" goal_id="109"/>
  <agent start_id="51" goal_id="155"/>
  <agent start_id="171" goal_id="40"/>
  <agent start_id="33" goal_id="140"/>
  <agent start_id="148" goal_id="30"/>
  <agent start_id="20" goal_id="191"/>
  <agent start_id="15" goal_id="72"/>
  <agent start_id="65" goal_id="182"/>
  <agent start_id="34" goal_id="156"/>
  <agent start_id="82" goal_id="180"/>
  <agent start_id="170" goal_id="77"/>
  <agent start_id="120" goal_id="29"/>
  <agent start_id="105" goal_id="4"/>
  <agent start_id="141" goal_id="116"/>
  <agent start_id="86" goal_id="188"/>
  <agent start_id="85" goal_id="51"/>
  <agent start_id="22" goal_id="24"/>
  <agent start_id="27" goal_id="147"/>
  <agent start_id="161" goal_id="151"/>
  <agent start_id="165" goal_id="1"/>
  <agent start_id="1" goal_id="176"/>
  <agent start_id="118" goal_id="43"/>
  <agent start_id="0" goal_id="6"/>
  <agent start_id="7" goal_id="142"/>
</root>
