<?xml version="1.0" ?>
<root>
  <agent start_id="88" goal_id="43"/>
  <agent start_id="139" goal_id="64"/>
  <agent start_id="112" goal_id="48"/>
  <agent start_id="105" goal_id="195"/>
  <agent start_id="183" goal_id="72"/>
  <agent start_id="27" goal_id="125"/>
  <agent start_id="59" goal_id="197"/>
  <agent start_id="34" goal_id="134"/>
  <agent start_id="193" goal_id="187"/>
  <agent start_id="40" goal_id="34"/>
  <agent start_id="44" goal_id="62"/>
  <agent start_id="175" goal_id="17"/>
  <agent start_id="185" goal_id="24"/>
  <agent start_id="15" goal_id="52"/>
  <agent start_id="9" goal_id="35"/>
  <agent start_id="126" goal_id="18"/>
  <agent start_id="90" goal_id="96"/>
  <agent start_id="151" goal_id="167"/>
  <agent start_id="100" goal_id="114"/>
  <agent start_id="174" goal_id="160"/>
  <agent start_id="196" goal_id="8"/>
  <agent start_id="164" goal_id="1"/>
  <agent start_id="133" goal_id="122"/>
  <agent start_id="107" goal_id="165"/>
  <agent start_id="113" goal_id="93"/>
  <agent start_id="75" goal_id="193"/>
  <agent start_id="82" goal_id="92"/>
  <agent start_id="50" goal_id="46"/>
  <agent start_id="192" goal_id="116"/>
  <agent start_id="179" goal_id="32"/>
  <agent start_id="109" goal_id="162"/>
  <agent start_id="60" goal_id="130"/>
  <agent start_id="6" goal_id="147"/>
  <agent start_id="12" goal_id="119"/>
  <agent start_id="124" goal_id="163"/>
  <agent start_id="165" goal_id="128"/>
  <agent start_id="162" goal_id="118"/>
  <agent start_id="178" goal_id="81"/>
  <agent start_id="135" goal_id="159"/>
  <agent start_id="37" goal_id="49"/>
  <agent start_id="84" goal_id="37"/>
  <agent start_id="39" goal_id="19"/>
  <agent start_id="172" goal_id="30"/>
  <agent start_id="111" goal_id="183"/>
  <agent start_id="99" goal_id="78"/>
  <agent start_id="11" goal_id="101"/>
  <agent start_id="58" goal_id="178"/>
  <agent start_id="94" goal_id="164"/>
  <agent start_id="28" goal_id="9"/>
  <agent start_id="24" goal_id="103"/>
</root>
