<?xml version="1.0" ?>
<root>
  <agent start_id="63" goal_id="14"/>
  <agent start_id="103" goal_id="63"/>
  <agent start_id="155" goal_id="16"/>
  <agent start_id="38" goal_id="13"/>
  <agent start_id="15" goal_id="58"/>
  <agent start_id="173" goal_id="111"/>
  <agent start_id="80" goal_id="65"/>
  <agent start_id="52" goal_id="135"/>
  <agent start_id="45" goal_id="88"/>
  <agent start_id="129" goal_id="76"/>
  <agent start_id="39" goal_id="113"/>
  <agent start_id="112" goal_id="177"/>
  <agent start_id="22" goal_id="186"/>
  <agent start_id="78" goal_id="164"/>
  <agent start_id="85" goal_id="163"/>
  <agent start_id="12" goal_id="80"/>
  <agent start_id="196" goal_id="82"/>
  <agent start_id="29" goal_id="145"/>
  <agent start_id="109" goal_id="46"/>
  <agent start_id="73" goal_id="41"/>
  <agent start_id="138" goal_id="93"/>
  <agent start_id="132" goal_id="55"/>
  <agent start_id="55" goal_id="171"/>
  <agent start_id="91" goal_id="6"/>
  <agent start_id="166" goal_id="92"/>
  <agent start_id="96" goal_id="178"/>
  <agent start_id="158" goal_id="124"/>
  <agent start_id="136" goal_id="57"/>
  <agent start_id="189" goal_id="66"/>
  <agent start_id="190" goal_id="48"/>
  <agent start_id="4" goal_id="120"/>
  <agent start_id="47" goal_id="89"/>
  <agent start_id="184" goal_id="161"/>
  <agent start_id="82" goal_id="20"/>
  <agent start_id="46" goal_id="123"/>
  <agent start_id="148" goal_id="94"/>
  <agent start_id="54" goal_id="110"/>
  <agent start_id="164" goal_id="149"/>
  <agent start_id="152" goal_id="19"/>
  <agent start_id="192" goal_id="43"/>
  <agent start_id="126" goal_id="134"/>
  <agent start_id="117" goal_id="3"/>
  <agent start_id="137" goal_id="24"/>
  <agent start_id="191" goal_id="119"/>
  <agent start_id="177" goal_id="72"/>
  <agent start_id="60" goal_id="166"/>
  <agent start_id="186" goal_id="147"/>
  <agent start_id="92" goal_id="168"/>
  <agent start_id="168" goal_id="139"/>
  <agent start_id="68" goal_id="157"/>
</root>
