<?xml version="1.0" ?>
<root>
  <agent start_id="173" goal_id="125"/>
  <agent start_id="61" goal_id="167"/>
  <agent start_id="55" goal_id="187"/>
  <agent start_id="64" goal_id="109"/>
  <agent start_id="168" goal_id="61"/>
  <agent start_id="17" goal_id="14"/>
  <agent start_id="46" goal_id="118"/>
  <agent start_id="97" goal_id="76"/>
  <agent start_id="101" goal_id="31"/>
  <agent start_id="39" goal_id="53"/>
  <agent start_id="37" goal_id="162"/>
  <agent start_id="126" goal_id="104"/>
  <agent start_id="93" goal_id="94"/>
  <agent start_id="108" goal_id="154"/>
  <agent start_id="22" goal_id="184"/>
  <agent start_id="163" goal_id="8"/>
  <agent start_id="156" goal_id="95"/>
  <agent start_id="68" goal_id="197"/>
  <agent start_id="138" goal_id="194"/>
  <agent start_id="45" goal_id="90"/>
  <agent start_id="30" goal_id="17"/>
  <agent start_id="0" goal_id="93"/>
  <agent start_id="98" goal_id="183"/>
  <agent start_id="169" goal_id="193"/>
  <agent start_id="21" goal_id="64"/>
  <agent start_id="143" goal_id="146"/>
  <agent start_id="50" goal_id="18"/>
  <agent start_id="150" goal_id="143"/>
  <agent start_id="135" goal_id="51"/>
  <agent start_id="18" goal_id="140"/>
  <agent start_id="134" goal_id="27"/>
  <agent start_id="92" goal_id="22"/>
  <agent start_id="100" goal_id="103"/>
  <agent start_id="42" goal_id="102"/>
  <agent start_id="178" goal_id="26"/>
  <agent start_id="116" goal_id="85"/>
  <agent start_id="103" goal_id="136"/>
  <agent start_id="105" goal_id="68"/>
  <agent start_id="195" goal_id="129"/>
  <agent start_id="13" goal_id="80"/>
  <agent start_id="59" goal_id="188"/>
  <agent start_id="198" goal_id="65"/>
  <agent start_id="104" goal_id="24"/>
  <agent start_id="119" goal_id="120"/>
  <agent start_id="166" goal_id="111"/>
  <agent start_id="87" goal_id="9"/>
  <agent start_id="96" goal_id="19"/>
  <agent start_id="140" goal_id="142"/>
  <agent start_id="71" goal_id="144"/>
  <agent start_id="29" goal_id="52"/>
</root>
