<?xml version="1.0" ?>
<root>
  <agent start_id="81" goal_id="123"/>
  <agent start_id="27" goal_id="65"/>
  <agent start_id="36" goal_id="42"/>
  <agent start_id="106" goal_id="183"/>
  <agent start_id="151" goal_id="186"/>
  <agent start_id="6" goal_id="180"/>
  <agent start_id="113" goal_id="110"/>
  <agent start_id="97" goal_id="131"/>
  <agent start_id="107" goal_id="189"/>
  <agent start_id="133" goal_id="159"/>
  <agent start_id="197" goal_id="190"/>
  <agent start_id="172" goal_id="144"/>
  <agent start_id="171" goal_id="22"/>
  <agent start_id="74" goal_id="164"/>
  <agent start_id="126" goal_id="92"/>
  <agent start_id="165" goal_id="87"/>
  <agent start_id="195" goal_id="6"/>
  <agent start_id="146" goal_id="177"/>
  <agent start_id="38" goal_id="82"/>
  <agent start_id="67" goal_id="28"/>
  <agent start_id="41" goal_id="62"/>
  <agent start_id="144" goal_id="156"/>
  <agent start_id="183" goal_id="16"/>
  <agent start_id="16" goal_id="83"/>
  <agent start_id="157" goal_id="95"/>
  <agent start_id="175" goal_id="114"/>
  <agent start_id="187" goal_id="181"/>
  <agent start_id="128" goal_id="178"/>
  <agent start_id="141" goal_id="101"/>
  <agent start_id="135" goal_id="78"/>
  <agent start_id="170" goal_id="73"/>
  <agent start_id="14" goal_id="119"/>
  <agent start_id="92" goal_id="171"/>
  <agent start_id="52" goal_id="44"/>
  <agent start_id="89" goal_id="4"/>
  <agent start_id="164" goal_id="1"/>
  <agent start_id="163" goal_id="3"/>
  <agent start_id="91" goal_id="124"/>
  <agent start_id="154" goal_id="56"/>
  <agent start_id="72" goal_id="148"/>
  <agent start_id="115" goal_id="173"/>
  <agent start_id="138" goal_id="38"/>
  <agent start_id="137" goal_id="31"/>
  <agent start_id="50" goal_id="98"/>
  <agent start_id="3" goal_id="59"/>
  <agent start_id="134" goal_id="84"/>
  <agent start_id="88" goal_id="141"/>
  <agent start_id="185" goal_id="8"/>
  <agent start_id="9" goal_id="117"/>
  <agent start_id="101" goal_id="135"/>
</root>
