<?xml version="1.0" ?>
<root>
  <agent start_id="1" goal_id="0"/>
  <agent start_id="51" goal_id="141"/>
  <agent start_id="12" goal_id="139"/>
  <agent start_id="171" goal_id="153"/>
  <agent start_id="156" goal_id="143"/>
  <agent start_id="197" goal_id="59"/>
  <agent start_id="6" goal_id="55"/>
  <agent start_id="94" goal_id="20"/>
  <agent start_id="176" goal_id="94"/>
  <agent start_id="168" goal_id="104"/>
  <agent start_id="132" goal_id="92"/>
  <agent start_id="167" goal_id="44"/>
  <agent start_id="141" goal_id="159"/>
  <agent start_id="99" goal_id="144"/>
  <agent start_id="165" goal_id="187"/>
  <agent start_id="154" goal_id="66"/>
  <agent start_id="102" goal_id="98"/>
  <agent start_id="50" goal_id="176"/>
  <agent start_id="73" goal_id="196"/>
  <agent start_id="104" goal_id="126"/>
  <agent start_id="63" goal_id="100"/>
  <agent start_id="3" goal_id="26"/>
  <agent start_id="122" goal_id="106"/>
  <agent start_id="153" goal_id="34"/>
  <agent start_id="9" goal_id="191"/>
  <agent start_id="128" goal_id="54"/>
  <agent start_id="38" goal_id="138"/>
  <agent start_id="54" goal_id="27"/>
  <agent start_id="60" goal_id="174"/>
  <agent start_id="89" goal_id="75"/>
  <agent start_id="70" goal_id="185"/>
  <agent start_id="159" goal_id="164"/>
  <agent start_id="97" goal_id="198"/>
  <agent start_id="27" goal_id="119"/>
  <agent start_id="46" goal_id="63"/>
  <agent start_id="135" goal_id="46"/>
  <agent start_id="35" goal_id="116"/>
  <agent start_id="31" goal_id="123"/>
  <agent start_id="123" goal_id="82"/>
  <agent start_id="191" goal_id="35"/>
  <agent start_id="121" goal_id="152"/>
  <agent start_id="150" goal_id="131"/>
  <agent start_id="61" goal_id="60"/>
  <agent start_id="24" goal_id="173"/>
  <agent start_id="77" goal_id="134"/>
  <agent start_id="16" goal_id="24"/>
  <agent start_id="84" goal_id="169"/>
  <agent start_id="20" goal_id="96"/>
  <agent start_id="95" goal_id="192"/>
  <agent start_id="29" goal_id="120"/>
</root>
