<?xml version="1.0" ?>
<root>
  <agent start_id="170" goal_id="161"/>
  <agent start_id="71" goal_id="163"/>
  <agent start_id="2" goal_id="50"/>
  <agent start_id="115" goal_id="14"/>
  <agent start_id="155" goal_id="103"/>
  <agent start_id="195" goal_id="29"/>
  <agent start_id="83" goal_id="74"/>
  <agent start_id="151" goal_id="77"/>
  <agent start_id="53" goal_id="185"/>
  <agent start_id="36" goal_id="42"/>
  <agent start_id="148" goal_id="159"/>
  <agent start_id="32" goal_id="193"/>
  <agent start_id="11" goal_id="8"/>
  <agent start_id="108" goal_id="13"/>
  <agent start_id="127" goal_id="197"/>
  <agent start_id="176" goal_id="173"/>
  <agent start_id="64" goal_id="61"/>
  <agent start_id="78" goal_id="95"/>
  <agent start_id="101" goal_id="192"/>
  <agent start_id="102" goal_id="152"/>
  <agent start_id="67" goal_id="52"/>
  <agent start_id="61" goal_id="148"/>
  <agent start_id="95" goal_id="46"/>
  <agent start_id="31" goal_id="88"/>
  <agent start_id="104" goal_id="106"/>
  <agent start_id="129" goal_id="142"/>
  <agent start_id="41" goal_id="25"/>
  <agent start_id="4" goal_id="187"/>
  <agent start_id="9" goal_id="155"/>
  <agent start_id="134" goal_id="28"/>
  <agent start_id="196" goal_id="184"/>
  <agent start_id="179" goal_id="98"/>
  <agent start_id="109" goal_id="105"/>
  <agent start_id="22" goal_id="31"/>
  <agent start_id="111" goal_id="177"/>
  <agent start_id="186" goal_id="160"/>
  <agent start_id="162" goal_id="137"/>
  <agent start_id="132" goal_id="97"/>
  <agent start_id="48" goal_id="3"/>
  <agent start_id="15" goal_id="117"/>
  <agent start_id="74" goal_id="5"/>
  <agent start_id="28" goal_id="73"/>
  <agent start_id="77" goal_id="121"/>
  <agent start_id="34" goal_id="169"/>
  <agent start_id="13" goal_id="15"/>
  <agent start_id="16" goal_id="16"/>
  <agent start_id="199" goal_id="102"/>
  <agent start_id="94" goal_id="0"/>
  <agent start_id="80" goal_id="6"/>
  <agent start_id="160" goal_id="115"/>
</root>
