<?xml version="1.0" ?>
<root>
  <agent start_id="190" goal_id="69"/>
  <agent start_id="87" goal_id="74"/>
  <agent start_id="162" goal_id="55"/>
  <agent start_id="30" goal_id="114"/>
  <agent start_id="91" goal_id="60"/>
  <agent start_id="143" goal_id="42"/>
  <agent start_id="148" goal_id="170"/>
  <agent start_id="174" goal_id="133"/>
  <agent start_id="24" goal_id="65"/>
  <agent start_id="81" goal_id="145"/>
  <agent start_id="113" goal_id="102"/>
  <agent start_id="101" goal_id="88"/>
  <agent start_id="109" goal_id="126"/>
  <agent start_id="139" goal_id="158"/>
  <agent start_id="117" goal_id="52"/>
  <agent start_id="72" goal_id="177"/>
  <agent start_id="53" goal_id="116"/>
  <agent start_id="94" goal_id="143"/>
  <agent start_id="74" goal_id="122"/>
  <agent start_id="102" goal_id="195"/>
  <agent start_id="38" goal_id="59"/>
  <agent start_id="0" goal_id="94"/>
  <agent start_id="83" goal_id="98"/>
  <agent start_id="43" goal_id="105"/>
  <agent start_id="35" goal_id="138"/>
  <agent start_id="185" goal_id="6"/>
  <agent start_id="56" goal_id="89"/>
  <agent start_id="26" goal_id="35"/>
  <agent start_id="126" goal_id="106"/>
  <agent start_id="136" goal_id="101"/>
  <agent start_id="18" goal_id="67"/>
  <agent start_id="138" goal_id="53"/>
  <agent start_id="194" goal_id="190"/>
  <agent start_id="78" goal_id="150"/>
  <agent start_id="149" goal_id="110"/>
  <agent start_id="98" goal_id="198"/>
  <agent start_id="11" goal_id="79"/>
  <agent start_id="20" goal_id="93"/>
  <agent start_id="95" goal_id="137"/>
  <agent start_id="181" goal_id="81"/>
  <agent start_id="55" goal_id="147"/>
  <agent start_id="196" goal_id="48"/>
  <agent start_id="154" goal_id="90"/>
  <agent start_id="178" goal_id="4"/>
  <agent start_id="77" goal_id="182"/>
  <agent start_id="27" goal_id="22"/>
  <agent start_id="120" goal_id="84"/>
  <agent start_id="193" goal_id="77"/>
  <agent start_id="161" goal_id="111"/>
  <agent start_id="66" goal_id="140"/>
</root>
