<?xml version="1.0" ?>
<root>
  <agent start_id="53" goal_id="111"/>
  <agent start_id="121" goal_id="179"/>
  <agent start_id="38" goal_id="68"/>
  <agent start_id="58" goal_id="166"/>
  <agent start_id="132" goal_id="73"/>
  <agent start_id="18" goal_id="13"/>
  <agent start_id="118" goal_id="130"/>
  <agent start_id="164" goal_id="125"/>
  <agent start_id="139" goal_id="78"/>
  <agent start_id="20" goal_id="0"/>
  <agent start_id="66" goal_id="32"/>
  <agent start_id="135" goal_id="186"/>
  <agent start_id="175" goal_id="89"/>
  <agent start_id="188" goal_id="165"/>
  <agent start_id="6" goal_id="106"/>
  <agent start_id="144" goal_id="157"/>
  <agent start_id="68" goal_id="176"/>
  <agent start_id="193" goal_id="47"/>
  <agent start_id="178" goal_id="40"/>
  <agent start_id="136" goal_id="100"/>
  <agent start_id="9" goal_id="153"/>
  <agent start_id="13" goal_id="79"/>
  <agent start_id="100" goal_id="190"/>
  <agent start_id="47" goal_id="86"/>
  <agent start_id="122" goal_id="140"/>
  <agent start_id="166" goal_id="80"/>
  <agent start_id="26" goal_id="196"/>
  <agent start_id="16" goal_id="54"/>
  <agent start_id="127" goal_id="59"/>
  <agent start_id="129" goal_id="82"/>
  <agent start_id="46" goal_id="71"/>
  <agent start_id="37" goal_id="177"/>
  <agent start_id="25" goal_id="134"/>
  <agent start_id="50" goal_id="181"/>
  <agent start_id="22" goal_id="124"/>
  <agent start_id="54" goal_id="65"/>
  <agent start_id="51" goal_id="17"/>
  <agent start_id="119" goal_id="9"/>
  <agent start_id="111" goal_id="26"/>
  <agent start_id="114" goal_id="163"/>
  <agent start_id="19" goal_id="117"/>
  <agent start_id="192" goal_id="1"/>
  <agent start_id="194" goal_id="36"/>
  <agent start_id="191" goal_id="11"/>
  <agent start_id="186" goal_id="75"/>
  <agent start_id="102" goal_id="172"/>
  <agent start_id="86" goal_id="110"/>
  <agent start_id="103" goal_id="3"/>
  <agent start_id="31" goal_id="63"/>
  <agent start_id="199" goal_id="34"/>
</root>
