<?xml version="1.0" ?>
<root>
  <agent start_id="159" goal_id="160"/>
  <agent start_id="42" goal_id="186"/>
  <agent start_id="145" goal_id="130"/>
  <agent start_id="68" goal_id="96"/>
  <agent start_id="177" goal_id="50"/>
  <agent start_id="123" goal_id="104"/>
  <agent start_id="132" goal_id="25"/>
  <agent start_id="45" goal_id="0"/>
  <agent start_id="86" goal_id="158"/>
  <agent start_id="170" goal_id="42"/>
  <agent start_id="176" goal_id="37"/>
  <agent start_id="167" goal_id="60"/>
  <agent start_id="140" goal_id="16"/>
  <agent start_id="93" goal_id="109"/>
  <agent start_id="156" goal_id="73"/>
  <agent start_id="22" goal_id="180"/>
  <agent start_id="60" goal_id="111"/>
  <agent start_id="59" goal_id="65"/>
  <agent start_id="51" goal_id="32"/>
  <agent start_id="29" goal_id="156"/>
  <agent start_id="0" goal_id="36"/>
  <agent start_id="70" goal_id="163"/>
  <agent start_id="187" goal_id="33"/>
  <agent start_id="98" goal_id="174"/>
  <agent start_id="195" goal_id="105"/>
  <agent start_id="5" goal_id="165"/>
  <agent start_id="89" goal_id="106"/>
  <agent start_id="102" goal_id="181"/>
  <agent start_id="54" goal_id="97"/>
  <agent start_id="32" goal_id="78"/>
  <agent start_id="40" goal_id="192"/>
  <agent start_id="38" goal_id="82"/>
  <agent start_id="107" goal_id="28"/>
  <agent start_id="119" goal_id="154"/>
  <agent start_id="100" goal_id="92"/>
  <agent start_id="16" goal_id="113"/>
  <agent start_id="75" goal_id="151"/>
  <agent start_id="2" goal_id="8"/>
  <agent start_id="169" goal_id="7"/>
  <agent start_id="129" goal_id="120"/>
  <agent start_id="155" goal_id="191"/>
  <agent start_id="84" goal_id="84"/>
  <agent start_id="62" goal_id="102"/>
  <agent start_id="4" goal_id="189"/>
  <agent start_id="13" goal_id="199"/>
  <agent start_id="47" goal_id="35"/>
  <agent start_id="146" goal_id="29"/>
  <agent start_id="7" goal_id="197"/>
  <agent start_id="30" goal_id="18"/>
  <agent start_id="79" goal_id="110"/>
</root>
