<?xml version="1.0" ?>
<root>
  <agent start_id="199" goal_id="38"/>
  <agent start_id="49" goal_id="91"/>
  <agent start_id="101" goal_id="177"/>
  <agent start_id="183" goal_id="115"/>
  <agent start_id="178" goal_id="26"/>
  <agent start_id="155" goal_id="100"/>
  <agent start_id="188" goal_id="173"/>
  <agent start_id="138" goal_id="193"/>
  <agent start_id="54" goal_id="155"/>
  <agent start_id="19" goal_id="48"/>
  <agent start_id="44" goal_id="22"/>
  <agent start_id="162" goal_id="146"/>
  <agent start_id="9" goal_id="165"/>
  <agent start_id="177" goal_id="140"/>
  <agent start_id="108" goal_id="144"/>
  <agent start_id="129" goal_id="94"/>
  <agent start_id="47" goal_id="166"/>
  <agent start_id="122" goal_id="121"/>
  <agent start_id="136" goal_id="73"/>
  <agent start_id="105" goal_id="20"/>
  <agent start_id="64" goal_id="169"/>
  <agent start_id="68" goal_id="168"/>
  <agent start_id="76" goal_id="55"/>
  <agent start_id="181" goal_id="79"/>
  <agent start_id="61" goal_id="35"/>
  <agent start_id="97" goal_id="108"/>
  <agent start_id="8" goal_id="16"/>
  <agent start_id="174" goal_id="174"/>
  <agent start_id="116" goal_id="181"/>
  <agent start_id="170" goal_id="97"/>
  <agent start_id="176" goal_id="158"/>
  <agent start_id="169" goal_id="196"/>
  <agent start_id="124" goal_id="51"/>
  <agent start_id="165" goal_id="82"/>
  <agent start_id="194" goal_id="183"/>
  <agent start_id="151" goal_id="76"/>
  <agent start_id="57" goal_id="109"/>
  <agent start_id="154" goal_id="194"/>
  <agent start_id="91" goal_id="39"/>
  <agent start_id="126" goal_id="151"/>
  <agent start_id="115" goal_id="130"/>
  <agent start_id="0" goal_id="154"/>
  <agent start_id="78" goal_id="41"/>
  <agent start_id="28" goal_id="116"/>
  <agent start_id="12" goal_id="3"/>
  <agent start_id="14" goal_id="136"/>
  <agent start_id="96" goal_id="110"/>
  <agent start_id="6" goal_id="58"/>
  <agent start_id="55" goal_id="23"/>
  <agent start_id="141" goal_id="142"/>
</root>
