<?xml version="1.0" ?>
<root>
  <agent start_id="124" goal_id="169"/>
  <agent start_id="59" goal_id="117"/>
  <agent start_id="35" goal_id="196"/>
  <agent start_id="81" goal_id="184"/>
  <agent start_id="103" goal_id="176"/>
  <agent start_id="83" goal_id="185"/>
  <agent start_id="65" goal_id="181"/>
  <agent start_id="142" goal_id="21"/>
  <agent start_id="10" goal_id="108"/>
  <agent start_id="138" goal_id="156"/>
  <agent start_id="78" goal_id="146"/>
  <agent start_id="166" goal_id="115"/>
  <agent start_id="139" goal_id="75"/>
  <agent start_id="77" goal_id="122"/>
  <agent start_id="51" goal_id="9"/>
  <agent start_id="148" goal_id="113"/>
  <agent start_id="110" goal_id="151"/>
  <agent start_id="122" goal_id="159"/>
  <agent start_id="178" goal_id="189"/>
  <agent start_id="151" goal_id="112"/>
  <agent start_id="155" goal_id="47"/>
  <agent start_id="2" goal_id="163"/>
  <agent start_id="45" goal_id="53"/>
  <agent start_id="64" goal_id="84"/>
  <agent start_id="48" goal_id="160"/>
  <agent start_id="76" goal_id="66"/>
  <agent start_id="67" goal_id="46"/>
  <agent start_id="41" goal_id="12"/>
  <agent start_id="181" goal_id="128"/>
  <agent start_id="13" goal_id="139"/>
  <agent start_id="176" goal_id="147"/>
  <agent start_id="140" goal_id="90"/>
  <agent start_id="132" goal_id="48"/>
  <agent start_id="19" goal_id="36"/>
  <agent start_id="33" goal_id="50"/>
  <agent start_id="88" goal_id="30"/>
  <agent start_id="38" goal_id="197"/>
  <agent start_id="199" goal_id="106"/>
  <agent start_id="111" goal_id="74"/>
  <agent start_id="23" goal_id="124"/>
  <agent start_id="118" goal_id="132"/>
  <agent start_id="174" goal_id="194"/>
  <agent start_id="74" goal_id="188"/>
  <agent start_id="180" goal_id="172"/>
  <agent start_id="43" goal_id="88"/>
  <agent start_id="37" goal_id="24"/>
  <agent start_id="92" goal_id="121"/>
  <agent start_id="72" goal_id="52"/>
  <agent start_id="191" goal_id="130"/>
  <agent start_id="6" goal_id="170"/>
</root>
