<?xml version="1.0" ?>
<root>
  <agent start_id="28" goal_id="69"/>
  <agent start_id="108" goal_id="0"/>
  <agent start_id="44" goal_id="71"/>
  <agent start_id="169" goal_id="179"/>
  <agent start_id="199" goal_id="108"/>
  <agent start_id="117" goal_id="162"/>
  <agent start_id="109" goal_id="167"/>
  <agent start_id="77" goal_id="95"/>
  <agent start_id="191" goal_id="58"/>
  <agent start_id="53" goal_id="169"/>
  <agent start_id="131" goal_id="85"/>
  <agent start_id="74" goal_id="83"/>
  <agent start_id="193" goal_id="184"/>
  <agent start_id="196" goal_id="77"/>
  <agent start_id="161" goal_id="127"/>
  <agent start_id="91" goal_id="193"/>
  <agent start_id="69" goal_id="183"/>
  <agent start_id="37" goal_id="114"/>
  <agent start_id="6" goal_id="15"/>
  <agent start_id="179" goal_id="81"/>
  <agent start_id="184" goal_id="4"/>
  <agent start_id="172" goal_id="139"/>
  <agent start_id="189" goal_id="19"/>
  <agent start_id="102" goal_id="133"/>
  <agent start_id="126" goal_id="12"/>
  <agent start_id="81" goal_id="152"/>
  <agent start_id="176" goal_id="42"/>
  <agent start_id="166" goal_id="191"/>
  <agent start_id="3" goal_id="130"/>
  <agent start_id="148" goal_id="176"/>
  <agent start_id="76" goal_id="9"/>
  <agent start_id="130" goal_id="187"/>
  <agent start_id="152" goal_id="182"/>
  <agent start_id="51" goal_id="18"/>
  <agent start_id="39" goal_id="142"/>
  <agent start_id="63" goal_id="36"/>
  <agent start_id="139" goal_id="106"/>
  <agent start_id="45" goal_id="65"/>
  <agent start_id="95" goal_id="175"/>
  <agent start_id="156" goal_id="55"/>
  <agent start_id="154" goal_id="60"/>
  <agent start_id="17" goal_id="112"/>
  <agent start_id="20" goal_id="137"/>
  <agent start_id="15" goal_id="87"/>
  <agent start_id="167" goal_id="148"/>
  <agent start_id="198" goal_id="76"/>
  <agent start_id="183" goal_id="123"/>
  <agent start_id="8" goal_id="101"/>
  <agent start_id="124" goal_id="14"/>
  <agent start_id="168" goal_id="29"/>
</root>
