<?xml version="1.0" ?>
<root>
  <agent start_id="122" goal_id="102"/>
  <agent start_id="174" goal_id="194"/>
  <agent start_id="57" goal_id="121"/>
  <agent start_id="117" goal_id="12"/>
  <agent start_id="32" goal_id="106"/>
  <agent start_id="16" goal_id="70"/>
  <agent start_id="63" goal_id="95"/>
  <agent start_id="14" goal_id="112"/>
  <agent start_id="119" goal_id="155"/>
  <agent start_id="168" goal_id="87"/>
  <agent start_id="70" goal_id="125"/>
  <agent start_id="95" goal_id="165"/>
  <agent start_id="181" goal_id="178"/>
  <agent start_id="147" goal_id="117"/>
  <agent start_id="86" goal_id="171"/>
  <agent start_id="155" goal_id="127"/>
  <agent start_id="183" goal_id="53"/>
  <agent start_id="157" goal_id="46"/>
  <agent start_id="139" goal_id="82"/>
  <agent start_id="180" goal_id="13"/>
  <agent start_id="38" goal_id="30"/>
  <agent start_id="158" goal_id="15"/>
  <agent start_id="129" goal_id="162"/>
  <agent start_id="0" goal_id="31"/>
  <agent start_id="132" goal_id="43"/>
  <agent start_id="19" goal_id="129"/>
  <agent start_id="30" goal_id="196"/>
  <agent start_id="22" goal_id="36"/>
  <agent start_id="177" goal_id="35"/>
  <agent start_id="80" goal_id="6"/>
  <agent start_id="52" goal_id="33"/>
  <agent start_id="108" goal_id="50"/>
  <agent start_id="135" goal_id="145"/>
  <agent start_id="54" goal_id="198"/>
  <agent start_id="18" goal_id="192"/>
  <agent start_id="28" goal_id="188"/>
  <agent start_id="101" goal_id="184"/>
  <agent start_id="189" goal_id="115"/>
  <agent start_id="143" goal_id="94"/>
  <agent start_id="26" goal_id="158"/>
  <agent start_id="73" goal_id="67"/>
  <agent start_id="176" goal_id="48"/>
  <agent start_id="77" goal_id="49"/>
  <agent start_id="89" goal_id="68"/>
  <agent start_id="11" goal_id="179"/>
  <agent start_id="187" goal_id="132"/>
  <agent start_id="110" goal_id="71"/>
  <agent start_id="142" goal_id="51"/>
  <agent start_id="113" goal_id="177"/>
  <agent start_id="134" goal_id="100"/>
</root>
