<?xml version="1.0" ?>
<root>
  <agent start_id="74" goal_id="48"/>
  <agent start_id="198" goal_id="10"/>
  <agent start_id="39" goal_id="126"/>
  <agent start_id="171" goal_id="195"/>
  <agent start_id="170" goal_id="33"/>
  <agent start_id="62" goal_id="150"/>
  <agent start_id="0" goal_id="84"/>
  <agent start_id="47" goal_id="164"/>
  <agent start_id="145" goal_id="19"/>
  <agent start_id="34" goal_id="112"/>
  <agent start_id="43" goal_id="120"/>
  <agent start_id="181" goal_id="188"/>
  <agent start_id="194" goal_id="34"/>
  <agent start_id="98" goal_id="110"/>
  <agent start_id="121" goal_id="80"/>
  <agent start_id="22" goal_id="148"/>
  <agent start_id="184" goal_id="108"/>
  <agent start_id="162" goal_id="124"/>
  <agent start_id="50" goal_id="106"/>
  <agent start_id="119" goal_id="70"/>
  <agent start_id="85" goal_id="123"/>
  <agent start_id="6" goal_id="161"/>
  <agent start_id="138" goal_id="145"/>
  <agent start_id="24" goal_id="65"/>
  <agent start_id="9" goal_id="89"/>
  <agent start_id="127" goal_id="189"/>
  <agent start_id="132" goal_id="180"/>
  <agent start_id="160" goal_id="35"/>
  <agent start_id="123" goal_id="175"/>
  <agent start_id="82" goal_id="160"/>
  <agent start_id="190" goal_id="103"/>
  <agent start_id="130" goal_id="144"/>
  <agent start_id="14" goal_id="122"/>
  <agent start_id="157" goal_id="199"/>
  <agent start_id="79" goal_id="119"/>
  <agent start_id="27" goal_id="67"/>
  <agent start_id="126" goal_id="90"/>
  <agent start_id="84" goal_id="72"/>
  <agent start_id="88" goal_id="79"/>
  <agent start_id="141" goal_id="88"/>
  <agent start_id="60" goal_id="135"/>
  <agent start_id="94" goal_id="154"/>
  <agent start_id="161" goal_id="52"/>
  <agent start_id="140" goal_id="185"/>
  <agent start_id="115" goal_id="97"/>
  <agent start_id="173" goal_id="13"/>
  <agent start_id="156" goal_id="132"/>
  <agent start_id="122" goal_id="18"/>
  <agent start_id="49" goal_id="127"/>
  <agent start_id="55" goal_id="198"/>
</root>
