<?xml version="1.0" ?>
<root>
  <agent start_id="16" goal_id="165"/>
  <agent start_id="136" goal_id="150"/>
  <agent start_id="58" goal_id="93"/>
  <agent start_id="192" goal_id="153"/>
  <agent start_id="11" goal_id="8"/>
  <agent start_id="83" goal_id="107"/>
  <agent start_id="66" goal_id="64"/>
  <agent start_id="146" goal_id="143"/>
  <agent start_id="142" goal_id="98"/>
  <agent start_id="182" goal_id="100"/>
  <agent start_id="151" goal_id="176"/>
  <agent start_id="187" goal_id="25"/>
  <agent start_id="108" goal_id="32"/>
  <agent start_id="100" goal_id="188"/>
  <agent start_id="194" goal_id="89"/>
  <agent start_id="42" goal_id="19"/>
  <agent start_id="175" goal_id="169"/>
  <agent start_id="35" goal_id="84"/>
  <agent start_id="120" goal_id="111"/>
  <agent start_id="38" goal_id="72"/>
  <agent start_id="7" goal_id="197"/>
  <agent start_id="18" goal_id="141"/>
  <agent start_id="154" goal_id="17"/>
  <agent start_id="0" goal_id="56"/>
  <agent start_id="43" goal_id="164"/>
  <agent start_id="48" goal_id="101"/>
  <agent start_id="91" goal_id="5"/>
  <agent start_id="71" goal_id="130"/>
  <agent start_id="96" goal_id="41"/>
  <agent start_id="34" goal_id="46"/>
  <agent start_id="173" goal_id="109"/>
  <agent start_id="177" goal_id="95"/>
  <agent start_id="79" goal_id="137"/>
  <agent start_id="13" goal_id="18"/>
  <agent start_id="197" goal_id="11"/>
  <agent start_id="80" goal_id="14"/>
  <agent start_id="130" goal_id="92"/>
  <agent start_id="20" goal_id="181"/>
  <agent start_id="81" goal_id="76"/>
  <agent start_id="93" goal_id="61"/>
  <agent start_id="68" goal_id="136"/>
  <agent start_id="70" goal_id="120"/>
  <agent start_id="88" goal_id="91"/>
  <agent start_id="199" goal_id="60"/>
  <agent start_id="158" goal_id="138"/>
  <agent start_id="133" goal_id="59"/>
  <agent start_id="152" goal_id="50"/>
  <agent start_id="6" goal_id="191"/>
  <agent start_id="92" goal_id="43"/>
  <agent start_id="54" goal_id="189"/>
</root>
