<?xml version="1.0" ?>
<root>
  <agent start_id="102" goal_id="174"/>
  <agent start_id="135" goal_id="199"/>
  <agent start_id="192" goal_id="197"/>
  <agent start_id="15" goal_id="178"/>
  <agent start_id="162" goal_id="113"/>
  <agent start_id="112" goal_id="29"/>
  <agent start_id="5" goal_id="42"/>
  <agent start_id="117" goal_id="103"/>
  <agent start_id="119" goal_id="86"/>
  <agent start_id="1" goal_id="148"/>
  <agent start_id="36" goal_id="72"/>
  <agent start_id="34" goal_id="23"/>
  <agent start_id="10" goal_id="74"/>
  <agent start_id="24" goal_id="183"/>
  <agent start_id="63" goal_id="189"/>
  <agent start_id="159" goal_id="51"/>
  <agent start_id="173" goal_id="99"/>
  <agent start_id="137" goal_id="14"/>
  <agent start_id="158" goal_id="21"/>
  <agent start_id="8" goal_id="105"/>
  <agent start_id="61" goal_id="102"/>
  <agent start_id="177" goal_id="18"/>
  <agent start_id="65" goal_id="30"/>
  <agent start_id="156" goal_id="88"/>
  <agent start_id="165" goal_id="11"/>
  <agent start_id="123" goal_id="152"/>
  <agent start_id="27" goal_id="75"/>
  <agent start_id="84" goal_id="187"/>
  <agent start_id="20" goal_id="133"/>
  <agent start_id="9" goal_id="124"/>
  <agent start_id="76" goal_id="168"/>
  <agent start_id="151" goal_id="179"/>
  <agent start_id="139" goal_id="186"/>
  <agent start_id="70" goal_id="146"/>
  <agent start_id="30" goal_id="131"/>
  <agent start_id="52" goal_id="56"/>
  <agent start_id="184" goal_id="160"/>
  <agent start_id="93" goal_id="66"/>
  <agent start_id="32" goal_id="0"/>
  <agent start_id="106" goal_id="40"/>
  <agent start_id="100" goal_id="44"/>
  <agent start_id="72" goal_id="170"/>
  <agent start_id="4" goal_id="71"/>
  <agent start_id="37" goal_id="52"/>
  <agent start_id="23" goal_id="100"/>
  <agent start_id="147" goal_id="27"/>
  <agent start_id="11" goal_id="65"/>
  <agent start_id="39" goal_id="114"/>
  <agent start_id="96" goal_id="138"/>
  <agent start_id="58" goal_id="78"/>
</root>
