<?xml version="1.0" ?>
<root>
  <agent start_id="75" goal_id="85"/>
  <agent start_id="104" goal_id="61"/>
  <agent start_id="146" goal_id="21"/>
  <agent start_id="78" goal_id="68"/>
  <agent start_id="158" goal_id="125"/>
  <agent start_id="103" goal_id="88"/>
  <agent start_id="186" goal_id="114"/>
  <agent start_id="169" goal_id="42"/>
  <agent start_id="20" goal_id="103"/>
  <agent start_id="142" goal_id="34"/>
  <agent start_id="35" goal_id="136"/>
  <agent start_id="166" goal_id="6"/>
  <agent start_id="176" goal_id="10"/>
  <agent start_id="47" goal_id="147"/>
  <agent start_id="99" goal_id="155"/>
  <agent start_id="168" goal_id="132"/>
  <agent start_id="40" goal_id="173"/>
  <agent start_id="149" goal_id="194"/>
  <agent start_id="191" goal_id="26"/>
  <agent start_id="81" goal_id="158"/>
  <agent start_id="19" goal_id="128"/>
  <agent start_id="135" goal_id="187"/>
  <agent start_id="1" goal_id="56"/>
  <agent start_id="174" goal_id="13"/>
  <agent start_id="80" goal_id="49"/>
  <agent start_id="163" goal_id="83"/>
  <agent start_id="131" goal_id="164"/>
  <agent start_id="95" goal_id="113"/>
  <agent start_id="14" goal_id="108"/>
  <agent start_id="111" goal_id="165"/>
  <agent start_id="28" goal_id="46"/>
  <agent start_id="140" goal_id="17"/>
  <agent start_id="144" goal_id="142"/>
  <agent start_id="100" goal_id="127"/>
  <agent start_id="90" goal_id="64"/>
  <agent start_id="112" goal_id="161"/>
  <agent start_id="57" goal_id="100"/>
  <agent start_id="50" goal_id="16"/>
  <agent start_id="37" goal_id="160"/>
  <agent start_id="94" goal_id="191"/>
  <agent start_id="10" goal_id="118"/>
  <agent start_id="160" goal_id="77"/>
  <agent start_id="69" goal_id="48"/>
  <agent start_id="167" goal_id="94"/>
  <agent start_id="0" goal_id="196"/>
  <agent start_id="97" goal_id="7"/>
  <agent start_id="5" goal_id="90"/>
  <agent start_id="3" goal_id="184"/>
  <agent start_id="159" goal_id="107"/>
  <agent start_id="116" goal_id="156"/>
</root>
