<?xml version="1.0" ?>
<root>
  <agent start_id="7" goal_id="50"/>
  <agent start_id="111" goal_id="2"/>
  <agent start_id="149" goal_id="158"/>
  <agent start_id="56" goal_id="95"/>
  <agent start_id="167" goal_id="127"/>
  <agent start_id="93" goal_id="190"/>
  <agent start_id="158" goal_id="13"/>
  <agent start_id="148" goal_id="149"/>
  <agent start_id="131" goal_id="101"/>
  <agent start_id="27" goal_id="172"/>
  <agent start_id="105" goal_id="60"/>
  <agent start_id="122" goal_id="104"/>
  <agent start_id="112" goal_id="9"/>
  <agent start_id="52" goal_id="151"/>
  <agent start_id="69" goal_id="84"/>
  <agent start_id="57" goal_id="175"/>
  <agent start_id="71" goal_id="66"/>
  <agent start_id="31" goal_id="87"/>
  <agent start_id="41" goal_id="116"/>
  <agent start_id="12" goal_id="55"/>
  <agent start_id="162" goal_id="38"/>
  <agent start_id="43" goal_id="110"/>
  <agent start_id="189" goal_id="16"/>
  <agent start_id="181" goal_id="25"/>
  <agent start_id="58" goal_id="72"/>
  <agent start_id="171" goal_id="26"/>
  <agent start_id="180" goal_id="24"/>
  <agent start_id="65" goal_id="49"/>
  <agent start_id="117" goal_id="146"/>
  <agent start_id="88" goal_id="196"/>
  <agent start_id="154" goal_id="43"/>
  <agent start_id="194" goal_id="1"/>
  <agent start_id="173" goal_id="99"/>
  <agent start_id="184" goal_id="138"/>
  <agent start_id="83" goal_id="63"/>
  <agent start_id="36" goal_id="33"/>
  <agent start_id="24" goal_id="109"/>
  <agent start_id="191" goal_id="154"/>
  <agent start_id="23" goal_id="23"/>
  <agent start_id="45" goal_id="147"/>
  <agent start_id="164" goal_id="125"/>
  <agent start_id="68" goal_id="103"/>
  <agent start_id="168" goal_id="163"/>
  <agent start_id="5" goal_id="177"/>
  <agent start_id="59" goal_id="117"/>
  <agent start_id="48" goal_id="73"/>
  <agent start_id="121" goal_id="124"/>
  <agent start_id="79" goal_id="52"/>
  <agent start_id="129" goal_id="75"/>
  <agent start_id="186" goal_id="41"/>
</root>
