<?xml version="1.0" ?>
<root>
  <agent start_id="162" goal_id="45"/>
  <agent start_id="183" goal_id="55"/>
  <agent start_id="64" goal_id="53"/>
  <agent start_id="33" goal_id="118"/>
  <agent start_id="71" goal_id="67"/>
  <agent start_id="3" goal_id="170"/>
  <agent start_id="84" goal_id="63"/>
  <agent start_id="30" goal_id="25"/>
  <agent start_id="95" goal_id="110"/>
  <agent start_id="16" goal_id="37"/>
  <agent start_id="19" goal_id="0"/>
  <agent start_id="81" goal_id="21"/>
  <agent start_id="119" goal_id="157"/>
  <agent start_id="49" goal_id="95"/>
  <agent start_id="35" goal_id="23"/>
  <agent start_id="10" goal_id="7"/>
  <agent start_id="43" goal_id="33"/>
  <agent start_id="112" goal_id="137"/>
  <agent start_id="142" goal_id="59"/>
  <agent start_id="38" goal_id="104"/>
  <agent start_id="122" goal_id="196"/>
  <agent start_id="141" goal_id="75"/>
  <agent start_id="123" goal_id="156"/>
  <agent start_id="98" goal_id="159"/>
  <agent start_id="0" goal_id="186"/>
  <agent start_id="1" goal_id="153"/>
  <agent start_id="93" goal_id="35"/>
  <agent start_id="196" goal_id="50"/>
  <agent start_id="177" goal_id="58"/>
  <agent start_id="89" goal_id="115"/>
  <agent start_id="181" goal_id="13"/>
  <agent start_id="150" goal_id="184"/>
  <agent start_id="60" goal_id="122"/>
  <agent start_id="51" goal_id="143"/>
  <agent start_id="159" goal_id="161"/>
  <agent start_id="83" goal_id="192"/>
  <agent start_id="65" goal_id="103"/>
  <agent start_id="20" goal_id="19"/>
  <agent start_id="134" goal_id="160"/>
  <agent start_id="125" goal_id="79"/>
  <agent start_id="128" goal_id="46"/>
  <agent start_id="108" goal_id="167"/>
  <agent start_id="11" goal_id="129"/>
  <agent start_id="39" goal_id="191"/>
  <agent start_id="189" goal_id="87"/>
  <agent start_id="158" goal_id="173"/>
  <agent start_id="147" goal_id="176"/>
  <agent start_id="22" goal_id="72"/>
  <agent start_id="172" goal_id="26"/>
  <agent start_id="199" goal_id="81"/>
</root>
