<?xml version="1.0" ?>
<root>
  <agent start_id="59" goal_id="130"/>
  <agent start_id="131" goal_id="18"/>
  <agent start_id="141" goal_id="71"/>
  <agent start_id="20" goal_id="32"/>
  <agent start_id="155" goal_id="141"/>
  <agent start_id="197" goal_id="31"/>
  <agent start_id="82" goal_id="159"/>
  <agent start_id="187" goal_id="64"/>
  <agent start_id="18" goal_id="108"/>
  <agent start_id="66" goal_id="172"/>
  <agent start_id="113" goal_id="162"/>
  <agent start_id="148" goal_id="38"/>
  <agent start_id="183" goal_id="80"/>
  <agent start_id="75" goal_id="53"/>
  <agent start_id="74" goal_id="93"/>
  <agent start_id="40" goal_id="56"/>
  <agent start_id="119" goal_id="28"/>
  <agent start_id="144" goal_id="196"/>
  <agent start_id="171" goal_id="114"/>
  <agent start_id="23" goal_id="123"/>
  <agent start_id="172" goal_id="167"/>
  <agent start_id="87" goal_id="144"/>
  <agent start_id="56" goal_id="183"/>
  <agent start_id="184" goal_id="99"/>
  <agent start_id="166" goal_id="36"/>
  <agent start_id="41" goal_id="60"/>
  <agent start_id="13" goal_id="5"/>
  <agent start_id="181" goal_id="157"/>
  <agent start_id="117" goal_id="90"/>
  <agent start_id="10" goal_id="189"/>
  <agent start_id="130" goal_id="95"/>
  <agent start_id="92" goal_id="148"/>
  <agent start_id="49" goal_id="126"/>
  <agent start_id="37" goal_id="171"/>
  <agent start_id="125" goal_id="24"/>
  <agent start_id="21" goal_id="49"/>
  <agent start_id="80" goal_id="121"/>
  <agent start_id="193" goal_id="14"/>
  <agent start_id="180" goal_id="152"/>
  <agent start_id="83" goal_id="81"/>
  <agent start_id="81" goal_id="83"/>
  <agent start_id="26" goal_id="188"/>
  <agent start_id="174" goal_id="21"/>
  <agent start_id="137" goal_id="55"/>
  <agent start_id="190" goal_id="13"/>
  <agent start_id="79" goal_id="160"/>
  <agent start_id="7" goal_id="137"/>
  <agent start_id="133" goal_id="168"/>
  <agent start_id="5" goal_id="41"/>
  <agent start_id="53" goal_id="136"/>
</root>
