<?xml version="1.0" ?>
<root>
  <agent start_id="168" goal_id="55"/>
  <agent start_id="73" goal_id="178"/>
  <agent start_id="122" goal_id="164"/>
  <agent start_id="113" goal_id="132"/>
  <agent start_id="162" goal_id="70"/>
  <agent start_id="121" goal_id="125"/>
  <agent start_id="188" goal_id="58"/>
  <agent start_id="134" goal_id="196"/>
  <agent start_id="84" goal_id="147"/>
  <agent start_id="58" goal_id="117"/>
  <agent start_id="85" goal_id="51"/>
  <agent start_id="156" goal_id="138"/>
  <agent start_id="5" goal_id="17"/>
  <agent start_id="69" goal_id="129"/>
  <agent start_id="23" goal_id="54"/>
  <agent start_id="20" goal_id="75"/>
  <agent start_id="36" goal_id="78"/>
  <agent start_id="91" goal_id="113"/>
  <agent start_id="60" goal_id="13"/>
  <agent start_id="126" goal_id="4"/>
  <agent start_id="182" goal_id="30"/>
  <agent start_id="97" goal_id="153"/>
  <agent start_id="15" goal_id="26"/>
  <agent start_id="0" goal_id="119"/>
  <agent start_id="52" goal_id="199"/>
  <agent start_id="24" goal_id="63"/>
  <agent start_id="149" goal_id="73"/>
  <agent start_id="154" goal_id="123"/>
  <agent start_id="10" goal_id="141"/>
  <agent start_id="102" goal_id="192"/>
  <agent start_id="166" goal_id="64"/>
  <agent start_id="138" goal_id="146"/>
  <agent start_id="22" goal_id="102"/>
  <agent start_id="135" goal_id="91"/>
  <agent start_id="190" goal_id="158"/>
  <agent start_id="193" goal_id="9"/>
  <agent start_id="173" goal_id="72"/>
  <agent start_id="143" goal_id="85"/>
  <agent start_id="45" goal_id="27"/>
  <agent start_id="129" goal_id="170"/>
  <agent start_id="192" goal_id="2"/>
  <agent start_id="65" goal_id="21"/>
  <agent start_id="141" goal_id="66"/>
  <agent start_id="12" goal_id="11"/>
  <agent start_id="199" goal_id="189"/>
  <agent start_id="152" goal_id="32"/>
  <agent start_id="88" goal_id="151"/>
  <agent start_id="55" goal_id="37"/>
  <agent start_id="120" goal_id="169"/>
  <agent start_id="39" goal_id="106"/>
</root>
