<?xml version="1.0" ?>
<root>
  <agent start_id="68" goal_id="123"/>
  <agent start_id="198" goal_id="188"/>
  <agent start_id="41" goal_id="166"/>
  <agent start_id="162" goal_id="140"/>
  <agent start_id="148" goal_id="130"/>
  <agent start_id="44" goal_id="66"/>
  <agent start_id="9" goal_id="96"/>
  <agent start_id="13" goal_id="62"/>
  <agent start_id="158" goal_id="170"/>
  <agent start_id="43" goal_id="139"/>
  <agent start_id="172" goal_id="91"/>
  <agent start_id="170" goal_id="189"/>
  <agent start_id="190" goal_id="162"/>
  <agent start_id="137" goal_id="48"/>
  <agent start_id="54" goal_id="70"/>
  <agent start_id="59" goal_id="137"/>
  <agent start_id="95" goal_id="75"/>
  <agent start_id="51" goal_id="93"/>
  <agent start_id="93" goal_id="31"/>
  <agent start_id="129" goal_id="13"/>
  <agent start_id="67" goal_id="65"/>
  <agent start_id="111" goal_id="38"/>
  <agent start_id="48" goal_id="68"/>
  <agent start_id="144" goal_id="15"/>
  <agent start_id="85" goal_id="103"/>
  <agent start_id="81" goal_id="42"/>
  <agent start_id="2" goal_id="0"/>
  <agent start_id="163" goal_id="32"/>
  <agent start_id="135" goal_id="97"/>
  <agent start_id="175" goal_id="109"/>
  <agent start_id="145" goal_id="55"/>
  <agent start_id="74" goal_id="34"/>
  <agent start_id="19" goal_id="21"/>
  <agent start_id="52" goal_id="92"/>
  <agent start_id="78" goal_id="20"/>
  <agent start_id="106" goal_id="90"/>
  <agent start_id="141" goal_id="79"/>
  <agent start_id="5" goal_id="138"/>
  <agent start_id="49" goal_id="177"/>
  <agent start_id="179" goal_id="81"/>
  <agent start_id="23" goal_id="145"/>
  <agent start_id="116" goal_id="197"/>
  <agent start_id="84" goal_id="175"/>
  <agent start_id="147" goal_id="24"/>
  <agent start_id="12" goal_id="100"/>
  <agent start_id="50" goal_id="59"/>
  <agent start_id="154" goal_id="135"/>
  <agent start_id="24" goal_id="119"/>
  <agent start_id="86" goal_id="163"/>
  <agent start_id="153" goal_id="10"/>
</root>
