<?xml version="1.0" ?>
<root>
  <agent start_id="162" goal_id="195"/>
  <agent start_id="98" goal_id="99"/>
  <agent start_id="81" goal_id="151"/>
  <agent start_id="59" goal_id="86"/>
  <agent start_id="163" goal_id="55"/>
  <agent start_id="199" goal_id="121"/>
  <agent start_id="26" goal_id="93"/>
  <agent start_id="164" goal_id="127"/>
  <agent start_id="158" goal_id="182"/>
  <agent start_id="140" goal_id="96"/>
  <agent start_id="141" goal_id="141"/>
  <agent start_id="24" goal_id="152"/>
  <agent start_id="61" goal_id="197"/>
  <agent start_id="8" goal_id="92"/>
  <agent start_id="109" goal_id="51"/>
  <agent start_id="155" goal_id="174"/>
  <agent start_id="180" goal_id="194"/>
  <agent start_id="69" goal_id="107"/>
  <agent start_id="40" goal_id="3"/>
  <agent start_id="11" goal_id="173"/>
  <agent start_id="185" goal_id="48"/>
  <agent start_id="95" goal_id="24"/>
  <agent start_id="47" goal_id="70"/>
  <agent start_id="178" goal_id="85"/>
  <agent start_id="152" goal_id="63"/>
  <agent start_id="83" goal_id="56"/>
  <agent start_id="65" goal_id="133"/>
  <agent start_id="167" goal_id="21"/>
  <agent start_id="183" goal_id="60"/>
  <agent start_id="87" goal_id="66"/>
  <agent start_id="136" goal_id="9"/>
  <agent start_id="170" goal_id="117"/>
  <agent start_id="1" goal_id="186"/>
  <agent start_id="50" goal_id="138"/>
  <agent start_id="71" goal_id="102"/>
  <agent start_id="32" goal_id="79"/>
  <agent start_id="115" goal_id="41"/>
  <agent start_id="34" goal_id="31"/>
  <agent start_id="173" goal_id="103"/>
  <agent start_id="94" goal_id="14"/>
  <agent start_id="64" goal_id="100"/>
  <agent start_id="13" goal_id="7"/>
  <agent start_id="159" goal_id="0"/>
  <agent start_id="176" goal_id="11"/>
  <agent start_id="148" goal_id="43"/>
  <agent start_id="192" goal_id="77"/>
  <agent start_id="190" goal_id="135"/>
  <agent start_id="127" goal_id="147"/>
  <agent start_id="3" goal_id="161"/>
  <agent start_id="112" goal_id="44"/>
</root>
