<?xml version="1.0" ?>
<root>
  <agent start_id="91" goal_id="60"/>
  <agent start_id="26" goal_id="68"/>
  <agent start_id="75" goal_id="189"/>
  <agent start_id="197" goal_id="96"/>
  <agent start_id="35" goal_id="181"/>
  <agent start_id="77" goal_id="173"/>
  <agent start_id="135" goal_id="176"/>
  <agent start_id="150" goal_id="10"/>
  <agent start_id="31" goal_id="20"/>
  <agent start_id="17" goal_id="14"/>
  <agent start_id="123" goal_id="12"/>
  <agent start_id="118" goal_id="34"/>
  <agent start_id="114" goal_id="47"/>
  <agent start_id="63" goal_id="73"/>
  <agent start_id="131" goal_id="83"/>
  <agent start_id="187" goal_id="66"/>
  <agent start_id="105" goal_id="16"/>
  <agent start_id="127" goal_id="190"/>
  <agent start_id="53" goal_id="41"/>
  <agent start_id="72" goal_id="183"/>
  <agent start_id="181" goal_id="92"/>
  <agent start_id="179" goal_id="51"/>
  <agent start_id="15" goal_id="86"/>
  <agent start_id="124" goal_id="80"/>
  <agent start_id="169" goal_id="64"/>
  <agent start_id="69" goal_id="49"/>
  <agent start_id="50" goal_id="62"/>
  <agent start_id="175" goal_id="18"/>
  <agent start_id="196" goal_id="179"/>
  <agent start_id="11" goal_id="171"/>
  <agent start_id="109" goal_id="104"/>
  <agent start_id="155" goal_id="126"/>
  <agent start_id="152" goal_id="122"/>
  <agent start_id="81" goal_id="69"/>
  <agent start_id="107" goal_id="4"/>
  <agent start_id="24" goal_id="74"/>
  <agent start_id="2" goal_id="148"/>
  <agent start_id="95" goal_id="144"/>
  <agent start_id="191" goal_id="150"/>
  <agent start_id="199" goal_id="101"/>
  <agent start_id="44" goal_id="132"/>
  <agent start_id="160" goal_id="111"/>
  <agent start_id="51" goal_id="134"/>
  <agent start_id="38" goal_id="105"/>
  <agent start_id="42" goal_id="169"/>
  <agent start_id="100" goal_id="180"/>
  <agent start_id="173" goal_id="165"/>
  <agent start_id="0" goal_id="97"/>
  <agent start_id="5" goal_id="142"/>
  <agent start_id="128" goal_id="53"/>
</root>
