<?xml version="1.0" ?>
<root>
  <agent start_id="38" goal_id="185"/>
  <agent start_id="31" goal_id="87"/>
  <agent start_id="139" goal_id="82"/>
  <agent start_id="192" goal_id="7"/>
  <agent start_id="130" goal_id="36"/>
  <agent start_id="159" goal_id="174"/>
  <agent start_id="172" goal_id="41"/>
  <agent start_id="3" goal_id="1"/>
  <agent start_id="53" goal_id="12"/>
  <agent start_id="22" goal_id="164"/>
  <agent start_id="52" goal_id="91"/>
  <agent start_id="157" goal_id="64"/>
  <agent start_id="167" goal_id="116"/>
  <agent start_id="43" goal_id="150"/>
  <agent start_id="35" goal_id="194"/>
  <agent start_id="113" goal_id="19"/>
  <agent start_id="75" goal_id="30"/>
  <agent start_id="161" goal_id="88"/>
  <agent start_id="1" goal_id="24"/>
  <agent start_id="70" goal_id="127"/>
  <agent start_id="83" goal_id="179"/>
  <agent start_id="127" goal_id="188"/>
  <agent start_id="111" goal_id="145"/>
  <agent start_id="48" goal_id="98"/>
  <agent start_id="152" goal_id="40"/>
  <agent start_id="183" goal_id="46"/>
  <agent start_id="173" goal_id="18"/>
  <agent start_id="11" goal_id="125"/>
  <agent start_id="63" goal_id="155"/>
  <agent start_id="156" goal_id="113"/>
  <agent start_id="182" goal_id="34"/>
  <agent start_id="124" goal_id="102"/>
  <agent start_id="194" goal_id="196"/>
  <agent start_id="66" goal_id="51"/>
  <agent start_id="45" goal_id="79"/>
  <agent start_id="137" goal_id="70"/>
  <agent start_id="19" goal_id="45"/>
  <agent start_id="126" goal_id="27"/>
  <agent start_id="85" goal_id="106"/>
  <agent start_id="132" goal_id="38"/>
  <agent start_id="15" goal_id="172"/>
  <agent start_id="174" goal_id="28"/>
  <agent start_id="107" goal_id="33"/>
  <agent start_id="50" goal_id="143"/>
  <agent start_id="118" goal_id="14"/>
  <agent start_id="195" goal_id="147"/>
  <agent start_id="104" goal_id="175"/>
  <agent start_id="41" goal_id="162"/>
  <agent start_id="4" goal_id="20"/>
  <agent start_id="154" goal_id="158"/>
</root>
