<?xml version="1.0" ?>
<root>
  <agent start_id="69" goal_id="58"/>
  <agent start_id="30" goal_id="48"/>
  <agent start_id="187" goal_id="168"/>
  <agent start_id="91" goal_id="68"/>
  <agent start_id="101" goal_id="183"/>
  <agent start_id="186" goal_id="98"/>
  <agent start_id="138" goal_id="117"/>
  <agent start_id="12" goal_id="43"/>
  <agent start_id="135" goal_id="44"/>
  <agent start_id="195" goal_id="54"/>
  <agent start_id="63" goal_id="7"/>
  <agent start_id="7" goal_id="116"/>
  <agent start_id="10" goal_id="179"/>
  <agent start_id="198" goal_id="14"/>
  <agent start_id="2" goal_id="26"/>
  <agent start_id="137" goal_id="73"/>
  <agent start_id="167" goal_id="173"/>
  <agent start_id="46" goal_id="96"/>
  <agent start_id="1" goal_id="193"/>
  <agent start_id="114" goal_id="90"/>
  <agent start_id="191" goal_id="32"/>
  <agent start_id="70" goal_id="92"/>
  <agent start_id="84" goal_id="50"/>
  <agent start_id="61" goal_id="122"/>
  <agent start_id="39" goal_id="75"/>
  <agent start_id="113" goal_id="181"/>
  <agent start_id="177" goal_id="36"/>
  <agent start_id="124" goal_id="106"/>
  <agent start_id="87" goal_id="157"/>
  <agent start_id="18" goal_id="99"/>
  <agent start_id="33" goal_id="143"/>
  <agent start_id="50" goal_id="66"/>
  <agent start_id="15" goal_id="162"/>
  <agent start_id="86" goal_id="170"/>
  <agent start_id="130" goal_id="37"/>
  <agent start_id="141" goal_id="87"/>
  <agent start_id="169" goal_id="198"/>
  <agent start_id="96" goal_id="141"/>
  <agent start_id="78" goal_id="27"/>
  <agent start_id="134" goal_id="119"/>
  <agent start_id="17" goal_id="102"/>
  <agent start_id="154" goal_id="196"/>
  <agent start_id="29" goal_id="62"/>
  <agent start_id="111" goal_id="152"/>
  <agent start_id="158" goal_id="172"/>
  <agent start_id="65" goal_id="89"/>
  <agent start_id="185" goal_id="113"/>
  <agent start_id="55" goal_id="77"/>
  <agent start_id="37" goal_id="93"/>
  <agent start_id="127" goal_id="129"/>
</root>
