<?xml version="1.0" ?>
<root>
  <agent start_id="81" goal_id="162"/>
  <agent start_id="77" goal_id="126"/>
  <agent start_id="88" goal_id="17"/>
  <agent start_id="148" goal_id="131"/>
  <agent start_id="30" goal_id="29"/>
  <agent start_id="138" goal_id="23"/>
  <agent start_id="53" goal_id="11"/>
  <agent start_id="2" goal_id="61"/>
  <agent start_id="154" goal_id="197"/>
  <agent start_id="0" goal_id="148"/>
  <agent start_id="128" goal_id="118"/>
  <agent start_id="35" goal_id="159"/>
  <agent start_id="195" goal_id="46"/>
  <agent start_id="96" goal_id="108"/>
  <agent start_id="165" goal_id="188"/>
  <agent start_id="183" goal_id="34"/>
  <agent start_id="146" goal_id="101"/>
  <agent start_id="32" goal_id="90"/>
  <agent start_id="194" goal_id="27"/>
  <agent start_id="94" goal_id="40"/>
  <agent start_id="193" goal_id="2"/>
  <agent start_id="135" goal_id="180"/>
  <agent start_id="47" goal_id="56"/>
  <agent start_id="100" goal_id="25"/>
  <agent start_id="16" goal_id="102"/>
  <agent start_id="5" goal_id="182"/>
  <agent start_id="72" goal_id="43"/>
  <agent start_id="38" goal_id="16"/>
  <agent start_id="20" goal_id="86"/>
  <agent start_id="122" goal_id="73"/>
  <agent start_id="4" goal_id="151"/>
  <agent start_id="137" goal_id="114"/>
  <agent start_id="107" goal_id="152"/>
  <agent start_id="120" goal_id="141"/>
  <agent start_id="99" goal_id="12"/>
  <agent start_id="160" goal_id="26"/>
  <agent start_id="90" goal_id="116"/>
  <agent start_id="104" goal_id="92"/>
  <agent start_id="26" goal_id="190"/>
  <agent start_id="9" goal_id="0"/>
  <agent start_id="143" goal_id="146"/>
  <agent start_id="151" goal_id="150"/>
  <agent start_id="11" goal_id="57"/>
  <agent start_id="149" goal_id="129"/>
  <agent start_id="49" goal_id="124"/>
  <agent start_id="178" goal_id="139"/>
  <agent start_id="56" goal_id="52"/>
  <agent start_id="153" goal_id="45"/>
  <agent start_id="164" goal_id="134"/>
  <agent start_id="198" goal_id="178"/>
</root>
