<?xml version="1.0" ?>
<root>
  <agent start_id="136" goal_id="112"/>
  <agent start_id="194" goal_id="119"/>
  <agent start_id="155" goal_id="92"/>
  <agent start_id="60" goal_id="38"/>
  <agent start_id="176" goal_id="6"/>
  <agent start_id="15" goal_id="84"/>
  <agent start_id="62" goal_id="195"/>
  <agent start_id="179" goal_id="16"/>
  <agent start_id="7" goal_id="68"/>
  <agent start_id="198" goal_id="134"/>
  <agent start_id="116" goal_id="121"/>
  <agent start_id="173" goal_id="116"/>
  <agent start_id="82" goal_id="183"/>
  <agent start_id="74" goal_id="89"/>
  <agent start_id="149" goal_id="156"/>
  <agent start_id="3" goal_id="125"/>
  <agent start_id="67" goal_id="114"/>
  <agent start_id="123" goal_id="194"/>
  <agent start_id="100" goal_id="109"/>
  <agent start_id="192" goal_id="174"/>
  <agent start_id="49" goal_id="141"/>
  <agent start_id="161" goal_id="159"/>
  <agent start_id="1" goal_id="117"/>
  <agent start_id="92" goal_id="155"/>
  <agent start_id="13" goal_id="1"/>
  <agent start_id="11" goal_id="171"/>
  <agent start_id="175" goal_id="48"/>
  <agent start_id="152" goal_id="178"/>
  <agent start_id="112" goal_id="78"/>
  <agent start_id="29" goal_id="164"/>
  <agent start_id="98" goal_id="111"/>
  <agent start_id="107" goal_id="64"/>
  <agent start_id="50" goal_id="189"/>
  <agent start_id="54" goal_id="127"/>
  <agent start_id="24" goal_id="167"/>
  <agent start_id="80" goal_id="100"/>
  <agent start_id="146" goal_id="122"/>
  <agent start_id="148" goal_id="85"/>
  <agent start_id="120" goal_id="19"/>
  <agent start_id="180" goal_id="40"/>
  <agent start_id="27" goal_id="70"/>
  <agent start_id="41" goal_id="185"/>
  <agent start_id="38" goal_id="12"/>
  <agent start_id="139" goal_id="8"/>
  <agent start_id="144" goal_id="75"/>
  <agent start_id="171" goal_id="190"/>
  <agent start_id="122" goal_id="192"/>
  <agent start_id="52" goal_id="160"/>
  <agent start_id="162" goal_id="11"/>
  <agent start_id="22" goal_id="108"/>
</root>
