<?xml version="1.0" ?>
<root>
  <agent start_id="29" goal_id="47"/>
  <agent start_id="170" goal_id="85"/>
  <agent start_id="19" goal_id="190"/>
  <agent start_id="143" goal_id="94"/>
  <agent start_id="57" goal_id="181"/>
  <agent start_id="190" goal_id="105"/>
  <agent start_id="160" goal_id="91"/>
  <agent start_id="70" goal_id="133"/>
  <agent start_id="51" goal_id="17"/>
  <agent start_id="188" goal_id="64"/>
  <agent start_id="86" goal_id="63"/>
  <agent start_id="14" goal_id="81"/>
  <agent start_id="124" goal_id="194"/>
  <agent start_id="193" goal_id="96"/>
  <agent start_id="122" goal_id="101"/>
  <agent start_id="177" goal_id="157"/>
  <agent start_id="39" goal_id="117"/>
  <agent start_id="41" goal_id="12"/>
  <agent start_id="110" goal_id="2"/>
  <agent start_id="169" goal_id="162"/>
  <agent start_id="76" goal_id="183"/>
  <agent start_id="28" goal_id="66"/>
  <agent start_id="134" goal_id="14"/>
  <agent start_id="32" goal_id="102"/>
  <agent start_id="94" goal_id="172"/>
  <agent start_id="91" goal_id="150"/>
  <agent start_id="13" goal_id="26"/>
  <agent start_id="97" goal_id="134"/>
  <agent start_id="127" goal_id="103"/>
  <agent start_id="173" goal_id="79"/>
  <agent start_id="118" goal_id="115"/>
  <agent start_id="2" goal_id="42"/>
  <agent start_id="158" goal_id="136"/>
  <agent start_id="31" goal_id="78"/>
  <agent start_id="99" goal_id="3"/>
  <agent start_id="174" goal_id="75"/>
  <agent start_id="167" goal_id="7"/>
  <agent start_id="131" goal_id="118"/>
  <agent start_id="164" goal_id="192"/>
  <agent start_id="59" goal_id="36"/>
  <agent start_id="106" goal_id="16"/>
  <agent start_id="180" goal_id="60"/>
  <agent start_id="192" goal_id="72"/>
  <agent start_id="46" goal_id="37"/>
  <agent start_id="186" goal_id="129"/>
  <agent start_id="36" goal_id="186"/>
  <agent start_id="104" goal_id="155"/>
  <agent start_id="35" goal_id="31"/>
  <agent start_id="123" goal_id="89"/>
  <agent start_id="171" goal_id="139"/>
</root>
