<?xml version="1.0" ?>
<root>
  <agent start_id="86" goal_id="66"/>
  <agent start_id="199" goal_id="34"/>
  <agent start_id="155" goal_id="138"/>
  <agent start_id="190" goal_id="194"/>
  <agent start_id="12" goal_id="60"/>
  <agent start_id="141" goal_id="143"/>
  <agent start_id="124" goal_id="22"/>
  <agent start_id="92" goal_id="184"/>
  <agent start_id="99" goal_id="48"/>
  <agent start_id="107" goal_id="17"/>
  <agent start_id="145" goal_id="165"/>
  <agent start_id="44" goal_id="139"/>
  <agent start_id="42" goal_id="4"/>
  <agent start_id="30" goal_id="110"/>
  <agent start_id="160" goal_id="37"/>
  <agent start_id="34" goal_id="11"/>
  <agent start_id="77" goal_id="162"/>
  <agent start_id="90" goal_id="29"/>
  <agent start_id="104" goal_id="134"/>
  <agent start_id="49" goal_id="171"/>
  <agent start_id="126" goal_id="41"/>
  <agent start_id="66" goal_id="105"/>
  <agent start_id="153" goal_id="149"/>
  <agent start_id="16" goal_id="198"/>
  <agent start_id="175" goal_id="199"/>
  <agent start_id="26" goal_id="151"/>
  <agent start_id="122" goal_id="39"/>
  <agent start_id="33" goal_id="70"/>
  <agent start_id="8" goal_id="178"/>
  <agent start_id="129" goal_id="74"/>
  <agent start_id="192" goal_id="1"/>
  <agent start_id="179" goal_id="77"/>
  <agent start_id="181" goal_id="78"/>
  <agent start_id="165" goal_id="174"/>
  <agent start_id="111" goal_id="5"/>
  <agent start_id="38" goal_id="177"/>
  <agent start_id="19" goal_id="89"/>
  <agent start_id="185" goal_id="27"/>
  <agent start_id="52" goal_id="43"/>
  <agent start_id="117" goal_id="13"/>
  <agent start_id="41" goal_id="167"/>
  <agent start_id="196" goal_id="14"/>
  <agent start_id="100" goal_id="144"/>
  <agent start_id="130" goal_id="106"/>
  <agent start_id="142" goal_id="68"/>
  <agent start_id="194" goal_id="80"/>
  <agent start_id="63" goal_id="24"/>
  <agent start_id="106" goal_id="136"/>
  <agent start_id="158" goal_id="56"/>
  <agent start_id="88" goal_id="188"/>
</root>
