<?xml version="1.0" ?>
<root>
  <agent start_id="77" goal_id="141"/>
  <agent start_id="149" goal_id="8"/>
  <agent start_id="11" goal_id="58"/>
  <agent start_id="182" goal_id="194"/>
  <agent start_id="128" goal_id="146"/>
  <agent start_id="196" goal_id="61"/>
  <agent start_id="114" goal_id="170"/>
  <agent start_id="81" goal_id="60"/>
  <agent start_id="51" goal_id="133"/>
  <agent start_id="132" goal_id="43"/>
  <agent start_id="27" goal_id="162"/>
  <agent start_id="15" goal_id="94"/>
  <agent start_id="155" goal_id="30"/>
  <agent start_id="153" goal_id="14"/>
  <agent start_id="89" goal_id="45"/>
  <agent start_id="17" goal_id="92"/>
  <agent start_id="123" goal_id="173"/>
  <agent start_id="95" goal_id="4"/>
  <agent start_id="110" goal_id="50"/>
  <agent start_id="151" goal_id="155"/>
  <agent start_id="87" goal_id="11"/>
  <agent start_id="167" goal_id="26"/>
  <agent start_id="137" goal_id="128"/>
  <agent start_id="64" goal_id="136"/>
  <agent start_id="187" goal_id="184"/>
  <agent start_id="9" goal_id="150"/>
  <agent start_id="60" goal_id="27"/>
  <agent start_id="42" goal_id="29"/>
  <agent start_id="180" goal_id="119"/>
  <agent start_id="144" goal_id="168"/>
  <agent start_id="28" goal_id="174"/>
  <agent start_id="131" goal_id="15"/>
  <agent start_id="1" goal_id="192"/>
  <agent start_id="37" goal_id="22"/>
  <agent start_id="176" goal_id="75"/>
  <agent start_id="97" goal_id="35"/>
  <agent start_id="52" goal_id="115"/>
  <agent start_id="193" goal_id="177"/>
  <agent start_id="7" goal_id="166"/>
  <agent start_id="190" goal_id="122"/>
  <agent start_id="139" goal_id="158"/>
  <agent start_id="171" goal_id="91"/>
  <agent start_id="140" goal_id="160"/>
  <agent start_id="58" goal_id="187"/>
  <agent start_id="147" goal_id="151"/>
  <agent start_id="44" goal_id="72"/>
  <agent start_id="184" goal_id="34"/>
  <agent start_id="18" goal_id="182"/>
  <agent start_id="90" goal_id="181"/>
  <agent start_id="170" goal_id="100"/>
</root>
