<?xml version="1.0" ?>
<root>
  <agent start_id="189" goal_id="154"/>
  <agent start_id="139" goal_id="37"/>
  <agent start_id="28" goal_id="35"/>
  <agent start_id="118" goal_id="180"/>
  <agent start_id="114" goal_id="119"/>
  <agent start_id="26" goal_id="150"/>
  <agent start_id="161" goal_id="189"/>
  <agent start_id="172" goal_id="9"/>
  <agent start_id="144" goal_id="128"/>
  <agent start_id="164" goal_id="116"/>
  <agent start_id="137" goal_id="34"/>
  <agent start_id="148" goal_id="30"/>
  <agent start_id="51" goal_id="94"/>
  <agent start_id="125" goal_id="63"/>
  <agent start_id="102" goal_id="77"/>
  <agent start_id="7" goal_id="144"/>
  <agent start_id="18" goal_id="88"/>
  <agent start_id="42" goal_id="82"/>
  <agent start_id="96" goal_id="132"/>
  <agent start_id="127" goal_id="122"/>
  <agent start_id="196" goal_id="162"/>
  <agent start_id="187" goal_id="43"/>
  <agent start_id="46" goal_id="38"/>
  <agent start_id="36" goal_id="125"/>
  <agent start_id="25" goal_id="171"/>
  <agent start_id="143" goal_id="25"/>
  <agent start_id="99" goal_id="172"/>
  <agent start_id="93" goal_id="74"/>
  <agent start_id="116" goal_id="130"/>
  <agent start_id="33" goal_id="36"/>
  <agent start_id="183" goal_id="72"/>
  <agent start_id="81" goal_id="140"/>
  <agent start_id="188" goal_id="143"/>
  <agent start_id="55" goal_id="69"/>
  <agent start_id="109" goal_id="59"/>
  <agent start_id="157" goal_id="91"/>
  <agent start_id="3" goal_id="173"/>
  <agent start_id="163" goal_id="64"/>
  <agent start_id="106" goal_id="183"/>
  <agent start_id="21" goal_id="31"/>
  <agent start_id="105" goal_id="14"/>
  <agent start_id="30" goal_id="80"/>
  <agent start_id="74" goal_id="93"/>
  <agent start_id="134" goal_id="23"/>
  <agent start_id="82" goal_id="107"/>
  <agent start_id="130" goal_id="166"/>
  <agent start_id="120" goal_id="95"/>
  <agent start_id="166" goal_id="131"/>
  <agent start_id="85" goal_id="20"/>
  <agent start_id="173" goal_id="179"/>
</root>
