<?xml version="1.0" ?>
<root>
  <agent start_id="132" goal_id="157"/>
  <agent start_id="49" goal_id="44"/>
  <agent start_id="136" goal_id="184"/>
  <agent start_id="0" goal_id="1"/>
  <agent start_id="43" goal_id="0"/>
  <agent start_id="3" goal_id="187"/>
  <agent start_id="48" goal_id="86"/>
  <agent start_id="107" goal_id="138"/>
  <agent start_id="144" goal_id="10"/>
  <agent start_id="130" goal_id="151"/>
  <agent start_id="151" goal_id="29"/>
  <agent start_id="183" goal_id="93"/>
  <agent start_id="18" goal_id="130"/>
  <agent start_id="122" goal_id="89"/>
  <agent start_id="101" goal_id="4"/>
  <agent start_id="34" goal_id="175"/>
  <agent start_id="98" goal_id="125"/>
  <agent start_id="23" goal_id="47"/>
  <agent start_id="108" goal_id="117"/>
  <agent start_id="124" goal_id="57"/>
  <agent start_id="142" goal_id="199"/>
  <agent start_id="191" goal_id="33"/>
  <agent start_id="74" goal_id="154"/>
  <agent start_id="80" goal_id="26"/>
  <agent start_id="171" goal_id="21"/>
  <agent start_id="188" goal_id="133"/>
  <agent start_id="57" goal_id="82"/>
  <agent start_id="141" goal_id="98"/>
  <agent start_id="55" goal_id="111"/>
  <agent start_id="176" goal_id="102"/>
  <agent start_id="137" goal_id="160"/>
  <agent start_id="45" goal_id="40"/>
  <agent start_id="186" goal_id="76"/>
  <agent start_id="199" goal_id="182"/>
  <agent start_id="59" goal_id="189"/>
  <agent start_id="61" goal_id="65"/>
  <agent start_id="11" goal_id="139"/>
  <agent start_id="168" goal_id="112"/>
  <agent start_id="91" goal_id="28"/>
  <agent start_id="27" goal_id="42"/>
  <agent start_id="162" goal_id="46"/>
  <agent start_id="87" goal_id="158"/>
  <agent start_id="129" goal_id="18"/>
  <agent start_id="53" goal_id="80"/>
  <agent start_id="60" goal_id="58"/>
  <agent start_id="13" goal_id="177"/>
  <agent start_id="187" goal_id="64"/>
  <agent start_id="52" goal_id="35"/>
  <agent start_id="17" goal_id="193"/>
  <agent start_id="147" goal_id="73"/>
</root>
