<?xml version="1.0" ?>
<root>
  <agent start_id="16" goal_id="166"/>
  <agent start_id="100" goal_id="169"/>
  <agent start_id="35" goal_id="52"/>
  <agent start_id="57" goal_id="142"/>
  <agent start_id="179" goal_id="27"/>
  <agent start_id="46" goal_id="159"/>
  <agent start_id="49" goal_id="187"/>
  <agent start_id="34" goal_id="178"/>
  <agent start_id="155" goal_id="56"/>
  <agent start_id="117" goal_id="157"/>
  <agent start_id="26" goal_id="138"/>
  <agent start_id="47" goal_id="77"/>
  <agent start_id="174" goal_id="47"/>
  <agent start_id="144" goal_id="62"/>
  <agent start_id="106" goal_id="108"/>
  <agent start_id="73" goal_id="23"/>
  <agent start_id="70" goal_id="26"/>
  <agent start_id="25" goal_id="125"/>
  <agent start_id="89" goal_id="116"/>
  <agent start_id="45" goal_id="65"/>
  <agent start_id="84" goal_id="129"/>
  <agent start_id="125" goal_id="78"/>
  <agent start_id="62" goal_id="90"/>
  <agent start_id="0" goal_id="10"/>
  <agent start_id="51" goal_id="102"/>
  <agent start_id="185" goal_id="29"/>
  <agent start_id="198" goal_id="58"/>
  <agent start_id="44" goal_id="3"/>
  <agent start_id="68" goal_id="85"/>
  <agent start_id="13" goal_id="50"/>
  <agent start_id="59" goal_id="55"/>
  <agent start_id="121" goal_id="199"/>
  <agent start_id="14" goal_id="173"/>
  <agent start_id="195" goal_id="182"/>
  <agent start_id="105" goal_id="6"/>
  <agent start_id="79" goal_id="1"/>
  <agent start_id="145" goal_id="105"/>
  <agent start_id="197" goal_id="44"/>
  <agent start_id="87" goal_id="160"/>
  <agent start_id="188" goal_id="24"/>
  <agent start_id="136" goal_id="33"/>
  <agent start_id="148" goal_id="151"/>
  <agent start_id="2" goal_id="180"/>
  <agent start_id="130" goal_id="145"/>
  <agent start_id="81" goal_id="189"/>
  <agent start_id="112" goal_id="162"/>
  <agent start_id="8" goal_id="73"/>
  <agent start_id="107" goal_id="164"/>
  <agent start_id="17" goal_id="195"/>
  <agent start_id="196" goal_id="35"/>
</root>
