<?xml version="1.0" ?>
<root>
  <agent start_id="121" goal_id="14"/>
  <agent start_id="190" goal_id="27"/>
  <agent start_id="123" goal_id="60"/>
  <agent start_id="5" goal_id="41"/>
  <agent start_id="166" goal_id="73"/>
  <agent start_id="92" goal_id="12"/>
  <agent start_id="100" goal_id="105"/>
  <agent start_id="91" goal_id="164"/>
  <agent start_id="51" goal_id="185"/>
  <agent start_id="28" goal_id="181"/>
  <agent start_id="64" goal_id="159"/>
  <agent start_id="33" goal_id="168"/>
  <agent start_id="49" goal_id="171"/>
  <agent start_id="10" goal_id="58"/>
  <agent start_id="63" goal_id="120"/>
  <agent start_id="151" goal_id="33"/>
  <agent start_id="60" goal_id="92"/>
  <agent start_id="36" goal_id="61"/>
  <agent start_id="87" goal_id="161"/>
  <agent start_id="181" goal_id="127"/>
  <agent start_id="81" goal_id="17"/>
  <agent start_id="178" goal_id="135"/>
  <agent start_id="125" goal_id="180"/>
  <agent start_id="194" goal_id="139"/>
  <agent start_id="96" goal_id="101"/>
  <agent start_id="187" goal_id="66"/>
  <agent start_id="3" goal_id="90"/>
  <agent start_id="93" goal_id="69"/>
  <agent start_id="169" goal_id="175"/>
  <agent start_id="55" goal_id="71"/>
  <agent start_id="157" goal_id="174"/>
  <agent start_id="84" goal_id="146"/>
  <agent start_id="172" goal_id="54"/>
  <agent start_id="70" goal_id="123"/>
  <agent start_id="11" goal_id="57"/>
  <agent start_id="114" goal_id="144"/>
  <agent start_id="133" goal_id="87"/>
  <agent start_id="34" goal_id="138"/>
  <agent start_id="102" goal_id="22"/>
  <agent start_id="144" goal_id="107"/>
  <agent start_id="134" goal_id="194"/>
  <agent start_id="80" goal_id="110"/>
  <agent start_id="27" goal_id="133"/>
  <agent start_id="39" goal_id="157"/>
  <agent start_id="146" goal_id="109"/>
  <agent start_id="15" goal_id="188"/>
  <agent start_id="165" goal_id="155"/>
  <agent start_id="12" goal_id="150"/>
  <agent start_id="45" goal_id="80"/>
  <agent start_id="94" goal_id="187"/>
</root>
