<?xml version="1.0" ?>
<root>
  <agent start_id="23" goal_id="65"/>
  <agent start_id="5" goal_id="41"/>
  <agent start_id="165" goal_id="113"/>
  <agent start_id="43" goal_id="15"/>
  <agent start_id="163" goal_id="77"/>
  <agent start_id="184" goal_id="22"/>
  <agent start_id="75" goal_id="72"/>
  <agent start_id="106" goal_id="174"/>
  <agent start_id="82" goal_id="160"/>
  <agent start_id="97" goal_id="39"/>
  <agent start_id="179" goal_id="177"/>
  <agent start_id="139" goal_id="119"/>
  <agent start_id="61" goal_id="142"/>
  <agent start_id="53" goal_id="159"/>
  <agent start_id="28" goal_id="193"/>
  <agent start_id="94" goal_id="46"/>
  <agent start_id="37" goal_id="156"/>
  <agent start_id="129" goal_id="122"/>
  <agent start_id="153" goal_id="133"/>
  <agent start_id="188" goal_id="166"/>
  <agent start_id="169" goal_id="80"/>
  <agent start_id="160" goal_id="145"/>
  <agent start_id="8" goal_id="25"/>
  <agent start_id="11" goal_id="187"/>
  <agent start_id="79" goal_id="17"/>
  <agent start_id="33" goal_id="4"/>
  <agent start_id="155" goal_id="53"/>
  <agent start_id="1" goal_id="151"/>
  <agent start_id="157" goal_id="54"/>
  <agent start_id="171" goal_id="128"/>
  <agent start_id="93" goal_id="44"/>
  <agent start_id="13" goal_id="70"/>
  <agent start_id="135" goal_id="123"/>
  <agent start_id="20" goal_id="130"/>
  <agent start_id="78" goal_id="62"/>
  <agent start_id="123" goal_id="144"/>
  <agent start_id="185" goal_id="55"/>
  <agent start_id="150" goal_id="19"/>
  <agent start_id="39" goal_id="64"/>
  <agent start_id="194" goal_id="110"/>
  <agent start_id="112" goal_id="108"/>
  <agent start_id="145" goal_id="146"/>
  <agent start_id="36" goal_id="106"/>
  <agent start_id="120" goal_id="195"/>
  <agent start_id="190" goal_id="172"/>
  <agent start_id="63" goal_id="185"/>
  <agent start_id="151" goal_id="103"/>
  <agent start_id="101" goal_id="87"/>
  <agent start_id="113" goal_id="184"/>
  <agent start_id="34" goal_id="2"/>
</root>
