<?xml version="1.0" ?>
<root>
  <agent start_id="58" goal_id="181"/>
  <agent start_id="178" goal_id="113"/>
  <agent start_id="52" goal_id="8"/>
  <agent start_id="26" goal_id="15"/>
  <agent start_id="182" goal_id="66"/>
  <agent start_id="186" goal_id="99"/>
  <agent start_id="107" goal_id="144"/>
  <agent start_id="177" goal_id="20"/>
  <agent start_id="79" goal_id="166"/>
  <agent start_id="45" goal_id="187"/>
  <agent start_id="109" goal_id="184"/>
  <agent start_id="33" goal_id="3"/>
  <agent start_id="105" goal_id="107"/>
  <agent start_id="23" goal_id="25"/>
  <agent start_id="165" goal_id="129"/>
  <agent start_id="76" goal_id="160"/>
  <agent start_id="19" goal_id="81"/>
  <agent start_id="144" goal_id="84"/>
  <agent start_id="28" goal_id="131"/>
  <agent start_id="120" goal_id="49"/>
  <agent start_id="92" goal_id="68"/>
  <agent start_id="11" goal_id="163"/>
  <agent start_id="99" goal_id="178"/>
  <agent start_id="98" goal_id="76"/>
  <agent start_id="127" goal_id="75"/>
  <agent start_id="15" goal_id="130"/>
  <agent start_id="169" goal_id="59"/>
  <agent start_id="192" goal_id="40"/>
  <agent start_id="10" goal_id="90"/>
  <agent start_id="100" goal_id="115"/>
  <agent start_id="176" goal_id="24"/>
  <agent start_id="158" goal_id="43"/>
  <agent start_id="42" goal_id="1"/>
  <agent start_id="117" goal_id="139"/>
  <agent start_id="149" goal_id="12"/>
  <agent start_id="131" goal_id="29"/>
  <agent start_id="77" goal_id="121"/>
  <agent start_id="0" goal_id="125"/>
  <agent start_id="150" goal_id="194"/>
  <agent start_id="104" goal_id="37"/>
  <agent start_id="48" goal_id="95"/>
  <agent start_id="102" goal_id="52"/>
  <agent start_id="174" goal_id="155"/>
  <agent start_id="145" goal_id="18"/>
  <agent start_id="188" goal_id="124"/>
  <agent start_id="30" goal_id="105"/>
  <agent start_id="56" goal_id="172"/>
  <agent start_id="24" goal_id="162"/>
  <agent start_id="139" goal_id="56"/>
  <agent start_id="35" goal_id="158"/>
</root>
