<?xml version="1.0" ?>
<root>
  <agent start_id="46" goal_id="63"/>
  <agent start_id="50" goal_id="118"/>
  <agent start_id="11" goal_id="123"/>
  <agent start_id="184" goal_id="194"/>
  <agent start_id="10" goal_id="180"/>
  <agent start_id="95" goal_id="19"/>
  <agent start_id="1" goal_id="38"/>
  <agent start_id="87" goal_id="71"/>
  <agent start_id="169" goal_id="50"/>
  <agent start_id="133" goal_id="0"/>
  <agent start_id="104" goal_id="5"/>
  <agent start_id="106" goal_id="114"/>
  <agent start_id="47" goal_id="158"/>
  <agent start_id="167" goal_id="162"/>
  <agent start_id="190" goal_id="32"/>
  <agent start_id="60" goal_id="8"/>
  <agent start_id="32" goal_id="81"/>
  <agent start_id="17" goal_id="179"/>
  <agent start_id="13" goal_id="149"/>
  <agent start_id="29" goal_id="10"/>
  <agent start_id="78" goal_id="89"/>
  <agent start_id="36" goal_id="35"/>
  <agent start_id="161" goal_id="79"/>
  <agent start_id="140" goal_id="135"/>
  <agent start_id="75" goal_id="93"/>
  <agent start_id="53" goal_id="27"/>
  <agent start_id="79" goal_id="69"/>
  <agent start_id="128" goal_id="3"/>
  <agent start_id="132" goal_id="101"/>
  <agent start_id="134" goal_id="171"/>
  <agent start_id="34" goal_id="175"/>
  <agent start_id="157" goal_id="112"/>
  <agent start_id="146" goal_id="75"/>
  <agent start_id="139" goal_id="25"/>
  <agent start_id="72" goal_id="29"/>
  <agent start_id="135" goal_id="45"/>
  <agent start_id="179" goal_id="121"/>
  <agent start_id="6" goal_id="166"/>
  <agent start_id="71" goal_id="92"/>
  <agent start_id="85" goal_id="116"/>
  <agent start_id="83" goal_id="159"/>
  <agent start_id="145" goal_id="153"/>
  <agent start_id="93" goal_id="21"/>
  <agent start_id="171" goal_id="15"/>
  <agent start_id="180" goal_id="46"/>
  <agent start_id="28" goal_id="64"/>
  <agent start_id="63" goal_id="42"/>
  <agent start_id="57" goal_id="144"/>
  <agent start_id="44" goal_id="37"/>
  <agent start_id="42" goal_id="97"/>
</root>
