<?xml version="1.0" ?>
<root>
  <agent start_id="122" goal_id="34"/>
  <agent start_id="46" goal_id="51"/>
  <agent start_id="140" goal_id="59"/>
  <agent start_id="183" goal_id="199"/>
  <agent start_id="49" goal_id="60"/>
  <agent start_id="138" goal_id="128"/>
  <agent start_id="128" goal_id="160"/>
  <agent start_id="159" goal_id="86"/>
  <agent start_id="31" goal_id="184"/>
  <agent start_id="53" goal_id="9"/>
  <agent start_id="64" goal_id="22"/>
  <agent start_id="115" goal_id="32"/>
  <agent start_id="8" goal_id="48"/>
  <agent start_id="99" goal_id="36"/>
  <agent start_id="147" goal_id="56"/>
  <agent start_id="4" goal_id="6"/>
  <agent start_id="194" goal_id="163"/>
  <agent start_id="151" goal_id="155"/>
  <agent start_id="25" goal_id="117"/>
  <agent start_id="78" goal_id="105"/>
  <agent start_id="67" goal_id="44"/>
  <agent start_id="112" goal_id="72"/>
  <agent start_id="161" goal_id="130"/>
  <agent start_id="11" goal_id="113"/>
  <agent start_id="95" goal_id="176"/>
  <agent start_id="133" goal_id="78"/>
  <agent start_id="152" goal_id="139"/>
  <agent start_id="65" goal_id="98"/>
  <agent start_id="70" goal_id="87"/>
  <agent start_id="66" goal_id="186"/>
  <agent start_id="120" goal_id="30"/>
  <agent start_id="2" goal_id="175"/>
  <agent start_id="180" goal_id="46"/>
  <agent start_id="114" goal_id="57"/>
  <agent start_id="60" goal_id="54"/>
  <agent start_id="9" goal_id="152"/>
  <agent start_id="39" goal_id="63"/>
  <agent start_id="24" goal_id="18"/>
  <agent start_id="37" goal_id="47"/>
  <agent start_id="1" goal_id="143"/>
  <agent start_id="198" goal_id="137"/>
  <agent start_id="135" goal_id="197"/>
  <agent start_id="101" goal_id="135"/>
  <agent start_id="155" goal_id="84"/>
  <agent start_id="137" goal_id="20"/>
  <agent start_id="126" goal_id="165"/>
  <agent start_id="34" goal_id="77"/>
  <agent start_id="170" goal_id="116"/>
  <agent start_id="179" goal_id="172"/>
  <agent start_id="40" goal_id="182"/>
</root>
