<?xml version="1.0" ?>
<root>
  <agent start_id="56" goal_id="79"/>
  <agent start_id="65" goal_id="28"/>
  <agent start_id="98" goal_id="199"/>
  <agent start_id="33" goal_id="159"/>
  <agent start_id="123" goal_id="80"/>
  <agent start_id="49" goal_id="102"/>
  <agent start_id="107" goal_id="138"/>
  <agent start_id="57" goal_id="14"/>
  <agent start_id="102" goal_id="110"/>
  <agent start_id="169" goal_id="191"/>
  <agent start_id="15" goal_id="122"/>
  <agent start_id="180" goal_id="178"/>
  <agent start_id="77" goal_id="46"/>
  <agent start_id="177" goal_id="58"/>
  <agent start_id="37" goal_id="194"/>
  <agent start_id="84" goal_id="189"/>
  <agent start_id="47" goal_id="167"/>
  <agent start_id="39" goal_id="52"/>
  <agent start_id="25" goal_id="39"/>
  <agent start_id="71" goal_id="128"/>
  <agent start_id="94" goal_id="73"/>
  <agent start_id="112" goal_id="141"/>
  <agent start_id="182" goal_id="169"/>
  <agent start_id="178" goal_id="24"/>
  <agent start_id="52" goal_id="63"/>
  <agent start_id="89" goal_id="132"/>
  <agent start_id="167" goal_id="142"/>
  <agent start_id="17" goal_id="68"/>
  <agent start_id="67" goal_id="186"/>
  <agent start_id="5" goal_id="11"/>
  <agent start_id="195" goal_id="164"/>
  <agent start_id="109" goal_id="160"/>
  <agent start_id="44" goal_id="6"/>
  <agent start_id="4" goal_id="101"/>
  <agent start_id="28" goal_id="155"/>
  <agent start_id="96" goal_id="20"/>
  <agent start_id="154" goal_id="86"/>
  <agent start_id="191" goal_id="115"/>
  <agent start_id="27" goal_id="61"/>
  <agent start_id="144" goal_id="93"/>
  <agent start_id="164" goal_id="74"/>
  <agent start_id="2" goal_id="96"/>
  <agent start_id="187" goal_id="84"/>
  <agent start_id="134" goal_id="12"/>
  <agent start_id="74" goal_id="98"/>
  <agent start_id="110" goal_id="124"/>
  <agent start_id="20" goal_id="19"/>
  <agent start_id="38" goal_id="7"/>
  <agent start_id="148" goal_id="3"/>
  <agent start_id="14" goal_id="197"/>
</root>
