<?xml version="1.0" ?>
<root>
  <agent start_id="179" goal_id="88"/>
  <agent start_id="15" goal_id="53"/>
  <agent start_id="49" goal_id="48"/>
  <agent start_id="194" goal_id="188"/>
  <agent start_id="187" goal_id="106"/>
  <agent start_id="125" goal_id="80"/>
  <agent start_id="84" goal_id="189"/>
  <agent start_id="85" goal_id="170"/>
  <agent start_id="16" goal_id="40"/>
  <agent start_id="118" goal_id="118"/>
  <agent start_id="163" goal_id="183"/>
  <agent start_id="116" goal_id="103"/>
  <agent start_id="155" goal_id="12"/>
  <agent start_id="129" goal_id="176"/>
  <agent start_id="6" goal_id="25"/>
  <agent start_id="119" goal_id="44"/>
  <agent start_id="114" goal_id="49"/>
  <agent start_id="160" goal_id="109"/>
  <agent start_id="10" goal_id="51"/>
  <agent start_id="177" goal_id="63"/>
  <agent start_id="180" goal_id="31"/>
  <agent start_id="53" goal_id="81"/>
  <agent start_id="186" goal_id="34"/>
  <agent start_id="148" goal_id="112"/>
  <agent start_id="64" goal_id="132"/>
  <agent start_id="55" goal_id="73"/>
  <agent start_id="22" goal_id="37"/>
  <agent start_id="143" goal_id="76"/>
  <agent start_id="60" goal_id="184"/>
  <agent start_id="196" goal_id="129"/>
  <agent start_id="181" goal_id="82"/>
  <agent start_id="28" goal_id="157"/>
  <agent start_id="165" goal_id="65"/>
  <agent start_id="46" goal_id="161"/>
  <agent start_id="131" goal_id="163"/>
  <agent start_id="126" goal_id="78"/>
  <agent start_id="18" goal_id="35"/>
  <agent start_id="138" goal_id="46"/>
  <agent start_id="169" goal_id="152"/>
  <agent start_id="195" goal_id="120"/>
  <agent start_id="39" goal_id="155"/>
  <agent start_id="159" goal_id="77"/>
  <agent start_id="198" goal_id="67"/>
  <agent start_id="0" goal_id="143"/>
  <agent start_id="108" goal_id="97"/>
  <agent start_id="151" goal_id="111"/>
  <agent start_id="43" goal_id="41"/>
  <agent start_id="192" goal_id="23"/>
  <agent start_id="48" goal_id="21"/>
  <agent start_id="100" goal_id="140"/>
</root>
