<?xml version="1.0" ?>
<root>
  <agent start_id="157" goal_id="135"/>
  <agent start_id="6" goal_id="88"/>
  <agent start_id="18" goal_id="15"/>
  <agent start_id="16" goal_id="17"/>
  <agent start_id="148" goal_id="192"/>
  <agent start_id="57" goal_id="5"/>
  <agent start_id="165" goal_id="26"/>
  <agent start_id="183" goal_id="142"/>
  <agent start_id="191" goal_id="139"/>
  <agent start_id="68" goal_id="125"/>
  <agent start_id="25" goal_id="47"/>
  <agent start_id="15" goal_id="32"/>
  <agent start_id="99" goal_id="170"/>
  <agent start_id="107" goal_id="186"/>
  <agent start_id="50" goal_id="20"/>
  <agent start_id="4" goal_id="127"/>
  <agent start_id="84" goal_id="124"/>
  <agent start_id="136" goal_id="148"/>
  <agent start_id="144" goal_id="96"/>
  <agent start_id="193" goal_id="22"/>
  <agent start_id="199" goal_id="89"/>
  <agent start_id="115" goal_id="198"/>
  <agent start_id="129" goal_id="68"/>
  <agent start_id="66" goal_id="57"/>
  <agent start_id="54" goal_id="196"/>
  <agent start_id="147" goal_id="59"/>
  <agent start_id="13" goal_id="82"/>
  <agent start_id="120" goal_id="99"/>
  <agent start_id="195" goal_id="195"/>
  <agent start_id="178" goal_id="121"/>
  <agent start_id="80" goal_id="154"/>
  <agent start_id="161" goal_id="85"/>
  <agent start_id="10" goal_id="173"/>
  <agent start_id="133" goal_id="56"/>
  <agent start_id="188" goal_id="74"/>
  <agent start_id="138" goal_id="137"/>
  <agent start_id="196" goal_id="123"/>
  <agent start_id="172" goal_id="145"/>
  <agent start_id="198" goal_id="71"/>
  <agent start_id="19" goal_id="84"/>
  <agent start_id="121" goal_id="118"/>
  <agent start_id="173" goal_id="150"/>
  <agent start_id="180" goal_id="43"/>
  <agent start_id="53" goal_id="149"/>
  <agent start_id="162" goal_id="131"/>
  <agent start_id="71" goal_id="24"/>
  <agent start_id="187" goal_id="38"/>
  <agent start_id="114" goal_id="0"/>
  <agent start_id="152" goal_id="44"/>
  <agent start_id="87" goal_id="115"/>
</root>
