<?xml version="1.0" ?>
<root>
  <agent start_id="155" goal_id="50"/>
  <agent start_id="5" goal_id="193"/>
  <agent start_id="54" goal_id="177"/>
  <agent start_id="107" goal_id="147"/>
  <agent start_id="72" goal_id="159"/>
  <agent start_id="22" goal_id="126"/>
  <agent start_id="83" goal_id="103"/>
  <agent start_id="95" goal_id="16"/>
  <agent start_id="58" goal_id="42"/>
  <agent start_id="31" goal_id="55"/>
  <agent start_id="181" goal_id="114"/>
  <agent start_id="131" goal_id="20"/>
  <agent start_id="79" goal_id="158"/>
  <agent start_id="40" goal_id="78"/>
  <agent start_id="149" goal_id="29"/>
  <agent start_id="90" goal_id="91"/>
  <agent start_id="176" goal_id="60"/>
  <agent start_id="25" goal_id="4"/>
  <agent start_id="174" goal_id="156"/>
  <agent start_id="81" goal_id="129"/>
  <agent start_id="164" goal_id="184"/>
  <agent start_id="140" goal_id="84"/>
  <agent start_id="32" goal_id="116"/>
  <agent start_id="187" goal_id="73"/>
  <agent start_id="46" goal_id="111"/>
  <agent start_id="14" goal_id="89"/>
  <agent start_id="21" goal_id="37"/>
  <agent start_id="134" goal_id="169"/>
  <agent start_id="2" goal_id="66"/>
  <agent start_id="18" goal_id="68"/>
  <agent start_id="116" goal_id="155"/>
  <agent start_id="167" goal_id="190"/>
  <agent start_id="65" goal_id="41"/>
  <agent start_id="148" goal_id="51"/>
  <agent start_id="197" goal_id="11"/>
  <agent start_id="170" goal_id="32"/>
  <agent start_id="93" goal_id="148"/>
  <agent start_id="12" goal_id="19"/>
  <agent start_id="87" goal_id="81"/>
  <agent start_id="97" goal_id="144"/>
  <agent start_id="80" goal_id="110"/>
  <agent start_id="39" goal_id="27"/>
  <agent start_id="7" goal_id="151"/>
  <agent start_id="74" goal_id="0"/>
  <agent start_id="112" goal_id="58"/>
  <agent start_id="9" goal_id="101"/>
  <agent start_id="70" goal_id="3"/>
  <agent start_id="126" goal_id="108"/>
  <agent start_id="146" goal_id="64"/>
  <agent start_id="188" goal_id="74"/>
</root>
