<?xml version="1.0" ?>
<root>
  <agent start_id="99" goal_id="8"/>
  <agent start_id="94" goal_id="170"/>
  <agent start_id="172" goal_id="107"/>
  <agent start_id="167" goal_id="2"/>
  <agent start_id="49" goal_id="67"/>
  <agent start_id="181" goal_id="70"/>
  <agent start_id="186" goal_id="65"/>
  <agent start_id="29" goal_id="53"/>
  <agent start_id="50" goal_id="104"/>
  <agent start_id="185" goal_id="58"/>
  <agent start_id="53" goal_id="116"/>
  <agent start_id="156" goal_id="78"/>
  <agent start_id="35" goal_id="17"/>
  <agent start_id="64" goal_id="163"/>
  <agent start_id="174" goal_id="82"/>
  <agent start_id="111" goal_id="150"/>
  <agent start_id="84" goal_id="126"/>
  <agent start_id="14" goal_id="6"/>
  <agent start_id="127" goal_id="45"/>
  <agent start_id="164" goal_id="147"/>
  <agent start_id="73" goal_id="191"/>
  <agent start_id="159" goal_id="50"/>
  <agent start_id="68" goal_id="146"/>
  <agent start_id="19" goal_id="100"/>
  <agent start_id="194" goal_id="178"/>
  <agent start_id="175" goal_id="76"/>
  <agent start_id="62" goal_id="195"/>
  <agent start_id="190" goal_id="73"/>
  <agent start_id="105" goal_id="39"/>
  <agent start_id="8" goal_id="77"/>
  <agent start_id="24" goal_id="92"/>
  <agent start_id="119" goal_id="66"/>
  <agent start_id="106" goal_id="160"/>
  <agent start_id="22" goal_id="86"/>
  <agent start_id="65" goal_id="118"/>
  <agent start_id="180" goal_id="122"/>
  <agent start_id="86" goal_id="155"/>
  <agent start_id="101" goal_id="87"/>
  <agent start_id="10" goal_id="49"/>
  <agent start_id="153" goal_id="121"/>
  <agent start_id="43" goal_id="129"/>
  <agent start_id="193" goal_id="55"/>
  <agent start_id="7" goal_id="24"/>
  <agent start_id="158" goal_id="112"/>
  <agent start_id="130" goal_id="136"/>
  <agent start_id="170" goal_id="89"/>
  <agent start_id="81" goal_id="119"/>
  <agent start_id="197" goal_id="4"/>
  <agent start_id="77" goal_id="109"/>
  <agent start_id="78" goal_id="15"/>
</root>
