<?xml version="1.0" ?>
<root>
  <agent start_id="42" goal_id="98"/>
  <agent start_id="51" goal_id="163"/>
  <agent start_id="59" goal_id="130"/>
  <agent start_id="192" goal_id="166"/>
  <agent start_id="49" goal_id="49"/>
  <agent start_id="84" goal_id="141"/>
  <agent start_id="128" goal_id="177"/>
  <agent start_id="129" goal_id="31"/>
  <agent start_id="36" goal_id="72"/>
  <agent start_id="41" goal_id="137"/>
  <agent start_id="45" goal_id="43"/>
  <agent start_id="139" goal_id="59"/>
  <agent start_id="77" goal_id="67"/>
  <agent start_id="152" goal_id="50"/>
  <agent start_id="127" goal_id="148"/>
  <agent start_id="121" goal_id="107"/>
  <agent start_id="74" goal_id="156"/>
  <agent start_id="26" goal_id="85"/>
  <agent start_id="146" goal_id="53"/>
  <agent start_id="20" goal_id="161"/>
  <agent start_id="86" goal_id="123"/>
  <agent start_id="24" goal_id="144"/>
  <agent start_id="154" goal_id="100"/>
  <agent start_id="15" goal_id="196"/>
  <agent start_id="191" goal_id="108"/>
  <agent start_id="90" goal_id="151"/>
  <agent start_id="113" goal_id="187"/>
  <agent start_id="102" goal_id="12"/>
  <agent start_id="179" goal_id="124"/>
  <agent start_id="97" goal_id="1"/>
  <agent start_id="8" goal_id="122"/>
  <agent start_id="119" goal_id="115"/>
  <agent start_id="106" goal_id="32"/>
  <agent start_id="116" goal_id="185"/>
  <agent start_id="137" goal_id="193"/>
  <agent start_id="34" goal_id="174"/>
  <agent start_id="47" goal_id="103"/>
  <agent start_id="62" goal_id="158"/>
  <agent start_id="184" goal_id="111"/>
  <agent start_id="167" goal_id="176"/>
  <agent start_id="37" goal_id="56"/>
  <agent start_id="155" goal_id="58"/>
  <agent start_id="27" goal_id="48"/>
  <agent start_id="0" goal_id="44"/>
  <agent start_id="143" goal_id="199"/>
  <agent start_id="171" goal_id="41"/>
  <agent start_id="89" goal_id="92"/>
  <agent start_id="92" goal_id="9"/>
  <agent start_id="5" goal_id="145"/>
  <agent start_id="164" goal_id="89"/>
</root>
