<?xml version="1.0" ?>
<root>
  <agent start_id="130" goal_id="56"/>
  <agent start_id="177" goal_id="133"/>
  <agent start_id="178" goal_id="123"/>
  <agent start_id="136" goal_id="42"/>
  <agent start_id="76" goal_id="114"/>
  <agent start_id="118" goal_id="154"/>
  <agent start_id="195" goal_id="192"/>
  <agent start_id="140" goal_id="71"/>
  <agent start_id="33" goal_id="152"/>
  <agent start_id="68" goal_id="164"/>
  <agent start_id="51" goal_id="145"/>
  <agent start_id="9" goal_id="33"/>
  <agent start_id="134" goal_id="94"/>
  <agent start_id="127" goal_id="70"/>
  <agent start_id="81" goal_id="130"/>
  <agent start_id="13" goal_id="100"/>
  <agent start_id="69" goal_id="178"/>
  <agent start_id="15" goal_id="157"/>
  <agent start_id="146" goal_id="180"/>
  <agent start_id="65" goal_id="117"/>
  <agent start_id="172" goal_id="35"/>
  <agent start_id="125" goal_id="11"/>
  <agent start_id="161" goal_id="95"/>
  <agent start_id="7" goal_id="190"/>
  <agent start_id="54" goal_id="142"/>
  <agent start_id="159" goal_id="141"/>
  <agent start_id="144" goal_id="36"/>
  <agent start_id="31" goal_id="110"/>
  <agent start_id="95" goal_id="31"/>
  <agent start_id="41" goal_id="105"/>
  <agent start_id="92" goal_id="170"/>
  <agent start_id="20" goal_id="78"/>
  <agent start_id="96" goal_id="112"/>
  <agent start_id="71" goal_id="28"/>
  <agent start_id="108" goal_id="27"/>
  <agent start_id="103" goal_id="8"/>
  <agent start_id="174" goal_id="187"/>
  <agent start_id="185" goal_id="44"/>
  <agent start_id="120" goal_id="82"/>
  <agent start_id="26" goal_id="169"/>
  <agent start_id="58" goal_id="89"/>
  <agent start_id="131" goal_id="124"/>
  <agent start_id="102" goal_id="14"/>
  <agent start_id="55" goal_id="10"/>
  <agent start_id="175" goal_id="198"/>
  <agent start_id="19" goal_id="17"/>
  <agent start_id="43" goal_id="140"/>
  <agent start_id="198" goal_id="48"/>
  <agent start_id="73" goal_id="57"/>
  <agent start_id="93" goal_id="175"/>
</root>
