<?xml version="1.0" ?>
<root>
  <agent start_id="101" goal_id="151"/>
  <agent start_id="179" goal_id="13"/>
  <agent start_id="191" goal_id="194"/>
  <agent start_id="134" goal_id="36"/>
  <agent start_id="111" goal_id="166"/>
  <agent start_id="85" goal_id="48"/>
  <agent start_id="68" goal_id="112"/>
  <agent start_id="61" goal_id="177"/>
  <agent start_id="37" goal_id="150"/>
  <agent start_id="192" goal_id="79"/>
  <agent start_id="187" goal_id="76"/>
  <agent start_id="127" goal_id="195"/>
  <agent start_id="38" goal_id="31"/>
  <agent start_id="131" goal_id="115"/>
  <agent start_id="129" goal_id="192"/>
  <agent start_id="12" goal_id="21"/>
  <agent start_id="153" goal_id="136"/>
  <agent start_id="16" goal_id="179"/>
  <agent start_id="49" goal_id="119"/>
  <agent start_id="94" goal_id="178"/>
  <agent start_id="74" goal_id="69"/>
  <agent start_id="180" goal_id="126"/>
  <agent start_id="163" goal_id="73"/>
  <agent start_id="0" goal_id="161"/>
  <agent start_id="89" goal_id="168"/>
  <agent start_id="41" goal_id="50"/>
  <agent start_id="58" goal_id="67"/>
  <agent start_id="83" goal_id="149"/>
  <agent start_id="114" goal_id="185"/>
  <agent start_id="109" goal_id="94"/>
  <agent start_id="119" goal_id="19"/>
  <agent start_id="157" goal_id="38"/>
  <agent start_id="46" goal_id="133"/>
  <agent start_id="199" goal_id="25"/>
  <agent start_id="125" goal_id="159"/>
  <agent start_id="197" goal_id="171"/>
  <agent start_id="80" goal_id="111"/>
  <agent start_id="27" goal_id="104"/>
  <agent start_id="62" goal_id="87"/>
  <agent start_id="95" goal_id="9"/>
  <agent start_id="140" goal_id="34"/>
  <agent start_id="87" goal_id="138"/>
  <agent start_id="5" goal_id="131"/>
  <agent start_id="121" goal_id="83"/>
  <agent start_id="108" goal_id="45"/>
  <agent start_id="24" goal_id="124"/>
  <agent start_id="195" goal_id="72"/>
  <agent start_id="52" goal_id="40"/>
  <agent start_id="128" goal_id="118"/>
  <agent start_id="106" goal_id="140"/>
</root>
