<?xml version="1.0" ?>
<root>
  <agent start_id="34" goal_id="107"/>
  <agent start_id="23" goal_id="172"/>
  <agent start_id="64" goal_id="21"/>
  <agent start_id="161" goal_id="3"/>
  <agent start_id="115" goal_id="65"/>
  <agent start_id="151" goal_id="179"/>
  <agent start_id="2" goal_id="199"/>
  <agent start_id="180" goal_id="6"/>
  <agent start_id="109" goal_id="78"/>
  <agent start_id="1" goal_id="166"/>
  <agent start_id="59" goal_id="19"/>
  <agent start_id="84" goal_id="158"/>
  <agent start_id="44" goal_id="48"/>
  <agent start_id="139" goal_id="197"/>
  <agent start_id="91" goal_id="73"/>
  <agent start_id="7" goal_id="188"/>
  <agent start_id="103" goal_id="52"/>
  <agent start_id="132" goal_id="10"/>
  <agent start_id="20" goal_id="57"/>
  <agent start_id="158" goal_id="39"/>
  <agent start_id="107" goal_id="119"/>
  <agent start_id="118" goal_id="37"/>
  <agent start_id="189" goal_id="87"/>
  <agent start_id="106" goal_id="190"/>
  <agent start_id="112" goal_id="184"/>
  <agent start_id="124" goal_id="69"/>
  <agent start_id="16" goal_id="72"/>
  <agent start_id="176" goal_id="157"/>
  <agent start_id="131" goal_id="143"/>
  <agent start_id="120" goal_id="191"/>
  <agent start_id="184" goal_id="126"/>
  <agent start_id="86" goal_id="59"/>
  <agent start_id="60" goal_id="198"/>
  <agent start_id="38" goal_id="124"/>
  <agent start_id="67" goal_id="170"/>
  <agent start_id="150" goal_id="46"/>
  <agent start_id="68" goal_id="163"/>
  <agent start_id="155" goal_id="140"/>
  <agent start_id="186" goal_id="27"/>
  <agent start_id="36" goal_id="13"/>
  <agent start_id="6" goal_id="49"/>
  <agent start_id="164" goal_id="110"/>
  <agent start_id="166" goal_id="133"/>
  <agent start_id="72" goal_id="178"/>
  <agent start_id="33" goal_id="82"/>
  <agent start_id="25" goal_id="121"/>
  <agent start_id="149" goal_id="182"/>
  <agent start_id="61" goal_id="83"/>
  <agent start_id="83" goal_id="100"/>
  <agent start_id="137" goal_id="23"/>
</root>
