<?xml version="1.0" ?>
<root>
  <agent start_id="127" goal_id="10"/>
  <agent start_id="45" goal_id="41"/>
  <agent start_id="158" goal_id="68"/>
  <agent start_id="148" goal_id="143"/>
  <agent start_id="152" goal_id="116"/>
  <agent start_id="42" goal_id="75"/>
  <agent start_id="83" goal_id="53"/>
  <agent start_id="56" goal_id="64"/>
  <agent start_id="180" goal_id="149"/>
  <agent start_id="7" goal_id="195"/>
  <agent start_id="114" goal_id="181"/>
  <agent start_id="72" goal_id="80"/>
  <agent start_id="78" goal_id="103"/>
  <agent start_id="188" goal_id="199"/>
  <agent start_id="70" goal_id="91"/>
  <agent start_id="11" goal_id="93"/>
  <agent start_id="122" goal_id="3"/>
  <agent start_id="64" goal_id="140"/>
  <agent start_id="131" goal_id="87"/>
  <agent start_id="8" goal_id="1"/>
  <agent start_id="144" goal_id="148"/>
  <agent start_id="50" goal_id="73"/>
  <agent start_id="59" goal_id="117"/>
  <agent start_id="166" goal_id="189"/>
  <agent start_id="43" goal_id="47"/>
  <agent start_id="111" goal_id="171"/>
  <agent start_id="97" goal_id="58"/>
  <agent start_id="19" goal_id="167"/>
  <agent start_id="93" goal_id="183"/>
  <agent start_id="193" goal_id="67"/>
  <agent start_id="104" goal_id="126"/>
  <agent start_id="174" goal_id="31"/>
  <agent start_id="116" goal_id="22"/>
  <agent start_id="155" goal_id="83"/>
  <agent start_id="163" goal_id="60"/>
  <agent start_id="110" goal_id="130"/>
  <agent start_id="84" goal_id="122"/>
  <agent start_id="20" goal_id="92"/>
  <agent start_id="133" goal_id="46"/>
  <agent start_id="181" goal_id="191"/>
  <agent start_id="6" goal_id="32"/>
  <agent start_id="34" goal_id="160"/>
  <agent start_id="53" goal_id="124"/>
  <agent start_id="100" goal_id="72"/>
  <agent start_id="99" goal_id="98"/>
  <agent start_id="170" goal_id="25"/>
  <agent start_id="124" goal_id="96"/>
  <agent start_id="54" goal_id="90"/>
  <agent start_id="65" goal_id="94"/>
  <agent start_id="169" goal_id="132"/>
</root>
