<?xml version="1.0" ?>
<root>
  <agent start_id="180" goal_id="98"/>
  <agent start_id="41" goal_id="169"/>
  <agent start_id="141" goal_id="102"/>
  <agent start_id="39" goal_id="151"/>
  <agent start_id="56" goal_id="66"/>
  <agent start_id="126" goal_id="198"/>
  <agent start_id="46" goal_id="177"/>
  <agent start_id="7" goal_id="34"/>
  <agent start_id="72" goal_id="4"/>
  <agent start_id="183" goal_id="168"/>
  <agent start_id="27" goal_id="119"/>
  <agent start_id="135" goal_id="146"/>
  <agent start_id="99" goal_id="155"/>
  <agent start_id="69" goal_id="93"/>
  <agent start_id="118" goal_id="48"/>
  <agent start_id="139" goal_id="10"/>
  <agent start_id="109" goal_id="92"/>
  <agent start_id="58" goal_id="37"/>
  <agent start_id="21" goal_id="91"/>
  <agent start_id="178" goal_id="115"/>
  <agent start_id="102" goal_id="160"/>
  <agent start_id="103" goal_id="94"/>
  <agent start_id="100" goal_id="139"/>
  <agent start_id="95" goal_id="162"/>
  <agent start_id="130" goal_id="19"/>
  <agent start_id="16" goal_id="54"/>
  <agent start_id="63" goal_id="188"/>
  <agent start_id="181" goal_id="131"/>
  <agent start_id="51" goal_id="166"/>
  <agent start_id="12" goal_id="161"/>
  <agent start_id="151" goal_id="89"/>
  <agent start_id="124" goal_id="157"/>
  <agent start_id="5" goal_id="87"/>
  <agent start_id="66" goal_id="61"/>
  <agent start_id="33" goal_id="183"/>
  <agent start_id="80" goal_id="164"/>
  <agent start_id="145" goal_id="193"/>
  <agent start_id="26" goal_id="150"/>
  <agent start_id="182" goal_id="7"/>
  <agent start_id="92" goal_id="64"/>
  <agent start_id="54" goal_id="154"/>
  <agent start_id="196" goal_id="197"/>
  <agent start_id="156" goal_id="145"/>
  <agent start_id="143" goal_id="38"/>
  <agent start_id="188" goal_id="159"/>
  <agent start_id="164" goal_id="68"/>
  <agent start_id="8" goal_id="117"/>
  <agent start_id="38" goal_id="25"/>
  <agent start_id="22" goal_id="2"/>
  <agent start_id="25" goal_id="104"/>
</root>
