<?xml version="1.0" ?>
<root>
  <agent start_id="183" goal_id="74"/>
  <agent start_id="51" goal_id="51"/>
  <agent start_id="66" goal_id="128"/>
  <agent start_id="191" goal_id="159"/>
  <agent start_id="76" goal_id="177"/>
  <agent start_id="127" goal_id="46"/>
  <agent start_id="132" goal_id="147"/>
  <agent start_id="107" goal_id="183"/>
  <agent start_id="124" goal_id="39"/>
  <agent start_id="43" goal_id="150"/>
  <agent start_id="192" goal_id="113"/>
  <agent start_id="46" goal_id="23"/>
  <agent start_id="141" goal_id="52"/>
  <agent start_id="129" goal_id="155"/>
  <agent start_id="122" goal_id="21"/>
  <agent start_id="120" goal_id="3"/>
  <agent start_id="28" goal_id="149"/>
  <agent start_id="19" goal_id="152"/>
  <agent start_id="10" goal_id="148"/>
  <agent start_id="42" goal_id="14"/>
  <agent start_id="79" goal_id="185"/>
  <agent start_id="153" goal_id="72"/>
  <agent start_id="168" goal_id="82"/>
  <agent start_id="52" goal_id="12"/>
  <agent start_id="74" goal_id="178"/>
  <agent start_id="157" goal_id="157"/>
  <agent start_id="104" goal_id="80"/>
  <agent start_id="55" goal_id="144"/>
  <agent start_id="162" goal_id="40"/>
  <agent start_id="41" goal_id="167"/>
  <agent start_id="178" goal_id="18"/>
  <agent start_id="179" goal_id="138"/>
  <agent start_id="91" goal_id="30"/>
  <agent start_id="9" goal_id="191"/>
  <agent start_id="5" goal_id="98"/>
  <agent start_id="30" goal_id="61"/>
  <agent start_id="137" goal_id="90"/>
  <agent start_id="47" goal_id="107"/>
  <agent start_id="155" goal_id="77"/>
  <agent start_id="134" goal_id="84"/>
  <agent start_id="37" goal_id="64"/>
  <agent start_id="92" goal_id="192"/>
  <agent start_id="69" goal_id="162"/>
  <agent start_id="96" goal_id="0"/>
  <agent start_id="167" goal_id="180"/>
  <agent start_id="0" goal_id="56"/>
  <agent start_id="89" goal_id="62"/>
  <agent start_id="88" goal_id="27"/>
  <agent start_id="67" goal_id="116"/>
  <agent start_id="21" goal_id="121"/>
</root>
