<?xml version="1.0" ?>
<root>
  <agent start_id="115" goal_id="149"/>
  <agent start_id="182" goal_id="184"/>
  <agent start_id="2" goal_id="77"/>
  <agent start_id="157" goal_id="189"/>
  <agent start_id="113" goal_id="81"/>
  <agent start_id="40" goal_id="70"/>
  <agent start_id="100" goal_id="173"/>
  <agent start_id="104" goal_id="45"/>
  <agent start_id="198" goal_id="47"/>
  <agent start_id="83" goal_id="35"/>
  <agent start_id="95" goal_id="158"/>
  <agent start_id="169" goal_id="69"/>
  <agent start_id="25" goal_id="62"/>
  <agent start_id="93" goal_id="145"/>
  <agent start_id="151" goal_id="78"/>
  <agent start_id="167" goal_id="37"/>
  <agent start_id="183" goal_id="131"/>
  <agent start_id="16" goal_id="127"/>
  <agent start_id="52" goal_id="85"/>
  <agent start_id="58" goal_id="188"/>
  <agent start_id="70" goal_id="96"/>
  <agent start_id="71" goal_id="6"/>
  <agent start_id="35" goal_id="24"/>
  <agent start_id="24" goal_id="73"/>
  <agent start_id="6" goal_id="175"/>
  <agent start_id="116" goal_id="198"/>
  <agent start_id="158" goal_id="156"/>
  <agent start_id="177" goal_id="163"/>
  <agent start_id="153" goal_id="22"/>
  <agent start_id="56" goal_id="112"/>
  <agent start_id="53" goal_id="133"/>
  <agent start_id="14" goal_id="23"/>
  <agent start_id="77" goal_id="144"/>
  <agent start_id="122" goal_id="138"/>
  <agent start_id="131" goal_id="5"/>
  <agent start_id="194" goal_id="134"/>
  <agent start_id="185" goal_id="90"/>
  <agent start_id="18" goal_id="54"/>
  <agent start_id="99" goal_id="63"/>
  <agent start_id="146" goal_id="122"/>
  <agent start_id="78" goal_id="91"/>
  <agent start_id="173" goal_id="58"/>
  <agent start_id="29" goal_id="168"/>
  <agent start_id="33" goal_id="161"/>
  <agent start_id="108" goal_id="109"/>
  <agent start_id="188" goal_id="117"/>
  <agent start_id="66" goal_id="46"/>
  <agent start_id="168" goal_id="55"/>
  <agent start_id="127" goal_id="140"/>
  <agent start_id="139" goal_id="26"/>
</root>
