<?xml version="1.0" ?>
<root>
  <agent start_id="166" goal_id="147"/>
  <agent start_id="121" goal_id="2"/>
  <agent start_id="155" goal_id="184"/>
  <agent start_id="173" goal_id="38"/>
  <agent start_id="169" goal_id="36"/>
  <agent start_id="182" goal_id="103"/>
  <agent start_id="88" goal_id="99"/>
  <agent start_id="122" goal_id="105"/>
  <agent start_id="92" goal_id="154"/>
  <agent start_id="175" goal_id="92"/>
  <agent start_id="29" goal_id="65"/>
  <agent start_id="150" goal_id="95"/>
  <agent start_id="174" goal_id="131"/>
  <agent start_id="7" goal_id="175"/>
  <agent start_id="163" goal_id="0"/>
  <agent start_id="157" goal_id="107"/>
  <agent start_id="0" goal_id="6"/>
  <agent start_id="41" goal_id="159"/>
  <agent start_id="64" goal_id="190"/>
  <agent start_id="5" goal_id="146"/>
  <agent start_id="9" goal_id="62"/>
  <agent start_id="104" goal_id="80"/>
  <agent start_id="75" goal_id="101"/>
  <agent start_id="134" goal_id="108"/>
  <agent start_id="19" goal_id="5"/>
  <agent start_id="197" goal_id="153"/>
  <agent start_id="61" goal_id="183"/>
  <agent start_id="142" goal_id="68"/>
  <agent start_id="83" goal_id="70"/>
  <agent start_id="10" goal_id="112"/>
  <agent start_id="33" goal_id="55"/>
  <agent start_id="137" goal_id="13"/>
  <agent start_id="28" goal_id="58"/>
  <agent start_id="86" goal_id="138"/>
  <agent start_id="128" goal_id="126"/>
  <agent start_id="55" goal_id="187"/>
  <agent start_id="113" goal_id="74"/>
  <agent start_id="96" goal_id="23"/>
  <agent start_id="94" goal_id="29"/>
  <agent start_id="54" goal_id="155"/>
  <agent start_id="185" goal_id="67"/>
  <agent start_id="108" goal_id="98"/>
  <agent start_id="17" goal_id="136"/>
  <agent start_id="87" goal_id="66"/>
  <agent start_id="11" goal_id="161"/>
  <agent start_id="107" goal_id="115"/>
  <agent start_id="131" goal_id="84"/>
  <agent start_id="66" goal_id="160"/>
  <agent start_id="80" goal_id="45"/>
  <agent start_id="60" goal_id="15"/>
</root>
