<?xml version="1.0" ?>
<root>
  <agent start_id="83" goal_id="93"/>
  <agent start_id="29" goal_id="2"/>
  <agent start_id="118" goal_id="91"/>
  <agent start_id="78" goal_id="36"/>
  <agent start_id="190" goal_id="48"/>
  <agent start_id="14" goal_id="135"/>
  <agent start_id="120" goal_id="140"/>
  <agent start_id="69" goal_id="94"/>
  <agent start_id="72" goal_id="197"/>
  <agent start_id="84" goal_id="50"/>
  <agent start_id="42" goal_id="61"/>
  <agent start_id="52" goal_id="153"/>
  <agent start_id="106" goal_id="68"/>
  <agent start_id="2" goal_id="130"/>
  <agent start_id="18" goal_id="142"/>
  <agent start_id="104" goal_id="189"/>
  <agent start_id="19" goal_id="90"/>
  <agent start_id="197" goal_id="28"/>
  <agent start_id="70" goal_id="38"/>
  <agent start_id="32" goal_id="108"/>
  <agent start_id="68" goal_id="26"/>
  <agent start_id="3" goal_id="83"/>
  <agent start_id="151" goal_id="134"/>
  <agent start_id="13" goal_id="24"/>
  <agent start_id="115" goal_id="62"/>
  <agent start_id="152" goal_id="12"/>
  <agent start_id="54" goal_id="131"/>
  <agent start_id="157" goal_id="99"/>
  <agent start_id="58" goal_id="184"/>
  <agent start_id="57" goal_id="193"/>
  <agent start_id="5" goal_id="47"/>
  <agent start_id="171" goal_id="183"/>
  <agent start_id="94" goal_id="1"/>
  <agent start_id="98" goal_id="147"/>
  <agent start_id="4" goal_id="138"/>
  <agent start_id="73" goal_id="54"/>
  <agent start_id="144" goal_id="34"/>
  <agent start_id="46" goal_id="119"/>
  <agent start_id="150" goal_id="144"/>
  <agent start_id="189" goal_id="112"/>
  <agent start_id="165" goal_id="115"/>
  <agent start_id="127" goal_id="25"/>
  <agent start_id="80" goal_id="191"/>
  <agent start_id="186" goal_id="77"/>
  <agent start_id="8" goal_id="186"/>
  <agent start_id="99" goal_id="156"/>
  <agent start_id="35" goal_id="69"/>
  <agent start_id="37" goal_id="0"/>
  <agent start_id="195" goal_id="81"/>
  <agent start_id="112" goal_id="78"/>
</root>
