<?xml version="1.0" ?>
<root>
  <agent start_id="30" goal_id="120"/>
  <agent start_id="86" goal_id="56"/>
  <agent start_id="175" goal_id="5"/>
  <agent start_id="125" goal_id="13"/>
  <agent start_id="98" goal_id="167"/>
  <agent start_id="5" goal_id="32"/>
  <agent start_id="116" goal_id="1"/>
  <agent start_id="131" goal_id="73"/>
  <agent start_id="24" goal_id="102"/>
  <agent start_id="43" goal_id="152"/>
  <agent start_id="40" goal_id="131"/>
  <agent start_id="159" goal_id="7"/>
  <agent start_id="39" goal_id="143"/>
  <agent start_id="121" goal_id="107"/>
  <agent start_id="122" goal_id="12"/>
  <agent start_id="62" goal_id="195"/>
  <agent start_id="17" goal_id="42"/>
  <agent start_id="150" goal_id="89"/>
  <agent start_id="7" goal_id="87"/>
  <agent start_id="36" goal_id="159"/>
  <agent start_id="141" goal_id="132"/>
  <agent start_id="37" goal_id="185"/>
  <agent start_id="157" goal_id="85"/>
  <agent start_id="166" goal_id="112"/>
  <agent start_id="75" goal_id="113"/>
  <agent start_id="103" goal_id="178"/>
  <agent start_id="171" goal_id="98"/>
  <agent start_id="87" goal_id="0"/>
  <agent start_id="123" goal_id="117"/>
  <agent start_id="147" goal_id="197"/>
  <agent start_id="2" goal_id="116"/>
  <agent start_id="128" goal_id="173"/>
  <agent start_id="99" goal_id="78"/>
  <agent start_id="50" goal_id="148"/>
  <agent start_id="127" goal_id="54"/>
  <agent start_id="135" goal_id="69"/>
  <agent start_id="170" goal_id="171"/>
  <agent start_id="133" goal_id="92"/>
  <agent start_id="80" goal_id="153"/>
  <agent start_id="173" goal_id="190"/>
  <agent start_id="66" goal_id="146"/>
  <agent start_id="57" goal_id="37"/>
  <agent start_id="124" goal_id="110"/>
  <agent start_id="65" goal_id="188"/>
  <agent start_id="60" goal_id="142"/>
  <agent start_id="108" goal_id="82"/>
  <agent start_id="137" goal_id="88"/>
  <agent start_id="100" goal_id="114"/>
  <agent start_id="178" goal_id="65"/>
  <agent start_id="8" goal_id="189"/>
</root>
