<?xml version="1.0" ?>
<root>
  <agent start_id="178" goal_id="147"/>
  <agent start_id="38" goal_id="137"/>
  <agent start_id="194" goal_id="85"/>
  <agent start_id="189" goal_id="180"/>
  <agent start_id="140" goal_id="66"/>
  <agent start_id="104" goal_id="77"/>
  <agent start_id="35" goal_id="51"/>
  <agent start_id="111" goal_id="111"/>
  <agent start_id="117" goal_id="97"/>
  <agent start_id="61" goal_id="58"/>
  <agent start_id="92" goal_id="53"/>
  <agent start_id="30" goal_id="76"/>
  <agent start_id="198" goal_id="17"/>
  <agent start_id="23" goal_id="190"/>
  <agent start_id="156" goal_id="70"/>
  <agent start_id="186" goal_id="73"/>
  <agent start_id="153" goal_id="141"/>
  <agent start_id="87" goal_id="3"/>
  <agent start_id="125" goal_id="46"/>
  <agent start_id="195" goal_id="121"/>
  <agent start_id="76" goal_id="144"/>
  <agent start_id="139" goal_id="177"/>
  <agent start_id="28" goal_id="15"/>
  <agent start_id="181" goal_id="9"/>
  <agent start_id="65" goal_id="165"/>
  <agent start_id="90" goal_id="18"/>
  <agent start_id="96" goal_id="182"/>
  <agent start_id="75" goal_id="187"/>
  <agent start_id="98" goal_id="81"/>
  <agent start_id="171" goal_id="186"/>
  <agent start_id="165" goal_id="172"/>
  <agent start_id="110" goal_id="7"/>
  <agent start_id="137" goal_id="135"/>
  <agent start_id="40" goal_id="184"/>
  <agent start_id="136" goal_id="150"/>
  <agent start_id="159" goal_id="71"/>
  <agent start_id="63" goal_id="156"/>
  <agent start_id="113" goal_id="129"/>
  <agent start_id="6" goal_id="102"/>
  <agent start_id="32" goal_id="104"/>
  <agent start_id="163" goal_id="169"/>
  <agent start_id="138" goal_id="199"/>
  <agent start_id="107" goal_id="79"/>
  <agent start_id="39" goal_id="20"/>
  <agent start_id="112" goal_id="98"/>
  <agent start_id="151" goal_id="100"/>
  <agent start_id="106" goal_id="60"/>
  <agent start_id="68" goal_id="140"/>
  <agent start_id="84" goal_id="148"/>
  <agent start_id="135" goal_id="11"/>
</root>
