<?xml version="1.0" ?>
<root>
  <agent start_id="105" goal_id="38"/>
  <agent start_id="181" goal_id="162"/>
  <agent start_id="11" goal_id="141"/>
  <agent start_id="156" goal_id="63"/>
  <agent start_id="13" goal_id="82"/>
  <agent start_id="9" goal_id="47"/>
  <agent start_id="68" goal_id="109"/>
  <agent start_id="110" goal_id="133"/>
  <agent start_id="111" goal_id="86"/>
  <agent start_id="101" goal_id="2"/>
  <agent start_id="148" goal_id="20"/>
  <agent start_id="64" goal_id="189"/>
  <agent start_id="188" goal_id="167"/>
  <agent start_id="167" goal_id="64"/>
  <agent start_id="117" goal_id="68"/>
  <agent start_id="38" goal_id="179"/>
  <agent start_id="155" goal_id="97"/>
  <agent start_id="57" goal_id="35"/>
  <agent start_id="136" goal_id="136"/>
  <agent start_id="91" goal_id="74"/>
  <agent start_id="182" goal_id="108"/>
  <agent start_id="79" goal_id="170"/>
  <agent start_id="133" goal_id="195"/>
  <agent start_id="193" goal_id="52"/>
  <agent start_id="106" goal_id="123"/>
  <agent start_id="119" goal_id="24"/>
  <agent start_id="115" goal_id="89"/>
  <agent start_id="143" goal_id="181"/>
  <agent start_id="137" goal_id="59"/>
  <agent start_id="157" goal_id="73"/>
  <agent start_id="90" goal_id="90"/>
  <agent start_id="3" goal_id="146"/>
  <agent start_id="153" goal_id="176"/>
  <agent start_id="122" goal_id="194"/>
  <agent start_id="2" goal_id="46"/>
  <agent start_id="126" goal_id="85"/>
  <agent start_id="102" goal_id="10"/>
  <agent start_id="120" goal_id="40"/>
  <agent start_id="173" goal_id="173"/>
  <agent start_id="44" goal_id="95"/>
  <agent start_id="55" goal_id="57"/>
  <agent start_id="94" goal_id="94"/>
  <agent start_id="141" goal_id="120"/>
  <agent start_id="164" goal_id="6"/>
  <agent start_id="192" goal_id="191"/>
  <agent start_id="67" goal_id="56"/>
  <agent start_id="53" goal_id="103"/>
  <agent start_id="21" goal_id="16"/>
  <agent start_id="60" goal_id="92"/>
  <agent start_id="76" goal_id="18"/>
</root>
