<?xml version="1.0" ?>
<root>
  <agent start_id="149" goal_id="58"/>
  <agent start_id="72" goal_id="164"/>
  <agent start_id="143" goal_id="151"/>
  <agent start_id="45" goal_id="68"/>
  <agent start_id="105" goal_id="199"/>
  <agent start_id="196" goal_id="32"/>
  <agent start_id="30" goal_id="130"/>
  <agent start_id="168" goal_id="22"/>
  <agent start_id="175" goal_id="178"/>
  <agent start_id="51" goal_id="181"/>
  <agent start_id="64" goal_id="108"/>
  <agent start_id="77" goal_id="185"/>
  <agent start_id="135" goal_id="15"/>
  <agent start_id="103" goal_id="196"/>
  <agent start_id="157" goal_id="49"/>
  <agent start_id="153" goal_id="11"/>
  <agent start_id="123" goal_id="94"/>
  <agent start_id="98" goal_id="188"/>
  <agent start_id="32" goal_id="6"/>
  <agent start_id="62" goal_id="9"/>
  <agent start_id="146" goal_id="105"/>
  <agent start_id="60" goal_id="20"/>
  <agent start_id="169" goal_id="38"/>
  <agent start_id="186" goal_id="72"/>
  <agent start_id="54" goal_id="132"/>
  <agent start_id="95" goal_id="44"/>
  <agent start_id="84" goal_id="70"/>
  <agent start_id="181" goal_id="104"/>
  <agent start_id="199" goal_id="88"/>
  <agent start_id="182" goal_id="4"/>
  <agent start_id="19" goal_id="91"/>
  <agent start_id="101" goal_id="102"/>
  <agent start_id="5" goal_id="43"/>
  <agent start_id="63" goal_id="183"/>
  <agent start_id="8" goal_id="47"/>
  <agent start_id="184" goal_id="136"/>
  <agent start_id="23" goal_id="66"/>
  <agent start_id="53" goal_id="175"/>
  <agent start_id="75" goal_id="192"/>
  <agent start_id="24" goal_id="41"/>
  <agent start_id="40" goal_id="138"/>
  <agent start_id="12" goal_id="53"/>
  <agent start_id="113" goal_id="26"/>
  <agent start_id="120" goal_id="74"/>
  <agent start_id="36" goal_id="157"/>
  <agent start_id="47" goal_id="17"/>
  <agent start_id="158" goal_id="152"/>
  <agent start_id="28" goal_id="30"/>
  <agent start_id="128" goal_id="65"/>
  <agent start_id="58" goal_id="34"/>
</root>
