<?xml version="1.0" ?>
<root>
  <agent start_id="9" goal_id="30"/>
  <agent start_id="66" goal_id="32"/>
  <agent start_id="53" goal_id="96"/>
  <agent start_id="90" goal_id="91"/>
  <agent start_id="95" goal_id="41"/>
  <agent start_id="98" goal_id="169"/>
  <agent start_id="28" goal_id="145"/>
  <agent start_id="15" goal_id="116"/>
  <agent start_id="119" goal_id="152"/>
  <agent start_id="125" goal_id="70"/>
  <agent start_id="129" goal_id="10"/>
  <agent start_id="172" goal_id="47"/>
  <agent start_id="71" goal_id="175"/>
  <agent start_id="23" goal_id="199"/>
  <agent start_id="189" goal_id="195"/>
  <agent start_id="198" goal_id="107"/>
  <agent start_id="113" goal_id="65"/>
  <agent start_id="20" goal_id="58"/>
  <agent start_id="192" goal_id="66"/>
  <agent start_id="101" goal_id="159"/>
  <agent start_id="107" goal_id="102"/>
  <agent start_id="144" goal_id="185"/>
  <agent start_id="141" goal_id="188"/>
  <agent start_id="181" goal_id="128"/>
  <agent start_id="82" goal_id="76"/>
  <agent start_id="197" goal_id="45"/>
  <agent start_id="146" goal_id="162"/>
  <agent start_id="85" goal_id="142"/>
  <agent start_id="60" goal_id="108"/>
  <agent start_id="128" goal_id="183"/>
  <agent start_id="175" goal_id="140"/>
  <agent start_id="14" goal_id="192"/>
  <agent start_id="169" goal_id="104"/>
  <agent start_id="36" goal_id="158"/>
  <agent start_id="26" goal_id="156"/>
  <agent start_id="130" goal_id="139"/>
  <agent start_id="136" goal_id="74"/>
  <agent start_id="11" goal_id="165"/>
  <agent start_id="117" goal_id="98"/>
  <agent start_id="164" goal_id="22"/>
  <agent start_id="55" goal_id="14"/>
  <agent start_id="83" goal_id="72"/>
  <agent start_id="106" goal_id="25"/>
  <agent start_id="168" goal_id="85"/>
  <agent start_id="178" goal_id="196"/>
  <agent start_id="34" goal_id="88"/>
  <agent start_id="45" goal_id="54"/>
  <agent start_id="73" goal_id="68"/>
  <agent start_id="191" goal_id="13"/>
  <agent start_id="132" goal_id="24"/>
</root>
