<?xml version="1.0" ?>
<root>
  <agent start_id="85" goal_id="13"/>
  <agent start_id="66" goal_id="157"/>
  <agent start_id="23" goal_id="192"/>
  <agent start_id="40" goal_id="92"/>
  <agent start_id="14" goal_id="49"/>
  <agent start_id="78" goal_id="100"/>
  <agent start_id="68" goal_id="17"/>
  <agent start_id="137" goal_id="25"/>
  <agent start_id="147" goal_id="87"/>
  <agent start_id="176" goal_id="114"/>
  <agent start_id="192" goal_id="195"/>
  <agent start_id="63" goal_id="189"/>
  <agent start_id="120" goal_id="181"/>
  <agent start_id="92" goal_id="32"/>
  <agent start_id="75" goal_id="38"/>
  <agent start_id="160" goal_id="150"/>
  <agent start_id="150" goal_id="141"/>
  <agent start_id="70" goal_id="126"/>
  <agent start_id="44" goal_id="16"/>
  <agent start_id="19" goal_id="42"/>
  <agent start_id="81" goal_id="119"/>
  <agent start_id="88" goal_id="106"/>
  <agent start_id="195" goal_id="123"/>
  <agent start_id="20" goal_id="46"/>
  <agent start_id="162" goal_id="116"/>
  <agent start_id="51" goal_id="40"/>
  <agent start_id="15" goal_id="149"/>
  <agent start_id="27" goal_id="125"/>
  <agent start_id="139" goal_id="85"/>
  <agent start_id="64" goal_id="152"/>
  <agent start_id="25" goal_id="19"/>
  <agent start_id="148" goal_id="168"/>
  <agent start_id="107" goal_id="112"/>
  <agent start_id="73" goal_id="167"/>
  <agent start_id="181" goal_id="156"/>
  <agent start_id="57" goal_id="44"/>
  <agent start_id="102" goal_id="73"/>
  <agent start_id="8" goal_id="108"/>
  <agent start_id="89" goal_id="71"/>
  <agent start_id="183" goal_id="162"/>
  <agent start_id="172" goal_id="47"/>
  <agent start_id="35" goal_id="197"/>
  <agent start_id="155" goal_id="22"/>
  <agent start_id="185" goal_id="0"/>
  <agent start_id="119" goal_id="54"/>
  <agent start_id="197" goal_id="138"/>
  <agent start_id="76" goal_id="161"/>
  <agent start_id="45" goal_id="194"/>
  <agent start_id="194" goal_id="115"/>
  <agent start_id="112" goal_id="51"/>
</root>
