<?xml version="1.0" ?>
<root>
  <agent start_id="22" goal_id="42"/>
  <agent start_id="51" goal_id="124"/>
  <agent start_id="144" goal_id="179"/>
  <agent start_id="52" goal_id="22"/>
  <agent start_id="115" goal_id="69"/>
  <agent start_id="90" goal_id="157"/>
  <agent start_id="125" goal_id="63"/>
  <agent start_id="61" goal_id="47"/>
  <agent start_id="85" goal_id="12"/>
  <agent start_id="9" goal_id="0"/>
  <agent start_id="195" goal_id="110"/>
  <agent start_id="101" goal_id="34"/>
  <agent start_id="69" goal_id="5"/>
  <agent start_id="95" goal_id="192"/>
  <agent start_id="35" goal_id="59"/>
  <agent start_id="117" goal_id="103"/>
  <agent start_id="141" goal_id="150"/>
  <agent start_id="198" goal_id="145"/>
  <agent start_id="19" goal_id="161"/>
  <agent start_id="150" goal_id="1"/>
  <agent start_id="166" goal_id="80"/>
  <agent start_id="44" goal_id="136"/>
  <agent start_id="42" goal_id="99"/>
  <agent start_id="193" goal_id="90"/>
  <agent start_id="197" goal_id="158"/>
  <agent start_id="46" goal_id="18"/>
  <agent start_id="140" goal_id="97"/>
  <agent start_id="2" goal_id="194"/>
  <agent start_id="65" goal_id="199"/>
  <agent start_id="58" goal_id="191"/>
  <agent start_id="161" goal_id="62"/>
  <agent start_id="118" goal_id="94"/>
  <agent start_id="185" goal_id="134"/>
  <agent start_id="39" goal_id="173"/>
  <agent start_id="196" goal_id="74"/>
  <agent start_id="43" goal_id="189"/>
  <agent start_id="137" goal_id="172"/>
  <agent start_id="107" goal_id="15"/>
  <agent start_id="82" goal_id="183"/>
  <agent start_id="155" goal_id="83"/>
  <agent start_id="7" goal_id="88"/>
  <agent start_id="126" goal_id="24"/>
  <agent start_id="110" goal_id="49"/>
  <agent start_id="94" goal_id="144"/>
  <agent start_id="103" goal_id="25"/>
  <agent start_id="173" goal_id="162"/>
  <agent start_id="10" goal_id="113"/>
  <agent start_id="152" goal_id="156"/>
  <agent start_id="13" goal_id="36"/>
  <agent start_id="169" goal_id="135"/>
</root>
