<?xml version="1.0" ?>
<root>
  <agent start_id="84" goal_id="136"/>
  <agent start_id="41" goal_id="192"/>
  <agent start_id="50" goal_id="167"/>
  <agent start_id="139" goal_id="197"/>
  <agent start_id="105" goal_id="38"/>
  <agent start_id="128" goal_id="1"/>
  <agent start_id="160" goal_id="34"/>
  <agent start_id="60" goal_id="178"/>
  <agent start_id="114" goal_id="174"/>
  <agent start_id="148" goal_id="128"/>
  <agent start_id="93" goal_id="5"/>
  <agent start_id="196" goal_id="134"/>
  <agent start_id="88" goal_id="158"/>
  <agent start_id="171" goal_id="20"/>
  <agent start_id="198" goal_id="89"/>
  <agent start_id="106" goal_id="76"/>
  <agent start_id="13" goal_id="157"/>
  <agent start_id="175" goal_id="148"/>
  <agent start_id="5" goal_id="163"/>
  <agent start_id="58" goal_id="143"/>
  <agent start_id="140" goal_id="169"/>
  <agent start_id="193" goal_id="4"/>
  <agent start_id="54" goal_id="117"/>
  <agent start_id="184" goal_id="141"/>
  <agent start_id="133" goal_id="98"/>
  <agent start_id="27" goal_id="64"/>
  <agent start_id="107" goal_id="96"/>
  <agent start_id="109" goal_id="108"/>
  <agent start_id="33" goal_id="31"/>
  <agent start_id="154" goal_id="138"/>
  <agent start_id="137" goal_id="190"/>
  <agent start_id="173" goal_id="29"/>
  <agent start_id="16" goal_id="193"/>
  <agent start_id="146" goal_id="161"/>
  <agent start_id="119" goal_id="80"/>
  <agent start_id="115" goal_id="90"/>
  <agent start_id="9" goal_id="55"/>
  <agent start_id="130" goal_id="68"/>
  <agent start_id="56" goal_id="119"/>
  <agent start_id="156" goal_id="183"/>
  <agent start_id="70" goal_id="166"/>
  <agent start_id="19" goal_id="151"/>
  <agent start_id="164" goal_id="196"/>
  <agent start_id="189" goal_id="131"/>
  <agent start_id="52" goal_id="140"/>
  <agent start_id="178" goal_id="17"/>
  <agent start_id="37" goal_id="127"/>
  <agent start_id="10" goal_id="120"/>
  <agent start_id="182" goal_id="19"/>
  <agent start_id="94" goal_id="39"/>
</root>
