<?xml version="1.0" ?>
<root>
  <agent start_id="19" goal_id="84"/>
  <agent start_id="43" goal_id="167"/>
  <agent start_id="180" goal_id="54"/>
  <agent start_id="95" goal_id="37"/>
  <agent start_id="142" goal_id="36"/>
  <agent start_id="92" goal_id="47"/>
  <agent start_id="52" goal_id="53"/>
  <agent start_id="16" goal_id="168"/>
  <agent start_id="190" goal_id="25"/>
  <agent start_id="109" goal_id="189"/>
  <agent start_id="72" goal_id="162"/>
  <agent start_id="195" goal_id="60"/>
  <agent start_id="132" goal_id="8"/>
  <agent start_id="171" goal_id="106"/>
  <agent start_id="17" goal_id="79"/>
  <agent start_id="197" goal_id="177"/>
  <agent start_id="163" goal_id="77"/>
  <agent start_id="174" goal_id="111"/>
  <agent start_id="80" goal_id="32"/>
  <agent start_id="42" goal_id="63"/>
  <agent start_id="8" goal_id="10"/>
  <agent start_id="98" goal_id="59"/>
  <agent start_id="116" goal_id="163"/>
  <agent start_id="48" goal_id="43"/>
  <agent start_id="147" goal_id="159"/>
  <agent start_id="15" goal_id="155"/>
  <agent start_id="167" goal_id="100"/>
  <agent start_id="189" goal_id="26"/>
  <agent start_id="172" goal_id="181"/>
  <agent start_id="31" goal_id="160"/>
  <agent start_id="6" goal_id="105"/>
  <agent start_id="160" goal_id="152"/>
  <agent start_id="78" goal_id="199"/>
  <agent start_id="102" goal_id="179"/>
  <agent start_id="50" goal_id="14"/>
  <agent start_id="20" goal_id="17"/>
  <agent start_id="70" goal_id="108"/>
  <agent start_id="59" goal_id="154"/>
  <agent start_id="144" goal_id="55"/>
  <agent start_id="84" goal_id="117"/>
  <agent start_id="150" goal_id="138"/>
  <agent start_id="185" goal_id="18"/>
  <agent start_id="0" goal_id="71"/>
  <agent start_id="83" goal_id="187"/>
  <agent start_id="111" goal_id="195"/>
  <agent start_id="62" goal_id="23"/>
  <agent start_id="155" goal_id="65"/>
  <agent start_id="145" goal_id="156"/>
  <agent start_id="186" goal_id="41"/>
  <agent start_id="181" goal_id="103"/>
</root>
