<?xml version="1.0" ?>
<root>
  <agent start_id="16" goal_id="187"/>
  <agent start_id="181" goal_id="103"/>
  <agent start_id="164" goal_id="186"/>
  <agent start_id="100" goal_id="19"/>
  <agent start_id="137" goal_id="174"/>
  <agent start_id="44" goal_id="164"/>
  <agent start_id="3" goal_id="82"/>
  <agent start_id="2" goal_id="99"/>
  <agent start_id="148" goal_id="12"/>
  <agent start_id="169" goal_id="10"/>
  <agent start_id="112" goal_id="168"/>
  <agent start_id="21" goal_id="9"/>
  <agent start_id="47" goal_id="35"/>
  <agent start_id="177" goal_id="91"/>
  <agent start_id="86" goal_id="172"/>
  <agent start_id="142" goal_id="49"/>
  <agent start_id="179" goal_id="137"/>
  <agent start_id="10" goal_id="69"/>
  <agent start_id="130" goal_id="109"/>
  <agent start_id="195" goal_id="33"/>
  <agent start_id="105" goal_id="26"/>
  <agent start_id="11" goal_id="132"/>
  <agent start_id="134" goal_id="20"/>
  <agent start_id="171" goal_id="106"/>
  <agent start_id="111" goal_id="120"/>
  <agent start_id="153" goal_id="22"/>
  <agent start_id="60" goal_id="57"/>
  <agent start_id="40" goal_id="66"/>
  <agent start_id="174" goal_id="193"/>
  <agent start_id="42" goal_id="7"/>
  <agent start_id="184" goal_id="179"/>
  <agent start_id="4" goal_id="1"/>
  <agent start_id="73" goal_id="162"/>
  <agent start_id="8" goal_id="196"/>
  <agent start_id="71" goal_id="114"/>
  <agent start_id="115" goal_id="135"/>
  <agent start_id="90" goal_id="8"/>
  <agent start_id="106" goal_id="108"/>
  <agent start_id="180" goal_id="150"/>
  <agent start_id="101" goal_id="30"/>
  <agent start_id="93" goal_id="116"/>
  <agent start_id="133" goal_id="190"/>
  <agent start_id="150" goal_id="17"/>
  <agent start_id="26" goal_id="102"/>
  <agent start_id="147" goal_id="141"/>
  <agent start_id="68" goal_id="46"/>
  <agent start_id="160" goal_id="70"/>
  <agent start_id="198" goal_id="115"/>
  <agent start_id="52" goal_id="189"/>
  <agent start_id="149" goal_id="78"/>
</root>
