<?xml version="1.0" ?>
<root>
  <agent start_id="99" goal_id="21"/>
  <agent start_id="90" goal_id="28"/>
  <agent start_id="39" goal_id="2"/>
  <agent start_id="108" goal_id="186"/>
  <agent start_id="65" goal_id="39"/>
  <agent start_id="80" goal_id="137"/>
  <agent start_id="27" goal_id="146"/>
  <agent start_id="7" goal_id="185"/>
  <agent start_id="196" goal_id="64"/>
  <agent start_id="125" goal_id="105"/>
  <agent start_id="42" goal_id="171"/>
  <agent start_id="18" goal_id="8"/>
  <agent start_id="179" goal_id="154"/>
  <agent start_id="117" goal_id="66"/>
  <agent start_id="161" goal_id="87"/>
  <agent start_id="51" goal_id="24"/>
  <agent start_id="103" goal_id="76"/>
  <agent start_id="52" goal_id="169"/>
  <agent start_id="34" goal_id="128"/>
  <agent start_id="56" goal_id="155"/>
  <agent start_id="190" goal_id="123"/>
  <agent start_id="109" goal_id="107"/>
  <agent start_id="126" goal_id="40"/>
  <agent start_id="195" goal_id="32"/>
  <agent start_id="3" goal_id="187"/>
  <agent start_id="145" goal_id="132"/>
  <agent start_id="132" goal_id="81"/>
  <agent start_id="88" goal_id="68"/>
  <agent start_id="36" goal_id="114"/>
  <agent start_id="134" goal_id="91"/>
  <agent start_id="178" goal_id="193"/>
  <agent start_id="152" goal_id="144"/>
  <agent start_id="29" goal_id="111"/>
  <agent start_id="95" goal_id="74"/>
  <agent start_id="10" goal_id="34"/>
  <agent start_id="38" goal_id="18"/>
  <agent start_id="138" goal_id="58"/>
  <agent start_id="193" goal_id="13"/>
  <agent start_id="167" goal_id="14"/>
  <agent start_id="48" goal_id="6"/>
  <agent start_id="173" goal_id="4"/>
  <agent start_id="121" goal_id="69"/>
  <agent start_id="155" goal_id="196"/>
  <agent start_id="143" goal_id="71"/>
  <agent start_id="46" goal_id="184"/>
  <agent start_id="199" goal_id="198"/>
  <agent start_id="105" goal_id="0"/>
  <agent start_id="1" goal_id="158"/>
  <agent start_id="61" goal_id="179"/>
  <agent start_id="6" goal_id="120"/>
</root>
