<?xml version="1.0" ?>
<root>
  <agent start_id="22" goal_id="78"/>
  <agent start_id="29" goal_id="123"/>
  <agent start_id="25" goal_id="4"/>
  <agent start_id="128" goal_id="170"/>
  <agent start_id="31" goal_id="192"/>
  <agent start_id="19" goal_id="140"/>
  <agent start_id="30" goal_id="124"/>
  <agent start_id="16" goal_id="134"/>
  <agent start_id="47" goal_id="108"/>
  <agent start_id="163" goal_id="85"/>
  <agent start_id="61" goal_id="43"/>
  <agent start_id="157" goal_id="62"/>
  <agent start_id="103" goal_id="17"/>
  <agent start_id="78" goal_id="48"/>
  <agent start_id="134" goal_id="113"/>
  <agent start_id="14" goal_id="169"/>
  <agent start_id="166" goal_id="82"/>
  <agent start_id="139" goal_id="3"/>
  <agent start_id="89" goal_id="25"/>
  <agent start_id="82" goal_id="172"/>
  <agent start_id="193" goal_id="30"/>
  <agent start_id="177" goal_id="180"/>
  <agent start_id="23" goal_id="35"/>
  <agent start_id="195" goal_id="100"/>
  <agent start_id="173" goal_id="103"/>
  <agent start_id="57" goal_id="119"/>
  <agent start_id="105" goal_id="137"/>
  <agent start_id="39" goal_id="117"/>
  <agent start_id="120" goal_id="2"/>
  <agent start_id="130" goal_id="148"/>
  <agent start_id="56" goal_id="186"/>
  <agent start_id="119" goal_id="5"/>
  <agent start_id="106" goal_id="86"/>
  <agent start_id="129" goal_id="65"/>
  <agent start_id="2" goal_id="21"/>
  <agent start_id="113" goal_id="159"/>
  <agent start_id="88" goal_id="63"/>
  <agent start_id="53" goal_id="68"/>
  <agent start_id="0" goal_id="131"/>
  <agent start_id="116" goal_id="122"/>
  <agent start_id="99" goal_id="104"/>
  <agent start_id="194" goal_id="126"/>
  <agent start_id="48" goal_id="96"/>
  <agent start_id="93" goal_id="75"/>
  <agent start_id="199" goal_id="194"/>
  <agent start_id="125" goal_id="13"/>
  <agent start_id="127" goal_id="150"/>
  <agent start_id="94" goal_id="52"/>
  <agent start_id="26" goal_id="175"/>
  <agent start_id="73" goal_id="76"/>
</root>
