<?xml version="1.0" ?>
<root>
  <agent start_id="103" goal_id="33"/>
  <agent start_id="137" goal_id="94"/>
  <agent start_id="8" goal_id="60"/>
  <agent start_id="31" goal_id="14"/>
  <agent start_id="140" goal_id="79"/>
  <agent start_id="21" goal_id="51"/>
  <agent start_id="20" goal_id="36"/>
  <agent start_id="66" goal_id="15"/>
  <agent start_id="92" goal_id="58"/>
  <agent start_id="126" goal_id="124"/>
  <agent start_id="69" goal_id="99"/>
  <agent start_id="183" goal_id="109"/>
  <agent start_id="150" goal_id="188"/>
  <agent start_id="128" goal_id="112"/>
  <agent start_id="158" goal_id="21"/>
  <agent start_id="42" goal_id="18"/>
  <agent start_id="49" goal_id="55"/>
  <agent start_id="3" goal_id="152"/>
  <agent start_id="181" goal_id="127"/>
  <agent start_id="97" goal_id="153"/>
  <agent start_id="146" goal_id="86"/>
  <agent start_id="0" goal_id="3"/>
  <agent start_id="110" goal_id="171"/>
  <agent start_id="9" goal_id="20"/>
  <agent start_id="196" goal_id="187"/>
  <agent start_id="156" goal_id="91"/>
  <agent start_id="118" goal_id="46"/>
  <agent start_id="19" goal_id="162"/>
  <agent start_id="75" goal_id="4"/>
  <agent start_id="199" goal_id="49"/>
  <agent start_id="25" goal_id="158"/>
  <agent start_id="125" goal_id="73"/>
  <agent start_id="175" goal_id="137"/>
  <agent start_id="17" goal_id="139"/>
  <agent start_id="87" goal_id="70"/>
  <agent start_id="14" goal_id="170"/>
  <agent start_id="121" goal_id="101"/>
  <agent start_id="193" goal_id="148"/>
  <agent start_id="12" goal_id="2"/>
  <agent start_id="77" goal_id="184"/>
  <agent start_id="79" goal_id="141"/>
  <agent start_id="15" goal_id="194"/>
  <agent start_id="162" goal_id="168"/>
  <agent start_id="24" goal_id="75"/>
  <agent start_id="85" goal_id="26"/>
  <agent start_id="47" goal_id="192"/>
  <agent start_id="163" goal_id="108"/>
  <agent start_id="129" goal_id="7"/>
  <agent start_id="53" goal_id="45"/>
  <agent start_id="114" goal_id="117"/>
</root>
