<?xml version="1.0" ?>
<root>
  <agent start_id="113" goal_id="131"/>
  <agent start_id="190" goal_id="6"/>
  <agent start_id="23" goal_id="99"/>
  <agent start_id="195" goal_id="72"/>
  <agent start_id="191" goal_id="161"/>
  <agent start_id="164" goal_id="45"/>
  <agent start_id="86" goal_id="4"/>
  <agent start_id="59" goal_id="13"/>
  <agent start_id="98" goal_id="173"/>
  <agent start_id="196" goal_id="12"/>
  <agent start_id="101" goal_id="162"/>
  <agent start_id="89" goal_id="146"/>
  <agent start_id="151" goal_id="30"/>
  <agent start_id="7" goal_id="196"/>
  <agent start_id="11" goal_id="157"/>
  <agent start_id="77" goal_id="36"/>
  <agent start_id="57" goal_id="38"/>
  <agent start_id="13" goal_id="47"/>
  <agent start_id="49" goal_id="64"/>
  <agent start_id="85" goal_id="53"/>
  <agent start_id="154" goal_id="120"/>
  <agent start_id="152" goal_id="169"/>
  <agent start_id="119" goal_id="191"/>
  <agent start_id="39" goal_id="92"/>
  <agent start_id="104" goal_id="124"/>
  <agent start_id="3" goal_id="119"/>
  <agent start_id="125" goal_id="180"/>
  <agent start_id="91" goal_id="193"/>
  <agent start_id="111" goal_id="93"/>
  <agent start_id="123" goal_id="197"/>
  <agent start_id="194" goal_id="184"/>
  <agent start_id="33" goal_id="15"/>
  <agent start_id="1" goal_id="91"/>
  <agent start_id="115" goal_id="192"/>
  <agent start_id="65" goal_id="62"/>
  <agent start_id="17" goal_id="68"/>
  <agent start_id="35" goal_id="83"/>
  <agent start_id="4" goal_id="152"/>
  <agent start_id="173" goal_id="61"/>
  <agent start_id="116" goal_id="63"/>
  <agent start_id="159" goal_id="66"/>
  <agent start_id="184" goal_id="60"/>
  <agent start_id="181" goal_id="56"/>
  <agent start_id="80" goal_id="86"/>
  <agent start_id="41" goal_id="97"/>
  <agent start_id="0" goal_id="116"/>
  <agent start_id="9" goal_id="127"/>
  <agent start_id="40" goal_id="163"/>
  <agent start_id="188" goal_id="104"/>
  <agent start_id="15" goal_id="186"/>
</root>
