<?xml version="1.0" ?>
<root>
  <agent start_id="64" goal_id="79"/>
  <agent start_id="74" goal_id="94"/>
  <agent start_id="41" goal_id="42"/>
  <agent start_id="168" goal_id="37"/>
  <agent start_id="193" goal_id="167"/>
  <agent start_id="162" goal_id="39"/>
  <agent start_id="32" goal_id="192"/>
  <agent start_id="191" goal_id="170"/>
  <agent start_id="82" goal_id="88"/>
  <agent start_id="92" goal_id="173"/>
  <agent start_id="100" goal_id="198"/>
  <agent start_id="108" goal_id="63"/>
  <agent start_id="157" goal_id="153"/>
  <agent start_id="75" goal_id="178"/>
  <agent start_id="34" goal_id="196"/>
  <agent start_id="113" goal_id="163"/>
  <agent start_id="153" goal_id="1"/>
  <agent start_id="175" goal_id="81"/>
  <agent start_id="170" goal_id="35"/>
  <agent start_id="72" goal_id="126"/>
  <agent start_id="192" goal_id="30"/>
  <agent start_id="1" goal_id="22"/>
  <agent start_id="60" goal_id="73"/>
  <agent start_id="181" goal_id="189"/>
  <agent start_id="179" goal_id="174"/>
  <agent start_id="163" goal_id="78"/>
  <agent start_id="56" goal_id="12"/>
  <agent start_id="149" goal_id="134"/>
  <agent start_id="67" goal_id="64"/>
  <agent start_id="2" goal_id="116"/>
  <agent start_id="142" goal_id="8"/>
  <agent start_id="145" goal_id="140"/>
  <agent start_id="7" goal_id="162"/>
  <agent start_id="133" goal_id="115"/>
  <agent start_id="71" goal_id="168"/>
  <agent start_id="131" goal_id="46"/>
  <agent start_id="144" goal_id="193"/>
  <agent start_id="95" goal_id="128"/>
  <agent start_id="116" goal_id="17"/>
  <agent start_id="187" goal_id="181"/>
  <agent start_id="140" goal_id="9"/>
  <agent start_id="62" goal_id="93"/>
  <agent start_id="184" goal_id="68"/>
  <agent start_id="172" goal_id="11"/>
  <agent start_id="19" goal_id="48"/>
  <agent start_id="77" goal_id="135"/>
  <agent start_id="47" goal_id="175"/>
  <agent start_id="4" goal_id="26"/>
  <agent start_id="197" goal_id="112"/>
  <agent start_id="28" goal_id="186"/>
</root>
