<?xml version="1.0" ?>
<root>
  <agent start_id="22" goal_id="7"/>
  <agent start_id="82" goal_id="171"/>
  <agent start_id="177" goal_id="187"/>
  <agent start_id="143" goal_id="148"/>
  <agent start_id="195" goal_id="114"/>
  <agent start_id="78" goal_id="105"/>
  <agent start_id="92" goal_id="189"/>
  <agent start_id="1" goal_id="9"/>
  <agent start_id="141" goal_id="134"/>
  <agent start_id="2" goal_id="138"/>
  <agent start_id="123" goal_id="98"/>
  <agent start_id="91" goal_id="123"/>
  <agent start_id="147" goal_id="164"/>
  <agent start_id="97" goal_id="23"/>
  <agent start_id="188" goal_id="54"/>
  <agent start_id="62" goal_id="152"/>
  <agent start_id="33" goal_id="79"/>
  <agent start_id="158" goal_id="52"/>
  <agent start_id="198" goal_id="162"/>
  <agent start_id="135" goal_id="15"/>
  <agent start_id="120" goal_id="174"/>
  <agent start_id="76" goal_id="91"/>
  <agent start_id="24" goal_id="45"/>
  <agent start_id="41" goal_id="95"/>
  <agent start_id="37" goal_id="50"/>
  <agent start_id="79" goal_id="55"/>
  <agent start_id="184" goal_id="41"/>
  <agent start_id="149" goal_id="67"/>
  <agent start_id="126" goal_id="107"/>
  <agent start_id="106" goal_id="30"/>
  <agent start_id="164" goal_id="44"/>
  <agent start_id="113" goal_id="35"/>
  <agent start_id="151" goal_id="117"/>
  <agent start_id="183" goal_id="62"/>
  <agent start_id="12" goal_id="14"/>
  <agent start_id="101" goal_id="89"/>
  <agent start_id="121" goal_id="195"/>
  <agent start_id="110" goal_id="53"/>
  <agent start_id="6" goal_id="183"/>
  <agent start_id="36" goal_id="84"/>
  <agent start_id="138" goal_id="88"/>
  <agent start_id="29" goal_id="125"/>
  <agent start_id="104" goal_id="47"/>
  <agent start_id="199" goal_id="80"/>
  <agent start_id="56" goal_id="150"/>
  <agent start_id="14" goal_id="28"/>
  <agent start_id="58" goal_id="181"/>
  <agent start_id="130" goal_id="63"/>
  <agent start_id="59" goal_id="66"/>
  <agent start_id="10" goal_id="92"/>
</root>
