<?xml version="1.0" ?>
<root>
  <agent start_id="168" goal_id="133"/>
  <agent start_id="181" goal_id="59"/>
  <agent start_id="22" goal_id="89"/>
  <agent start_id="75" goal_id="96"/>
  <agent start_id="124" goal_id="158"/>
  <agent start_id="98" goal_id="154"/>
  <agent start_id="161" goal_id="123"/>
  <agent start_id="99" goal_id="121"/>
  <agent start_id="183" goal_id="137"/>
  <agent start_id="27" goal_id="196"/>
  <agent start_id="136" goal_id="34"/>
  <agent start_id="82" goal_id="68"/>
  <agent start_id="103" goal_id="141"/>
  <agent start_id="159" goal_id="191"/>
  <agent start_id="134" goal_id="23"/>
  <agent start_id="106" goal_id="114"/>
  <agent start_id="146" goal_id="62"/>
  <agent start_id="69" goal_id="72"/>
  <agent start_id="94" goal_id="24"/>
  <agent start_id="72" goal_id="156"/>
  <agent start_id="167" goal_id="116"/>
  <agent start_id="171" goal_id="83"/>
  <agent start_id="0" goal_id="106"/>
  <agent start_id="51" goal_id="93"/>
  <agent start_id="26" goal_id="113"/>
  <agent start_id="192" goal_id="43"/>
  <agent start_id="68" goal_id="140"/>
  <agent start_id="58" goal_id="153"/>
  <agent start_id="29" goal_id="199"/>
  <agent start_id="80" goal_id="37"/>
  <agent start_id="102" goal_id="86"/>
  <agent start_id="74" goal_id="130"/>
  <agent start_id="198" goal_id="167"/>
  <agent start_id="122" goal_id="3"/>
  <agent start_id="120" goal_id="145"/>
  <agent start_id="165" goal_id="47"/>
  <agent start_id="12" goal_id="198"/>
  <agent start_id="162" goal_id="18"/>
  <agent start_id="138" goal_id="102"/>
  <agent start_id="152" goal_id="9"/>
  <agent start_id="17" goal_id="53"/>
  <agent start_id="61" goal_id="91"/>
  <agent start_id="10" goal_id="189"/>
  <agent start_id="55" goal_id="127"/>
  <agent start_id="111" goal_id="14"/>
  <agent start_id="114" goal_id="194"/>
  <agent start_id="66" goal_id="150"/>
  <agent start_id="45" goal_id="155"/>
  <agent start_id="49" goal_id="78"/>
  <agent start_id="139" goal_id="12"/>
</root>
