<?xml version="1.0" ?>
<root>
  <agent start_id="152" goal_id="69"/>
  <agent start_id="151" goal_id="55"/>
  <agent start_id="150" goal_id="186"/>
  <agent start_id="5" goal_id="97"/>
  <agent start_id="105" goal_id="126"/>
  <agent start_id="102" goal_id="118"/>
  <agent start_id="138" goal_id="164"/>
  <agent start_id="15" goal_id="161"/>
  <agent start_id="68" goal_id="139"/>
  <agent start_id="120" goal_id="5"/>
  <agent start_id="60" goal_id="151"/>
  <agent start_id="197" goal_id="41"/>
  <agent start_id="177" goal_id="141"/>
  <agent start_id="196" goal_id="144"/>
  <agent start_id="54" goal_id="33"/>
  <agent start_id="159" goal_id="65"/>
  <agent start_id="110" goal_id="112"/>
  <agent start_id="179" goal_id="156"/>
  <agent start_id="156" goal_id="40"/>
  <agent start_id="129" goal_id="24"/>
  <agent start_id="48" goal_id="177"/>
  <agent start_id="91" goal_id="71"/>
  <agent start_id="106" goal_id="108"/>
  <agent start_id="8" goal_id="66"/>
  <agent start_id="36" goal_id="130"/>
  <agent start_id="58" goal_id="31"/>
  <agent start_id="145" goal_id="162"/>
  <agent start_id="21" goal_id="105"/>
  <agent start_id="157" goal_id="17"/>
  <agent start_id="100" goal_id="21"/>
  <agent start_id="72" goal_id="92"/>
  <agent start_id="127" goal_id="138"/>
  <agent start_id="39" goal_id="80"/>
  <agent start_id="116" goal_id="9"/>
  <agent start_id="131" goal_id="94"/>
  <agent start_id="153" goal_id="34"/>
  <agent start_id="3" goal_id="45"/>
  <agent start_id="187" goal_id="179"/>
  <agent start_id="183" goal_id="52"/>
  <agent start_id="128" goal_id="120"/>
  <agent start_id="121" goal_id="143"/>
  <agent start_id="90" goal_id="198"/>
  <agent start_id="20" goal_id="28"/>
  <agent start_id="57" goal_id="131"/>
  <agent start_id="24" goal_id="150"/>
  <agent start_id="114" goal_id="197"/>
  <agent start_id="154" goal_id="87"/>
  <agent start_id="192" goal_id="169"/>
  <agent start_id="108" goal_id="77"/>
  <agent start_id="162" goal_id="183"/>
</root>
