<?xml version="1.0" ?>
<root>
  <agent start_id="140" goal_id="76"/>
  <agent start_id="162" goal_id="71"/>
  <agent start_id="104" goal_id="58"/>
  <agent start_id="31" goal_id="51"/>
  <agent start_id="99" goal_id="149"/>
  <agent start_id="61" goal_id="8"/>
  <agent start_id="184" goal_id="113"/>
  <agent start_id="45" goal_id="121"/>
  <agent start_id="84" goal_id="29"/>
  <agent start_id="117" goal_id="174"/>
  <agent start_id="181" goal_id="146"/>
  <agent start_id="147" goal_id="45"/>
  <agent start_id="94" goal_id="143"/>
  <agent start_id="46" goal_id="114"/>
  <agent start_id="174" goal_id="32"/>
  <agent start_id="123" goal_id="84"/>
  <agent start_id="159" goal_id="19"/>
  <agent start_id="165" goal_id="1"/>
  <agent start_id="195" goal_id="158"/>
  <agent start_id="0" goal_id="105"/>
  <agent start_id="66" goal_id="167"/>
  <agent start_id="18" goal_id="61"/>
  <agent start_id="88" goal_id="170"/>
  <agent start_id="15" goal_id="118"/>
  <agent start_id="100" goal_id="9"/>
  <agent start_id="7" goal_id="109"/>
  <agent start_id="75" goal_id="55"/>
  <agent start_id="1" goal_id="152"/>
  <agent start_id="107" goal_id="16"/>
  <agent start_id="13" goal_id="97"/>
  <agent start_id="129" goal_id="10"/>
  <agent start_id="146" goal_id="196"/>
  <agent start_id="60" goal_id="148"/>
  <agent start_id="111" goal_id="22"/>
  <agent start_id="166" goal_id="86"/>
  <agent start_id="47" goal_id="199"/>
  <agent start_id="96" goal_id="33"/>
  <agent start_id="152" goal_id="30"/>
  <agent start_id="97" goal_id="40"/>
  <agent start_id="122" goal_id="137"/>
  <agent start_id="3" goal_id="164"/>
  <agent start_id="115" goal_id="155"/>
  <agent start_id="36" goal_id="70"/>
  <agent start_id="73" goal_id="69"/>
  <agent start_id="33" goal_id="139"/>
  <agent start_id="187" goal_id="119"/>
  <agent start_id="91" goal_id="43"/>
  <agent start_id="64" goal_id="186"/>
  <agent start_id="196" goal_id="197"/>
  <agent start_id="9" goal_id="176"/>
</root>
