<?xml version="1.0" ?>
<root>
  <agent start_id="62" goal_id="55"/>
  <agent start_id="179" goal_id="106"/>
  <agent start_id="96" goal_id="21"/>
  <agent start_id="20" goal_id="141"/>
  <agent start_id="120" goal_id="126"/>
  <agent start_id="73" goal_id="16"/>
  <agent start_id="122" goal_id="171"/>
  <agent start_id="143" goal_id="135"/>
  <agent start_id="141" goal_id="98"/>
  <agent start_id="184" goal_id="22"/>
  <agent start_id="44" goal_id="173"/>
  <agent start_id="28" goal_id="80"/>
  <agent start_id="107" goal_id="44"/>
  <agent start_id="103" goal_id="10"/>
  <agent start_id="178" goal_id="186"/>
  <agent start_id="174" goal_id="120"/>
  <agent start_id="126" goal_id="8"/>
  <agent start_id="69" goal_id="124"/>
  <agent start_id="81" goal_id="5"/>
  <agent start_id="137" goal_id="60"/>
  <agent start_id="97" goal_id="159"/>
  <agent start_id="41" goal_id="18"/>
  <agent start_id="113" goal_id="112"/>
  <agent start_id="162" goal_id="32"/>
  <agent start_id="37" goal_id="72"/>
  <agent start_id="84" goal_id="161"/>
  <agent start_id="11" goal_id="166"/>
  <agent start_id="110" goal_id="94"/>
  <agent start_id="158" goal_id="1"/>
  <agent start_id="171" goal_id="13"/>
  <agent start_id="68" goal_id="187"/>
  <agent start_id="190" goal_id="153"/>
  <agent start_id="124" goal_id="70"/>
  <agent start_id="25" goal_id="118"/>
  <agent start_id="180" goal_id="194"/>
  <agent start_id="198" goal_id="137"/>
  <agent start_id="139" goal_id="56"/>
  <agent start_id="130" goal_id="185"/>
  <agent start_id="39" goal_id="111"/>
  <agent start_id="188" goal_id="127"/>
  <agent start_id="15" goal_id="14"/>
  <agent start_id="49" goal_id="93"/>
  <agent start_id="128" goal_id="105"/>
  <agent start_id="133" goal_id="28"/>
  <agent start_id="167" goal_id="116"/>
  <agent start_id="154" goal_id="122"/>
  <agent start_id="181" goal_id="196"/>
  <agent start_id="51" goal_id="174"/>
  <agent start_id="29" goal_id="189"/>
  <agent start_id="165" goal_id="151"/>
</root>
