<?xml version="1.0" ?>
<root>
  <agent start_id="121" goal_id="181"/>
  <agent start_id="148" goal_id="103"/>
  <agent start_id="106" goal_id="69"/>
  <agent start_id="190" goal_id="150"/>
  <agent start_id="157" goal_id="117"/>
  <agent start_id="35" goal_id="48"/>
  <agent start_id="11" goal_id="114"/>
  <agent start_id="82" goal_id="93"/>
  <agent start_id="15" goal_id="89"/>
  <agent start_id="70" goal_id="74"/>
  <agent start_id="147" goal_id="199"/>
  <agent start_id="3" goal_id="144"/>
  <agent start_id="31" goal_id="193"/>
  <agent start_id="125" goal_id="50"/>
  <agent start_id="151" goal_id="25"/>
  <agent start_id="158" goal_id="29"/>
  <agent start_id="49" goal_id="27"/>
  <agent start_id="26" goal_id="172"/>
  <agent start_id="154" goal_id="188"/>
  <agent start_id="132" goal_id="131"/>
  <agent start_id="98" goal_id="142"/>
  <agent start_id="175" goal_id="126"/>
  <agent start_id="76" goal_id="12"/>
  <agent start_id="196" goal_id="32"/>
  <agent start_id="64" goal_id="155"/>
  <agent start_id="127" goal_id="179"/>
  <agent start_id="67" goal_id="76"/>
  <agent start_id="38" goal_id="38"/>
  <agent start_id="122" goal_id="61"/>
  <agent start_id="57" goal_id="36"/>
  <agent start_id="144" goal_id="2"/>
  <agent start_id="72" goal_id="60"/>
  <agent start_id="94" goal_id="83"/>
  <agent start_id="110" goal_id="180"/>
  <agent start_id="160" goal_id="14"/>
  <agent start_id="13" goal_id="65"/>
  <agent start_id="118" goal_id="174"/>
  <agent start_id="150" goal_id="100"/>
  <agent start_id="92" goal_id="169"/>
  <agent start_id="81" goal_id="95"/>
  <agent start_id="20" goal_id="59"/>
  <agent start_id="18" goal_id="152"/>
  <agent start_id="139" goal_id="157"/>
  <agent start_id="83" goal_id="46"/>
  <agent start_id="91" goal_id="16"/>
  <agent start_id="7" goal_id="163"/>
  <agent start_id="187" goal_id="136"/>
  <agent start_id="193" goal_id="73"/>
  <agent start_id="44" goal_id="20"/>
  <agent start_id="41" goal_id="40"/>
</root>
