<?xml version="1.0" ?>
<root>
  <agent start_id="66" goal_id="109"/>
  <agent start_id="72" goal_id="194"/>
  <agent start_id="171" goal_id="180"/>
  <agent start_id="184" goal_id="97"/>
  <agent start_id="20" goal_id="3"/>
  <agent start_id="86" goal_id="163"/>
  <agent start_id="128" goal_id="146"/>
  <agent start_id="75" goal_id="57"/>
  <agent start_id="175" goal_id="27"/>
  <agent start_id="51" goal_id="105"/>
  <agent start_id="183" goal_id="29"/>
  <agent start_id="28" goal_id="30"/>
  <agent start_id="139" goal_id="106"/>
  <agent start_id="3" goal_id="21"/>
  <agent start_id="7" goal_id="185"/>
  <agent start_id="100" goal_id="67"/>
  <agent start_id="56" goal_id="83"/>
  <agent start_id="146" goal_id="54"/>
  <agent start_id="169" goal_id="16"/>
  <agent start_id="186" goal_id="79"/>
  <agent start_id="70" goal_id="1"/>
  <agent start_id="191" goal_id="6"/>
  <agent start_id="150" goal_id="25"/>
  <agent start_id="50" goal_id="182"/>
  <agent start_id="2" goal_id="11"/>
  <agent start_id="64" goal_id="113"/>
  <agent start_id="15" goal_id="78"/>
  <agent start_id="59" goal_id="20"/>
  <agent start_id="96" goal_id="170"/>
  <agent start_id="123" goal_id="75"/>
  <agent start_id="91" goal_id="135"/>
  <agent start_id="196" goal_id="181"/>
  <agent start_id="87" goal_id="189"/>
  <agent start_id="99" goal_id="164"/>
  <agent start_id="101" goal_id="37"/>
  <agent start_id="159" goal_id="18"/>
  <agent start_id="85" goal_id="85"/>
  <agent start_id="109" goal_id="88"/>
  <agent start_id="136" goal_id="95"/>
  <agent start_id="39" goal_id="191"/>
  <agent start_id="131" goal_id="125"/>
  <agent start_id="154" goal_id="120"/>
  <agent start_id="41" goal_id="90"/>
  <agent start_id="152" goal_id="158"/>
  <agent start_id="23" goal_id="50"/>
  <agent start_id="129" goal_id="34"/>
  <agent start_id="92" goal_id="126"/>
  <agent start_id="42" goal_id="133"/>
  <agent start_id="173" goal_id="178"/>
  <agent start_id="180" goal_id="8"/>
</root>
