<?xml version="1.0" ?>
<root>
  <agent start_id="103" goal_id="183"/>
  <agent start_id="22" goal_id="121"/>
  <agent start_id="34" goal_id="64"/>
  <agent start_id="199" goal_id="11"/>
  <agent start_id="97" goal_id="50"/>
  <agent start_id="188" goal_id="85"/>
  <agent start_id="7" goal_id="77"/>
  <agent start_id="150" goal_id="158"/>
  <agent start_id="31" goal_id="171"/>
  <agent start_id="99" goal_id="73"/>
  <agent start_id="176" goal_id="80"/>
  <agent start_id="178" goal_id="192"/>
  <agent start_id="156" goal_id="140"/>
  <agent start_id="164" goal_id="99"/>
  <agent start_id="102" goal_id="62"/>
  <agent start_id="21" goal_id="32"/>
  <agent start_id="55" goal_id="66"/>
  <agent start_id="80" goal_id="90"/>
  <agent start_id="167" goal_id="48"/>
  <agent start_id="70" goal_id="186"/>
  <agent start_id="154" goal_id="154"/>
  <agent start_id="193" goal_id="104"/>
  <agent start_id="153" goal_id="2"/>
  <agent start_id="81" goal_id="59"/>
  <agent start_id="109" goal_id="95"/>
  <agent start_id="180" goal_id="75"/>
  <agent start_id="28" goal_id="4"/>
  <agent start_id="173" goal_id="21"/>
  <agent start_id="171" goal_id="142"/>
  <agent start_id="57" goal_id="53"/>
  <agent start_id="149" goal_id="172"/>
  <agent start_id="106" goal_id="168"/>
  <agent start_id="68" goal_id="119"/>
  <agent start_id="38" goal_id="19"/>
  <agent start_id="166" goal_id="130"/>
  <agent start_id="52" goal_id="9"/>
  <agent start_id="105" goal_id="125"/>
  <agent start_id="147" goal_id="152"/>
  <agent start_id="168" goal_id="138"/>
  <agent start_id="116" goal_id="150"/>
  <agent start_id="131" goal_id="179"/>
  <agent start_id="44" goal_id="98"/>
  <agent start_id="111" goal_id="81"/>
  <agent start_id="93" goal_id="157"/>
  <agent start_id="61" goal_id="169"/>
  <agent start_id="65" goal_id="40"/>
  <agent start_id="72" goal_id="188"/>
  <agent start_id="63" goal_id="114"/>
  <agent start_id="133" goal_id="190"/>
  <agent start_id="185" goal_id="184"/>
</root>
