<?xml version="1.0" ?>
<root>
  <agent start_id="23" goal_id="194"/>
  <agent start_id="75" goal_id="16"/>
  <agent start_id="123" goal_id="55"/>
  <agent start_id="143" goal_id="150"/>
  <agent start_id="11" goal_id="199"/>
  <agent start_id="34" goal_id="7"/>
  <agent start_id="175" goal_id="135"/>
  <agent start_id="20" goal_id="57"/>
  <agent start_id="57" goal_id="100"/>
  <agent start_id="69" goal_id="44"/>
  <agent start_id="127" goal_id="153"/>
  <agent start_id="186" goal_id="72"/>
  <agent start_id="110" goal_id="149"/>
  <agent start_id="16" goal_id="160"/>
  <agent start_id="42" goal_id="62"/>
  <agent start_id="195" goal_id="5"/>
  <agent start_id="191" goal_id="6"/>
  <agent start_id="82" goal_id="173"/>
  <agent start_id="132" goal_id="179"/>
  <agent start_id="124" goal_id="26"/>
  <agent start_id="2" goal_id="177"/>
  <agent start_id="45" goal_id="2"/>
  <agent start_id="46" goal_id="96"/>
  <agent start_id="154" goal_id="105"/>
  <agent start_id="59" goal_id="102"/>
  <agent start_id="193" goal_id="69"/>
  <agent start_id="49" goal_id="22"/>
  <agent start_id="170" goal_id="94"/>
  <agent start_id="56" goal_id="139"/>
  <agent start_id="58" goal_id="123"/>
  <agent start_id="6" goal_id="59"/>
  <agent start_id="197" goal_id="4"/>
  <agent start_id="148" goal_id="15"/>
  <agent start_id="99" goal_id="125"/>
  <agent start_id="19" goal_id="36"/>
  <agent start_id="118" goal_id="87"/>
  <agent start_id="52" goal_id="78"/>
  <agent start_id="141" goal_id="60"/>
  <agent start_id="96" goal_id="81"/>
  <agent start_id="73" goal_id="198"/>
  <agent start_id="17" goal_id="137"/>
  <agent start_id="192" goal_id="158"/>
  <agent start_id="153" goal_id="50"/>
  <agent start_id="27" goal_id="90"/>
  <agent start_id="90" goal_id="56"/>
  <agent start_id="29" goal_id="114"/>
  <agent start_id="70" goal_id="183"/>
  <agent start_id="86" goal_id="185"/>
  <agent start_id="78" goal_id="93"/>
  <agent start_id="198" goal_id="76"/>
</root>
