<?xml version="1.0" ?>
<root>
  <agent start_id="149" goal_id="174"/>
  <agent start_id="8" goal_id="1"/>
  <agent start_id="51" goal_id="63"/>
  <agent start_id="141" goal_id="118"/>
  <agent start_id="181" goal_id="26"/>
  <agent start_id="153" goal_id="163"/>
  <agent start_id="178" goal_id="122"/>
  <agent start_id="144" goal_id="197"/>
  <agent start_id="34" goal_id="167"/>
  <agent start_id="113" goal_id="156"/>
  <agent start_id="31" goal_id="181"/>
  <agent start_id="114" goal_id="154"/>
  <agent start_id="44" goal_id="82"/>
  <agent start_id="154" goal_id="34"/>
  <agent start_id="72" goal_id="147"/>
  <agent start_id="0" goal_id="29"/>
  <agent start_id="147" goal_id="41"/>
  <agent start_id="126" goal_id="12"/>
  <agent start_id="190" goal_id="89"/>
  <agent start_id="162" goal_id="134"/>
  <agent start_id="176" goal_id="35"/>
  <agent start_id="93" goal_id="143"/>
  <agent start_id="129" goal_id="133"/>
  <agent start_id="85" goal_id="59"/>
  <agent start_id="91" goal_id="145"/>
  <agent start_id="108" goal_id="33"/>
  <agent start_id="156" goal_id="168"/>
  <agent start_id="32" goal_id="189"/>
  <agent start_id="63" goal_id="170"/>
  <agent start_id="105" goal_id="72"/>
  <agent start_id="107" goal_id="44"/>
  <agent start_id="112" goal_id="53"/>
  <agent start_id="138" goal_id="16"/>
  <agent start_id="122" goal_id="11"/>
  <agent start_id="119" goal_id="191"/>
  <agent start_id="35" goal_id="180"/>
  <agent start_id="18" goal_id="151"/>
  <agent start_id="116" goal_id="49"/>
  <agent start_id="146" goal_id="90"/>
  <agent start_id="185" goal_id="112"/>
  <agent start_id="14" goal_id="110"/>
  <agent start_id="189" goal_id="58"/>
  <agent start_id="99" goal_id="95"/>
  <agent start_id="21" goal_id="14"/>
  <agent start_id="67" goal_id="98"/>
  <agent start_id="198" goal_id="126"/>
  <agent start_id="88" goal_id="65"/>
  <agent start_id="98" goal_id="74"/>
  <agent start_id="25" goal_id="184"/>
  <agent start_id="127" goal_id="83"/>
</root>
