<?xml version="1.0" ?>
<root>
  <agent start_id="13" goal_id="73"/>
  <agent start_id="103" goal_id="173"/>
  <agent start_id="141" goal_id="136"/>
  <agent start_id="157" goal_id="32"/>
  <agent start_id="16" goal_id="127"/>
  <agent start_id="60" goal_id="115"/>
  <agent start_id="30" goal_id="40"/>
  <agent start_id="198" goal_id="17"/>
  <agent start_id="54" goal_id="185"/>
  <agent start_id="38" goal_id="6"/>
  <agent start_id="3" goal_id="116"/>
  <agent start_id="191" goal_id="80"/>
  <agent start_id="102" goal_id="153"/>
  <agent start_id="79" goal_id="102"/>
  <agent start_id="112" goal_id="160"/>
  <agent start_id="65" goal_id="85"/>
  <agent start_id="143" goal_id="97"/>
  <agent start_id="109" goal_id="178"/>
  <agent start_id="58" goal_id="133"/>
  <agent start_id="80" goal_id="99"/>
  <agent start_id="144" goal_id="146"/>
  <agent start_id="41" goal_id="131"/>
  <agent start_id="145" goal_id="75"/>
  <agent start_id="28" goal_id="87"/>
  <agent start_id="137" goal_id="138"/>
  <agent start_id="88" goal_id="100"/>
  <agent start_id="23" goal_id="110"/>
  <agent start_id="196" goal_id="181"/>
  <agent start_id="140" goal_id="18"/>
  <agent start_id="40" goal_id="141"/>
  <agent start_id="76" goal_id="83"/>
  <agent start_id="172" goal_id="172"/>
  <agent start_id="53" goal_id="176"/>
  <agent start_id="155" goal_id="23"/>
  <agent start_id="168" goal_id="155"/>
  <agent start_id="124" goal_id="124"/>
  <agent start_id="138" goal_id="139"/>
  <agent start_id="170" goal_id="21"/>
  <agent start_id="165" goal_id="179"/>
  <agent start_id="97" goal_id="119"/>
  <agent start_id="134" goal_id="195"/>
  <agent start_id="99" goal_id="60"/>
  <agent start_id="114" goal_id="45"/>
  <agent start_id="105" goal_id="170"/>
  <agent start_id="66" goal_id="98"/>
  <agent start_id="0" goal_id="177"/>
  <agent start_id="43" goal_id="171"/>
  <agent start_id="107" goal_id="31"/>
  <agent start_id="131" goal_id="42"/>
  <agent start_id="179" goal_id="36"/>
</root>
