<?xml version="1.0" ?>
<root>
  <agent start_id="9" goal_id="168"/>
  <agent start_id="39" goal_id="20"/>
  <agent start_id="187" goal_id="4"/>
  <agent start_id="190" goal_id="143"/>
  <agent start_id="3" goal_id="175"/>
  <agent start_id="64" goal_id="183"/>
  <agent start_id="184" goal_id="190"/>
  <agent start_id="96" goal_id="10"/>
  <agent start_id="77" goal_id="29"/>
  <agent start_id="148" goal_id="14"/>
  <agent start_id="37" goal_id="71"/>
  <agent start_id="17" goal_id="114"/>
  <agent start_id="74" goal_id="65"/>
  <agent start_id="0" goal_id="59"/>
  <agent start_id="48" goal_id="101"/>
  <agent start_id="34" goal_id="124"/>
  <agent start_id="149" goal_id="95"/>
  <agent start_id="10" goal_id="186"/>
  <agent start_id="133" goal_id="126"/>
  <agent start_id="121" goal_id="109"/>
  <agent start_id="43" goal_id="2"/>
  <agent start_id="15" goal_id="156"/>
  <agent start_id="52" goal_id="60"/>
  <agent start_id="84" goal_id="18"/>
  <agent start_id="90" goal_id="17"/>
  <agent start_id="127" goal_id="184"/>
  <agent start_id="6" goal_id="196"/>
  <agent start_id="159" goal_id="154"/>
  <agent start_id="180" goal_id="105"/>
  <agent start_id="55" goal_id="33"/>
  <agent start_id="89" goal_id="78"/>
  <agent start_id="197" goal_id="132"/>
  <agent start_id="26" goal_id="198"/>
  <agent start_id="117" goal_id="22"/>
  <agent start_id="108" goal_id="35"/>
  <agent start_id="21" goal_id="68"/>
  <agent start_id="50" goal_id="147"/>
  <agent start_id="120" goal_id="153"/>
  <agent start_id="198" goal_id="13"/>
  <agent start_id="118" goal_id="189"/>
  <agent start_id="58" goal_id="96"/>
  <agent start_id="1" goal_id="41"/>
  <agent start_id="132" goal_id="38"/>
  <agent start_id="80" goal_id="81"/>
  <agent start_id="175" goal_id="111"/>
  <agent start_id="128" goal_id="50"/>
  <agent start_id="173" goal_id="63"/>
  <agent start_id="71" goal_id="123"/>
  <agent start_id="145" goal_id="199"/>
  <agent start_id="82" goal_id="92"/>
</root>
