<?xml version="1.0" ?>
<root>
  <agent start_id="197" goal_id="92"/>
  <agent start_id="163" goal_id="55"/>
  <agent start_id="191" goal_id="117"/>
  <agent start_id="48" goal_id="153"/>
  <agent start_id="22" goal_id="112"/>
  <agent start_id="29" goal_id="11"/>
  <agent start_id="169" goal_id="181"/>
  <agent start_id="62" goal_id="99"/>
  <agent start_id="47" goal_id="71"/>
  <agent start_id="77" goal_id="54"/>
  <agent start_id="73" goal_id="27"/>
  <agent start_id="181" goal_id="100"/>
  <agent start_id="64" goal_id="174"/>
  <agent start_id="78" goal_id="39"/>
  <agent start_id="20" goal_id="166"/>
  <agent start_id="83" goal_id="24"/>
  <agent start_id="26" goal_id="165"/>
  <agent start_id="113" goal_id="179"/>
  <agent start_id="178" goal_id="56"/>
  <agent start_id="136" goal_id="173"/>
  <agent start_id="86" goal_id="104"/>
  <agent start_id="112" goal_id="20"/>
  <agent start_id="80" goal_id="8"/>
  <agent start_id="25" goal_id="134"/>
  <agent start_id="54" goal_id="4"/>
  <agent start_id="95" goal_id="67"/>
  <agent start_id="46" goal_id="89"/>
  <agent start_id="21" goal_id="131"/>
  <agent start_id="94" goal_id="91"/>
  <agent start_id="102" goal_id="140"/>
  <agent start_id="35" goal_id="29"/>
  <agent start_id="154" goal_id="50"/>
  <agent start_id="39" goal_id="59"/>
  <agent start_id="124" goal_id="127"/>
  <agent start_id="187" goal_id="132"/>
  <agent start_id="97" goal_id="18"/>
  <agent start_id="156" goal_id="129"/>
  <agent start_id="158" goal_id="115"/>
  <agent start_id="50" goal_id="33"/>
  <agent start_id="103" goal_id="146"/>
  <agent start_id="137" goal_id="168"/>
  <agent start_id="4" goal_id="77"/>
  <agent start_id="43" goal_id="52"/>
  <agent start_id="166" goal_id="137"/>
  <agent start_id="161" goal_id="6"/>
  <agent start_id="37" goal_id="42"/>
  <agent start_id="152" goal_id="139"/>
  <agent start_id="12" goal_id="161"/>
  <agent start_id="75" goal_id="78"/>
  <agent start_id="125" goal_id="106"/>
</root>
