<?xml version="1.0" ?>
<root>
  <agent start_id="120" goal_id="19"/>
  <agent start_id="75" goal_id="149"/>
  <agent start_id="188" goal_id="179"/>
  <agent start_id="164" goal_id="89"/>
  <agent start_id="101" goal_id="11"/>
  <agent start_id="116" goal_id="32"/>
  <agent start_id="158" goal_id="64"/>
  <agent start_id="175" goal_id="103"/>
  <agent start_id="190" goal_id="153"/>
  <agent start_id="177" goal_id="93"/>
  <agent start_id="182" goal_id="83"/>
  <agent start_id="88" goal_id="146"/>
  <agent start_id="118" goal_id="7"/>
  <agent start_id="133" goal_id="60"/>
  <agent start_id="161" goal_id="34"/>
  <agent start_id="140" goal_id="57"/>
  <agent start_id="193" goal_id="55"/>
  <agent start_id="127" goal_id="40"/>
  <agent start_id="7" goal_id="54"/>
  <agent start_id="9" goal_id="53"/>
  <agent start_id="178" goal_id="191"/>
  <agent start_id="56" goal_id="98"/>
  <agent start_id="173" goal_id="45"/>
  <agent start_id="143" goal_id="148"/>
  <agent start_id="141" goal_id="85"/>
  <agent start_id="95" goal_id="70"/>
  <agent start_id="198" goal_id="125"/>
  <agent start_id="150" goal_id="137"/>
  <agent start_id="102" goal_id="170"/>
  <agent start_id="0" goal_id="143"/>
  <agent start_id="105" goal_id="119"/>
  <agent start_id="107" goal_id="108"/>
  <agent start_id="184" goal_id="135"/>
  <agent start_id="12" goal_id="163"/>
  <agent start_id="47" goal_id="173"/>
  <agent start_id="90" goal_id="82"/>
  <agent start_id="114" goal_id="56"/>
  <agent start_id="49" goal_id="77"/>
  <agent start_id="30" goal_id="51"/>
  <agent start_id="61" goal_id="145"/>
  <agent start_id="63" goal_id="184"/>
  <agent start_id="84" goal_id="187"/>
  <agent start_id="92" goal_id="28"/>
  <agent start_id="53" goal_id="134"/>
  <agent start_id="132" goal_id="178"/>
  <agent start_id="111" goal_id="21"/>
  <agent start_id="180" goal_id="44"/>
  <agent start_id="23" goal_id="127"/>
  <agent start_id="172" goal_id="4"/>
  <agent start_id="28" goal_id="117"/>
</root>
