<?xml version="1.0" ?>
<root>
  <agent start_id="5" goal_id="103"/>
  <agent start_id="177" goal_id="120"/>
  <agent start_id="136" goal_id="159"/>
  <agent start_id="88" goal_id="114"/>
  <agent start_id="42" goal_id="176"/>
  <agent start_id="85" goal_id="71"/>
  <agent start_id="71" goal_id="20"/>
  <agent start_id="142" goal_id="195"/>
  <agent start_id="32" goal_id="43"/>
  <agent start_id="97" goal_id="191"/>
  <agent start_id="29" goal_id="157"/>
  <agent start_id="193" goal_id="190"/>
  <agent start_id="187" goal_id="49"/>
  <agent start_id="168" goal_id="31"/>
  <agent start_id="123" goal_id="59"/>
  <agent start_id="60" goal_id="54"/>
  <agent start_id="112" goal_id="136"/>
  <agent start_id="10" goal_id="160"/>
  <agent start_id="120" goal_id="123"/>
  <agent start_id="158" goal_id="36"/>
  <agent start_id="52" goal_id="26"/>
  <agent start_id="186" goal_id="150"/>
  <agent start_id="3" goal_id="111"/>
  <agent start_id="128" goal_id="68"/>
  <agent start_id="132" goal_id="165"/>
  <agent start_id="74" goal_id="164"/>
  <agent start_id="173" goal_id="45"/>
  <agent start_id="156" goal_id="199"/>
  <agent start_id="114" goal_id="188"/>
  <agent start_id="141" goal_id="140"/>
  <agent start_id="160" goal_id="149"/>
  <agent start_id="96" goal_id="0"/>
  <agent start_id="192" goal_id="47"/>
  <agent start_id="54" goal_id="99"/>
  <agent start_id="59" goal_id="33"/>
  <agent start_id="140" goal_id="133"/>
  <agent start_id="154" goal_id="32"/>
  <agent start_id="69" goal_id="85"/>
  <agent start_id="47" goal_id="7"/>
  <agent start_id="72" goal_id="42"/>
  <agent start_id="0" goal_id="163"/>
  <agent start_id="188" goal_id="2"/>
  <agent start_id="79" goal_id="112"/>
  <agent start_id="100" goal_id="106"/>
  <agent start_id="11" goal_id="40"/>
  <agent start_id="137" goal_id="170"/>
  <agent start_id="16" goal_id="87"/>
  <agent start_id="171" goal_id="8"/>
  <agent start_id="118" goal_id="108"/>
  <agent start_id="146" goal_id="124"/>
</root>
