<?xml version="1.0" ?>
<root>
  <agent start_id="59" goal_id="67"/>
  <agent start_id="95" goal_id="95"/>
  <agent start_id="125" goal_id="174"/>
  <agent start_id="46" goal_id="177"/>
  <agent start_id="14" goal_id="113"/>
  <agent start_id="97" goal_id="115"/>
  <agent start_id="27" goal_id="182"/>
  <agent start_id="191" goal_id="77"/>
  <agent start_id="61" goal_id="123"/>
  <agent start_id="193" goal_id="167"/>
  <agent start_id="119" goal_id="152"/>
  <agent start_id="49" goal_id="85"/>
  <agent start_id="152" goal_id="41"/>
  <agent start_id="136" goal_id="21"/>
  <agent start_id="22" goal_id="0"/>
  <agent start_id="137" goal_id="155"/>
  <agent start_id="110" goal_id="83"/>
  <agent start_id="24" goal_id="38"/>
  <agent start_id="12" goal_id="46"/>
  <agent start_id="103" goal_id="111"/>
  <agent start_id="197" goal_id="78"/>
  <agent start_id="114" goal_id="23"/>
  <agent start_id="77" goal_id="16"/>
  <agent start_id="188" goal_id="156"/>
  <agent start_id="55" goal_id="37"/>
  <agent start_id="126" goal_id="126"/>
  <agent start_id="151" goal_id="187"/>
  <agent start_id="40" goal_id="6"/>
  <agent start_id="177" goal_id="56"/>
  <agent start_id="148" goal_id="81"/>
  <agent start_id="194" goal_id="144"/>
  <agent start_id="135" goal_id="136"/>
  <agent start_id="105" goal_id="19"/>
  <agent start_id="161" goal_id="142"/>
  <agent start_id="185" goal_id="48"/>
  <agent start_id="144" goal_id="64"/>
  <agent start_id="179" goal_id="150"/>
  <agent start_id="54" goal_id="25"/>
  <agent start_id="79" goal_id="66"/>
  <agent start_id="45" goal_id="119"/>
  <agent start_id="42" goal_id="183"/>
  <agent start_id="134" goal_id="110"/>
  <agent start_id="9" goal_id="198"/>
  <agent start_id="116" goal_id="101"/>
  <agent start_id="131" goal_id="146"/>
  <agent start_id="173" goal_id="158"/>
  <agent start_id="73" goal_id="104"/>
  <agent start_id="145" goal_id="179"/>
  <agent start_id="47" goal_id="139"/>
  <agent start_id="43" goal_id="184"/>
</root>
