<?xml version="1.0" ?>
<root>
  <agent start_id="116" goal_id="62"/>
  <agent start_id="183" goal_id="155"/>
  <agent start_id="80" goal_id="81"/>
  <agent start_id="30" goal_id="61"/>
  <agent start_id="53" goal_id="69"/>
  <agent start_id="141" goal_id="48"/>
  <agent start_id="7" goal_id="55"/>
  <agent start_id="46" goal_id="116"/>
  <agent start_id="62" goal_id="149"/>
  <agent start_id="111" goal_id="70"/>
  <agent start_id="113" goal_id="60"/>
  <agent start_id="26" goal_id="190"/>
  <agent start_id="75" goal_id="54"/>
  <agent start_id="101" goal_id="85"/>
  <agent start_id="78" goal_id="143"/>
  <agent start_id="28" goal_id="167"/>
  <agent start_id="0" goal_id="182"/>
  <agent start_id="92" goal_id="22"/>
  <agent start_id="149" goal_id="122"/>
  <agent start_id="123" goal_id="4"/>
  <agent start_id="196" goal_id="35"/>
  <agent start_id="20" goal_id="58"/>
  <agent start_id="24" goal_id="179"/>
  <agent start_id="180" goal_id="104"/>
  <agent start_id="13" goal_id="87"/>
  <agent start_id="131" goal_id="97"/>
  <agent start_id="66" goal_id="93"/>
  <agent start_id="139" goal_id="138"/>
  <agent start_id="86" goal_id="121"/>
  <agent start_id="135" goal_id="145"/>
  <agent start_id="108" goal_id="140"/>
  <agent start_id="151" goal_id="18"/>
  <agent start_id="109" goal_id="51"/>
  <agent start_id="54" goal_id="37"/>
  <agent start_id="81" goal_id="192"/>
  <agent start_id="137" goal_id="188"/>
  <agent start_id="184" goal_id="110"/>
  <agent start_id="70" goal_id="21"/>
  <agent start_id="162" goal_id="137"/>
  <agent start_id="161" goal_id="178"/>
  <agent start_id="194" goal_id="112"/>
  <agent start_id="154" goal_id="173"/>
  <agent start_id="142" goal_id="96"/>
  <agent start_id="105" goal_id="68"/>
  <agent start_id="22" goal_id="99"/>
  <agent start_id="68" goal_id="150"/>
  <agent start_id="79" goal_id="86"/>
  <agent start_id="130" goal_id="24"/>
  <agent start_id="177" goal_id="111"/>
  <agent start_id="125" goal_id="196"/>
</root>
