<?xml version="1.0" ?>
<root>
  <agent start_id="186" goal_id="57"/>
  <agent start_id="185" goal_id="136"/>
  <agent start_id="84" goal_id="85"/>
  <agent start_id="28" goal_id="109"/>
  <agent start_id="100" goal_id="5"/>
  <agent start_id="77" goal_id="48"/>
  <agent start_id="56" goal_id="90"/>
  <agent start_id="10" goal_id="59"/>
  <agent start_id="160" goal_id="199"/>
  <agent start_id="38" goal_id="61"/>
  <agent start_id="101" goal_id="28"/>
  <agent start_id="81" goal_id="46"/>
  <agent start_id="75" goal_id="159"/>
  <agent start_id="157" goal_id="161"/>
  <agent start_id="154" goal_id="137"/>
  <agent start_id="192" goal_id="134"/>
  <agent start_id="25" goal_id="162"/>
  <agent start_id="198" goal_id="168"/>
  <agent start_id="35" goal_id="99"/>
  <agent start_id="59" goal_id="181"/>
  <agent start_id="13" goal_id="195"/>
  <agent start_id="143" goal_id="145"/>
  <agent start_id="72" goal_id="35"/>
  <agent start_id="128" goal_id="44"/>
  <agent start_id="118" goal_id="10"/>
  <agent start_id="68" goal_id="33"/>
  <agent start_id="105" goal_id="187"/>
  <agent start_id="163" goal_id="6"/>
  <agent start_id="65" goal_id="55"/>
  <agent start_id="97" goal_id="91"/>
  <agent start_id="126" goal_id="19"/>
  <agent start_id="0" goal_id="114"/>
  <agent start_id="6" goal_id="51"/>
  <agent start_id="167" goal_id="45"/>
  <agent start_id="196" goal_id="188"/>
  <agent start_id="37" goal_id="54"/>
  <agent start_id="91" goal_id="146"/>
  <agent start_id="182" goal_id="163"/>
  <agent start_id="12" goal_id="106"/>
  <agent start_id="109" goal_id="20"/>
  <agent start_id="142" goal_id="198"/>
  <agent start_id="119" goal_id="125"/>
  <agent start_id="43" goal_id="3"/>
  <agent start_id="149" goal_id="174"/>
  <agent start_id="61" goal_id="38"/>
  <agent start_id="60" goal_id="149"/>
  <agent start_id="187" goal_id="193"/>
  <agent start_id="189" goal_id="155"/>
  <agent start_id="49" goal_id="88"/>
  <agent start_id="144" goal_id="40"/>
</root>
