<?xml version="1.0" ?>
<root>
  <agent start_id="47" goal_id="40"/>
  <agent start_id="113" goal_id="16"/>
  <agent start_id="23" goal_id="178"/>
  <agent start_id="168" goal_id="85"/>
  <agent start_id="114" goal_id="90"/>
  <agent start_id="36" goal_id="134"/>
  <agent start_id="75" goal_id="188"/>
  <agent start_id="4" goal_id="5"/>
  <agent start_id="59" goal_id="63"/>
  <agent start_id="135" goal_id="31"/>
  <agent start_id="6" goal_id="139"/>
  <agent start_id="14" goal_id="128"/>
  <agent start_id="41" goal_id="71"/>
  <agent start_id="123" goal_id="72"/>
  <agent start_id="35" goal_id="171"/>
  <agent start_id="86" goal_id="56"/>
  <agent start_id="89" goal_id="143"/>
  <agent start_id="82" goal_id="22"/>
  <agent start_id="198" goal_id="99"/>
  <agent start_id="107" goal_id="184"/>
  <agent start_id="106" goal_id="166"/>
  <agent start_id="16" goal_id="0"/>
  <agent start_id="10" goal_id="164"/>
  <agent start_id="150" goal_id="179"/>
  <agent start_id="28" goal_id="94"/>
  <agent start_id="196" goal_id="142"/>
  <agent start_id="141" goal_id="129"/>
  <agent start_id="182" goal_id="38"/>
  <agent start_id="133" goal_id="32"/>
  <agent start_id="109" goal_id="45"/>
  <agent start_id="127" goal_id="177"/>
  <agent start_id="118" goal_id="157"/>
  <agent start_id="12" goal_id="96"/>
  <agent start_id="44" goal_id="163"/>
  <agent start_id="108" goal_id="105"/>
  <agent start_id="95" goal_id="28"/>
  <agent start_id="162" goal_id="54"/>
  <agent start_id="55" goal_id="136"/>
  <agent start_id="129" goal_id="52"/>
  <agent start_id="60" goal_id="107"/>
  <agent start_id="132" goal_id="47"/>
  <agent start_id="105" goal_id="153"/>
  <agent start_id="160" goal_id="187"/>
  <agent start_id="159" goal_id="198"/>
  <agent start_id="77" goal_id="58"/>
  <agent start_id="20" goal_id="109"/>
  <agent start_id="179" goal_id="88"/>
  <agent start_id="185" goal_id="196"/>
  <agent start_id="110" goal_id="191"/>
  <agent start_id="45" goal_id="84"/>
</root>
