<?xml version="1.0" ?>
<root>
  <agent start_id="116" goal_id="123"/>
  <agent start_id="47" goal_id="67"/>
  <agent start_id="72" goal_id="62"/>
  <agent start_id="62" goal_id="117"/>
  <agent start_id="88" goal_id="84"/>
  <agent start_id="164" goal_id="114"/>
  <agent start_id="149" goal_id="97"/>
  <agent start_id="1" goal_id="52"/>
  <agent start_id="90" goal_id="40"/>
  <agent start_id="34" goal_id="58"/>
  <agent start_id="66" goal_id="109"/>
  <agent start_id="81" goal_id="45"/>
  <agent start_id="169" goal_id="112"/>
  <agent start_id="27" goal_id="142"/>
  <agent start_id="86" goal_id="86"/>
  <agent start_id="174" goal_id="15"/>
  <agent start_id="61" goal_id="32"/>
  <agent start_id="120" goal_id="126"/>
  <agent start_id="143" goal_id="70"/>
  <agent start_id="193" goal_id="188"/>
  <agent start_id="128" goal_id="72"/>
  <agent start_id="131" goal_id="185"/>
  <agent start_id="33" goal_id="177"/>
  <agent start_id="76" goal_id="23"/>
  <agent start_id="135" goal_id="65"/>
  <agent start_id="185" goal_id="158"/>
  <agent start_id="170" goal_id="196"/>
  <agent start_id="17" goal_id="194"/>
  <agent start_id="45" goal_id="190"/>
  <agent start_id="105" goal_id="50"/>
  <agent start_id="78" goal_id="53"/>
  <agent start_id="104" goal_id="17"/>
  <agent start_id="134" goal_id="2"/>
  <agent start_id="24" goal_id="93"/>
  <agent start_id="20" goal_id="75"/>
  <agent start_id="37" goal_id="66"/>
  <agent start_id="71" goal_id="134"/>
  <agent start_id="126" goal_id="124"/>
  <agent start_id="60" goal_id="18"/>
  <agent start_id="168" goal_id="187"/>
  <agent start_id="118" goal_id="9"/>
  <agent start_id="55" goal_id="1"/>
  <agent start_id="84" goal_id="172"/>
  <agent start_id="14" goal_id="20"/>
  <agent start_id="77" goal_id="163"/>
  <agent start_id="158" goal_id="132"/>
  <agent start_id="186" goal_id="29"/>
  <agent start_id="112" goal_id="197"/>
  <agent start_id="67" goal_id="49"/>
  <agent start_id="161" goal_id="81"/>
</root>
