<?xml version="1.0" ?>
<root>
  <agent start_id="132" goal_id="140"/>
  <agent start_id="26" goal_id="138"/>
  <agent start_id="150" goal_id="31"/>
  <agent start_id="164" goal_id="27"/>
  <agent start_id="114" goal_id="92"/>
  <agent start_id="183" goal_id="74"/>
  <agent start_id="32" goal_id="59"/>
  <agent start_id="2" goal_id="77"/>
  <agent start_id="86" goal_id="171"/>
  <agent start_id="189" goal_id="86"/>
  <agent start_id="52" goal_id="135"/>
  <agent start_id="133" goal_id="6"/>
  <agent start_id="59" goal_id="188"/>
  <agent start_id="174" goal_id="175"/>
  <agent start_id="11" goal_id="131"/>
  <agent start_id="92" goal_id="113"/>
  <agent start_id="170" goal_id="178"/>
  <agent start_id="125" goal_id="107"/>
  <agent start_id="197" goal_id="37"/>
  <agent start_id="141" goal_id="3"/>
  <agent start_id="47" goal_id="192"/>
  <agent start_id="85" goal_id="84"/>
  <agent start_id="38" goal_id="26"/>
  <agent start_id="128" goal_id="67"/>
  <agent start_id="13" goal_id="173"/>
  <agent start_id="135" goal_id="72"/>
  <agent start_id="178" goal_id="10"/>
  <agent start_id="31" goal_id="109"/>
  <agent start_id="110" goal_id="15"/>
  <agent start_id="161" goal_id="184"/>
  <agent start_id="75" goal_id="90"/>
  <agent start_id="137" goal_id="55"/>
  <agent start_id="94" goal_id="199"/>
  <agent start_id="167" goal_id="126"/>
  <agent start_id="7" goal_id="53"/>
  <agent start_id="140" goal_id="82"/>
  <agent start_id="195" goal_id="62"/>
  <agent start_id="19" goal_id="142"/>
  <agent start_id="142" goal_id="180"/>
  <agent start_id="101" goal_id="5"/>
  <agent start_id="58" goal_id="127"/>
  <agent start_id="72" goal_id="104"/>
  <agent start_id="146" goal_id="46"/>
  <agent start_id="191" goal_id="33"/>
  <agent start_id="77" goal_id="13"/>
  <agent start_id="84" goal_id="102"/>
  <agent start_id="8" goal_id="1"/>
  <agent start_id="40" goal_id="183"/>
  <agent start_id="113" goal_id="93"/>
  <agent start_id="16" goal_id="105"/>
</root>
