<?xml version="1.0" ?>
<root>
  <agent start_id="66" goal_id="164"/>
  <agent start_id="133" goal_id="92"/>
  <agent start_id="187" goal_id="185"/>
  <agent start_id="137" goal_id="162"/>
  <agent start_id="31" goal_id="43"/>
  <agent start_id="158" goal_id="170"/>
  <agent start_id="28" goal_id="168"/>
  <agent start_id="199" goal_id="96"/>
  <agent start_id="77" goal_id="107"/>
  <agent start_id="193" goal_id="29"/>
  <agent start_id="185" goal_id="18"/>
  <agent start_id="120" goal_id="159"/>
  <agent start_id="14" goal_id="11"/>
  <agent start_id="43" goal_id="8"/>
  <agent start_id="84" goal_id="150"/>
  <agent start_id="95" goal_id="97"/>
  <agent start_id="20" goal_id="33"/>
  <agent start_id="34" goal_id="129"/>
  <agent start_id="122" goal_id="140"/>
  <agent start_id="33" goal_id="78"/>
  <agent start_id="166" goal_id="133"/>
  <agent start_id="111" goal_id="157"/>
  <agent start_id="104" goal_id="77"/>
  <agent start_id="71" goal_id="20"/>
  <agent start_id="163" goal_id="30"/>
  <agent start_id="82" goal_id="58"/>
  <agent start_id="160" goal_id="161"/>
  <agent start_id="115" goal_id="147"/>
  <agent start_id="126" goal_id="114"/>
  <agent start_id="47" goal_id="9"/>
  <agent start_id="165" goal_id="14"/>
  <agent start_id="147" goal_id="192"/>
  <agent start_id="173" goal_id="134"/>
  <agent start_id="174" goal_id="139"/>
  <agent start_id="141" goal_id="27"/>
  <agent start_id="194" goal_id="178"/>
  <agent start_id="186" goal_id="122"/>
  <agent start_id="172" goal_id="51"/>
  <agent start_id="16" goal_id="125"/>
  <agent start_id="155" goal_id="188"/>
  <agent start_id="61" goal_id="89"/>
  <agent start_id="52" goal_id="183"/>
  <agent start_id="91" goal_id="35"/>
  <agent start_id="108" goal_id="156"/>
  <agent start_id="72" goal_id="137"/>
  <agent start_id="119" goal_id="17"/>
  <agent start_id="27" goal_id="111"/>
  <agent start_id="129" goal_id="60"/>
  <agent start_id="131" goal_id="160"/>
  <agent start_id="25" goal_id="194"/>
</root>
