<?xml version="1.0" ?>
<root>
  <agent start_id="87" goal_id="146"/>
  <agent start_id="16" goal_id="137"/>
  <agent start_id="151" goal_id="69"/>
  <agent start_id="120" goal_id="73"/>
  <agent start_id="171" goal_id="14"/>
  <agent start_id="139" goal_id="56"/>
  <agent start_id="9" goal_id="76"/>
  <agent start_id="3" goal_id="147"/>
  <agent start_id="84" goal_id="140"/>
  <agent start_id="38" goal_id="192"/>
  <agent start_id="105" goal_id="46"/>
  <agent start_id="81" goal_id="12"/>
  <agent start_id="48" goal_id="128"/>
  <agent start_id="145" goal_id="8"/>
  <agent start_id="35" goal_id="79"/>
  <agent start_id="94" goal_id="6"/>
  <agent start_id="92" goal_id="75"/>
  <agent start_id="0" goal_id="169"/>
  <agent start_id="183" goal_id="85"/>
  <agent start_id="111" goal_id="0"/>
  <agent start_id="156" goal_id="61"/>
  <agent start_id="12" goal_id="117"/>
  <agent start_id="194" goal_id="86"/>
  <agent start_id="117" goal_id="55"/>
  <agent start_id="114" goal_id="66"/>
  <agent start_id="41" goal_id="180"/>
  <agent start_id="168" goal_id="123"/>
  <agent start_id="172" goal_id="181"/>
  <agent start_id="98" goal_id="193"/>
  <agent start_id="33" goal_id="47"/>
  <agent start_id="164" goal_id="53"/>
  <agent start_id="193" goal_id="57"/>
  <agent start_id="106" goal_id="71"/>
  <agent start_id="179" goal_id="199"/>
  <agent start_id="45" goal_id="10"/>
  <agent start_id="47" goal_id="52"/>
  <agent start_id="7" goal_id="119"/>
  <agent start_id="144" goal_id="195"/>
  <agent start_id="71" goal_id="114"/>
  <agent start_id="177" goal_id="174"/>
  <agent start_id="181" goal_id="80"/>
  <agent start_id="121" goal_id="171"/>
  <agent start_id="169" goal_id="19"/>
  <agent start_id="73" goal_id="2"/>
  <agent start_id="29" goal_id="101"/>
  <agent start_id="50" goal_id="148"/>
  <agent start_id="54" goal_id="92"/>
  <agent start_id="127" goal_id="26"/>
  <agent start_id="102" goal_id="15"/>
  <agent start_id="99" goal_id="68"/>
</root>
