<?xml version="1.0" ?>
<root>
  <agent start_id="199" goal_id="30"/>
  <agent start_id="12" goal_id="98"/>
  <agent start_id="20" goal_id="92"/>
  <agent start_id="81" goal_id="101"/>
  <agent start_id="3" goal_id="39"/>
  <agent start_id="144" goal_id="182"/>
  <agent start_id="136" goal_id="15"/>
  <agent start_id="143" goal_id="32"/>
  <agent start_id="164" goal_id="70"/>
  <agent start_id="58" goal_id="90"/>
  <agent start_id="172" goal_id="67"/>
  <agent start_id="190" goal_id="154"/>
  <agent start_id="45" goal_id="166"/>
  <agent start_id="57" goal_id="45"/>
  <agent start_id="152" goal_id="75"/>
  <agent start_id="189" goal_id="71"/>
  <agent start_id="37" goal_id="177"/>
  <agent start_id="159" goal_id="168"/>
  <agent start_id="128" goal_id="5"/>
  <agent start_id="98" goal_id="85"/>
  <agent start_id="43" goal_id="96"/>
  <agent start_id="48" goal_id="61"/>
  <agent start_id="153" goal_id="186"/>
  <agent start_id="91" goal_id="8"/>
  <agent start_id="122" goal_id="196"/>
  <agent start_id="59" goal_id="27"/>
  <agent start_id="70" goal_id="63"/>
  <agent start_id="28" goal_id="199"/>
  <agent start_id="162" goal_id="84"/>
  <agent start_id="196" goal_id="52"/>
  <agent start_id="6" goal_id="49"/>
  <agent start_id="31" goal_id="172"/>
  <agent start_id="161" goal_id="133"/>
  <agent start_id="40" goal_id="94"/>
  <agent start_id="150" goal_id="20"/>
  <agent start_id="32" goal_id="161"/>
  <agent start_id="77" goal_id="151"/>
  <agent start_id="168" goal_id="3"/>
  <agent start_id="71" goal_id="142"/>
  <agent start_id="180" goal_id="88"/>
  <agent start_id="41" goal_id="65"/>
  <agent start_id="24" goal_id="100"/>
  <agent start_id="114" goal_id="155"/>
  <agent start_id="115" goal_id="115"/>
  <agent start_id="133" goal_id="162"/>
  <agent start_id="140" goal_id="116"/>
  <agent start_id="35" goal_id="54"/>
  <agent start_id="23" goal_id="9"/>
  <agent start_id="147" goal_id="81"/>
  <agent start_id="96" goal_id="107"/>
</root>
