<?xml version="1.0" ?>
<root>
  <agent start_id="18" goal_id="14"/>
  <agent start_id="12" goal_id="183"/>
  <agent start_id="157" goal_id="95"/>
  <agent start_id="102" goal_id="11"/>
  <agent start_id="29" goal_id="21"/>
  <agent start_id="106" goal_id="102"/>
  <agent start_id="17" goal_id="189"/>
  <agent start_id="71" goal_id="56"/>
  <agent start_id="173" goal_id="8"/>
  <agent start_id="176" goal_id="113"/>
  <agent start_id="58" goal_id="0"/>
  <agent start_id="50" goal_id="61"/>
  <agent start_id="33" goal_id="23"/>
  <agent start_id="16" goal_id="164"/>
  <agent start_id="180" goal_id="34"/>
  <agent start_id="147" goal_id="27"/>
  <agent start_id="169" goal_id="31"/>
  <agent start_id="112" goal_id="168"/>
  <agent start_id="66" goal_id="24"/>
  <agent start_id="199" goal_id="92"/>
  <agent start_id="85" goal_id="87"/>
  <agent start_id="164" goal_id="159"/>
  <agent start_id="90" goal_id="181"/>
  <agent start_id="174" goal_id="12"/>
  <agent start_id="26" goal_id="71"/>
  <agent start_id="137" goal_id="105"/>
  <agent start_id="41" goal_id="141"/>
  <agent start_id="35" goal_id="149"/>
  <agent start_id="96" goal_id="118"/>
  <agent start_id="69" goal_id="174"/>
  <agent start_id="131" goal_id="54"/>
  <agent start_id="100" goal_id="18"/>
  <agent start_id="182" goal_id="116"/>
  <agent start_id="73" goal_id="83"/>
  <agent start_id="184" goal_id="156"/>
  <agent start_id="141" goal_id="148"/>
  <agent start_id="171" goal_id="104"/>
  <agent start_id="187" goal_id="73"/>
  <agent start_id="57" goal_id="144"/>
  <agent start_id="134" goal_id="69"/>
  <agent start_id="51" goal_id="166"/>
  <agent start_id="148" goal_id="5"/>
  <agent start_id="196" goal_id="186"/>
  <agent start_id="38" goal_id="98"/>
  <agent start_id="139" goal_id="191"/>
  <agent start_id="43" goal_id="196"/>
  <agent start_id="144" goal_id="15"/>
  <agent start_id="119" goal_id="110"/>
  <agent start_id="153" goal_id="41"/>
  <agent start_id="128" goal_id="142"/>
</root>
