<?xml version="1.0" ?>
<root>
  <agent start_id="36" goal_id="136"/>
  <agent start_id="74" goal_id="177"/>
  <agent start_id="123" goal_id="100"/>
  <agent start_id="19" goal_id="120"/>
  <agent start_id="119" goal_id="40"/>
  <agent start_id="6" goal_id="26"/>
  <agent start_id="169" goal_id="164"/>
  <agent start_id="100" goal_id="27"/>
  <agent start_id="2" goal_id="163"/>
  <agent start_id="182" goal_id="199"/>
  <agent start_id="121" goal_id="66"/>
  <agent start_id="45" goal_id="107"/>
  <agent start_id="87" goal_id="181"/>
  <agent start_id="111" goal_id="189"/>
  <agent start_id="34" goal_id="104"/>
  <agent start_id="158" goal_id="49"/>
  <agent start_id="58" goal_id="172"/>
  <agent start_id="191" goal_id="179"/>
  <agent start_id="186" goal_id="90"/>
  <agent start_id="177" goal_id="110"/>
  <agent start_id="85" goal_id="186"/>
  <agent start_id="162" goal_id="33"/>
  <agent start_id="157" goal_id="171"/>
  <agent start_id="196" goal_id="0"/>
  <agent start_id="113" goal_id="182"/>
  <agent start_id="54" goal_id="139"/>
  <agent start_id="12" goal_id="21"/>
  <agent start_id="193" goal_id="75"/>
  <agent start_id="132" goal_id="82"/>
  <agent start_id="59" goal_id="68"/>
  <agent start_id="114" goal_id="155"/>
  <agent start_id="104" goal_id="88"/>
  <agent start_id="15" goal_id="24"/>
  <agent start_id="148" goal_id="174"/>
  <agent start_id="47" goal_id="93"/>
  <agent start_id="68" goal_id="147"/>
  <agent start_id="91" goal_id="126"/>
  <agent start_id="7" goal_id="150"/>
  <agent start_id="37" goal_id="160"/>
  <agent start_id="108" goal_id="62"/>
  <agent start_id="102" goal_id="8"/>
  <agent start_id="83" goal_id="76"/>
  <agent start_id="173" goal_id="135"/>
  <agent start_id="144" goal_id="73"/>
  <agent start_id="80" goal_id="185"/>
  <agent start_id="155" goal_id="145"/>
  <agent start_id="146" goal_id="152"/>
  <agent start_id="5" goal_id="31"/>
  <agent start_id="174" goal_id="96"/>
  <agent start_id="198" goal_id="30"/>
</root>
