<?xml version="1.0" ?>
<root>
  <agent start_id="171" goal_id="154"/>
  <agent start_id="2" goal_id="175"/>
  <agent start_id="152" goal_id="195"/>
  <agent start_id="70" goal_id="39"/>
  <agent start_id="81" goal_id="89"/>
  <agent start_id="194" goal_id="79"/>
  <agent start_id="87" goal_id="36"/>
  <agent start_id="122" goal_id="27"/>
  <agent start_id="175" goal_id="122"/>
  <agent start_id="144" goal_id="42"/>
  <agent start_id="89" goal_id="176"/>
  <agent start_id="198" goal_id="159"/>
  <agent start_id="67" goal_id="101"/>
  <agent start_id="197" goal_id="28"/>
  <agent start_id="188" goal_id="130"/>
  <agent start_id="41" goal_id="3"/>
  <agent start_id="181" goal_id="17"/>
  <agent start_id="138" goal_id="181"/>
  <agent start_id="28" goal_id="33"/>
  <agent start_id="120" goal_id="115"/>
  <agent start_id="109" goal_id="104"/>
  <agent start_id="38" goal_id="126"/>
  <agent start_id="75" goal_id="107"/>
  <agent start_id="15" goal_id="186"/>
  <agent start_id="128" goal_id="160"/>
  <agent start_id="17" goal_id="64"/>
  <agent start_id="55" goal_id="38"/>
  <agent start_id="77" goal_id="119"/>
  <agent start_id="139" goal_id="152"/>
  <agent start_id="85" goal_id="123"/>
  <agent start_id="63" goal_id="147"/>
  <agent start_id="156" goal_id="172"/>
  <agent start_id="124" goal_id="110"/>
  <agent start_id="13" goal_id="75"/>
  <agent start_id="102" goal_id="18"/>
  <agent start_id="147" goal_id="161"/>
  <agent start_id="65" goal_id="185"/>
  <agent start_id="134" goal_id="67"/>
  <agent start_id="165" goal_id="92"/>
  <agent start_id="159" goal_id="93"/>
  <agent start_id="99" goal_id="171"/>
  <agent start_id="137" goal_id="157"/>
  <agent start_id="33" goal_id="71"/>
  <agent start_id="149" goal_id="69"/>
  <agent start_id="50" goal_id="132"/>
  <agent start_id="9" goal_id="155"/>
  <agent start_id="92" goal_id="194"/>
  <agent start_id="5" goal_id="22"/>
  <agent start_id="18" goal_id="11"/>
  <agent start_id="46" goal_id="15"/>
</root>
