<?xml version="1.0" ?>
<root>
  <agent start_id="120" goal_id="70"/>
  <agent start_id="4" goal_id="188"/>
  <agent start_id="51" goal_id="67"/>
  <agent start_id="163" goal_id="118"/>
  <agent start_id="96" goal_id="5"/>
  <agent start_id="127" goal_id="142"/>
  <agent start_id="38" goal_id="113"/>
  <agent start_id="108" goal_id="164"/>
  <agent start_id="94" goal_id="127"/>
  <agent start_id="188" goal_id="134"/>
  <agent start_id="161" goal_id="112"/>
  <agent start_id="85" goal_id="140"/>
  <agent start_id="36" goal_id="80"/>
  <agent start_id="128" goal_id="2"/>
  <agent start_id="14" goal_id="76"/>
  <agent start_id="139" goal_id="15"/>
  <agent start_id="182" goal_id="148"/>
  <agent start_id="18" goal_id="71"/>
  <agent start_id="2" goal_id="72"/>
  <agent start_id="113" goal_id="28"/>
  <agent start_id="134" goal_id="83"/>
  <agent start_id="25" goal_id="198"/>
  <agent start_id="144" goal_id="133"/>
  <agent start_id="112" goal_id="50"/>
  <agent start_id="49" goal_id="54"/>
  <agent start_id="65" goal_id="172"/>
  <agent start_id="169" goal_id="95"/>
  <agent start_id="35" goal_id="106"/>
  <agent start_id="50" goal_id="45"/>
  <agent start_id="0" goal_id="98"/>
  <agent start_id="121" goal_id="191"/>
  <agent start_id="87" goal_id="167"/>
  <agent start_id="64" goal_id="40"/>
  <agent start_id="176" goal_id="137"/>
  <agent start_id="136" goal_id="157"/>
  <agent start_id="155" goal_id="94"/>
  <agent start_id="55" goal_id="105"/>
  <agent start_id="190" goal_id="178"/>
  <agent start_id="21" goal_id="18"/>
  <agent start_id="186" goal_id="190"/>
  <agent start_id="103" goal_id="101"/>
  <agent start_id="92" goal_id="51"/>
  <agent start_id="177" goal_id="29"/>
  <agent start_id="126" goal_id="68"/>
  <agent start_id="75" goal_id="108"/>
  <agent start_id="8" goal_id="122"/>
  <agent start_id="165" goal_id="17"/>
  <agent start_id="162" goal_id="130"/>
  <agent start_id="117" goal_id="132"/>
  <agent start_id="192" goal_id="163"/>
</root>
