<?xml version="1.0" ?>
<root>
  <agent start_id="57" goal_id="121"/>
  <agent start_id="74" goal_id="100"/>
  <agent start_id="55" goal_id="17"/>
  <agent start_id="8" goal_id="1"/>
  <agent start_id="174" goal_id="163"/>
  <agent start_id="10" goal_id="194"/>
  <agent start_id="113" goal_id="132"/>
  <agent start_id="21" goal_id="33"/>
  <agent start_id="40" goal_id="192"/>
  <agent start_id="93" goal_id="78"/>
  <agent start_id="192" goal_id="75"/>
  <agent start_id="108" goal_id="167"/>
  <agent start_id="190" goal_id="102"/>
  <agent start_id="127" goal_id="169"/>
  <agent start_id="16" goal_id="171"/>
  <agent start_id="37" goal_id="50"/>
  <agent start_id="144" goal_id="73"/>
  <agent start_id="156" goal_id="5"/>
  <agent start_id="94" goal_id="113"/>
  <agent start_id="170" goal_id="15"/>
  <agent start_id="92" goal_id="101"/>
  <agent start_id="89" goal_id="79"/>
  <agent start_id="178" goal_id="188"/>
  <agent start_id="76" goal_id="112"/>
  <agent start_id="118" goal_id="154"/>
  <agent start_id="176" goal_id="179"/>
  <agent start_id="155" goal_id="18"/>
  <agent start_id="165" goal_id="84"/>
  <agent start_id="3" goal_id="25"/>
  <agent start_id="58" goal_id="42"/>
  <agent start_id="123" goal_id="36"/>
  <agent start_id="6" goal_id="23"/>
  <agent start_id="134" goal_id="156"/>
  <agent start_id="97" goal_id="6"/>
  <agent start_id="46" goal_id="56"/>
  <agent start_id="125" goal_id="165"/>
  <agent start_id="4" goal_id="197"/>
  <agent start_id="107" goal_id="39"/>
  <agent start_id="104" goal_id="118"/>
  <agent start_id="19" goal_id="115"/>
  <agent start_id="148" goal_id="146"/>
  <agent start_id="152" goal_id="181"/>
  <agent start_id="49" goal_id="184"/>
  <agent start_id="132" goal_id="87"/>
  <agent start_id="141" goal_id="190"/>
  <agent start_id="91" goal_id="85"/>
  <agent start_id="101" goal_id="27"/>
  <agent start_id="146" goal_id="124"/>
  <agent start_id="188" goal_id="54"/>
  <agent start_id="140" goal_id="97"/>
</root>
