<?xml version="1.0" ?>
<root>
  <agent start_id="98" goal_id="68"/>
  <agent start_id="55" goal_id="8"/>
  <agent start_id="65" goal_id="176"/>
  <agent start_id="175" goal_id="109"/>
  <agent start_id="8" goal_id="118"/>
  <agent start_id="165" goal_id="107"/>
  <agent start_id="181" goal_id="115"/>
  <agent start_id="70" goal_id="158"/>
  <agent start_id="121" goal_id="12"/>
  <agent start_id="59" goal_id="199"/>
  <agent start_id="102" goal_id="124"/>
  <agent start_id="0" goal_id="196"/>
  <agent start_id="49" goal_id="58"/>
  <agent start_id="46" goal_id="147"/>
  <agent start_id="173" goal_id="188"/>
  <agent start_id="13" goal_id="46"/>
  <agent start_id="188" goal_id="104"/>
  <agent start_id="87" goal_id="183"/>
  <agent start_id="161" goal_id="122"/>
  <agent start_id="92" goal_id="170"/>
  <agent start_id="129" goal_id="80"/>
  <agent start_id="153" goal_id="164"/>
  <agent start_id="4" goal_id="180"/>
  <agent start_id="60" goal_id="34"/>
  <agent start_id="122" goal_id="140"/>
  <agent start_id="81" goal_id="23"/>
  <agent start_id="17" goal_id="7"/>
  <agent start_id="133" goal_id="75"/>
  <agent start_id="130" goal_id="177"/>
  <agent start_id="172" goal_id="64"/>
  <agent start_id="190" goal_id="135"/>
  <agent start_id="150" goal_id="76"/>
  <agent start_id="144" goal_id="96"/>
  <agent start_id="84" goal_id="41"/>
  <agent start_id="7" goal_id="14"/>
  <agent start_id="9" goal_id="155"/>
  <agent start_id="191" goal_id="152"/>
  <agent start_id="162" goal_id="61"/>
  <agent start_id="43" goal_id="162"/>
  <agent start_id="147" goal_id="78"/>
  <agent start_id="196" goal_id="53"/>
  <agent start_id="12" goal_id="51"/>
  <agent start_id="166" goal_id="194"/>
  <agent start_id="93" goal_id="93"/>
  <agent start_id="115" goal_id="47"/>
  <agent start_id="199" goal_id="90"/>
  <agent start_id="38" goal_id="159"/>
  <agent start_id="2" goal_id="0"/>
  <agent start_id="137" goal_id="112"/>
  <agent start_id="182" goal_id="106"/>
</root>
