<?xml version="1.0" ?>
<root>
  <agent start_id="24" goal_id="3"/>
  <agent start_id="38" goal_id="157"/>
  <agent start_id="48" goal_id="190"/>
  <agent start_id="127" goal_id="112"/>
  <agent start_id="23" goal_id="56"/>
  <agent start_id="143" goal_id="129"/>
  <agent start_id="29" goal_id="13"/>
  <agent start_id="195" goal_id="178"/>
  <agent start_id="90" goal_id="147"/>
  <agent start_id="62" goal_id="88"/>
  <agent start_id="79" goal_id="43"/>
  <agent start_id="72" goal_id="175"/>
  <agent start_id="77" goal_id="153"/>
  <agent start_id="17" goal_id="5"/>
  <agent start_id="190" goal_id="72"/>
  <agent start_id="110" goal_id="168"/>
  <agent start_id="151" goal_id="21"/>
  <agent start_id="50" goal_id="60"/>
  <agent start_id="121" goal_id="4"/>
  <agent start_id="176" goal_id="38"/>
  <agent start_id="196" goal_id="142"/>
  <agent start_id="139" goal_id="102"/>
  <agent start_id="104" goal_id="52"/>
  <agent start_id="1" goal_id="67"/>
  <agent start_id="165" goal_id="94"/>
  <agent start_id="86" goal_id="143"/>
  <agent start_id="103" goal_id="177"/>
  <agent start_id="156" goal_id="39"/>
  <agent start_id="75" goal_id="144"/>
  <agent start_id="107" goal_id="146"/>
  <agent start_id="161" goal_id="195"/>
  <agent start_id="198" goal_id="58"/>
  <agent start_id="78" goal_id="110"/>
  <agent start_id="20" goal_id="10"/>
  <agent start_id="155" goal_id="104"/>
  <agent start_id="84" goal_id="100"/>
  <agent start_id="159" goal_id="196"/>
  <agent start_id="132" goal_id="16"/>
  <agent start_id="192" goal_id="186"/>
  <agent start_id="42" goal_id="134"/>
  <agent start_id="166" goal_id="117"/>
  <agent start_id="183" goal_id="118"/>
  <agent start_id="171" goal_id="187"/>
  <agent start_id="32" goal_id="6"/>
  <agent start_id="27" goal_id="40"/>
  <agent start_id="126" goal_id="194"/>
  <agent start_id="26" goal_id="35"/>
  <agent start_id="8" goal_id="50"/>
  <agent start_id="123" goal_id="106"/>
  <agent start_id="80" goal_id="90"/>
</root>
