<?xml version="1.0" ?>
<root>
  <agent start_id="31" goal_id="175"/>
  <agent start_id="16" goal_id="20"/>
  <agent start_id="70" goal_id="124"/>
  <agent start_id="40" goal_id="162"/>
  <agent start_id="168" goal_id="50"/>
  <agent start_id="130" goal_id="169"/>
  <agent start_id="155" goal_id="191"/>
  <agent start_id="49" goal_id="113"/>
  <agent start_id="105" goal_id="149"/>
  <agent start_id="161" goal_id="84"/>
  <agent start_id="150" goal_id="88"/>
  <agent start_id="60" goal_id="26"/>
  <agent start_id="67" goal_id="106"/>
  <agent start_id="3" goal_id="160"/>
  <agent start_id="193" goal_id="77"/>
  <agent start_id="25" goal_id="108"/>
  <agent start_id="195" goal_id="127"/>
  <agent start_id="92" goal_id="62"/>
  <agent start_id="118" goal_id="75"/>
  <agent start_id="66" goal_id="35"/>
  <agent start_id="102" goal_id="18"/>
  <agent start_id="178" goal_id="159"/>
  <agent start_id="39" goal_id="164"/>
  <agent start_id="132" goal_id="4"/>
  <agent start_id="163" goal_id="14"/>
  <agent start_id="115" goal_id="10"/>
  <agent start_id="55" goal_id="92"/>
  <agent start_id="81" goal_id="37"/>
  <agent start_id="180" goal_id="132"/>
  <agent start_id="69" goal_id="91"/>
  <agent start_id="11" goal_id="78"/>
  <agent start_id="71" goal_id="129"/>
  <agent start_id="158" goal_id="47"/>
  <agent start_id="6" goal_id="22"/>
  <agent start_id="46" goal_id="192"/>
  <agent start_id="38" goal_id="120"/>
  <agent start_id="126" goal_id="102"/>
  <agent start_id="94" goal_id="6"/>
  <agent start_id="52" goal_id="158"/>
  <agent start_id="33" goal_id="133"/>
  <agent start_id="45" goal_id="177"/>
  <agent start_id="114" goal_id="161"/>
  <agent start_id="50" goal_id="195"/>
  <agent start_id="144" goal_id="41"/>
  <agent start_id="153" goal_id="119"/>
  <agent start_id="13" goal_id="196"/>
  <agent start_id="186" goal_id="45"/>
  <agent start_id="97" goal_id="83"/>
  <agent start_id="63" goal_id="186"/>
  <agent start_id="0" goal_id="33"/>
</root>
