<?xml version="1.0" ?>
<root>
  <agent start_id="33" goal_id="136"/>
  <agent start_id="9" goal_id="13"/>
  <agent start_id="29" goal_id="88"/>
  <agent start_id="154" goal_id="49"/>
  <agent start_id="20" goal_id="67"/>
  <agent start_id="120" goal_id="102"/>
  <agent start_id="166" goal_id="153"/>
  <agent start_id="28" goal_id="90"/>
  <agent start_id="179" goal_id="9"/>
  <agent start_id="165" goal_id="38"/>
  <agent start_id="118" goal_id="145"/>
  <agent start_id="80" goal_id="85"/>
  <agent start_id="16" goal_id="73"/>
  <agent start_id="124" goal_id="15"/>
  <agent start_id="163" goal_id="194"/>
  <agent start_id="95" goal_id="65"/>
  <agent start_id="99" goal_id="33"/>
  <agent start_id="103" goal_id="1"/>
  <agent start_id="4" goal_id="7"/>
  <agent start_id="184" goal_id="165"/>
  <agent start_id="59" goal_id="120"/>
  <agent start_id="105" goal_id="122"/>
  <agent start_id="45" goal_id="135"/>
  <agent start_id="87" goal_id="186"/>
  <agent start_id="199" goal_id="164"/>
  <agent start_id="150" goal_id="174"/>
  <agent start_id="167" goal_id="171"/>
  <agent start_id="13" goal_id="170"/>
  <agent start_id="144" goal_id="66"/>
  <agent start_id="181" goal_id="55"/>
  <agent start_id="187" goal_id="54"/>
  <agent start_id="69" goal_id="98"/>
  <agent start_id="12" goal_id="197"/>
  <agent start_id="54" goal_id="166"/>
  <agent start_id="153" goal_id="94"/>
  <agent start_id="15" goal_id="68"/>
  <agent start_id="102" goal_id="196"/>
  <agent start_id="123" goal_id="192"/>
  <agent start_id="193" goal_id="14"/>
  <agent start_id="89" goal_id="175"/>
  <agent start_id="129" goal_id="35"/>
  <agent start_id="174" goal_id="150"/>
  <agent start_id="160" goal_id="190"/>
  <agent start_id="155" goal_id="178"/>
  <agent start_id="61" goal_id="132"/>
  <agent start_id="145" goal_id="180"/>
  <agent start_id="73" goal_id="179"/>
  <agent start_id="47" goal_id="117"/>
  <agent start_id="76" goal_id="93"/>
  <agent start_id="96" goal_id="62"/>
</root>
