<?xml version="1.0" ?>
<root>
  <agent start_id="95" goal_id="145"/>
  <agent start_id="96" goal_id="59"/>
  <agent start_id="60" goal_id="53"/>
  <agent start_id="66" goal_id="144"/>
  <agent start_id="143" goal_id="22"/>
  <agent start_id="67" goal_id="71"/>
  <agent start_id="75" goal_id="82"/>
  <agent start_id="58" goal_id="98"/>
  <agent start_id="111" goal_id="103"/>
  <agent start_id="16" goal_id="147"/>
  <agent start_id="64" goal_id="10"/>
  <agent start_id="43" goal_id="159"/>
  <agent start_id="109" goal_id="94"/>
  <agent start_id="14" goal_id="132"/>
  <agent start_id="19" goal_id="160"/>
  <agent start_id="99" goal_id="154"/>
  <agent start_id="89" goal_id="36"/>
  <agent start_id="167" goal_id="193"/>
  <agent start_id="196" goal_id="101"/>
  <agent start_id="22" goal_id="119"/>
  <agent start_id="30" goal_id="183"/>
  <agent start_id="180" goal_id="43"/>
  <agent start_id="126" goal_id="69"/>
  <agent start_id="21" goal_id="46"/>
  <agent start_id="162" goal_id="89"/>
  <agent start_id="38" goal_id="32"/>
  <agent start_id="108" goal_id="129"/>
  <agent start_id="176" goal_id="50"/>
  <agent start_id="165" goal_id="179"/>
  <agent start_id="141" goal_id="170"/>
  <agent start_id="11" goal_id="107"/>
  <agent start_id="78" goal_id="149"/>
  <agent start_id="114" goal_id="152"/>
  <agent start_id="153" goal_id="0"/>
  <agent start_id="169" goal_id="171"/>
  <agent start_id="57" goal_id="181"/>
  <agent start_id="150" goal_id="86"/>
  <agent start_id="10" goal_id="140"/>
  <agent start_id="178" goal_id="72"/>
  <agent start_id="103" goal_id="92"/>
  <agent start_id="127" goal_id="135"/>
  <agent start_id="107" goal_id="115"/>
  <agent start_id="116" goal_id="158"/>
  <agent start_id="49" goal_id="12"/>
  <agent start_id="68" goal_id="136"/>
  <agent start_id="191" goal_id="188"/>
  <agent start_id="54" goal_id="117"/>
  <agent start_id="146" goal_id="13"/>
  <agent start_id="186" goal_id="16"/>
  <agent start_id="179" goal_id="88"/>
</root>
