<?xml version="1.0" ?>
<root>
  <agent start_id="34" goal_id="172"/>
  <agent start_id="126" goal_id="55"/>
  <agent start_id="115" goal_id="198"/>
  <agent start_id="42" goal_id="146"/>
  <agent start_id="104" goal_id="140"/>
  <agent start_id="53" goal_id="137"/>
  <agent start_id="80" goal_id="129"/>
  <agent start_id="166" goal_id="124"/>
  <agent start_id="109" goal_id="12"/>
  <agent start_id="147" goal_id="85"/>
  <agent start_id="50" goal_id="156"/>
  <agent start_id="151" goal_id="194"/>
  <agent start_id="139" goal_id="193"/>
  <agent start_id="187" goal_id="104"/>
  <agent start_id="59" goal_id="139"/>
  <agent start_id="85" goal_id="131"/>
  <agent start_id="20" goal_id="113"/>
  <agent start_id="7" goal_id="84"/>
  <agent start_id="67" goal_id="41"/>
  <agent start_id="6" goal_id="142"/>
  <agent start_id="189" goal_id="121"/>
  <agent start_id="68" goal_id="77"/>
  <agent start_id="193" goal_id="35"/>
  <agent start_id="174" goal_id="59"/>
  <agent start_id="84" goal_id="5"/>
  <agent start_id="155" goal_id="48"/>
  <agent start_id="88" goal_id="52"/>
  <agent start_id="23" goal_id="111"/>
  <agent start_id="145" goal_id="22"/>
  <agent start_id="182" goal_id="45"/>
  <agent start_id="60" goal_id="38"/>
  <agent start_id="69" goal_id="196"/>
  <agent start_id="65" goal_id="71"/>
  <agent start_id="63" goal_id="190"/>
  <agent start_id="199" goal_id="78"/>
  <agent start_id="36" goal_id="69"/>
  <agent start_id="74" goal_id="53"/>
  <agent start_id="198" goal_id="42"/>
  <agent start_id="39" goal_id="150"/>
  <agent start_id="113" goal_id="10"/>
  <agent start_id="46" goal_id="18"/>
  <agent start_id="142" goal_id="65"/>
  <agent start_id="136" goal_id="127"/>
  <agent start_id="38" goal_id="94"/>
  <agent start_id="130" goal_id="50"/>
  <agent start_id="156" goal_id="98"/>
  <agent start_id="17" goal_id="135"/>
  <agent start_id="81" goal_id="118"/>
  <agent start_id="24" goal_id="105"/>
  <agent start_id="141" goal_id="128"/>
</root>
