<?xml version="1.0" ?>
<root>
  <agent start_id="116" goal_id="11"/>
  <agent start_id="121" goal_id="188"/>
  <agent start_id="73" goal_id="75"/>
  <agent start_id="65" goal_id="83"/>
  <agent start_id="72" goal_id="36"/>
  <agent start_id="61" goal_id="183"/>
  <agent start_id="1" goal_id="131"/>
  <agent start_id="77" goal_id="147"/>
  <agent start_id="44" goal_id="115"/>
  <agent start_id="11" goal_id="111"/>
  <agent start_id="126" goal_id="190"/>
  <agent start_id="50" goal_id="152"/>
  <agent start_id="139" goal_id="79"/>
  <agent start_id="15" goal_id="149"/>
  <agent start_id="46" goal_id="30"/>
  <agent start_id="136" goal_id="193"/>
  <agent start_id="103" goal_id="164"/>
  <agent start_id="25" goal_id="64"/>
  <agent start_id="36" goal_id="151"/>
  <agent start_id="144" goal_id="106"/>
  <agent start_id="28" goal_id="6"/>
  <agent start_id="101" goal_id="96"/>
  <agent start_id="153" goal_id="61"/>
  <agent start_id="67" goal_id="103"/>
  <agent start_id="82" goal_id="21"/>
  <agent start_id="182" goal_id="39"/>
  <agent start_id="187" goal_id="159"/>
  <agent start_id="84" goal_id="14"/>
  <agent start_id="131" goal_id="26"/>
  <agent start_id="57" goal_id="113"/>
  <agent start_id="7" goal_id="1"/>
  <agent start_id="41" goal_id="46"/>
  <agent start_id="193" goal_id="154"/>
  <agent start_id="180" goal_id="54"/>
  <agent start_id="120" goal_id="3"/>
  <agent start_id="88" goal_id="196"/>
  <agent start_id="128" goal_id="194"/>
  <agent start_id="149" goal_id="80"/>
  <agent start_id="95" goal_id="146"/>
  <agent start_id="54" goal_id="98"/>
  <agent start_id="142" goal_id="85"/>
  <agent start_id="91" goal_id="107"/>
  <agent start_id="74" goal_id="178"/>
  <agent start_id="145" goal_id="92"/>
  <agent start_id="86" goal_id="134"/>
  <agent start_id="19" goal_id="59"/>
  <agent start_id="138" goal_id="157"/>
  <agent start_id="199" goal_id="124"/>
  <agent start_id="118" goal_id="32"/>
  <agent start_id="27" goal_id="63"/>
</root>
