<?xml version="1.0" ?>
<root>
  <agent start_id="60" goal_id="51"/>
  <agent start_id="108" goal_id="123"/>
  <agent start_id="124" goal_id="173"/>
  <agent start_id="158" goal_id="50"/>
  <agent start_id="140" goal_id="0"/>
  <agent start_id="3" goal_id="149"/>
  <agent start_id="121" goal_id="108"/>
  <agent start_id="119" goal_id="110"/>
  <agent start_id="72" goal_id="97"/>
  <agent start_id="77" goal_id="24"/>
  <agent start_id="175" goal_id="177"/>
  <agent start_id="191" goal_id="61"/>
  <agent start_id="148" goal_id="169"/>
  <agent start_id="163" goal_id="106"/>
  <agent start_id="16" goal_id="4"/>
  <agent start_id="27" goal_id="12"/>
  <agent start_id="135" goal_id="35"/>
  <agent start_id="141" goal_id="63"/>
  <agent start_id="127" goal_id="72"/>
  <agent start_id="112" goal_id="21"/>
  <agent start_id="129" goal_id="23"/>
  <agent start_id="132" goal_id="79"/>
  <agent start_id="66" goal_id="131"/>
  <agent start_id="86" goal_id="81"/>
  <agent start_id="162" goal_id="48"/>
  <agent start_id="64" goal_id="67"/>
  <agent start_id="9" goal_id="134"/>
  <agent start_id="123" goal_id="76"/>
  <agent start_id="48" goal_id="193"/>
  <agent start_id="81" goal_id="102"/>
  <agent start_id="98" goal_id="69"/>
  <agent start_id="184" goal_id="44"/>
  <agent start_id="0" goal_id="78"/>
  <agent start_id="174" goal_id="39"/>
  <agent start_id="114" goal_id="74"/>
  <agent start_id="169" goal_id="181"/>
  <agent start_id="95" goal_id="96"/>
  <agent start_id="13" goal_id="107"/>
  <agent start_id="128" goal_id="192"/>
  <agent start_id="43" goal_id="138"/>
  <agent start_id="15" goal_id="198"/>
  <agent start_id="35" goal_id="162"/>
  <agent start_id="145" goal_id="184"/>
  <agent start_id="31" goal_id="5"/>
  <agent start_id="189" goal_id="185"/>
  <agent start_id="33" goal_id="179"/>
  <agent start_id="176" goal_id="125"/>
  <agent start_id="99" goal_id="82"/>
  <agent start_id="19" goal_id="83"/>
  <agent start_id="117" goal_id="174"/>
</root>
