<?xml version="1.0" ?>
<root>
  <agent start_id="163" goal_id="163"/>
  <agent start_id="104" goal_id="108"/>
  <agent start_id="23" goal_id="86"/>
  <agent start_id="107" goal_id="41"/>
  <agent start_id="83" goal_id="36"/>
  <agent start_id="99" goal_id="186"/>
  <agent start_id="64" goal_id="31"/>
  <agent start_id="100" goal_id="199"/>
  <agent start_id="119" goal_id="110"/>
  <agent start_id="135" goal_id="94"/>
  <agent start_id="61" goal_id="182"/>
  <agent start_id="173" goal_id="193"/>
  <agent start_id="75" goal_id="107"/>
  <agent start_id="180" goal_id="82"/>
  <agent start_id="147" goal_id="9"/>
  <agent start_id="45" goal_id="60"/>
  <agent start_id="110" goal_id="169"/>
  <agent start_id="117" goal_id="67"/>
  <agent start_id="146" goal_id="178"/>
  <agent start_id="76" goal_id="49"/>
  <agent start_id="122" goal_id="54"/>
  <agent start_id="151" goal_id="121"/>
  <agent start_id="165" goal_id="100"/>
  <agent start_id="199" goal_id="80"/>
  <agent start_id="97" goal_id="87"/>
  <agent start_id="82" goal_id="58"/>
  <agent start_id="175" goal_id="84"/>
  <agent start_id="187" goal_id="190"/>
  <agent start_id="80" goal_id="43"/>
  <agent start_id="4" goal_id="128"/>
  <agent start_id="140" goal_id="135"/>
  <agent start_id="12" goal_id="131"/>
  <agent start_id="178" goal_id="24"/>
  <agent start_id="174" goal_id="146"/>
  <agent start_id="60" goal_id="144"/>
  <agent start_id="34" goal_id="64"/>
  <agent start_id="67" goal_id="189"/>
  <agent start_id="52" goal_id="21"/>
  <agent start_id="103" goal_id="125"/>
  <agent start_id="31" goal_id="47"/>
  <agent start_id="72" goal_id="10"/>
  <agent start_id="121" goal_id="150"/>
  <agent start_id="84" goal_id="34"/>
  <agent start_id="39" goal_id="96"/>
  <agent start_id="78" goal_id="90"/>
  <agent start_id="169" goal_id="161"/>
  <agent start_id="138" goal_id="16"/>
  <agent start_id="37" goal_id="18"/>
  <agent start_id="113" goal_id="56"/>
  <agent start_id="96" goal_id="26"/>
</root>
