<?xml version="1.0" ?>
<root>
  <agent start_id="137" goal_id="131"/>
  <agent start_id="108" goal_id="168"/>
  <agent start_id="56" goal_id="5"/>
  <agent start_id="183" goal_id="94"/>
  <agent start_id="195" goal_id="143"/>
  <agent start_id="130" goal_id="154"/>
  <agent start_id="7" goal_id="64"/>
  <agent start_id="189" goal_id="61"/>
  <agent start_id="92" goal_id="71"/>
  <agent start_id="49" goal_id="99"/>
  <agent start_id="149" goal_id="88"/>
  <agent start_id="192" goal_id="141"/>
  <agent start_id="99" goal_id="155"/>
  <agent start_id="95" goal_id="11"/>
  <agent start_id="54" goal_id="104"/>
  <agent start_id="117" goal_id="122"/>
  <agent start_id="156" goal_id="1"/>
  <agent start_id="13" goal_id="84"/>
  <agent start_id="102" goal_id="7"/>
  <agent start_id="101" goal_id="113"/>
  <agent start_id="89" goal_id="52"/>
  <agent start_id="160" goal_id="193"/>
  <agent start_id="166" goal_id="118"/>
  <agent start_id="106" goal_id="182"/>
  <agent start_id="18" goal_id="188"/>
  <agent start_id="38" goal_id="60"/>
  <agent start_id="104" goal_id="86"/>
  <agent start_id="167" goal_id="139"/>
  <agent start_id="36" goal_id="150"/>
  <agent start_id="133" goal_id="81"/>
  <agent start_id="127" goal_id="68"/>
  <agent start_id="45" goal_id="78"/>
  <agent start_id="116" goal_id="187"/>
  <agent start_id="87" goal_id="123"/>
  <agent start_id="48" goal_id="127"/>
  <agent start_id="132" goal_id="59"/>
  <agent start_id="80" goal_id="8"/>
  <agent start_id="11" goal_id="144"/>
  <agent start_id="90" goal_id="27"/>
  <agent start_id="83" goal_id="177"/>
  <agent start_id="176" goal_id="34"/>
  <agent start_id="46" goal_id="20"/>
  <agent start_id="174" goal_id="83"/>
  <agent start_id="96" goal_id="66"/>
  <agent start_id="172" goal_id="162"/>
  <agent start_id="144" goal_id="46"/>
  <agent start_id="126" goal_id="171"/>
  <agent start_id="67" goal_id="54"/>
  <agent start_id="112" goal_id="18"/>
  <agent start_id="24" goal_id="146"/>
</root>
