<?xml version="1.0" ?>
<root>
  <agent start_id="10" goal_id="60"/>
  <agent start_id="121" goal_id="70"/>
  <agent start_id="183" goal_id="114"/>
  <agent start_id="4" goal_id="45"/>
  <agent start_id="57" goal_id="123"/>
  <agent start_id="133" goal_id="141"/>
  <agent start_id="12" goal_id="140"/>
  <agent start_id="55" goal_id="93"/>
  <agent start_id="14" goal_id="7"/>
  <agent start_id="153" goal_id="177"/>
  <agent start_id="131" goal_id="124"/>
  <agent start_id="168" goal_id="77"/>
  <agent start_id="49" goal_id="185"/>
  <agent start_id="56" goal_id="165"/>
  <agent start_id="181" goal_id="23"/>
  <agent start_id="73" goal_id="20"/>
  <agent start_id="46" goal_id="115"/>
  <agent start_id="198" goal_id="34"/>
  <agent start_id="75" goal_id="41"/>
  <agent start_id="148" goal_id="71"/>
  <agent start_id="161" goal_id="133"/>
  <agent start_id="128" goal_id="159"/>
  <agent start_id="166" goal_id="176"/>
  <agent start_id="17" goal_id="17"/>
  <agent start_id="130" goal_id="167"/>
  <agent start_id="29" goal_id="162"/>
  <agent start_id="63" goal_id="18"/>
  <agent start_id="71" goal_id="89"/>
  <agent start_id="35" goal_id="97"/>
  <agent start_id="167" goal_id="170"/>
  <agent start_id="44" goal_id="154"/>
  <agent start_id="97" goal_id="12"/>
  <agent start_id="22" goal_id="96"/>
  <agent start_id="2" goal_id="9"/>
  <agent start_id="18" goal_id="195"/>
  <agent start_id="27" goal_id="131"/>
  <agent start_id="39" goal_id="151"/>
  <agent start_id="33" goal_id="107"/>
  <agent start_id="196" goal_id="67"/>
  <agent start_id="144" goal_id="143"/>
  <agent start_id="157" goal_id="171"/>
  <agent start_id="185" goal_id="178"/>
  <agent start_id="146" goal_id="190"/>
  <agent start_id="137" goal_id="25"/>
  <agent start_id="82" goal_id="182"/>
  <agent start_id="88" goal_id="80"/>
  <agent start_id="135" goal_id="126"/>
  <agent start_id="117" goal_id="102"/>
  <agent start_id="37" goal_id="118"/>
  <agent start_id="188" goal_id="188"/>
</root>
