<?xml version="1.0" ?>
<root>
  <agent start_id="51" goal_id="99"/>
  <agent start_id="197" goal_id="75"/>
  <agent start_id="64" goal_id="48"/>
  <agent start_id="89" goal_id="183"/>
  <agent start_id="110" goal_id="139"/>
  <agent start_id="54" goal_id="175"/>
  <agent start_id="198" goal_id="148"/>
  <agent start_id="50" goal_id="83"/>
  <agent start_id="14" goal_id="152"/>
  <agent start_id="174" goal_id="126"/>
  <agent start_id="149" goal_id="133"/>
  <agent start_id="35" goal_id="67"/>
  <agent start_id="79" goal_id="36"/>
  <agent start_id="172" goal_id="78"/>
  <agent start_id="92" goal_id="49"/>
  <agent start_id="100" goal_id="187"/>
  <agent start_id="114" goal_id="37"/>
  <agent start_id="39" goal_id="150"/>
  <agent start_id="176" goal_id="105"/>
  <agent start_id="33" goal_id="155"/>
  <agent start_id="83" goal_id="96"/>
  <agent start_id="31" goal_id="93"/>
  <agent start_id="107" goal_id="80"/>
  <agent start_id="167" goal_id="185"/>
  <agent start_id="146" goal_id="144"/>
  <agent start_id="70" goal_id="198"/>
  <agent start_id="5" goal_id="156"/>
  <agent start_id="93" goal_id="189"/>
  <agent start_id="57" goal_id="142"/>
  <agent start_id="85" goal_id="127"/>
  <agent start_id="96" goal_id="98"/>
  <agent start_id="25" goal_id="149"/>
  <agent start_id="42" goal_id="173"/>
  <agent start_id="29" goal_id="174"/>
  <agent start_id="66" goal_id="124"/>
  <agent start_id="139" goal_id="16"/>
  <agent start_id="118" goal_id="132"/>
  <agent start_id="162" goal_id="57"/>
  <agent start_id="171" goal_id="109"/>
  <agent start_id="105" goal_id="165"/>
  <agent start_id="133" goal_id="100"/>
  <agent start_id="60" goal_id="65"/>
  <agent start_id="75" goal_id="62"/>
  <agent start_id="0" goal_id="84"/>
  <agent start_id="109" goal_id="43"/>
  <agent start_id="190" goal_id="115"/>
  <agent start_id="116" goal_id="117"/>
  <agent start_id="158" goal_id="71"/>
  <agent start_id="73" goal_id="196"/>
  <agent start_id="188" goal_id="107"/>
</root>
