<?xml version="1.0" ?>
<root>
  <agent start_id="18" goal_id="71"/>
  <agent start_id="85" goal_id="21"/>
  <agent start_id="154" goal_id="130"/>
  <agent start_id="95" goal_id="119"/>
  <agent start_id="8" goal_id="164"/>
  <agent start_id="149" goal_id="5"/>
  <agent start_id="39" goal_id="50"/>
  <agent start_id="6" goal_id="129"/>
  <agent start_id="42" goal_id="44"/>
  <agent start_id="31" goal_id="22"/>
  <agent start_id="125" goal_id="17"/>
  <agent start_id="166" goal_id="92"/>
  <agent start_id="133" goal_id="161"/>
  <agent start_id="159" goal_id="138"/>
  <agent start_id="124" goal_id="152"/>
  <agent start_id="71" goal_id="2"/>
  <agent start_id="9" goal_id="141"/>
  <agent start_id="40" goal_id="105"/>
  <agent start_id="26" goal_id="89"/>
  <agent start_id="108" goal_id="88"/>
  <agent start_id="21" goal_id="174"/>
  <agent start_id="83" goal_id="190"/>
  <agent start_id="187" goal_id="122"/>
  <agent start_id="174" goal_id="9"/>
  <agent start_id="161" goal_id="172"/>
  <agent start_id="45" goal_id="24"/>
  <agent start_id="81" goal_id="63"/>
  <agent start_id="66" goal_id="139"/>
  <agent start_id="182" goal_id="67"/>
  <agent start_id="56" goal_id="168"/>
  <agent start_id="138" goal_id="132"/>
  <agent start_id="91" goal_id="117"/>
  <agent start_id="127" goal_id="182"/>
  <agent start_id="118" goal_id="99"/>
  <agent start_id="29" goal_id="109"/>
  <agent start_id="1" goal_id="70"/>
  <agent start_id="104" goal_id="116"/>
  <agent start_id="67" goal_id="7"/>
  <agent start_id="181" goal_id="16"/>
  <agent start_id="53" goal_id="178"/>
  <agent start_id="4" goal_id="66"/>
  <agent start_id="16" goal_id="35"/>
  <agent start_id="44" goal_id="29"/>
  <agent start_id="64" goal_id="185"/>
  <agent start_id="116" goal_id="93"/>
  <agent start_id="173" goal_id="0"/>
  <agent start_id="198" goal_id="131"/>
  <agent start_id="194" goal_id="32"/>
  <agent start_id="140" goal_id="83"/>
  <agent start_id="117" goal_id="136"/>
</root>
