<?xml version="1.0" ?>
<root>
  <agent start_id="121" goal_id="73"/>
  <agent start_id="197" goal_id="168"/>
  <agent start_id="20" goal_id="87"/>
  <agent start_id="32" goal_id="64"/>
  <agent start_id="52" goal_id="53"/>
  <agent start_id="65" goal_id="145"/>
  <agent start_id="25" goal_id="121"/>
  <agent start_id="74" goal_id="130"/>
  <agent start_id="79" goal_id="197"/>
  <agent start_id="66" goal_id="119"/>
  <agent start_id="54" goal_id="177"/>
  <agent start_id="102" goal_id="191"/>
  <agent start_id="81" goal_id="89"/>
  <agent start_id="166" goal_id="186"/>
  <agent start_id="195" goal_id="24"/>
  <agent start_id="21" goal_id="162"/>
  <agent start_id="150" goal_id="94"/>
  <agent start_id="193" goal_id="129"/>
  <agent start_id="84" goal_id="48"/>
  <agent start_id="56" goal_id="38"/>
  <agent start_id="132" goal_id="190"/>
  <agent start_id="119" goal_id="127"/>
  <agent start_id="136" goal_id="136"/>
  <agent start_id="43" goal_id="137"/>
  <agent start_id="180" goal_id="140"/>
  <agent start_id="124" goal_id="36"/>
  <agent start_id="146" goal_id="1"/>
  <agent start_id="154" goal_id="2"/>
  <agent start_id="164" goal_id="157"/>
  <agent start_id="104" goal_id="10"/>
  <agent start_id="134" goal_id="133"/>
  <agent start_id="90" goal_id="146"/>
  <agent start_id="10" goal_id="7"/>
  <agent start_id="58" goal_id="74"/>
  <agent start_id="30" goal_id="31"/>
  <agent start_id="143" goal_id="164"/>
  <agent start_id="199" goal_id="93"/>
  <agent start_id="24" goal_id="101"/>
  <agent start_id="153" goal_id="66"/>
  <agent start_id="69" goal_id="108"/>
  <agent start_id="7" goal_id="91"/>
  <agent start_id="158" goal_id="63"/>
  <agent start_id="167" goal_id="155"/>
  <agent start_id="75" goal_id="60"/>
  <agent start_id="87" goal_id="103"/>
  <agent start_id="160" goal_id="85"/>
  <agent start_id="101" goal_id="179"/>
  <agent start_id="1" goal_id="55"/>
  <agent start_id="48" goal_id="172"/>
  <agent start_id="22" goal_id="180"/>
</root>
