<?xml version="1.0" ?>
<root>
  <agent start_id="119" goal_id="81"/>
  <agent start_id="166" goal_id="111"/>
  <agent start_id="20" goal_id="128"/>
  <agent start_id="153" goal_id="150"/>
  <agent start_id="132" goal_id="181"/>
  <agent start_id="50" goal_id="166"/>
  <agent start_id="74" goal_id="17"/>
  <agent start_id="158" goal_id="28"/>
  <agent start_id="137" goal_id="190"/>
  <agent start_id="66" goal_id="156"/>
  <agent start_id="174" goal_id="129"/>
  <agent start_id="125" goal_id="9"/>
  <agent start_id="136" goal_id="83"/>
  <agent start_id="19" goal_id="122"/>
  <agent start_id="107" goal_id="148"/>
  <agent start_id="172" goal_id="162"/>
  <agent start_id="31" goal_id="8"/>
  <agent start_id="96" goal_id="22"/>
  <agent start_id="77" goal_id="115"/>
  <agent start_id="27" goal_id="40"/>
  <agent start_id="78" goal_id="174"/>
  <agent start_id="197" goal_id="41"/>
  <agent start_id="59" goal_id="189"/>
  <agent start_id="167" goal_id="104"/>
  <agent start_id="93" goal_id="109"/>
  <agent start_id="126" goal_id="67"/>
  <agent start_id="39" goal_id="99"/>
  <agent start_id="101" goal_id="170"/>
  <agent start_id="15" goal_id="35"/>
  <agent start_id="10" goal_id="113"/>
  <agent start_id="123" goal_id="27"/>
  <agent start_id="82" goal_id="192"/>
  <agent start_id="49" goal_id="133"/>
  <agent start_id="111" goal_id="197"/>
  <agent start_id="141" goal_id="80"/>
  <agent start_id="164" goal_id="114"/>
  <agent start_id="163" goal_id="68"/>
  <agent start_id="108" goal_id="194"/>
  <agent start_id="11" goal_id="141"/>
  <agent start_id="55" goal_id="12"/>
  <agent start_id="149" goal_id="19"/>
  <agent start_id="148" goal_id="140"/>
  <agent start_id="51" goal_id="183"/>
  <agent start_id="28" goal_id="171"/>
  <agent start_id="188" goal_id="49"/>
  <agent start_id="70" goal_id="64"/>
  <agent start_id="187" goal_id="3"/>
  <agent start_id="198" goal_id="151"/>
  <agent start_id="80" goal_id="116"/>
  <agent start_id="134" goal_id="103"/>
</root>
