<?xml version="1.0" ?>
<root>
  <agent start_id="65" goal_id="161"/>
  <agent start_id="32" goal_id="174"/>
  <agent start_id="12" goal_id="11"/>
  <agent start_id="75" goal_id="127"/>
  <agent start_id="121" goal_id="32"/>
  <agent start_id="148" goal_id="83"/>
  <agent start_id="13" goal_id="103"/>
  <agent start_id="179" goal_id="187"/>
  <agent start_id="2" goal_id="48"/>
  <agent start_id="89" goal_id="170"/>
  <agent start_id="117" goal_id="155"/>
  <agent start_id="29" goal_id="125"/>
  <agent start_id="22" goal_id="190"/>
  <agent start_id="24" goal_id="160"/>
  <agent start_id="149" goal_id="186"/>
  <agent start_id="128" goal_id="180"/>
  <agent start_id="21" goal_id="157"/>
  <agent start_id="93" goal_id="93"/>
  <agent start_id="195" goal_id="109"/>
  <agent start_id="184" goal_id="195"/>
  <agent start_id="124" goal_id="79"/>
  <agent start_id="163" goal_id="35"/>
  <agent start_id="18" goal_id="5"/>
  <agent start_id="16" goal_id="129"/>
  <agent start_id="154" goal_id="99"/>
  <agent start_id="191" goal_id="118"/>
  <agent start_id="70" goal_id="158"/>
  <agent start_id="187" goal_id="69"/>
  <agent start_id="59" goal_id="184"/>
  <agent start_id="50" goal_id="188"/>
  <agent start_id="25" goal_id="115"/>
  <agent start_id="120" goal_id="6"/>
  <agent start_id="71" goal_id="177"/>
  <agent start_id="40" goal_id="31"/>
  <agent start_id="186" goal_id="64"/>
  <agent start_id="67" goal_id="76"/>
  <agent start_id="62" goal_id="45"/>
  <agent start_id="127" goal_id="21"/>
  <agent start_id="88" goal_id="2"/>
  <agent start_id="138" goal_id="65"/>
  <agent start_id="188" goal_id="24"/>
  <agent start_id="36" goal_id="43"/>
  <agent start_id="5" goal_id="144"/>
  <agent start_id="56" goal_id="179"/>
  <agent start_id="3" goal_id="42"/>
  <agent start_id="64" goal_id="53"/>
  <agent start_id="162" goal_id="94"/>
  <agent start_id="155" goal_id="135"/>
  <agent start_id="7" goal_id="47"/>
  <agent start_id="82" goal_id="172"/>
</root>
