<?xml version="1.0" ?>
<root>
  <agent start_id="72" goal_id="197"/>
  <agent start_id="14" goal_id="53"/>
  <agent start_id="186" goal_id="11"/>
  <agent start_id="167" goal_id="149"/>
  <agent start_id="113" goal_id="5"/>
  <agent start_id="109" goal_id="17"/>
  <agent start_id="40" goal_id="169"/>
  <agent start_id="107" goal_id="143"/>
  <agent start_id="31" goal_id="122"/>
  <agent start_id="169" goal_id="79"/>
  <agent start_id="100" goal_id="43"/>
  <agent start_id="162" goal_id="171"/>
  <agent start_id="46" goal_id="111"/>
  <agent start_id="24" goal_id="100"/>
  <agent start_id="0" goal_id="71"/>
  <agent start_id="81" goal_id="61"/>
  <agent start_id="21" goal_id="120"/>
  <agent start_id="175" goal_id="107"/>
  <agent start_id="61" goal_id="146"/>
  <agent start_id="134" goal_id="65"/>
  <agent start_id="193" goal_id="102"/>
  <agent start_id="43" goal_id="87"/>
  <agent start_id="145" goal_id="40"/>
  <agent start_id="16" goal_id="30"/>
  <agent start_id="124" goal_id="113"/>
  <agent start_id="188" goal_id="94"/>
  <agent start_id="172" goal_id="21"/>
  <agent start_id="125" goal_id="4"/>
  <agent start_id="13" goal_id="192"/>
  <agent start_id="154" goal_id="116"/>
  <agent start_id="139" goal_id="157"/>
  <agent start_id="183" goal_id="110"/>
  <agent start_id="108" goal_id="3"/>
  <agent start_id="71" goal_id="133"/>
  <agent start_id="76" goal_id="180"/>
  <agent start_id="99" goal_id="22"/>
  <agent start_id="137" goal_id="138"/>
  <agent start_id="83" goal_id="56"/>
  <agent start_id="190" goal_id="37"/>
  <agent start_id="144" goal_id="156"/>
  <agent start_id="37" goal_id="164"/>
  <agent start_id="55" goal_id="154"/>
  <agent start_id="112" goal_id="73"/>
  <agent start_id="126" goal_id="105"/>
  <agent start_id="176" goal_id="108"/>
  <agent start_id="96" goal_id="182"/>
  <agent start_id="194" goal_id="34"/>
  <agent start_id="192" goal_id="26"/>
  <agent start_id="85" goal_id="147"/>
  <agent start_id="57" goal_id="162"/>
</root>
