<?xml version="1.0" ?>
<root>
  <agent start_id="115" goal_id="18"/>
  <agent start_id="127" goal_id="147"/>
  <agent start_id="71" goal_id="184"/>
  <agent start_id="183" goal_id="9"/>
  <agent start_id="31" goal_id="175"/>
  <agent start_id="141" goal_id="181"/>
  <agent start_id="56" goal_id="62"/>
  <agent start_id="178" goal_id="106"/>
  <agent start_id="175" goal_id="127"/>
  <agent start_id="4" goal_id="83"/>
  <agent start_id="79" goal_id="177"/>
  <agent start_id="94" goal_id="2"/>
  <agent start_id="170" goal_id="45"/>
  <agent start_id="186" goal_id="30"/>
  <agent start_id="77" goal_id="107"/>
  <agent start_id="133" goal_id="84"/>
  <agent start_id="185" goal_id="71"/>
  <agent start_id="103" goal_id="141"/>
  <agent start_id="106" goal_id="145"/>
  <agent start_id="65" goal_id="187"/>
  <agent start_id="171" goal_id="89"/>
  <agent start_id="119" goal_id="3"/>
  <agent start_id="38" goal_id="176"/>
  <agent start_id="181" goal_id="50"/>
  <agent start_id="154" goal_id="7"/>
  <agent start_id="34" goal_id="40"/>
  <agent start_id="111" goal_id="142"/>
  <agent start_id="187" goal_id="72"/>
  <agent start_id="104" goal_id="112"/>
  <agent start_id="35" goal_id="185"/>
  <agent start_id="22" goal_id="51"/>
  <agent start_id="92" goal_id="0"/>
  <agent start_id="29" goal_id="81"/>
  <agent start_id="157" goal_id="12"/>
  <agent start_id="110" goal_id="149"/>
  <agent start_id="107" goal_id="132"/>
  <agent start_id="33" goal_id="90"/>
  <agent start_id="192" goal_id="1"/>
  <agent start_id="10" goal_id="189"/>
  <agent start_id="164" goal_id="82"/>
  <agent start_id="195" goal_id="27"/>
  <agent start_id="122" goal_id="48"/>
  <agent start_id="159" goal_id="190"/>
  <agent start_id="193" goal_id="182"/>
  <agent start_id="7" goal_id="128"/>
  <agent start_id="27" goal_id="156"/>
  <agent start_id="67" goal_id="49"/>
  <agent start_id="24" goal_id="196"/>
  <agent start_id="41" goal_id="180"/>
  <agent start_id="2" goal_id="54"/>
</root>
