<?xml version="1.0" ?>
<root>
  <agent start_id="46" goal_id="169"/>
  <agent start_id="56" goal_id="9"/>
  <agent start_id="18" goal_id="41"/>
  <agent start_id="195" goal_id="83"/>
  <agent start_id="102" goal_id="54"/>
  <agent start_id="180" goal_id="70"/>
  <agent start_id="197" goal_id="125"/>
  <agent start_id="98" goal_id="59"/>
  <agent start_id="50" goal_id="135"/>
  <agent start_id="17" goal_id="111"/>
  <agent start_id="126" goal_id="185"/>
  <agent start_id="167" goal_id="76"/>
  <agent start_id="189" goal_id="146"/>
  <agent start_id="110" goal_id="98"/>
  <agent start_id="150" goal_id="30"/>
  <agent start_id="42" goal_id="165"/>
  <agent start_id="66" goal_id="160"/>
  <agent start_id="45" goal_id="38"/>
  <agent start_id="122" goal_id="116"/>
  <agent start_id="107" goal_id="195"/>
  <agent start_id="152" goal_id="64"/>
  <agent start_id="183" goal_id="43"/>
  <agent start_id="112" goal_id="42"/>
  <agent start_id="162" goal_id="71"/>
  <agent start_id="54" goal_id="130"/>
  <agent start_id="11" goal_id="35"/>
  <agent start_id="141" goal_id="127"/>
  <agent start_id="174" goal_id="46"/>
  <agent start_id="69" goal_id="148"/>
  <agent start_id="48" goal_id="114"/>
  <agent start_id="52" goal_id="65"/>
  <agent start_id="62" goal_id="105"/>
  <agent start_id="155" goal_id="87"/>
  <agent start_id="29" goal_id="72"/>
  <agent start_id="116" goal_id="141"/>
  <agent start_id="133" goal_id="24"/>
  <agent start_id="169" goal_id="162"/>
  <agent start_id="123" goal_id="181"/>
  <agent start_id="41" goal_id="121"/>
  <agent start_id="12" goal_id="106"/>
  <agent start_id="182" goal_id="11"/>
  <agent start_id="59" goal_id="192"/>
  <agent start_id="115" goal_id="184"/>
  <agent start_id="125" goal_id="131"/>
  <agent start_id="86" goal_id="129"/>
  <agent start_id="171" goal_id="28"/>
  <agent start_id="58" goal_id="182"/>
  <agent start_id="63" goal_id="97"/>
  <agent start_id="13" goal_id="7"/>
  <agent start_id="68" goal_id="1"/>
</root>
