<?xml version="1.0" ?>
<root>
  <agent start_id="53" goal_id="11"/>
  <agent start_id="79" goal_id="39"/>
  <agent start_id="181" goal_id="30"/>
  <agent start_id="141" goal_id="184"/>
  <agent start_id="196" goal_id="108"/>
  <agent start_id="199" goal_id="5"/>
  <agent start_id="35" goal_id="36"/>
  <agent start_id="116" goal_id="122"/>
  <agent start_id="51" goal_id="96"/>
  <agent start_id="190" goal_id="125"/>
  <agent start_id="17" goal_id="46"/>
  <agent start_id="136" goal_id="141"/>
  <agent start_id="78" goal_id="61"/>
  <agent start_id="143" goal_id="129"/>
  <agent start_id="149" goal_id="127"/>
  <agent start_id="107" goal_id="10"/>
  <agent start_id="101" goal_id="73"/>
  <agent start_id="104" goal_id="57"/>
  <agent start_id="159" goal_id="50"/>
  <agent start_id="147" goal_id="41"/>
  <agent start_id="134" goal_id="14"/>
  <agent start_id="76" goal_id="112"/>
  <agent start_id="131" goal_id="22"/>
  <agent start_id="160" goal_id="159"/>
  <agent start_id="193" goal_id="20"/>
  <agent start_id="13" goal_id="169"/>
  <agent start_id="73" goal_id="27"/>
  <agent start_id="119" goal_id="132"/>
  <agent start_id="133" goal_id="163"/>
  <agent start_id="157" goal_id="196"/>
  <agent start_id="8" goal_id="80"/>
  <agent start_id="144" goal_id="68"/>
  <agent start_id="86" goal_id="148"/>
  <agent start_id="100" goal_id="70"/>
  <agent start_id="39" goal_id="43"/>
  <agent start_id="142" goal_id="143"/>
  <agent start_id="22" goal_id="89"/>
  <agent start_id="110" goal_id="135"/>
  <agent start_id="115" goal_id="119"/>
  <agent start_id="63" goal_id="78"/>
  <agent start_id="72" goal_id="18"/>
  <agent start_id="62" goal_id="192"/>
  <agent start_id="69" goal_id="171"/>
  <agent start_id="93" goal_id="63"/>
  <agent start_id="192" goal_id="15"/>
  <agent start_id="182" goal_id="116"/>
  <agent start_id="60" goal_id="167"/>
  <agent start_id="126" goal_id="151"/>
  <agent start_id="178" goal_id="82"/>
  <agent start_id="4" goal_id="137"/>
</root>
