<?xml version="1.0" ?>
<root>
  <agent start_id="1" goal_id="192"/>
  <agent start_id="24" goal_id="97"/>
  <agent start_id="7" goal_id="129"/>
  <agent start_id="147" goal_id="185"/>
  <agent start_id="195" goal_id="164"/>
  <agent start_id="61" goal_id="22"/>
  <agent start_id="12" goal_id="24"/>
  <agent start_id="173" goal_id="26"/>
  <agent start_id="149" goal_id="170"/>
  <agent start_id="5" goal_id="98"/>
  <agent start_id="109" goal_id="152"/>
  <agent start_id="84" goal_id="34"/>
  <agent start_id="19" goal_id="176"/>
  <agent start_id="121" goal_id="6"/>
  <agent start_id="56" goal_id="151"/>
  <agent start_id="126" goal_id="154"/>
  <agent start_id="132" goal_id="180"/>
  <agent start_id="104" goal_id="188"/>
  <agent start_id="26" goal_id="80"/>
  <agent start_id="44" goal_id="47"/>
  <agent start_id="67" goal_id="56"/>
  <agent start_id="37" goal_id="135"/>
  <agent start_id="197" goal_id="177"/>
  <agent start_id="42" goal_id="123"/>
  <agent start_id="8" goal_id="3"/>
  <agent start_id="117" goal_id="107"/>
  <agent start_id="89" goal_id="13"/>
  <agent start_id="105" goal_id="106"/>
  <agent start_id="59" goal_id="194"/>
  <agent start_id="171" goal_id="104"/>
  <agent start_id="144" goal_id="157"/>
  <agent start_id="192" goal_id="75"/>
  <agent start_id="65" goal_id="159"/>
  <agent start_id="180" goal_id="12"/>
  <agent start_id="4" goal_id="108"/>
  <agent start_id="79" goal_id="35"/>
  <agent start_id="74" goal_id="166"/>
  <agent start_id="134" goal_id="16"/>
  <agent start_id="174" goal_id="145"/>
  <agent start_id="85" goal_id="66"/>
  <agent start_id="151" goal_id="28"/>
  <agent start_id="166" goal_id="90"/>
  <agent start_id="52" goal_id="74"/>
  <agent start_id="142" goal_id="197"/>
  <agent start_id="160" goal_id="111"/>
  <agent start_id="185" goal_id="113"/>
  <agent start_id="115" goal_id="19"/>
  <agent start_id="156" goal_id="79"/>
  <agent start_id="123" goal_id="142"/>
  <agent start_id="135" goal_id="41"/>
</root>
