<?xml version="1.0" ?>
<root>
  <agent start_id="55" goal_id="77"/>
  <agent start_id="53" goal_id="57"/>
  <agent start_id="89" goal_id="46"/>
  <agent start_id="163" goal_id="185"/>
  <agent start_id="39" goal_id="192"/>
  <agent start_id="174" goal_id="74"/>
  <agent start_id="181" goal_id="22"/>
  <agent start_id="88" goal_id="35"/>
  <agent start_id="91" goal_id="20"/>
  <agent start_id="42" goal_id="171"/>
  <agent start_id="125" goal_id="178"/>
  <agent start_id="50" goal_id="174"/>
  <agent start_id="94" goal_id="48"/>
  <agent start_id="116" goal_id="1"/>
  <agent start_id="162" goal_id="150"/>
  <agent start_id="2" goal_id="104"/>
  <agent start_id="107" goal_id="63"/>
  <agent start_id="112" goal_id="151"/>
  <agent start_id="62" goal_id="51"/>
  <agent start_id="6" goal_id="80"/>
  <agent start_id="82" goal_id="136"/>
  <agent start_id="11" goal_id="66"/>
  <agent start_id="197" goal_id="40"/>
  <agent start_id="133" goal_id="113"/>
  <agent start_id="84" goal_id="173"/>
  <agent start_id="161" goal_id="140"/>
  <agent start_id="118" goal_id="26"/>
  <agent start_id="169" goal_id="195"/>
  <agent start_id="21" goal_id="14"/>
  <agent start_id="49" goal_id="157"/>
  <agent start_id="12" goal_id="25"/>
  <agent start_id="126" goal_id="146"/>
  <agent start_id="3" goal_id="68"/>
  <agent start_id="37" goal_id="88"/>
  <agent start_id="74" goal_id="39"/>
  <agent start_id="194" goal_id="29"/>
  <agent start_id="144" goal_id="166"/>
  <agent start_id="157" goal_id="135"/>
  <agent start_id="95" goal_id="95"/>
  <agent start_id="185" goal_id="36"/>
  <agent start_id="31" goal_id="90"/>
  <agent start_id="80" goal_id="138"/>
  <agent start_id="155" goal_id="190"/>
  <agent start_id="19" goal_id="199"/>
  <agent start_id="166" goal_id="124"/>
  <agent start_id="20" goal_id="3"/>
  <agent start_id="99" goal_id="155"/>
  <agent start_id="132" goal_id="164"/>
  <agent start_id="8" goal_id="148"/>
  <agent start_id="172" goal_id="97"/>
</root>
