<?xml version="1.0" ?>
<root>
  <agent start_id="49" goal_id="85"/>
  <agent start_id="122" goal_id="196"/>
  <agent start_id="109" goal_id="174"/>
  <agent start_id="43" goal_id="148"/>
  <agent start_id="12" goal_id="113"/>
  <agent start_id="57" goal_id="199"/>
  <agent start_id="68" goal_id="125"/>
  <agent start_id="117" goal_id="74"/>
  <agent start_id="147" goal_id="172"/>
  <agent start_id="41" goal_id="70"/>
  <agent start_id="30" goal_id="57"/>
  <agent start_id="8" goal_id="163"/>
  <agent start_id="149" goal_id="134"/>
  <agent start_id="166" goal_id="106"/>
  <agent start_id="193" goal_id="193"/>
  <agent start_id="191" goal_id="45"/>
  <agent start_id="158" goal_id="184"/>
  <agent start_id="87" goal_id="23"/>
  <agent start_id="75" goal_id="27"/>
  <agent start_id="170" goal_id="104"/>
  <agent start_id="54" goal_id="37"/>
  <agent start_id="196" goal_id="95"/>
  <agent start_id="13" goal_id="169"/>
  <agent start_id="94" goal_id="43"/>
  <agent start_id="5" goal_id="166"/>
  <agent start_id="72" goal_id="30"/>
  <agent start_id="154" goal_id="138"/>
  <agent start_id="182" goal_id="75"/>
  <agent start_id="180" goal_id="33"/>
  <agent start_id="51" goal_id="142"/>
  <agent start_id="61" goal_id="16"/>
  <agent start_id="112" goal_id="20"/>
  <agent start_id="137" goal_id="103"/>
  <agent start_id="70" goal_id="32"/>
  <agent start_id="111" goal_id="127"/>
  <agent start_id="78" goal_id="129"/>
  <agent start_id="59" goal_id="58"/>
  <agent start_id="37" goal_id="35"/>
  <agent start_id="128" goal_id="118"/>
  <agent start_id="135" goal_id="143"/>
  <agent start_id="35" goal_id="130"/>
  <agent start_id="66" goal_id="197"/>
  <agent start_id="168" goal_id="135"/>
  <agent start_id="85" goal_id="99"/>
  <agent start_id="160" goal_id="34"/>
  <agent start_id="144" goal_id="128"/>
  <agent start_id="189" goal_id="179"/>
  <agent start_id="152" goal_id="105"/>
  <agent start_id="116" goal_id="176"/>
  <agent start_id="133" goal_id="116"/>
</root>
