<?xml version="1.0" ?>
<root>
  <agent start_id="150" goal_id="159"/>
  <agent start_id="188" goal_id="197"/>
  <agent start_id="44" goal_id="73"/>
  <agent start_id="29" goal_id="116"/>
  <agent start_id="47" goal_id="195"/>
  <agent start_id="136" goal_id="55"/>
  <agent start_id="60" goal_id="120"/>
  <agent start_id="125" goal_id="151"/>
  <agent start_id="173" goal_id="178"/>
  <agent start_id="46" goal_id="27"/>
  <agent start_id="18" goal_id="127"/>
  <agent start_id="154" goal_id="125"/>
  <agent start_id="95" goal_id="54"/>
  <agent start_id="5" goal_id="172"/>
  <agent start_id="52" goal_id="168"/>
  <agent start_id="107" goal_id="164"/>
  <agent start_id="26" goal_id="90"/>
  <agent start_id="185" goal_id="57"/>
  <agent start_id="143" goal_id="40"/>
  <agent start_id="40" goal_id="142"/>
  <agent start_id="63" goal_id="126"/>
  <agent start_id="49" goal_id="83"/>
  <agent start_id="110" goal_id="157"/>
  <agent start_id="64" goal_id="154"/>
  <agent start_id="120" goal_id="64"/>
  <agent start_id="127" goal_id="17"/>
  <agent start_id="54" goal_id="115"/>
  <agent start_id="37" goal_id="123"/>
  <agent start_id="68" goal_id="61"/>
  <agent start_id="179" goal_id="2"/>
  <agent start_id="15" goal_id="133"/>
  <agent start_id="55" goal_id="3"/>
  <agent start_id="99" goal_id="53"/>
  <agent start_id="118" goal_id="186"/>
  <agent start_id="142" goal_id="121"/>
  <agent start_id="191" goal_id="87"/>
  <agent start_id="174" goal_id="0"/>
  <agent start_id="126" goal_id="198"/>
  <agent start_id="111" goal_id="169"/>
  <agent start_id="162" goal_id="173"/>
  <agent start_id="108" goal_id="77"/>
  <agent start_id="161" goal_id="79"/>
  <agent start_id="169" goal_id="94"/>
  <agent start_id="137" goal_id="24"/>
  <agent start_id="112" goal_id="104"/>
  <agent start_id="159" goal_id="140"/>
  <agent start_id="0" goal_id="161"/>
  <agent start_id="83" goal_id="182"/>
  <agent start_id="149" goal_id="62"/>
  <agent start_id="65" goal_id="72"/>
</root>
