<?xml version="1.0" ?>
<root>
  <agent start_id="28" goal_id="185"/>
  <agent start_id="17" goal_id="198"/>
  <agent start_id="161" goal_id="162"/>
  <agent start_id="147" goal_id="122"/>
  <agent start_id="69" goal_id="68"/>
  <agent start_id="106" goal_id="179"/>
  <agent start_id="196" goal_id="5"/>
  <agent start_id="19" goal_id="83"/>
  <agent start_id="105" goal_id="98"/>
  <agent start_id="94" goal_id="111"/>
  <agent start_id="51" goal_id="124"/>
  <agent start_id="47" goal_id="23"/>
  <agent start_id="25" goal_id="132"/>
  <agent start_id="166" goal_id="119"/>
  <agent start_id="123" goal_id="18"/>
  <agent start_id="145" goal_id="155"/>
  <agent start_id="37" goal_id="11"/>
  <agent start_id="11" goal_id="156"/>
  <agent start_id="59" goal_id="161"/>
  <agent start_id="170" goal_id="99"/>
  <agent start_id="155" goal_id="42"/>
  <agent start_id="131" goal_id="15"/>
  <agent start_id="110" goal_id="63"/>
  <agent start_id="116" goal_id="112"/>
  <agent start_id="142" goal_id="40"/>
  <agent start_id="82" goal_id="65"/>
  <agent start_id="65" goal_id="92"/>
  <agent start_id="48" goal_id="44"/>
  <agent start_id="91" goal_id="66"/>
  <agent start_id="102" goal_id="175"/>
  <agent start_id="180" goal_id="190"/>
  <agent start_id="190" goal_id="26"/>
  <agent start_id="34" goal_id="188"/>
  <agent start_id="135" goal_id="59"/>
  <agent start_id="3" goal_id="110"/>
  <agent start_id="113" goal_id="153"/>
  <agent start_id="56" goal_id="163"/>
  <agent start_id="88" goal_id="90"/>
  <agent start_id="139" goal_id="117"/>
  <agent start_id="63" goal_id="75"/>
  <agent start_id="50" goal_id="145"/>
  <agent start_id="84" goal_id="100"/>
  <agent start_id="10" goal_id="172"/>
  <agent start_id="24" goal_id="54"/>
  <agent start_id="186" goal_id="33"/>
  <agent start_id="197" goal_id="126"/>
  <agent start_id="46" goal_id="140"/>
  <agent start_id="103" goal_id="102"/>
  <agent start_id="80" goal_id="129"/>
  <agent start_id="58" goal_id="157"/>
</root>
