<?xml version="1.0" ?>
<root>
  <agent start_id="198" goal_id="157"/>
  <agent start_id="147" goal_id="101"/>
  <agent start_id="184" goal_id="167"/>
  <agent start_id="28" goal_id="40"/>
  <agent start_id="64" goal_id="39"/>
  <agent start_id="23" goal_id="181"/>
  <agent start_id="54" goal_id="46"/>
  <agent start_id="152" goal_id="105"/>
  <agent start_id="181" goal_id="191"/>
  <agent start_id="163" goal_id="165"/>
  <agent start_id="22" goal_id="13"/>
  <agent start_id="4" goal_id="51"/>
  <agent start_id="87" goal_id="35"/>
  <agent start_id="126" goal_id="45"/>
  <agent start_id="165" goal_id="141"/>
  <agent start_id="143" goal_id="122"/>
  <agent start_id="158" goal_id="30"/>
  <agent start_id="13" goal_id="36"/>
  <agent start_id="11" goal_id="86"/>
  <agent start_id="98" goal_id="194"/>
  <agent start_id="32" goal_id="75"/>
  <agent start_id="38" goal_id="131"/>
  <agent start_id="70" goal_id="138"/>
  <agent start_id="63" goal_id="92"/>
  <agent start_id="166" goal_id="159"/>
  <agent start_id="17" goal_id="103"/>
  <agent start_id="132" goal_id="160"/>
  <agent start_id="94" goal_id="21"/>
  <agent start_id="19" goal_id="57"/>
  <agent start_id="151" goal_id="18"/>
  <agent start_id="65" goal_id="23"/>
  <agent start_id="179" goal_id="186"/>
  <agent start_id="182" goal_id="81"/>
  <agent start_id="51" goal_id="168"/>
  <agent start_id="83" goal_id="94"/>
  <agent start_id="52" goal_id="107"/>
  <agent start_id="1" goal_id="109"/>
  <agent start_id="100" goal_id="87"/>
  <agent start_id="6" goal_id="8"/>
  <agent start_id="154" goal_id="79"/>
  <agent start_id="124" goal_id="54"/>
  <agent start_id="91" goal_id="90"/>
  <agent start_id="10" goal_id="198"/>
  <agent start_id="141" goal_id="97"/>
  <agent start_id="7" goal_id="176"/>
  <agent start_id="93" goal_id="65"/>
  <agent start_id="191" goal_id="80"/>
  <agent start_id="197" goal_id="7"/>
  <agent start_id="105" goal_id="56"/>
  <agent start_id="190" goal_id="190"/>
</root>
