<?xml version="1.0" ?>
<root>
  <agent start_id="26" goal_id="164"/>
  <agent start_id="16" goal_id="32"/>
  <agent start_id="36" goal_id="153"/>
  <agent start_id="144" goal_id="4"/>
  <agent start_id="143" goal_id="93"/>
  <agent start_id="188" goal_id="127"/>
  <agent start_id="145" goal_id="174"/>
  <agent start_id="43" goal_id="12"/>
  <agent start_id="191" goal_id="196"/>
  <agent start_id="82" goal_id="172"/>
  <agent start_id="170" goal_id="129"/>
  <agent start_id="118" goal_id="16"/>
  <agent start_id="190" goal_id="52"/>
  <agent start_id="113" goal_id="147"/>
  <agent start_id="184" goal_id="95"/>
  <agent start_id="180" goal_id="159"/>
  <agent start_id="107" goal_id="78"/>
  <agent start_id="155" goal_id="40"/>
  <agent start_id="72" goal_id="1"/>
  <agent start_id="44" goal_id="74"/>
  <agent start_id="17" goal_id="108"/>
  <agent start_id="181" goal_id="13"/>
  <agent start_id="199" goal_id="181"/>
  <agent start_id="73" goal_id="99"/>
  <agent start_id="131" goal_id="180"/>
  <agent start_id="95" goal_id="125"/>
  <agent start_id="2" goal_id="8"/>
  <agent start_id="141" goal_id="169"/>
  <agent start_id="11" goal_id="186"/>
  <agent start_id="6" goal_id="26"/>
  <agent start_id="9" goal_id="118"/>
  <agent start_id="15" goal_id="162"/>
  <agent start_id="137" goal_id="195"/>
  <agent start_id="55" goal_id="80"/>
  <agent start_id="91" goal_id="77"/>
  <agent start_id="38" goal_id="149"/>
  <agent start_id="0" goal_id="29"/>
  <agent start_id="172" goal_id="175"/>
  <agent start_id="64" goal_id="18"/>
  <agent start_id="158" goal_id="145"/>
  <agent start_id="176" goal_id="135"/>
  <agent start_id="165" goal_id="100"/>
  <agent start_id="85" goal_id="187"/>
  <agent start_id="104" goal_id="122"/>
  <agent start_id="86" goal_id="120"/>
  <agent start_id="29" goal_id="131"/>
  <agent start_id="127" goal_id="64"/>
  <agent start_id="193" goal_id="68"/>
  <agent start_id="99" goal_id="110"/>
  <agent start_id="14" goal_id="61"/>
</root>
