<?xml version="1.0" ?>
<root>
  <agent start_id="154" goal_id="117"/>
  <agent start_id="167" goal_id="123"/>
  <agent start_id="190" goal_id="64"/>
  <agent start_id="125" goal_id="113"/>
  <agent start_id="124" goal_id="153"/>
  <agent start_id="93" goal_id="37"/>
  <agent start_id="66" goal_id="85"/>
  <agent start_id="18" goal_id="28"/>
  <agent start_id="173" goal_id="39"/>
  <agent start_id="174" goal_id="63"/>
  <agent start_id="2" goal_id="92"/>
  <agent start_id="75" goal_id="51"/>
  <agent start_id="14" goal_id="31"/>
  <agent start_id="78" goal_id="157"/>
  <agent start_id="199" goal_id="45"/>
  <agent start_id="47" goal_id="173"/>
  <agent start_id="88" goal_id="59"/>
  <agent start_id="156" goal_id="43"/>
  <agent start_id="188" goal_id="130"/>
  <agent start_id="172" goal_id="30"/>
  <agent start_id="145" goal_id="100"/>
  <agent start_id="41" goal_id="169"/>
  <agent start_id="155" goal_id="178"/>
  <agent start_id="147" goal_id="96"/>
  <agent start_id="0" goal_id="68"/>
  <agent start_id="123" goal_id="34"/>
  <agent start_id="160" goal_id="108"/>
  <agent start_id="53" goal_id="156"/>
  <agent start_id="115" goal_id="14"/>
  <agent start_id="159" goal_id="44"/>
  <agent start_id="120" goal_id="88"/>
  <agent start_id="149" goal_id="46"/>
  <agent start_id="131" goal_id="106"/>
  <agent start_id="144" goal_id="151"/>
  <agent start_id="98" goal_id="191"/>
  <agent start_id="54" goal_id="79"/>
  <agent start_id="48" goal_id="188"/>
  <agent start_id="84" goal_id="5"/>
  <agent start_id="162" goal_id="104"/>
  <agent start_id="22" goal_id="133"/>
  <agent start_id="13" goal_id="170"/>
  <agent start_id="25" goal_id="48"/>
  <agent start_id="177" goal_id="147"/>
  <agent start_id="196" goal_id="154"/>
  <agent start_id="7" goal_id="26"/>
  <agent start_id="134" goal_id="41"/>
  <agent start_id="59" goal_id="49"/>
  <agent start_id="148" goal_id="67"/>
  <agent start_id="36" goal_id="2"/>
  <agent start_id="110" goal_id="60"/>
</root>
