<?xml version="1.0" ?>
<root>
  <agent start_id="68" goal_id="86"/>
  <agent start_id="36" goal_id="25"/>
  <agent start_id="178" goal_id="85"/>
  <agent start_id="30" goal_id="163"/>
  <agent start_id="144" goal_id="121"/>
  <agent start_id="110" goal_id="110"/>
  <agent start_id="7" goal_id="179"/>
  <agent start_id="114" goal_id="173"/>
  <agent start_id="179" goal_id="146"/>
  <agent start_id="147" goal_id="153"/>
  <agent start_id="161" goal_id="128"/>
  <agent start_id="170" goal_id="54"/>
  <agent start_id="176" goal_id="135"/>
  <agent start_id="25" goal_id="68"/>
  <agent start_id="33" goal_id="98"/>
  <agent start_id="62" goal_id="11"/>
  <agent start_id="9" goal_id="81"/>
  <agent start_id="118" goal_id="122"/>
  <agent start_id="2" goal_id="190"/>
  <agent start_id="128" goal_id="5"/>
  <agent start_id="92" goal_id="60"/>
  <agent start_id="77" goal_id="120"/>
  <agent start_id="1" goal_id="193"/>
  <agent start_id="182" goal_id="62"/>
  <agent start_id="37" goal_id="77"/>
  <agent start_id="79" goal_id="46"/>
  <agent start_id="163" goal_id="52"/>
  <agent start_id="165" goal_id="76"/>
  <agent start_id="65" goal_id="192"/>
  <agent start_id="190" goal_id="33"/>
  <agent start_id="52" goal_id="7"/>
  <agent start_id="192" goal_id="17"/>
  <agent start_id="75" goal_id="74"/>
  <agent start_id="120" goal_id="114"/>
  <agent start_id="198" goal_id="105"/>
  <agent start_id="87" goal_id="48"/>
  <agent start_id="127" goal_id="162"/>
  <agent start_id="194" goal_id="155"/>
  <agent start_id="28" goal_id="132"/>
  <agent start_id="43" goal_id="196"/>
  <agent start_id="82" goal_id="30"/>
  <agent start_id="16" goal_id="158"/>
  <agent start_id="23" goal_id="131"/>
  <agent start_id="149" goal_id="160"/>
  <agent start_id="11" goal_id="177"/>
  <agent start_id="85" goal_id="28"/>
  <agent start_id="0" goal_id="175"/>
  <agent start_id="41" goal_id="89"/>
  <agent start_id="180" goal_id="87"/>
  <agent start_id="97" goal_id="109"/>
</root>
