<?xml version="1.0" ?>
<root>
  <agent start_id="27" goal_id="39"/>
  <agent start_id="159" goal_id="125"/>
  <agent start_id="150" goal_id="199"/>
  <agent start_id="183" goal_id="93"/>
  <agent start_id="57" goal_id="49"/>
  <agent start_id="62" goal_id="188"/>
  <agent start_id="164" goal_id="194"/>
  <agent start_id="84" goal_id="18"/>
  <agent start_id="170" goal_id="165"/>
  <agent start_id="72" goal_id="14"/>
  <agent start_id="66" goal_id="181"/>
  <agent start_id="128" goal_id="137"/>
  <agent start_id="53" goal_id="52"/>
  <agent start_id="44" goal_id="179"/>
  <agent start_id="69" goal_id="189"/>
  <agent start_id="88" goal_id="38"/>
  <agent start_id="25" goal_id="75"/>
  <agent start_id="19" goal_id="191"/>
  <agent start_id="136" goal_id="153"/>
  <agent start_id="71" goal_id="146"/>
  <agent start_id="39" goal_id="81"/>
  <agent start_id="36" goal_id="108"/>
  <agent start_id="120" goal_id="169"/>
  <agent start_id="160" goal_id="104"/>
  <agent start_id="81" goal_id="43"/>
  <agent start_id="80" goal_id="155"/>
  <agent start_id="134" goal_id="70"/>
  <agent start_id="14" goal_id="80"/>
  <agent start_id="175" goal_id="173"/>
  <agent start_id="139" goal_id="135"/>
  <agent start_id="124" goal_id="6"/>
  <agent start_id="166" goal_id="73"/>
  <agent start_id="90" goal_id="10"/>
  <agent start_id="108" goal_id="178"/>
  <agent start_id="15" goal_id="133"/>
  <agent start_id="60" goal_id="77"/>
  <agent start_id="65" goal_id="33"/>
  <agent start_id="132" goal_id="87"/>
  <agent start_id="187" goal_id="96"/>
  <agent start_id="130" goal_id="16"/>
  <agent start_id="49" goal_id="68"/>
  <agent start_id="41" goal_id="15"/>
  <agent start_id="111" goal_id="59"/>
  <agent start_id="99" goal_id="41"/>
  <agent start_id="103" goal_id="143"/>
  <agent start_id="181" goal_id="99"/>
  <agent start_id="188" goal_id="192"/>
  <agent start_id="192" goal_id="117"/>
  <agent start_id="59" goal_id="167"/>
  <agent start_id="22" goal_id="36"/>
</root>
