<?xml version="1.0" ?>
<root>
  <agent start_id="97" goal_id="142"/>
  <agent start_id="198" goal_id="127"/>
  <agent start_id="139" goal_id="94"/>
  <agent start_id="197" goal_id="147"/>
  <agent start_id="51" goal_id="69"/>
  <agent start_id="7" goal_id="96"/>
  <agent start_id="60" goal_id="160"/>
  <agent start_id="123" goal_id="166"/>
  <agent start_id="33" goal_id="15"/>
  <agent start_id="86" goal_id="2"/>
  <agent start_id="182" goal_id="102"/>
  <agent start_id="129" goal_id="77"/>
  <agent start_id="93" goal_id="40"/>
  <agent start_id="61" goal_id="159"/>
  <agent start_id="110" goal_id="92"/>
  <agent start_id="177" goal_id="71"/>
  <agent start_id="125" goal_id="4"/>
  <agent start_id="19" goal_id="169"/>
  <agent start_id="99" goal_id="168"/>
  <agent start_id="160" goal_id="126"/>
  <agent start_id="55" goal_id="130"/>
  <agent start_id="44" goal_id="108"/>
  <agent start_id="116" goal_id="133"/>
  <agent start_id="174" goal_id="59"/>
  <agent start_id="185" goal_id="64"/>
  <agent start_id="36" goal_id="85"/>
  <agent start_id="140" goal_id="43"/>
  <agent start_id="78" goal_id="151"/>
  <agent start_id="167" goal_id="93"/>
  <agent start_id="30" goal_id="177"/>
  <agent start_id="84" goal_id="112"/>
  <agent start_id="69" goal_id="162"/>
  <agent start_id="67" goal_id="32"/>
  <agent start_id="11" goal_id="123"/>
  <agent start_id="25" goal_id="21"/>
  <agent start_id="134" goal_id="175"/>
  <agent start_id="166" goal_id="153"/>
  <agent start_id="91" goal_id="106"/>
  <agent start_id="46" goal_id="46"/>
  <agent start_id="56" goal_id="125"/>
  <agent start_id="142" goal_id="16"/>
  <agent start_id="163" goal_id="27"/>
  <agent start_id="192" goal_id="91"/>
  <agent start_id="190" goal_id="150"/>
  <agent start_id="26" goal_id="56"/>
  <agent start_id="132" goal_id="11"/>
  <agent start_id="18" goal_id="105"/>
  <agent start_id="6" goal_id="184"/>
  <agent start_id="88" goal_id="37"/>
  <agent start_id="77" goal_id="195"/>
</root>
