<?xml version="1.0" ?>
<root>
  <agent start_id="30" goal_id="30"/>
  <agent start_id="87" goal_id="53"/>
  <agent start_id="86" goal_id="99"/>
  <agent start_id="195" goal_id="73"/>
  <agent start_id="0" goal_id="135"/>
  <agent start_id="53" goal_id="2"/>
  <agent start_id="77" goal_id="137"/>
  <agent start_id="51" goal_id="196"/>
  <agent start_id="67" goal_id="74"/>
  <agent start_id="172" goal_id="63"/>
  <agent start_id="191" goal_id="71"/>
  <agent start_id="101" goal_id="28"/>
  <agent start_id="73" goal_id="144"/>
  <agent start_id="171" goal_id="191"/>
  <agent start_id="122" goal_id="69"/>
  <agent start_id="23" goal_id="100"/>
  <agent start_id="112" goal_id="178"/>
  <agent start_id="70" goal_id="49"/>
  <agent start_id="26" goal_id="189"/>
  <agent start_id="107" goal_id="35"/>
  <agent start_id="95" goal_id="58"/>
  <agent start_id="135" goal_id="108"/>
  <agent start_id="37" goal_id="39"/>
  <agent start_id="139" goal_id="158"/>
  <agent start_id="89" goal_id="79"/>
  <agent start_id="155" goal_id="93"/>
  <agent start_id="170" goal_id="157"/>
  <agent start_id="194" goal_id="44"/>
  <agent start_id="166" goal_id="41"/>
  <agent start_id="68" goal_id="153"/>
  <agent start_id="183" goal_id="94"/>
  <agent start_id="104" goal_id="25"/>
  <agent start_id="56" goal_id="85"/>
  <agent start_id="133" goal_id="7"/>
  <agent start_id="17" goal_id="22"/>
  <agent start_id="140" goal_id="173"/>
  <agent start_id="32" goal_id="154"/>
  <agent start_id="98" goal_id="40"/>
  <agent start_id="4" goal_id="15"/>
  <agent start_id="62" goal_id="117"/>
  <agent start_id="47" goal_id="18"/>
  <agent start_id="113" goal_id="109"/>
  <agent start_id="188" goal_id="101"/>
  <agent start_id="7" goal_id="56"/>
  <agent start_id="11" goal_id="156"/>
  <agent start_id="198" goal_id="132"/>
  <agent start_id="15" goal_id="126"/>
  <agent start_id="157" goal_id="164"/>
  <agent start_id="9" goal_id="167"/>
  <agent start_id="142" goal_id="4"/>
</root>
