<?xml version="1.0" ?>
<root>
  <agent start_id="48" goal_id="128"/>
  <agent start_id="0" goal_id="96"/>
  <agent start_id="38" goal_id="21"/>
  <agent start_id="177" goal_id="23"/>
  <agent start_id="46" goal_id="139"/>
  <agent start_id="128" goal_id="54"/>
  <agent start_id="134" goal_id="19"/>
  <agent start_id="54" goal_id="189"/>
  <agent start_id="99" goal_id="162"/>
  <agent start_id="26" goal_id="114"/>
  <agent start_id="82" goal_id="67"/>
  <agent start_id="185" goal_id="170"/>
  <agent start_id="96" goal_id="77"/>
  <agent start_id="10" goal_id="135"/>
  <agent start_id="6" goal_id="193"/>
  <agent start_id="1" goal_id="149"/>
  <agent start_id="2" goal_id="45"/>
  <agent start_id="34" goal_id="15"/>
  <agent start_id="29" goal_id="85"/>
  <agent start_id="110" goal_id="181"/>
  <agent start_id="93" goal_id="176"/>
  <agent start_id="182" goal_id="6"/>
  <agent start_id="125" goal_id="33"/>
  <agent start_id="19" goal_id="36"/>
  <agent start_id="108" goal_id="30"/>
  <agent start_id="153" goal_id="145"/>
  <agent start_id="50" goal_id="52"/>
  <agent start_id="60" goal_id="41"/>
  <agent start_id="63" goal_id="160"/>
  <agent start_id="135" goal_id="4"/>
  <agent start_id="111" goal_id="71"/>
  <agent start_id="57" goal_id="175"/>
  <agent start_id="42" goal_id="74"/>
  <agent start_id="166" goal_id="69"/>
  <agent start_id="170" goal_id="172"/>
  <agent start_id="142" goal_id="150"/>
  <agent start_id="191" goal_id="70"/>
  <agent start_id="59" goal_id="120"/>
  <agent start_id="136" goal_id="131"/>
  <agent start_id="72" goal_id="138"/>
  <agent start_id="87" goal_id="61"/>
  <agent start_id="146" goal_id="136"/>
  <agent start_id="89" goal_id="115"/>
  <agent start_id="39" goal_id="9"/>
  <agent start_id="7" goal_id="43"/>
  <agent start_id="4" goal_id="56"/>
  <agent start_id="160" goal_id="107"/>
  <agent start_id="91" goal_id="92"/>
  <agent start_id="85" goal_id="101"/>
  <agent start_id="176" goal_id="121"/>
</root>
