<?xml version="1.0" ?>
<root>
  <agent start_id="92" goal_id="149"/>
  <agent start_id="30" goal_id="57"/>
  <agent start_id="136" goal_id="110"/>
  <agent start_id="38" goal_id="87"/>
  <agent start_id="168" goal_id="37"/>
  <agent start_id="22" goal_id="47"/>
  <agent start_id="47" goal_id="141"/>
  <agent start_id="81" goal_id="98"/>
  <agent start_id="115" goal_id="132"/>
  <agent start_id="86" goal_id="12"/>
  <agent start_id="128" goal_id="186"/>
  <agent start_id="19" goal_id="134"/>
  <agent start_id="160" goal_id="41"/>
  <agent start_id="88" goal_id="182"/>
  <agent start_id="144" goal_id="185"/>
  <agent start_id="36" goal_id="159"/>
  <agent start_id="94" goal_id="101"/>
  <agent start_id="50" goal_id="148"/>
  <agent start_id="46" goal_id="0"/>
  <agent start_id="130" goal_id="171"/>
  <agent start_id="73" goal_id="59"/>
  <agent start_id="84" goal_id="135"/>
  <agent start_id="96" goal_id="88"/>
  <agent start_id="155" goal_id="94"/>
  <agent start_id="157" goal_id="31"/>
  <agent start_id="149" goal_id="11"/>
  <agent start_id="162" goal_id="80"/>
  <agent start_id="187" goal_id="4"/>
  <agent start_id="80" goal_id="64"/>
  <agent start_id="190" goal_id="136"/>
  <agent start_id="105" goal_id="50"/>
  <agent start_id="21" goal_id="96"/>
  <agent start_id="79" goal_id="68"/>
  <agent start_id="14" goal_id="15"/>
  <agent start_id="197" goal_id="189"/>
  <agent start_id="51" goal_id="177"/>
  <agent start_id="68" goal_id="83"/>
  <agent start_id="7" goal_id="1"/>
  <agent start_id="177" goal_id="71"/>
  <agent start_id="118" goal_id="28"/>
  <agent start_id="90" goal_id="66"/>
  <agent start_id="179" goal_id="22"/>
  <agent start_id="185" goal_id="196"/>
  <agent start_id="65" goal_id="7"/>
  <agent start_id="109" goal_id="195"/>
  <agent start_id="89" goal_id="156"/>
  <agent start_id="43" goal_id="168"/>
  <agent start_id="121" goal_id="56"/>
  <agent start_id="28" goal_id="119"/>
  <agent start_id="71" goal_id="93"/>
</root>
