<?xml version="1.0" ?>
<root>
  <agent start_id="69" goal_id="170"/>
  <agent start_id="36" goal_id="136"/>
  <agent start_id="44" goal_id="118"/>
  <agent start_id="54" goal_id="154"/>
  <agent start_id="14" goal_id="57"/>
  <agent start_id="10" goal_id="24"/>
  <agent start_id="173" goal_id="180"/>
  <agent start_id="122" goal_id="29"/>
  <agent start_id="190" goal_id="7"/>
  <agent start_id="181" goal_id="69"/>
  <agent start_id="59" goal_id="161"/>
  <agent start_id="126" goal_id="36"/>
  <agent start_id="28" goal_id="72"/>
  <agent start_id="140" goal_id="189"/>
  <agent start_id="68" goal_id="115"/>
  <agent start_id="189" goal_id="137"/>
  <agent start_id="158" goal_id="93"/>
  <agent start_id="185" goal_id="134"/>
  <agent start_id="127" goal_id="179"/>
  <agent start_id="45" goal_id="102"/>
  <agent start_id="105" goal_id="107"/>
  <agent start_id="37" goal_id="124"/>
  <agent start_id="163" goal_id="65"/>
  <agent start_id="117" goal_id="60"/>
  <agent start_id="47" goal_id="186"/>
  <agent start_id="26" goal_id="152"/>
  <agent start_id="52" goal_id="158"/>
  <agent start_id="157" goal_id="39"/>
  <agent start_id="138" goal_id="87"/>
  <agent start_id="40" goal_id="92"/>
  <agent start_id="129" goal_id="113"/>
  <agent start_id="156" goal_id="86"/>
  <agent start_id="5" goal_id="8"/>
  <agent start_id="0" goal_id="96"/>
  <agent start_id="81" goal_id="99"/>
  <agent start_id="119" goal_id="198"/>
  <agent start_id="123" goal_id="49"/>
  <agent start_id="51" goal_id="194"/>
  <agent start_id="145" goal_id="6"/>
  <agent start_id="128" goal_id="13"/>
  <agent start_id="106" goal_id="28"/>
  <agent start_id="142" goal_id="46"/>
  <agent start_id="19" goal_id="77"/>
  <agent start_id="167" goal_id="101"/>
  <agent start_id="12" goal_id="31"/>
  <agent start_id="80" goal_id="160"/>
  <agent start_id="104" goal_id="33"/>
  <agent start_id="183" goal_id="94"/>
  <agent start_id="139" goal_id="21"/>
  <agent start_id="108" goal_id="76"/>
</root>
