<?xml version="1.0" ?>
<root>
  <agent start_id="52" goal_id="100"/>
  <agent start_id="181" goal_id="173"/>
  <agent start_id="22" goal_id="84"/>
  <agent start_id="135" goal_id="16"/>
  <agent start_id="146" goal_id="127"/>
  <agent start_id="174" goal_id="169"/>
  <agent start_id="16" goal_id="53"/>
  <agent start_id="59" goal_id="69"/>
  <agent start_id="12" goal_id="109"/>
  <agent start_id="133" goal_id="82"/>
  <agent start_id="93" goal_id="101"/>
  <agent start_id="188" goal_id="138"/>
  <agent start_id="26" goal_id="183"/>
  <agent start_id="17" goal_id="151"/>
  <agent start_id="116" goal_id="102"/>
  <agent start_id="130" goal_id="64"/>
  <agent start_id="2" goal_id="75"/>
  <agent start_id="38" goal_id="134"/>
  <agent start_id="53" goal_id="115"/>
  <agent start_id="199" goal_id="37"/>
  <agent start_id="4" goal_id="195"/>
  <agent start_id="161" goal_id="163"/>
  <agent start_id="44" goal_id="116"/>
  <agent start_id="127" goal_id="71"/>
  <agent start_id="67" goal_id="133"/>
  <agent start_id="23" goal_id="54"/>
  <agent start_id="157" goal_id="159"/>
  <agent start_id="28" goal_id="55"/>
  <agent start_id="80" goal_id="21"/>
  <agent start_id="102" goal_id="131"/>
  <agent start_id="105" goal_id="199"/>
  <agent start_id="152" goal_id="43"/>
  <agent start_id="177" goal_id="178"/>
  <agent start_id="58" goal_id="0"/>
  <agent start_id="91" goal_id="42"/>
  <agent start_id="167" goal_id="147"/>
  <agent start_id="33" goal_id="141"/>
  <agent start_id="66" goal_id="32"/>
  <agent start_id="25" goal_id="108"/>
  <agent start_id="7" goal_id="28"/>
  <agent start_id="74" goal_id="67"/>
  <agent start_id="35" goal_id="186"/>
  <agent start_id="43" goal_id="165"/>
  <agent start_id="9" goal_id="160"/>
  <agent start_id="198" goal_id="190"/>
  <agent start_id="76" goal_id="132"/>
  <agent start_id="71" goal_id="156"/>
  <agent start_id="134" goal_id="49"/>
  <agent start_id="160" goal_id="113"/>
  <agent start_id="166" goal_id="18"/>
</root>
