<?xml version="1.0" ?>
<root>
  <agent start_id="29" goal_id="174"/>
  <agent start_id="195" goal_id="0"/>
  <agent start_id="127" goal_id="112"/>
  <agent start_id="170" goal_id="166"/>
  <agent start_id="33" goal_id="38"/>
  <agent start_id="174" goal_id="86"/>
  <agent start_id="150" goal_id="120"/>
  <agent start_id="94" goal_id="52"/>
  <agent start_id="158" goal_id="75"/>
  <agent start_id="106" goal_id="6"/>
  <agent start_id="134" goal_id="172"/>
  <agent start_id="139" goal_id="115"/>
  <agent start_id="121" goal_id="57"/>
  <agent start_id="151" goal_id="154"/>
  <agent start_id="172" goal_id="66"/>
  <agent start_id="129" goal_id="70"/>
  <agent start_id="2" goal_id="8"/>
  <agent start_id="183" goal_id="35"/>
  <agent start_id="15" goal_id="55"/>
  <agent start_id="88" goal_id="74"/>
  <agent start_id="155" goal_id="78"/>
  <agent start_id="96" goal_id="123"/>
  <agent start_id="66" goal_id="141"/>
  <agent start_id="90" goal_id="69"/>
  <agent start_id="40" goal_id="81"/>
  <agent start_id="196" goal_id="181"/>
  <agent start_id="78" goal_id="27"/>
  <agent start_id="179" goal_id="25"/>
  <agent start_id="161" goal_id="73"/>
  <agent start_id="132" goal_id="14"/>
  <agent start_id="176" goal_id="157"/>
  <agent start_id="72" goal_id="28"/>
  <agent start_id="55" goal_id="13"/>
  <agent start_id="11" goal_id="10"/>
  <agent start_id="186" goal_id="84"/>
  <agent start_id="146" goal_id="133"/>
  <agent start_id="84" goal_id="171"/>
  <agent start_id="43" goal_id="195"/>
  <agent start_id="80" goal_id="127"/>
  <agent start_id="178" goal_id="99"/>
  <agent start_id="171" goal_id="76"/>
  <agent start_id="144" goal_id="173"/>
  <agent start_id="59" goal_id="97"/>
  <agent start_id="8" goal_id="146"/>
  <agent start_id="75" goal_id="106"/>
  <agent start_id="103" goal_id="164"/>
  <agent start_id="187" goal_id="160"/>
  <agent start_id="17" goal_id="60"/>
  <agent start_id="109" goal_id="42"/>
  <agent start_id="138" goal_id="150"/>
</root>
