<?xml version="1.0" ?>
<root>
  <agent start_id="55" goal_id="175"/>
  <agent start_id="31" goal_id="111"/>
  <agent start_id="134" goal_id="108"/>
  <agent start_id="139" goal_id="43"/>
  <agent start_id="135" goal_id="15"/>
  <agent start_id="196" goal_id="157"/>
  <agent start_id="44" goal_id="66"/>
  <agent start_id="25" goal_id="54"/>
  <agent start_id="6" goal_id="47"/>
  <agent start_id="136" goal_id="177"/>
  <agent start_id="10" goal_id="125"/>
  <agent start_id="190" goal_id="159"/>
  <agent start_id="171" goal_id="161"/>
  <agent start_id="156" goal_id="142"/>
  <agent start_id="192" goal_id="104"/>
  <agent start_id="58" goal_id="101"/>
  <agent start_id="174" goal_id="199"/>
  <agent start_id="195" goal_id="45"/>
  <agent start_id="164" goal_id="2"/>
  <agent start_id="95" goal_id="116"/>
  <agent start_id="78" goal_id="132"/>
  <agent start_id="1" goal_id="33"/>
  <agent start_id="50" goal_id="95"/>
  <agent start_id="162" goal_id="82"/>
  <agent start_id="68" goal_id="191"/>
  <agent start_id="63" goal_id="140"/>
  <agent start_id="42" goal_id="9"/>
  <agent start_id="131" goal_id="64"/>
  <agent start_id="73" goal_id="196"/>
  <agent start_id="16" goal_id="182"/>
  <agent start_id="0" goal_id="181"/>
  <agent start_id="110" goal_id="12"/>
  <agent start_id="112" goal_id="113"/>
  <agent start_id="143" goal_id="52"/>
  <agent start_id="94" goal_id="198"/>
  <agent start_id="129" goal_id="11"/>
  <agent start_id="185" goal_id="18"/>
  <agent start_id="119" goal_id="38"/>
  <agent start_id="13" goal_id="168"/>
  <agent start_id="14" goal_id="120"/>
  <agent start_id="90" goal_id="145"/>
  <agent start_id="4" goal_id="147"/>
  <agent start_id="45" goal_id="20"/>
  <agent start_id="70" goal_id="92"/>
  <agent start_id="126" goal_id="166"/>
  <agent start_id="146" goal_id="86"/>
  <agent start_id="32" goal_id="55"/>
  <agent start_id="56" goal_id="74"/>
  <agent start_id="127" goal_id="174"/>
  <agent start_id="40" goal_id="70"/>
</root>
