<?xml version="1.0" ?>
<root>
  <agent start_id="193" goal_id="167"/>
  <agent start_id="12" goal_id="132"/>
  <agent start_id="51" goal_id="74"/>
  <agent start_id="34" goal_id="72"/>
  <agent start_id="176" goal_id="111"/>
  <agent start_id="85" goal_id="193"/>
  <agent start_id="138" goal_id="47"/>
  <agent start_id="10" goal_id="26"/>
  <agent start_id="76" goal_id="113"/>
  <agent start_id="67" goal_id="101"/>
  <agent start_id="160" goal_id="170"/>
  <agent start_id="63" goal_id="152"/>
  <agent start_id="174" goal_id="136"/>
  <agent start_id="157" goal_id="61"/>
  <agent start_id="56" goal_id="99"/>
  <agent start_id="182" goal_id="77"/>
  <agent start_id="81" goal_id="118"/>
  <agent start_id="4" goal_id="187"/>
  <agent start_id="140" goal_id="55"/>
  <agent start_id="39" goal_id="128"/>
  <agent start_id="77" goal_id="24"/>
  <agent start_id="152" goal_id="162"/>
  <agent start_id="29" goal_id="198"/>
  <agent start_id="74" goal_id="173"/>
  <agent start_id="119" goal_id="11"/>
  <agent start_id="58" goal_id="90"/>
  <agent start_id="188" goal_id="123"/>
  <agent start_id="145" goal_id="75"/>
  <agent start_id="133" goal_id="23"/>
  <agent start_id="94" goal_id="188"/>
  <agent start_id="66" goal_id="158"/>
  <agent start_id="197" goal_id="49"/>
  <agent start_id="150" goal_id="12"/>
  <agent start_id="195" goal_id="19"/>
  <agent start_id="24" goal_id="100"/>
  <agent start_id="123" goal_id="172"/>
  <agent start_id="23" goal_id="97"/>
  <agent start_id="98" goal_id="129"/>
  <agent start_id="2" goal_id="147"/>
  <agent start_id="17" goal_id="46"/>
  <agent start_id="102" goal_id="64"/>
  <agent start_id="148" goal_id="161"/>
  <agent start_id="167" goal_id="56"/>
  <agent start_id="131" goal_id="151"/>
  <agent start_id="106" goal_id="14"/>
  <agent start_id="53" goal_id="88"/>
  <agent start_id="120" goal_id="78"/>
  <agent start_id="111" goal_id="94"/>
  <agent start_id="6" goal_id="103"/>
  <agent start_id="124" goal_id="184"/>
</root>
