<?xml version="1.0" ?>
<root>
  <agent start_id="29" goal_id="58"/>
  <agent start_id="24" goal_id="30"/>
  <agent start_id="157" goal_id="50"/>
  <agent start_id="18" goal_id="11"/>
  <agent start_id="194" goal_id="100"/>
  <agent start_id="135" goal_id="115"/>
  <agent start_id="152" goal_id="173"/>
  <agent start_id="91" goal_id="22"/>
  <agent start_id="107" goal_id="37"/>
  <agent start_id="118" goal_id="88"/>
  <agent start_id="145" goal_id="177"/>
  <agent start_id="43" goal_id="84"/>
  <agent start_id="159" goal_id="63"/>
  <agent start_id="106" goal_id="83"/>
  <agent start_id="128" goal_id="186"/>
  <agent start_id="96" goal_id="157"/>
  <agent start_id="55" goal_id="90"/>
  <agent start_id="148" goal_id="4"/>
  <agent start_id="53" goal_id="29"/>
  <agent start_id="70" goal_id="109"/>
  <agent start_id="33" goal_id="138"/>
  <agent start_id="41" goal_id="35"/>
  <agent start_id="16" goal_id="17"/>
  <agent start_id="198" goal_id="165"/>
  <agent start_id="176" goal_id="125"/>
  <agent start_id="133" goal_id="38"/>
  <agent start_id="89" goal_id="195"/>
  <agent start_id="75" goal_id="107"/>
  <agent start_id="83" goal_id="133"/>
  <agent start_id="119" goal_id="199"/>
  <agent start_id="74" goal_id="71"/>
  <agent start_id="132" goal_id="41"/>
  <agent start_id="140" goal_id="78"/>
  <agent start_id="7" goal_id="104"/>
  <agent start_id="4" goal_id="153"/>
  <agent start_id="197" goal_id="168"/>
  <agent start_id="161" goal_id="182"/>
  <agent start_id="166" goal_id="96"/>
  <agent start_id="110" goal_id="191"/>
  <agent start_id="92" goal_id="25"/>
  <agent start_id="19" goal_id="141"/>
  <agent start_id="162" goal_id="189"/>
  <agent start_id="93" goal_id="68"/>
  <agent start_id="0" goal_id="60"/>
  <agent start_id="13" goal_id="119"/>
  <agent start_id="78" goal_id="190"/>
  <agent start_id="62" goal_id="94"/>
  <agent start_id="47" goal_id="113"/>
  <agent start_id="114" goal_id="28"/>
  <agent start_id="57" goal_id="36"/>
</root>
