<?xml version="1.0" ?>
<root>
  <agent start_id="168" goal_id="4"/>
  <agent start_id="99" goal_id="197"/>
  <agent start_id="85" goal_id="31"/>
  <agent start_id="60" goal_id="165"/>
  <agent start_id="46" goal_id="178"/>
  <agent start_id="27" goal_id="139"/>
  <agent start_id="88" goal_id="15"/>
  <agent start_id="193" goal_id="142"/>
  <agent start_id="133" goal_id="30"/>
  <agent start_id="9" goal_id="59"/>
  <agent start_id="114" goal_id="49"/>
  <agent start_id="139" goal_id="144"/>
  <agent start_id="173" goal_id="123"/>
  <agent start_id="130" goal_id="119"/>
  <agent start_id="37" goal_id="47"/>
  <agent start_id="149" goal_id="9"/>
  <agent start_id="25" goal_id="34"/>
  <agent start_id="81" goal_id="86"/>
  <agent start_id="78" goal_id="98"/>
  <agent start_id="44" goal_id="78"/>
  <agent start_id="96" goal_id="40"/>
  <agent start_id="49" goal_id="21"/>
  <agent start_id="191" goal_id="153"/>
  <agent start_id="125" goal_id="151"/>
  <agent start_id="92" goal_id="12"/>
  <agent start_id="0" goal_id="187"/>
  <agent start_id="170" goal_id="1"/>
  <agent start_id="137" goal_id="23"/>
  <agent start_id="132" goal_id="181"/>
  <agent start_id="56" goal_id="33"/>
  <agent start_id="16" goal_id="157"/>
  <agent start_id="129" goal_id="129"/>
  <agent start_id="128" goal_id="190"/>
  <agent start_id="177" goal_id="25"/>
  <agent start_id="164" goal_id="61"/>
  <agent start_id="123" goal_id="124"/>
  <agent start_id="86" goal_id="94"/>
  <agent start_id="31" goal_id="160"/>
  <agent start_id="119" goal_id="97"/>
  <agent start_id="41" goal_id="179"/>
  <agent start_id="181" goal_id="37"/>
  <agent start_id="115" goal_id="101"/>
  <agent start_id="152" goal_id="16"/>
  <agent start_id="19" goal_id="122"/>
  <agent start_id="76" goal_id="156"/>
  <agent start_id="186" goal_id="84"/>
  <agent start_id="33" goal_id="69"/>
  <agent start_id="34" goal_id="171"/>
  <agent start_id="194" goal_id="163"/>
  <agent start_id="147" goal_id="134"/>
</root>
