<?xml version="1.0" ?>
<root>
  <agent start_id="138" goal_id="115"/>
  <agent start_id="87" goal_id="48"/>
  <agent start_id="11" goal_id="6"/>
  <agent start_id="63" goal_id="78"/>
  <agent start_id="195" goal_id="52"/>
  <agent start_id="183" goal_id="27"/>
  <agent start_id="145" goal_id="65"/>
  <agent start_id="82" goal_id="109"/>
  <agent start_id="72" goal_id="112"/>
  <agent start_id="85" goal_id="183"/>
  <agent start_id="37" goal_id="158"/>
  <agent start_id="103" goal_id="145"/>
  <agent start_id="0" goal_id="128"/>
  <agent start_id="142" goal_id="188"/>
  <agent start_id="10" goal_id="60"/>
  <agent start_id="144" goal_id="121"/>
  <agent start_id="130" goal_id="189"/>
  <agent start_id="171" goal_id="196"/>
  <agent start_id="156" goal_id="144"/>
  <agent start_id="46" goal_id="93"/>
  <agent start_id="178" goal_id="30"/>
  <agent start_id="155" goal_id="151"/>
  <agent start_id="173" goal_id="103"/>
  <agent start_id="141" goal_id="12"/>
  <agent start_id="39" goal_id="102"/>
  <agent start_id="123" goal_id="154"/>
  <agent start_id="134" goal_id="17"/>
  <agent start_id="69" goal_id="176"/>
  <agent start_id="131" goal_id="11"/>
  <agent start_id="128" goal_id="175"/>
  <agent start_id="139" goal_id="185"/>
  <agent start_id="13" goal_id="129"/>
  <agent start_id="168" goal_id="76"/>
  <agent start_id="162" goal_id="139"/>
  <agent start_id="153" goal_id="54"/>
  <agent start_id="104" goal_id="67"/>
  <agent start_id="185" goal_id="148"/>
  <agent start_id="32" goal_id="180"/>
  <agent start_id="8" goal_id="49"/>
  <agent start_id="64" goal_id="123"/>
  <agent start_id="101" goal_id="59"/>
  <agent start_id="5" goal_id="97"/>
  <agent start_id="22" goal_id="150"/>
  <agent start_id="41" goal_id="167"/>
  <agent start_id="180" goal_id="127"/>
  <agent start_id="14" goal_id="152"/>
  <agent start_id="167" goal_id="87"/>
  <agent start_id="187" goal_id="165"/>
  <agent start_id="49" goal_id="101"/>
  <agent start_id="2" goal_id="179"/>
</root>
