<?xml version="1.0" ?>
<root>
  <agent start_id="15" goal_id="85"/>
  <agent start_id="151" goal_id="52"/>
  <agent start_id="16" goal_id="33"/>
  <agent start_id="61" goal_id="123"/>
  <agent start_id="181" goal_id="104"/>
  <agent start_id="102" goal_id="174"/>
  <agent start_id="47" goal_id="193"/>
  <agent start_id="127" goal_id="99"/>
  <agent start_id="97" goal_id="22"/>
  <agent start_id="188" goal_id="120"/>
  <agent start_id="105" goal_id="0"/>
  <agent start_id="88" goal_id="43"/>
  <agent start_id="132" goal_id="153"/>
  <agent start_id="14" goal_id="180"/>
  <agent start_id="129" goal_id="144"/>
  <agent start_id="75" goal_id="190"/>
  <agent start_id="119" goal_id="112"/>
  <agent start_id="140" goal_id="4"/>
  <agent start_id="39" goal_id="109"/>
  <agent start_id="18" goal_id="194"/>
  <agent start_id="159" goal_id="92"/>
  <agent start_id="60" goal_id="79"/>
  <agent start_id="138" goal_id="93"/>
  <agent start_id="55" goal_id="168"/>
  <agent start_id="163" goal_id="38"/>
  <agent start_id="2" goal_id="54"/>
  <agent start_id="190" goal_id="81"/>
  <agent start_id="86" goal_id="161"/>
  <agent start_id="121" goal_id="50"/>
  <agent start_id="67" goal_id="175"/>
  <agent start_id="94" goal_id="151"/>
  <agent start_id="103" goal_id="74"/>
  <agent start_id="118" goal_id="6"/>
  <agent start_id="150" goal_id="129"/>
  <agent start_id="52" goal_id="5"/>
  <agent start_id="145" goal_id="111"/>
  <agent start_id="198" goal_id="162"/>
  <agent start_id="191" goal_id="34"/>
  <agent start_id="153" goal_id="2"/>
  <agent start_id="28" goal_id="37"/>
  <agent start_id="4" goal_id="172"/>
  <agent start_id="26" goal_id="115"/>
  <agent start_id="64" goal_id="94"/>
  <agent start_id="195" goal_id="23"/>
  <agent start_id="107" goal_id="28"/>
  <agent start_id="109" goal_id="56"/>
  <agent start_id="49" goal_id="118"/>
  <agent start_id="142" goal_id="185"/>
  <agent start_id="62" goal_id="140"/>
  <agent start_id="112" goal_id="75"/>
</root>
