<?xml version="1.0" ?>
<root>
  <agent start_id="19" goal_id="12"/>
  <agent start_id="28" goal_id="82"/>
  <agent start_id="90" goal_id="87"/>
  <agent start_id="35" goal_id="122"/>
  <agent start_id="189" goal_id="93"/>
  <agent start_id="120" goal_id="167"/>
  <agent start_id="39" goal_id="35"/>
  <agent start_id="0" goal_id="26"/>
  <agent start_id="174" goal_id="156"/>
  <agent start_id="130" goal_id="57"/>
  <agent start_id="21" goal_id="5"/>
  <agent start_id="76" goal_id="104"/>
  <agent start_id="164" goal_id="138"/>
  <agent start_id="194" goal_id="30"/>
  <agent start_id="137" goal_id="195"/>
  <agent start_id="124" goal_id="181"/>
  <agent start_id="114" goal_id="50"/>
  <agent start_id="65" goal_id="86"/>
  <agent start_id="170" goal_id="193"/>
  <agent start_id="155" goal_id="174"/>
  <agent start_id="88" goal_id="53"/>
  <agent start_id="128" goal_id="42"/>
  <agent start_id="95" goal_id="72"/>
  <agent start_id="184" goal_id="114"/>
  <agent start_id="175" goal_id="176"/>
  <agent start_id="72" goal_id="17"/>
  <agent start_id="125" goal_id="67"/>
  <agent start_id="69" goal_id="52"/>
  <agent start_id="142" goal_id="198"/>
  <agent start_id="60" goal_id="101"/>
  <agent start_id="74" goal_id="134"/>
  <agent start_id="122" goal_id="188"/>
  <agent start_id="34" goal_id="170"/>
  <agent start_id="68" goal_id="153"/>
  <agent start_id="166" goal_id="120"/>
  <agent start_id="104" goal_id="162"/>
  <agent start_id="183" goal_id="196"/>
  <agent start_id="180" goal_id="60"/>
  <agent start_id="116" goal_id="32"/>
  <agent start_id="106" goal_id="119"/>
  <agent start_id="78" goal_id="141"/>
  <agent start_id="146" goal_id="25"/>
  <agent start_id="181" goal_id="132"/>
  <agent start_id="11" goal_id="62"/>
  <agent start_id="61" goal_id="116"/>
  <agent start_id="29" goal_id="130"/>
  <agent start_id="138" goal_id="168"/>
  <agent start_id="46" goal_id="97"/>
  <agent start_id="162" goal_id="64"/>
  <agent start_id="197" goal_id="58"/>
</root>
