<?xml version="1.0" ?>
<root>
  <agent start_id="101" goal_id="147"/>
  <agent start_id="176" goal_id="60"/>
  <agent start_id="178" goal_id="100"/>
  <agent start_id="147" goal_id="90"/>
  <agent start_id="191" goal_id="150"/>
  <agent start_id="133" goal_id="171"/>
  <agent start_id="168" goal_id="48"/>
  <agent start_id="73" goal_id="92"/>
  <agent start_id="179" goal_id="2"/>
  <agent start_id="27" goal_id="109"/>
  <agent start_id="143" goal_id="144"/>
  <agent start_id="126" goal_id="143"/>
  <agent start_id="145" goal_id="23"/>
  <agent start_id="160" goal_id="84"/>
  <agent start_id="139" goal_id="196"/>
  <agent start_id="60" goal_id="9"/>
  <agent start_id="119" goal_id="86"/>
  <agent start_id="187" goal_id="37"/>
  <agent start_id="53" goal_id="177"/>
  <agent start_id="116" goal_id="133"/>
  <agent start_id="74" goal_id="194"/>
  <agent start_id="52" goal_id="91"/>
  <agent start_id="78" goal_id="26"/>
  <agent start_id="61" goal_id="44"/>
  <agent start_id="151" goal_id="193"/>
  <agent start_id="64" goal_id="51"/>
  <agent start_id="85" goal_id="72"/>
  <agent start_id="134" goal_id="167"/>
  <agent start_id="41" goal_id="164"/>
  <agent start_id="99" goal_id="116"/>
  <agent start_id="103" goal_id="4"/>
  <agent start_id="49" goal_id="175"/>
  <agent start_id="110" goal_id="178"/>
  <agent start_id="117" goal_id="53"/>
  <agent start_id="121" goal_id="78"/>
  <agent start_id="166" goal_id="139"/>
  <agent start_id="188" goal_id="46"/>
  <agent start_id="152" goal_id="76"/>
  <agent start_id="157" goal_id="61"/>
  <agent start_id="36" goal_id="0"/>
  <agent start_id="183" goal_id="128"/>
  <agent start_id="90" goal_id="34"/>
  <agent start_id="161" goal_id="42"/>
  <agent start_id="77" goal_id="98"/>
  <agent start_id="196" goal_id="115"/>
  <agent start_id="182" goal_id="162"/>
  <agent start_id="23" goal_id="77"/>
  <agent start_id="76" goal_id="50"/>
  <agent start_id="5" goal_id="49"/>
  <agent start_id="29" goal_id="184"/>
</root>
