<?xml version="1.0" ?>
<root>
  <agent start_id="55" goal_id="18"/>
  <agent start_id="117" goal_id="173"/>
  <agent start_id="114" goal_id="33"/>
  <agent start_id="11" goal_id="75"/>
  <agent start_id="192" goal_id="95"/>
  <agent start_id="198" goal_id="72"/>
  <agent start_id="168" goal_id="91"/>
  <agent start_id="121" goal_id="23"/>
  <agent start_id="4" goal_id="126"/>
  <agent start_id="106" goal_id="138"/>
  <agent start_id="135" goal_id="183"/>
  <agent start_id="58" goal_id="196"/>
  <agent start_id="13" goal_id="108"/>
  <agent start_id="78" goal_id="29"/>
  <agent start_id="29" goal_id="63"/>
  <agent start_id="199" goal_id="175"/>
  <agent start_id="84" goal_id="136"/>
  <agent start_id="103" goal_id="153"/>
  <agent start_id="83" goal_id="115"/>
  <agent start_id="66" goal_id="134"/>
  <agent start_id="71" goal_id="161"/>
  <agent start_id="61" goal_id="182"/>
  <agent start_id="89" goal_id="180"/>
  <agent start_id="30" goal_id="44"/>
  <agent start_id="26" goal_id="118"/>
  <agent start_id="20" goal_id="32"/>
  <agent start_id="74" goal_id="47"/>
  <agent start_id="48" goal_id="81"/>
  <agent start_id="184" goal_id="78"/>
  <agent start_id="7" goal_id="192"/>
  <agent start_id="0" goal_id="26"/>
  <agent start_id="46" goal_id="121"/>
  <agent start_id="156" goal_id="174"/>
  <agent start_id="112" goal_id="73"/>
  <agent start_id="128" goal_id="4"/>
  <agent start_id="19" goal_id="12"/>
  <agent start_id="139" goal_id="10"/>
  <agent start_id="93" goal_id="110"/>
  <agent start_id="153" goal_id="21"/>
  <agent start_id="171" goal_id="166"/>
  <agent start_id="2" goal_id="179"/>
  <agent start_id="197" goal_id="149"/>
  <agent start_id="94" goal_id="187"/>
  <agent start_id="163" goal_id="66"/>
  <agent start_id="173" goal_id="74"/>
  <agent start_id="185" goal_id="94"/>
  <agent start_id="119" goal_id="2"/>
  <agent start_id="160" goal_id="109"/>
  <agent start_id="69" goal_id="86"/>
  <agent start_id="182" goal_id="143"/>
</root>
