<?xml version="1.0" ?>
<root>
  <agent start_id="110" goal_id="155"/>
  <agent start_id="12" goal_id="159"/>
  <agent start_id="8" goal_id="100"/>
  <agent start_id="27" goal_id="138"/>
  <agent start_id="34" goal_id="49"/>
  <agent start_id="16" goal_id="134"/>
  <agent start_id="126" goal_id="146"/>
  <agent start_id="89" goal_id="149"/>
  <agent start_id="162" goal_id="82"/>
  <agent start_id="67" goal_id="28"/>
  <agent start_id="176" goal_id="174"/>
  <agent start_id="179" goal_id="32"/>
  <agent start_id="75" goal_id="64"/>
  <agent start_id="102" goal_id="21"/>
  <agent start_id="146" goal_id="58"/>
  <agent start_id="137" goal_id="92"/>
  <agent start_id="72" goal_id="76"/>
  <agent start_id="30" goal_id="86"/>
  <agent start_id="29" goal_id="42"/>
  <agent start_id="111" goal_id="91"/>
  <agent start_id="122" goal_id="44"/>
  <agent start_id="148" goal_id="171"/>
  <agent start_id="152" goal_id="79"/>
  <agent start_id="105" goal_id="8"/>
  <agent start_id="161" goal_id="14"/>
  <agent start_id="45" goal_id="37"/>
  <agent start_id="172" goal_id="136"/>
  <agent start_id="64" goal_id="199"/>
  <agent start_id="59" goal_id="90"/>
  <agent start_id="7" goal_id="166"/>
  <agent start_id="109" goal_id="190"/>
  <agent start_id="158" goal_id="195"/>
  <agent start_id="128" goal_id="1"/>
  <agent start_id="132" goal_id="99"/>
  <agent start_id="118" goal_id="93"/>
  <agent start_id="56" goal_id="127"/>
  <agent start_id="193" goal_id="115"/>
  <agent start_id="188" goal_id="106"/>
  <agent start_id="198" goal_id="108"/>
  <agent start_id="140" goal_id="46"/>
  <agent start_id="62" goal_id="161"/>
  <agent start_id="52" goal_id="176"/>
  <agent start_id="143" goal_id="131"/>
  <agent start_id="86" goal_id="184"/>
  <agent start_id="58" goal_id="24"/>
  <agent start_id="41" goal_id="47"/>
  <agent start_id="13" goal_id="140"/>
  <agent start_id="88" goal_id="95"/>
  <agent start_id="18" goal_id="94"/>
  <agent start_id="92" goal_id="148"/>
</root>
