<?xml version="1.0" ?>
<root>
  <agent start_id="172" goal_id="30"/>
  <agent start_id="23" goal_id="94"/>
  <agent start_id="50" goal_id="26"/>
  <agent start_id="24" goal_id="174"/>
  <agent start_id="146" goal_id="22"/>
  <agent start_id="10" goal_id="65"/>
  <agent start_id="64" goal_id="37"/>
  <agent start_id="178" goal_id="184"/>
  <agent start_id="111" goal_id="191"/>
  <agent start_id="133" goal_id="14"/>
  <agent start_id="45" goal_id="24"/>
  <agent start_id="81" goal_id="23"/>
  <agent start_id="156" goal_id="127"/>
  <agent start_id="189" goal_id="108"/>
  <agent start_id="188" goal_id="47"/>
  <agent start_id="109" goal_id="115"/>
  <agent start_id="98" goal_id="176"/>
  <agent start_id="67" goal_id="10"/>
  <agent start_id="85" goal_id="41"/>
  <agent start_id="52" goal_id="171"/>
  <agent start_id="165" goal_id="181"/>
  <agent start_id="74" goal_id="182"/>
  <agent start_id="181" goal_id="159"/>
  <agent start_id="161" goal_id="45"/>
  <agent start_id="12" goal_id="74"/>
  <agent start_id="144" goal_id="164"/>
  <agent start_id="69" goal_id="133"/>
  <agent start_id="173" goal_id="137"/>
  <agent start_id="169" goal_id="12"/>
  <agent start_id="77" goal_id="83"/>
  <agent start_id="42" goal_id="80"/>
  <agent start_id="54" goal_id="9"/>
  <agent start_id="19" goal_id="86"/>
  <agent start_id="57" goal_id="110"/>
  <agent start_id="164" goal_id="7"/>
  <agent start_id="159" goal_id="169"/>
  <agent start_id="116" goal_id="0"/>
  <agent start_id="104" goal_id="95"/>
  <agent start_id="60" goal_id="97"/>
  <agent start_id="125" goal_id="55"/>
  <agent start_id="7" goal_id="56"/>
  <agent start_id="168" goal_id="104"/>
  <agent start_id="138" goal_id="48"/>
  <agent start_id="191" goal_id="54"/>
  <agent start_id="86" goal_id="3"/>
  <agent start_id="132" goal_id="193"/>
  <agent start_id="44" goal_id="51"/>
  <agent start_id="129" goal_id="73"/>
  <agent start_id="89" goal_id="59"/>
  <agent start_id="75" goal_id="155"/>
</root>
