<?xml version="1.0" ?>
<root>
  <agent start_id="112" goal_id="31"/>
  <agent start_id="85" goal_id="18"/>
  <agent start_id="16" goal_id="99"/>
  <agent start_id="103" goal_id="130"/>
  <agent start_id="12" goal_id="59"/>
  <agent start_id="39" goal_id="92"/>
  <agent start_id="119" goal_id="161"/>
  <agent start_id="50" goal_id="163"/>
  <agent start_id="96" goal_id="7"/>
  <agent start_id="149" goal_id="98"/>
  <agent start_id="171" goal_id="182"/>
  <agent start_id="142" goal_id="34"/>
  <agent start_id="146" goal_id="121"/>
  <agent start_id="138" goal_id="131"/>
  <agent start_id="184" goal_id="110"/>
  <agent start_id="94" goal_id="100"/>
  <agent start_id="7" goal_id="111"/>
  <agent start_id="178" goal_id="74"/>
  <agent start_id="33" goal_id="106"/>
  <agent start_id="95" goal_id="193"/>
  <agent start_id="52" goal_id="21"/>
  <agent start_id="137" goal_id="134"/>
  <agent start_id="160" goal_id="39"/>
  <agent start_id="35" goal_id="49"/>
  <agent start_id="8" goal_id="60"/>
  <agent start_id="79" goal_id="172"/>
  <agent start_id="105" goal_id="143"/>
  <agent start_id="60" goal_id="6"/>
  <agent start_id="122" goal_id="93"/>
  <agent start_id="166" goal_id="128"/>
  <agent start_id="28" goal_id="190"/>
  <agent start_id="55" goal_id="166"/>
  <agent start_id="0" goal_id="196"/>
  <agent start_id="66" goal_id="27"/>
  <agent start_id="41" goal_id="44"/>
  <agent start_id="118" goal_id="8"/>
  <agent start_id="114" goal_id="64"/>
  <agent start_id="156" goal_id="153"/>
  <agent start_id="46" goal_id="150"/>
  <agent start_id="73" goal_id="71"/>
  <agent start_id="21" goal_id="0"/>
  <agent start_id="133" goal_id="48"/>
  <agent start_id="90" goal_id="11"/>
  <agent start_id="88" goal_id="45"/>
  <agent start_id="176" goal_id="66"/>
  <agent start_id="93" goal_id="103"/>
  <agent start_id="68" goal_id="147"/>
  <agent start_id="72" goal_id="169"/>
  <agent start_id="56" goal_id="2"/>
  <agent start_id="188" goal_id="195"/>
</root>
