<?xml version="1.0" ?>
<root>
  <agent start_id="109" goal_id="24"/>
  <agent start_id="129" goal_id="105"/>
  <agent start_id="192" goal_id="157"/>
  <agent start_id="168" goal_id="110"/>
  <agent start_id="61" goal_id="48"/>
  <agent start_id="34" goal_id="27"/>
  <agent start_id="120" goal_id="127"/>
  <agent start_id="60" goal_id="158"/>
  <agent start_id="180" goal_id="169"/>
  <agent start_id="86" goal_id="117"/>
  <agent start_id="134" goal_id="183"/>
  <agent start_id="184" goal_id="131"/>
  <agent start_id="159" goal_id="153"/>
  <agent start_id="4" goal_id="178"/>
  <agent start_id="139" goal_id="155"/>
  <agent start_id="55" goal_id="129"/>
  <agent start_id="167" goal_id="139"/>
  <agent start_id="132" goal_id="108"/>
  <agent start_id="5" goal_id="97"/>
  <agent start_id="125" goal_id="85"/>
  <agent start_id="26" goal_id="136"/>
  <agent start_id="45" goal_id="195"/>
  <agent start_id="163" goal_id="173"/>
  <agent start_id="186" goal_id="196"/>
  <agent start_id="58" goal_id="191"/>
  <agent start_id="152" goal_id="198"/>
  <agent start_id="41" goal_id="60"/>
  <agent start_id="174" goal_id="59"/>
  <agent start_id="79" goal_id="100"/>
  <agent start_id="156" goal_id="10"/>
  <agent start_id="133" goal_id="29"/>
  <agent start_id="135" goal_id="93"/>
  <agent start_id="185" goal_id="119"/>
  <agent start_id="57" goal_id="40"/>
  <agent start_id="145" goal_id="45"/>
  <agent start_id="122" goal_id="174"/>
  <agent start_id="103" goal_id="23"/>
  <agent start_id="94" goal_id="141"/>
  <agent start_id="71" goal_id="13"/>
  <agent start_id="66" goal_id="104"/>
  <agent start_id="42" goal_id="111"/>
  <agent start_id="32" goal_id="73"/>
  <agent start_id="155" goal_id="182"/>
  <agent start_id="84" goal_id="92"/>
  <agent start_id="39" goal_id="42"/>
  <agent start_id="107" goal_id="159"/>
  <agent start_id="144" goal_id="122"/>
  <agent start_id="40" goal_id="35"/>
  <agent start_id="102" goal_id="98"/>
  <agent start_id="38" goal_id="81"/>
</root>
