<?xml version="1.0" ?>
<root>
  <agent start_id="56" goal_id="84"/>
  <agent start_id="196" goal_id="24"/>
  <agent start_id="174" goal_id="118"/>
  <agent start_id="40" goal_id="77"/>
  <agent start_id="183" goal_id="196"/>
  <agent start_id="158" goal_id="113"/>
  <agent start_id="139" goal_id="92"/>
  <agent start_id="118" goal_id="8"/>
  <agent start_id="14" goal_id="63"/>
  <agent start_id="91" goal_id="90"/>
  <agent start_id="188" goal_id="161"/>
  <agent start_id="17" goal_id="96"/>
  <agent start_id="5" goal_id="125"/>
  <agent start_id="81" goal_id="67"/>
  <agent start_id="150" goal_id="89"/>
  <agent start_id="46" goal_id="185"/>
  <agent start_id="20" goal_id="32"/>
  <agent start_id="97" goal_id="194"/>
  <agent start_id="78" goal_id="73"/>
  <agent start_id="75" goal_id="79"/>
  <agent start_id="0" goal_id="1"/>
  <agent start_id="8" goal_id="180"/>
  <agent start_id="145" goal_id="126"/>
  <agent start_id="177" goal_id="19"/>
  <agent start_id="83" goal_id="26"/>
  <agent start_id="181" goal_id="34"/>
  <agent start_id="28" goal_id="136"/>
  <agent start_id="12" goal_id="119"/>
  <agent start_id="119" goal_id="171"/>
  <agent start_id="31" goal_id="38"/>
  <agent start_id="88" goal_id="183"/>
  <agent start_id="109" goal_id="60"/>
  <agent start_id="155" goal_id="141"/>
  <agent start_id="122" goal_id="162"/>
  <agent start_id="143" goal_id="145"/>
  <agent start_id="95" goal_id="66"/>
  <agent start_id="74" goal_id="10"/>
  <agent start_id="160" goal_id="155"/>
  <agent start_id="172" goal_id="37"/>
  <agent start_id="114" goal_id="16"/>
  <agent start_id="131" goal_id="189"/>
  <agent start_id="169" goal_id="55"/>
  <agent start_id="29" goal_id="103"/>
  <agent start_id="134" goal_id="9"/>
  <agent start_id="51" goal_id="139"/>
  <agent start_id="6" goal_id="54"/>
  <agent start_id="9" goal_id="144"/>
  <agent start_id="104" goal_id="51"/>
  <agent start_id="44" goal_id="129"/>
  <agent start_id="72" goal_id="74"/>
</root>
