<?xml version="1.0" ?>
<root>
  <agent start_id="91" goal_id="186"/>
  <agent start_id="126" goal_id="127"/>
  <agent start_id="110" goal_id="56"/>
  <agent start_id="19" goal_id="83"/>
  <agent start_id="159" goal_id="102"/>
  <agent start_id="175" goal_id="194"/>
  <agent start_id="131" goal_id="132"/>
  <agent start_id="3" goal_id="123"/>
  <agent start_id="20" goal_id="93"/>
  <agent start_id="195" goal_id="8"/>
  <agent start_id="166" goal_id="41"/>
  <agent start_id="184" goal_id="182"/>
  <agent start_id="172" goal_id="90"/>
  <agent start_id="134" goal_id="185"/>
  <agent start_id="31" goal_id="11"/>
  <agent start_id="52" goal_id="62"/>
  <agent start_id="40" goal_id="66"/>
  <agent start_id="180" goal_id="43"/>
  <agent start_id="88" goal_id="172"/>
  <agent start_id="62" goal_id="36"/>
  <agent start_id="101" goal_id="160"/>
  <agent start_id="77" goal_id="154"/>
  <agent start_id="109" goal_id="192"/>
  <agent start_id="148" goal_id="178"/>
  <agent start_id="187" goal_id="24"/>
  <agent start_id="50" goal_id="106"/>
  <agent start_id="99" goal_id="159"/>
  <agent start_id="7" goal_id="130"/>
  <agent start_id="46" goal_id="121"/>
  <agent start_id="11" goal_id="199"/>
  <agent start_id="124" goal_id="38"/>
  <agent start_id="13" goal_id="145"/>
  <agent start_id="129" goal_id="174"/>
  <agent start_id="114" goal_id="190"/>
  <agent start_id="49" goal_id="91"/>
  <agent start_id="142" goal_id="177"/>
  <agent start_id="81" goal_id="118"/>
  <agent start_id="6" goal_id="155"/>
  <agent start_id="36" goal_id="134"/>
  <agent start_id="37" goal_id="48"/>
  <agent start_id="177" goal_id="196"/>
  <agent start_id="93" goal_id="158"/>
  <agent start_id="169" goal_id="12"/>
  <agent start_id="182" goal_id="98"/>
  <agent start_id="104" goal_id="149"/>
  <agent start_id="86" goal_id="35"/>
  <agent start_id="123" goal_id="67"/>
  <agent start_id="167" goal_id="44"/>
  <agent start_id="48" goal_id="147"/>
  <agent start_id="33" goal_id="119"/>
</root>
