<?xml version="1.0" ?>
<root>
  <agent start_id="15" goal_id="110"/>
  <agent start_id="164" goal_id="88"/>
  <agent start_id="80" goal_id="69"/>
  <agent start_id="48" goal_id="144"/>
  <agent start_id="177" goal_id="155"/>
  <agent start_id="12" goal_id="6"/>
  <agent start_id="136" goal_id="119"/>
  <agent start_id="104" goal_id="29"/>
  <agent start_id="0" goal_id="180"/>
  <agent start_id="105" goal_id="164"/>
  <agent start_id="79" goal_id="123"/>
  <agent start_id="60" goal_id="56"/>
  <agent start_id="199" goal_id="98"/>
  <agent start_id="92" goal_id="14"/>
  <agent start_id="149" goal_id="108"/>
  <agent start_id="133" goal_id="22"/>
  <agent start_id="41" goal_id="168"/>
  <agent start_id="188" goal_id="146"/>
  <agent start_id="25" goal_id="199"/>
  <agent start_id="3" goal_id="73"/>
  <agent start_id="141" goal_id="116"/>
  <agent start_id="119" goal_id="19"/>
  <agent start_id="194" goal_id="10"/>
  <agent start_id="9" goal_id="58"/>
  <agent start_id="34" goal_id="150"/>
  <agent start_id="33" goal_id="95"/>
  <agent start_id="67" goal_id="135"/>
  <agent start_id="65" goal_id="125"/>
  <agent start_id="69" goal_id="169"/>
  <agent start_id="129" goal_id="74"/>
  <agent start_id="152" goal_id="132"/>
  <agent start_id="147" goal_id="31"/>
  <agent start_id="90" goal_id="139"/>
  <agent start_id="140" goal_id="42"/>
  <agent start_id="31" goal_id="11"/>
  <agent start_id="83" goal_id="57"/>
  <agent start_id="58" goal_id="4"/>
  <agent start_id="178" goal_id="100"/>
  <agent start_id="139" goal_id="131"/>
  <agent start_id="37" goal_id="33"/>
  <agent start_id="174" goal_id="46"/>
  <agent start_id="176" goal_id="44"/>
  <agent start_id="8" goal_id="142"/>
  <agent start_id="52" goal_id="134"/>
  <agent start_id="134" goal_id="20"/>
  <agent start_id="182" goal_id="92"/>
  <agent start_id="190" goal_id="60"/>
  <agent start_id="150" goal_id="3"/>
  <agent start_id="56" goal_id="196"/>
  <agent start_id="172" goal_id="158"/>
</root>
