<?xml version="1.0" ?>
<root>
  <agent start_id="54" goal_id="141"/>
  <agent start_id="39" goal_id="46"/>
  <agent start_id="135" goal_id="85"/>
  <agent start_id="172" goal_id="183"/>
  <agent start_id="195" goal_id="1"/>
  <agent start_id="53" goal_id="35"/>
  <agent start_id="100" goal_id="188"/>
  <agent start_id="121" goal_id="157"/>
  <agent start_id="143" goal_id="70"/>
  <agent start_id="187" goal_id="97"/>
  <agent start_id="177" goal_id="133"/>
  <agent start_id="163" goal_id="143"/>
  <agent start_id="9" goal_id="196"/>
  <agent start_id="162" goal_id="8"/>
  <agent start_id="61" goal_id="149"/>
  <agent start_id="171" goal_id="131"/>
  <agent start_id="30" goal_id="5"/>
  <agent start_id="69" goal_id="16"/>
  <agent start_id="42" goal_id="123"/>
  <agent start_id="178" goal_id="3"/>
  <agent start_id="108" goal_id="50"/>
  <agent start_id="66" goal_id="117"/>
  <agent start_id="28" goal_id="108"/>
  <agent start_id="33" goal_id="55"/>
  <agent start_id="148" goal_id="80"/>
  <agent start_id="128" goal_id="177"/>
  <agent start_id="79" goal_id="61"/>
  <agent start_id="36" goal_id="130"/>
  <agent start_id="75" goal_id="138"/>
  <agent start_id="71" goal_id="93"/>
  <agent start_id="4" goal_id="101"/>
  <agent start_id="25" goal_id="136"/>
  <agent start_id="188" goal_id="95"/>
  <agent start_id="157" goal_id="125"/>
  <agent start_id="147" goal_id="129"/>
  <agent start_id="106" goal_id="57"/>
  <agent start_id="197" goal_id="49"/>
  <agent start_id="154" goal_id="104"/>
  <agent start_id="184" goal_id="76"/>
  <agent start_id="109" goal_id="99"/>
  <agent start_id="20" goal_id="15"/>
  <agent start_id="63" goal_id="9"/>
  <agent start_id="84" goal_id="88"/>
  <agent start_id="17" goal_id="145"/>
  <agent start_id="137" goal_id="128"/>
  <agent start_id="160" goal_id="43"/>
  <agent start_id="95" goal_id="77"/>
  <agent start_id="19" goal_id="186"/>
  <agent start_id="77" goal_id="53"/>
  <agent start_id="23" goal_id="140"/>
</root>
