<?xml version="1.0" ?>
<root>
  <agent start_id="156" goal_id="130"/>
  <agent start_id="50" goal_id="109"/>
  <agent start_id="179" goal_id="139"/>
  <agent start_id="193" goal_id="108"/>
  <agent start_id="129" goal_id="101"/>
  <agent start_id="27" goal_id="38"/>
  <agent start_id="80" goal_id="60"/>
  <agent start_id="106" goal_id="15"/>
  <agent start_id="168" goal_id="153"/>
  <agent start_id="100" goal_id="69"/>
  <agent start_id="101" goal_id="30"/>
  <agent start_id="84" goal_id="0"/>
  <agent start_id="45" goal_id="51"/>
  <agent start_id="0" goal_id="198"/>
  <agent start_id="139" goal_id="78"/>
  <agent start_id="152" goal_id="156"/>
  <agent start_id="195" goal_id="33"/>
  <agent start_id="67" goal_id="187"/>
  <agent start_id="131" goal_id="146"/>
  <agent start_id="69" goal_id="169"/>
  <agent start_id="117" goal_id="161"/>
  <agent start_id="41" goal_id="134"/>
  <agent start_id="48" goal_id="10"/>
  <agent start_id="68" goal_id="196"/>
  <agent start_id="5" goal_id="24"/>
  <agent start_id="149" goal_id="72"/>
  <agent start_id="96" goal_id="67"/>
  <agent start_id="90" goal_id="99"/>
  <agent start_id="112" goal_id="131"/>
  <agent start_id="77" goal_id="171"/>
  <agent start_id="163" goal_id="163"/>
  <agent start_id="135" goal_id="62"/>
  <agent start_id="178" goal_id="93"/>
  <agent start_id="118" goal_id="106"/>
  <agent start_id="130" goal_id="94"/>
  <agent start_id="176" goal_id="36"/>
  <agent start_id="134" goal_id="44"/>
  <agent start_id="35" goal_id="133"/>
  <agent start_id="40" goal_id="14"/>
  <agent start_id="52" goal_id="175"/>
  <agent start_id="169" goal_id="188"/>
  <agent start_id="22" goal_id="137"/>
  <agent start_id="145" goal_id="128"/>
  <agent start_id="79" goal_id="6"/>
  <agent start_id="71" goal_id="162"/>
  <agent start_id="49" goal_id="27"/>
  <agent start_id="82" goal_id="179"/>
  <agent start_id="8" goal_id="22"/>
  <agent start_id="46" goal_id="66"/>
  <agent start_id="25" goal_id="194"/>
</root>
