<?xml version="1.0" ?>
<root>
  <agent start_id="150" goal_id="184"/>
  <agent start_id="83" goal_id="56"/>
  <agent start_id="173" goal_id="118"/>
  <agent start_id="67" goal_id="79"/>
  <agent start_id="192" goal_id="129"/>
  <agent start_id="1" goal_id="97"/>
  <agent start_id="180" goal_id="116"/>
  <agent start_id="60" goal_id="191"/>
  <agent start_id="6" goal_id="188"/>
  <agent start_id="133" goal_id="151"/>
  <agent start_id="31" goal_id="1"/>
  <agent start_id="55" goal_id="153"/>
  <agent start_id="4" goal_id="181"/>
  <agent start_id="59" goal_id="113"/>
  <agent start_id="178" goal_id="31"/>
  <agent start_id="40" goal_id="179"/>
  <agent start_id="93" goal_id="65"/>
  <agent start_id="73" goal_id="119"/>
  <agent start_id="163" goal_id="44"/>
  <agent start_id="33" goal_id="57"/>
  <agent start_id="96" goal_id="52"/>
  <agent start_id="130" goal_id="51"/>
  <agent start_id="137" goal_id="166"/>
  <agent start_id="168" goal_id="142"/>
  <agent start_id="94" goal_id="115"/>
  <agent start_id="42" goal_id="92"/>
  <agent start_id="9" goal_id="176"/>
  <agent start_id="109" goal_id="75"/>
  <agent start_id="159" goal_id="144"/>
  <agent start_id="48" goal_id="195"/>
  <agent start_id="115" goal_id="105"/>
  <agent start_id="158" goal_id="124"/>
  <agent start_id="103" goal_id="9"/>
  <agent start_id="85" goal_id="96"/>
  <agent start_id="195" goal_id="74"/>
  <agent start_id="121" goal_id="149"/>
  <agent start_id="136" goal_id="38"/>
  <agent start_id="90" goal_id="61"/>
  <agent start_id="50" goal_id="103"/>
  <agent start_id="161" goal_id="110"/>
  <agent start_id="129" goal_id="24"/>
  <agent start_id="24" goal_id="139"/>
  <agent start_id="152" goal_id="164"/>
  <agent start_id="99" goal_id="29"/>
  <agent start_id="86" goal_id="11"/>
  <agent start_id="176" goal_id="198"/>
  <agent start_id="66" goal_id="165"/>
  <agent start_id="10" goal_id="132"/>
  <agent start_id="134" goal_id="128"/>
  <agent start_id="45" goal_id="104"/>
</root>
