<?xml version="1.0" ?>
<root>
   <agent start_id="9039" goal_id="962"/>
   <agent start_id="8366" goal_id="289"/>
   <agent start_id="8852" goal_id="9354"/>
   <agent start_id="7692" goal_id="874"/>
   <agent start_id="9257" goal_id="1180"/>
   <agent start_id="7226" goal_id="7728"/>
   <agent start_id="3812" goal_id="7077"/>
   <agent start_id="3138" goal_id="6404"/>
   <agent start_id="9776" goal_id="194"/>
   <agent start_id="7841" goal_id="11107"/>
   <agent start_id="2397" goal_id="5662"/>
   <agent start_id="7898" goal_id="8401"/>
   <agent start_id="9107" goal_id="2289"/>
   <agent start_id="5447" goal_id="8712"/>
   <agent start_id="8096" goal_id="8599"/>
   <agent start_id="2570" goal_id="9019"/>
   <agent start_id="961" goal_id="4227"/>
   <agent start_id="814" goal_id="1316"/>
   <agent start_id="10977" goal_id="2900"/>
   <agent start_id="6378" goal_id="6881"/>
   <agent start_id="4991" goal_id="8257"/>
   <agent start_id="9909" goal_id="1832"/>
   <agent start_id="11004" goal_id="165"/>
   <agent start_id="4902" goal_id="8168"/>
   <agent start_id="8888" goal_id="2070"/>
   <agent start_id="11043" goal_id="203"/>
   <agent start_id="9473" goal_id="1397"/>
   <agent start_id="3600" goal_id="4103"/>
   <agent start_id="9453" goal_id="1376"/>
   <agent start_id="202" goal_id="3467"/>
   <agent start_id="625" goal_id="1127"/>
   <agent start_id="1488" goal_id="4753"/>
   <agent start_id="527" goal_id="3793"/>
   <agent start_id="3679" goal_id="4182"/>
   <agent start_id="5732" goal_id="8997"/>
   <agent start_id="10249" goal_id="10751"/>
   <agent start_id="11088" goal_id="3011"/>
   <agent start_id="5643" goal_id="8909"/>
   <agent start_id="5448" goal_id="5951"/>
   <agent start_id="10346" goal_id="2270"/>
   <agent start_id="4901" goal_id="8167"/>
   <agent start_id="3571" goal_id="4073"/>
   <agent start_id="7367" goal_id="548"/>
   <agent start_id="9584" goal_id="1508"/>
   <agent start_id="4020" goal_id="4522"/>
   <agent start_id="8258" goal_id="181"/>
   <agent start_id="9585" goal_id="10087"/>
   <agent start_id="2813" goal_id="6078"/>
   <agent start_id="9149" goal_id="1072"/>
   <agent start_id="7958" goal_id="8461"/>
   <agent start_id="5863" goal_id="9128"/>
   <agent start_id="7802" goal_id="984"/>
   <agent start_id="4416" goal_id="4918"/>
   <agent start_id="8387" goal_id="310"/>
   <agent start_id="4448" goal_id="7713"/>
   <agent start_id="10455" goal_id="10958"/>
   <agent start_id="636" goal_id="3901"/>
   <agent start_id="5339" goal_id="8604"/>
   <agent start_id="8829" goal_id="9331"/>
   <agent start_id="547" goal_id="3813"/>
   <agent start_id="5815" goal_id="6317"/>
   <agent start_id="2359" goal_id="5625"/>
   <agent start_id="9889" goal_id="1813"/>
   <agent start_id="3937" goal_id="4439"/>
   <agent start_id="3250" goal_id="6516"/>
   <agent start_id="944" goal_id="4210"/>
   <agent start_id="5800" goal_id="6302"/>
   <agent start_id="3815" goal_id="7080"/>
   <agent start_id="856" goal_id="4121"/>
   <agent start_id="2258" goal_id="2760"/>
   <agent start_id="182" goal_id="3448"/>
   <agent start_id="9871" goal_id="3053"/>
   <agent start_id="6883" goal_id="7386"/>
   <agent start_id="10782" goal_id="2706"/>
   <agent start_id="5256" goal_id="4782"/>
   <agent start_id="400" goal_id="3665"/>
   <agent start_id="8456" goal_id="1638"/>
   <agent start_id="8906" goal_id="9408"/>
   <agent start_id="10674" goal_id="2597"/>
   <agent start_id="10327" goal_id="2250"/>
   <agent start_id="9195" goal_id="9698"/>
   <agent start_id="8674" goal_id="1855"/>
   <agent start_id="4862" goal_id="8127"/>
   <agent start_id="10081" goal_id="10583"/>
   <agent start_id="8797" goal_id="4754"/>
   <agent start_id="7349" goal_id="9300"/>
   <agent start_id="440" goal_id="3706"/>
   <agent start_id="10456" goal_id="2379"/>
   <agent start_id="6668" goal_id="7171"/>
   <agent start_id="6517" goal_id="9782"/>
   <agent start_id="5844" goal_id="9109"/>
   <agent start_id="2624" goal_id="3126"/>
   <agent start_id="8714" goal_id="638"/>
   <agent start_id="4775" goal_id="8041"/>
   <agent start_id="7250" goal_id="7752"/>
   <agent start_id="7694" goal_id="876"/>
   <agent start_id="5149" goal_id="5651"/>
   <agent start_id="4033" goal_id="7299"/>
   <agent start_id="2707" goal_id="5973"/>
   <agent start_id="10937" goal_id="97"/>
   <agent start_id="2687" goal_id="5952"/>
   <agent start_id="2618" goal_id="5884"/>
   <agent start_id="7394" goal_id="7897"/>
   <agent start_id="1945" goal_id="5211"/>
   <agent start_id="10557" goal_id="2480"/>
   <agent start_id="5572" goal_id="6075"/>
   <agent start_id="877" goal_id="4142"/>
   <agent start_id="530" goal_id="3796"/>
   <agent start_id="717" goal_id="1219"/>
   <agent start_id="11199" goal_id="3122"/>
   <agent start_id="4616" goal_id="5119"/>
   <agent start_id="9546" goal_id="2727"/>
   <agent start_id="11110" goal_id="3034"/>
   <agent start_id="1074" goal_id="1577"/>
   <agent start_id="10437" goal_id="2360"/>
   <agent start_id="9110" goal_id="2292"/>
   <agent start_id="9281" goal_id="9783"/>
   <agent start_id="3251" goal_id="6517"/>
   <agent start_id="11307" goal_id="3231"/>
   <agent start_id="4325" goal_id="4827"/>
   <agent start_id="7368" goal_id="550"/>
   <agent start_id="7953" goal_id="11219"/>
   <agent start_id="7606" goal_id="10872"/>
   <agent start_id="7761" goal_id="8263"/>
   <agent start_id="768" goal_id="4033"/>
   <agent start_id="9240" goal_id="9743"/>
   <agent start_id="9804" goal_id="1727"/>
   <agent start_id="5212" goal_id="8477"/>
   <agent start_id="6609" goal_id="7111"/>
   <agent start_id="332" goal_id="3598"/>
   <agent start_id="5123" goal_id="8389"/>
   <agent start_id="3067" goal_id="3569"/>
   <agent start_id="4450" goal_id="7715"/>
   <agent start_id="5709" goal_id="6211"/>
   <agent start_id="9001" goal_id="2183"/>
   <agent start_id="5526" goal_id="6028"/>
   <agent start_id="5651" goal_id="11263"/>
   <agent start_id="11291" goal_id="3214"/>
   <agent start_id="6606" goal_id="9872"/>
   <agent start_id="8194" goal_id="3210"/>
   <agent start_id="8824" goal_id="747"/>
   <agent start_id="5538" goal_id="8804"/>
   <agent start_id="7333" goal_id="7835"/>
   <agent start_id="3065" goal_id="9110"/>
   <agent start_id="8062" goal_id="11327"/>
   <agent start_id="5958" goal_id="6460"/>
   <agent start_id="3470" goal_id="6735"/>
   <agent start_id="10873" goal_id="2797"/>
   <agent start_id="3075" goal_id="3578"/>
   <agent start_id="1748" goal_id="5014"/>
   <agent start_id="7227" goal_id="7729"/>
   <agent start_id="7045" goal_id="10311"/>
   <agent start_id="8005" goal_id="1186"/>
   <agent start_id="7376" goal_id="7878"/>
   <agent start_id="10222" goal_id="2146"/>
   <agent start_id="7263" goal_id="10528"/>
   <agent start_id="5498" goal_id="6000"/>
   <agent start_id="9349" goal_id="1273"/>
   <agent start_id="2533" goal_id="3035"/>
   <agent start_id="10323" goal_id="2247"/>
   <agent start_id="531" goal_id="1660"/>
   <agent start_id="1158" goal_id="4650"/>
   <agent start_id="3215" goal_id="6481"/>
   <agent start_id="5667" goal_id="8933"/>
   <agent start_id="1949" goal_id="2452"/>
   <agent start_id="9478" goal_id="1402"/>
   <agent start_id="6" goal_id="508"/>
   <agent start_id="9784" goal_id="1708"/>
   <agent start_id="3364" goal_id="6630"/>
   <agent start_id="2827" goal_id="3329"/>
   <agent start_id="6430" goal_id="9696"/>
   <agent start_id="1777" goal_id="2279"/>
   <agent start_id="4124" goal_id="7390"/>
   <agent start_id="3582" goal_id="6848"/>
   <agent start_id="5100" goal_id="5602"/>
   <agent start_id="5521" goal_id="8787"/>
   <agent start_id="603" goal_id="3868"/>
   <agent start_id="49" goal_id="551"/>
   <agent start_id="4648" goal_id="7914"/>
   <agent start_id="2620" goal_id="5886"/>
   <agent start_id="2648" goal_id="3150"/>
   <agent start_id="1294" goal_id="4559"/>
   <agent start_id="333" goal_id="3599"/>
   <agent start_id="2277" goal_id="2780"/>
   <agent start_id="3491" goal_id="6757"/>
   <agent start_id="8788" goal_id="711"/>
   <agent start_id="10597" goal_id="11099"/>
   <agent start_id="11200" goal_id="3124"/>
   <agent start_id="9874" goal_id="3056"/>
   <agent start_id="5434" goal_id="5937"/>
   <agent start_id="10459" goal_id="2382"/>
   <agent start_id="9334" goal_id="9837"/>
   <agent start_id="2791" goal_id="6056"/>
   <agent start_id="8264" goal_id="187"/>
   <agent start_id="9735" goal_id="153"/>
   <agent start_id="2600" goal_id="5866"/>
   <agent start_id="947" goal_id="4213"/>
   <agent start_id="8350" goal_id="1532"/>
   <agent start_id="4892" goal_id="5394"/>
   <agent start_id="8935" goal_id="858"/>
   <agent start_id="512" goal_id="3777"/>
   <agent start_id="5432" goal_id="5935"/>
   <agent start_id="4464" goal_id="2539"/>
   <agent start_id="10132" goal_id="2056"/>
   <agent start_id="1639" goal_id="2141"/>
   <agent start_id="4740" goal_id="8006"/>
   <agent start_id="1967" goal_id="5233"/>
   <agent start_id="8683" goal_id="9185"/>
   <agent start_id="4559" goal_id="7825"/>
   <agent start_id="1743" goal_id="2246"/>
   <agent start_id="10330" goal_id="2253"/>
   <agent start_id="2185" goal_id="5450"/>
   <agent start_id="10957" goal_id="117"/>
   <agent start_id="7955" goal_id="11221"/>
   <agent start_id="930" goal_id="4196"/>
   <agent start_id="8185" goal_id="8687"/>
   <agent start_id="3148" goal_id="6413"/>
   <agent start_id="2948" goal_id="11287"/>
   <agent start_id="10784" goal_id="6721"/>
   <agent start_id="5867" goal_id="9132"/>
   <agent start_id="948" goal_id="4214"/>
   <agent start_id="8907" goal_id="9409"/>
   <agent start_id="3165" goal_id="6431"/>
   <agent start_id="4125" goal_id="5111"/>
   <agent start_id="4609" goal_id="10037"/>
   <agent start_id="3778" goal_id="7044"/>
   <agent start_id="118" goal_id="3383"/>
   <agent start_id="2229" goal_id="2731"/>
   <agent start_id="10786" goal_id="2710"/>
   <agent start_id="10113" goal_id="2036"/>
   <agent start_id="10028" goal_id="10531"/>
   <agent start_id="8786" goal_id="1968"/>
   <agent start_id="4251" goal_id="8907"/>
   <agent start_id="6709" goal_id="9975"/>
   <agent start_id="1601" goal_id="4867"/>
   <agent start_id="1206" goal_id="4472"/>
   <agent start_id="3853" goal_id="4355"/>
   <agent start_id="533" goal_id="3798"/>
   <agent start_id="1473" goal_id="10548"/>
   <agent start_id="8899" goal_id="1976"/>
   <agent start_id="5373" goal_id="9875"/>
   <agent start_id="6214" goal_id="9480"/>
   <agent start_id="6099" goal_id="6601"/>
   <agent start_id="6521" goal_id="9786"/>
   <agent start_id="1831" goal_id="2333"/>
   <agent start_id="5194" goal_id="8460"/>
   <agent start_id="4799" goal_id="8065"/>
   <agent start_id="8121" goal_id="8624"/>
   <agent start_id="4126" goal_id="1182"/>
   <agent start_id="8662" goal_id="226"/>
   <agent start_id="2021" goal_id="9164"/>
   <agent start_id="7191" goal_id="10456"/>
   <agent start_id="4231" goal_id="7497"/>
   <agent start_id="7977" goal_id="8479"/>
   <agent start_id="2037" goal_id="5303"/>
   <agent start_id="6867" goal_id="10133"/>
   <agent start_id="1577" goal_id="2080"/>
   <agent start_id="10531" goal_id="2455"/>
   <agent start_id="8666" goal_id="9169"/>
   <agent start_id="8878" goal_id="2060"/>
   <agent start_id="4473" goal_id="7738"/>
   <agent start_id="426" goal_id="928"/>
   <agent start_id="6412" goal_id="9677"/>
   <agent start_id="840" goal_id="10142"/>
   <agent start_id="9639" goal_id="6452"/>
   <agent start_id="445" goal_id="3711"/>
   <agent start_id="11114" goal_id="3037"/>
   <agent start_id="2923" goal_id="3425"/>
   <agent start_id="4323" goal_id="7589"/>
   <agent start_id="1073" goal_id="9717"/>
   <agent start_id="2295" goal_id="5561"/>
   <agent start_id="4235" goal_id="7500"/>
   <agent start_id="7615" goal_id="8117"/>
   <agent start_id="6919" goal_id="101"/>
   <agent start_id="6850" goal_id="10116"/>
   <agent start_id="7010" goal_id="7513"/>
   <agent start_id="207" goal_id="3473"/>
   <agent start_id="10223" goal_id="2195"/>
   <agent start_id="1693" goal_id="6266"/>
   <agent start_id="6284" goal_id="9549"/>
   <agent start_id="3832" goal_id="4334"/>
   <agent start_id="10134" goal_id="2058"/>
   <agent start_id="9875" goal_id="7892"/>
   <agent start_id="7389" goal_id="7312"/>
   <agent start_id="3041" goal_id="6306"/>
   <agent start_id="3347" goal_id="6613"/>
   <agent start_id="3613" goal_id="8754"/>
   <agent start_id="1694" goal_id="4960"/>
   <agent start_id="4339" goal_id="4841"/>
   <agent start_id="4760" goal_id="8025"/>
   <agent start_id="1605" goal_id="4871"/>
   <agent start_id="796" goal_id="1299"/>
   <agent start_id="1259" goal_id="4524"/>
   <agent start_id="8277" goal_id="8779"/>
   <agent start_id="620" goal_id="3886"/>
   <agent start_id="10762" goal_id="2686"/>
   <agent start_id="9237" goal_id="9739"/>
   <agent start_id="5868" goal_id="9134"/>
   <agent start_id="2724" goal_id="5990"/>
   <agent start_id="2959" goal_id="3026"/>
   <agent start_id="408" goal_id="3673"/>
   <agent start_id="9444" goal_id="1367"/>
   <agent start_id="7483" goal_id="7985"/>
   <agent start_id="2800" goal_id="6066"/>
   <agent start_id="4365" goal_id="7630"/>
   <agent start_id="495" goal_id="1661"/>
   <agent start_id="10135" goal_id="2059"/>
   <agent start_id="4651" goal_id="7916"/>
   <agent start_id="7951" goal_id="8454"/>
   <agent start_id="7287" goal_id="10552"/>
   <agent start_id="6370" goal_id="6872"/>
   <agent start_id="6614" goal_id="9879"/>
   <agent start_id="11000" goal_id="2924"/>
   <agent start_id="6419" goal_id="6921"/>
   <agent start_id="5545" goal_id="8811"/>
   <agent start_id="5427" goal_id="11223"/>
   <agent start_id="8437" goal_id="5929"/>
   <agent start_id="10077" goal_id="3258"/>
   <agent start_id="2681" goal_id="3183"/>
   <agent start_id="4130" goal_id="1810"/>
   <agent start_id="1818" goal_id="1181"/>
   <agent start_id="834" goal_id="2321"/>
   <agent start_id="2783" goal_id="6049"/>
   <agent start_id="9441" goal_id="2623"/>
   <agent start_id="5067" goal_id="5569"/>
   <agent start_id="3674" goal_id="909"/>
   <agent start_id="407" goal_id="8620"/>
   <agent start_id="1368" goal_id="4634"/>
   <agent start_id="1953" goal_id="5219"/>
   <agent start_id="6698" goal_id="7200"/>
   <agent start_id="10244" goal_id="2167"/>
   <agent start_id="5325" goal_id="624"/>
   <agent start_id="122" goal_id="335"/>
   <agent start_id="1191" goal_id="4457"/>
   <agent start_id="6216" goal_id="9482"/>
   <agent start_id="9838" goal_id="10340"/>
   <agent start_id="9880" goal_id="1804"/>
   <agent start_id="1604" goal_id="4869"/>
   <agent start_id="5793" goal_id="6295"/>
   <agent start_id="1209" goal_id="4474"/>
   <agent start_id="536" goal_id="3801"/>
   <agent start_id="10419" goal_id="10921"/>
   <agent start_id="7060" goal_id="6720"/>
   <agent start_id="1424" goal_id="7562"/>
   <agent start_id="9878" goal_id="3059"/>
   <agent start_id="3366" goal_id="6631"/>
   <agent start_id="3517" goal_id="4020"/>
   <agent start_id="9789" goal_id="1713"/>
   <agent start_id="5889" goal_id="9155"/>
   <agent start_id="2142" goal_id="2645"/>
   <agent start_id="2604" goal_id="5869"/>
   <agent start_id="6868" goal_id="10134"/>
   <agent start_id="2274" goal_id="2777"/>
   <agent start_id="1862" goal_id="5127"/>
   <agent start_id="5142" goal_id="7720"/>
   <agent start_id="3568" goal_id="5644"/>
   <agent start_id="2148" goal_id="5414"/>
   <agent start_id="8790" goal_id="9293"/>
   <agent start_id="2080" goal_id="5345"/>
   <agent start_id="4672" goal_id="7937"/>
   <agent start_id="7415" goal_id="8091"/>
   <agent start_id="8809" goal_id="733"/>
   <agent start_id="664" goal_id="3930"/>
   <agent start_id="5035" goal_id="5538"/>
   <agent start_id="2369" goal_id="5635"/>
   <agent start_id="8047" goal_id="11313"/>
   <agent start_id="9410" goal_id="9912"/>
   <agent start_id="1968" goal_id="556"/>
   <agent start_id="7306" goal_id="10571"/>
   <agent start_id="7532" goal_id="8035"/>
   <agent start_id="8007" goal_id="7285"/>
   <agent start_id="7592" goal_id="773"/>
   <agent start_id="2983" goal_id="3486"/>
   <agent start_id="3278" goal_id="6544"/>
   <agent start_id="1625" goal_id="4891"/>
   <agent start_id="6855" goal_id="7358"/>
   <agent start_id="4252" goal_id="4544"/>
   <agent start_id="4751" goal_id="10363"/>
   <agent start_id="7741" goal_id="11007"/>
   <agent start_id="210" goal_id="3475"/>
   <agent start_id="2481" goal_id="9380"/>
   <agent start_id="10879" goal_id="2802"/>
   <agent start_id="1101" goal_id="4367"/>
   <agent start_id="4673" goal_id="7938"/>
   <agent start_id="2228" goal_id="2730"/>
   <agent start_id="9463" goal_id="1387"/>
   <agent start_id="6100" goal_id="1972"/>
   <agent start_id="8085" goal_id="6602"/>
   <agent start_id="9375" goal_id="1298"/>
   <agent start_id="10000" goal_id="10502"/>
   <agent start_id="8048" goal_id="11314"/>
   <agent start_id="7375" goal_id="8625"/>
   <agent start_id="863" goal_id="4129"/>
   <agent start_id="3098" goal_id="3601"/>
   <agent start_id="8266" goal_id="190"/>
   <agent start_id="6496" goal_id="4599"/>
   <agent start_id="121" goal_id="3387"/>
   <agent start_id="10790" goal_id="2713"/>
   <agent start_id="5121" goal_id="5623"/>
   <agent start_id="6851" goal_id="10117"/>
   <agent start_id="4545" goal_id="7810"/>
   <agent start_id="825" goal_id="1327"/>
   <agent start_id="9048" goal_id="972"/>
   <agent start_id="8701" goal_id="625"/>
   <agent start_id="9785" goal_id="11249"/>
   <agent start_id="7048" goal_id="230"/>
   <agent start_id="427" goal_id="929"/>
   <agent start_id="8613" goal_id="536"/>
   <agent start_id="10142" goal_id="10645"/>
   <agent start_id="7908" goal_id="2177"/>
   <agent start_id="6286" goal_id="9552"/>
   <agent start_id="9484" goal_id="1407"/>
   <agent start_id="10127" goal_id="6096"/>
   <agent start_id="8810" goal_id="734"/>
   <agent start_id="9493" goal_id="9996"/>
   <agent start_id="4871" goal_id="8137"/>
   <agent start_id="5456" goal_id="8722"/>
   <agent start_id="5449" goal_id="1055"/>
   <agent start_id="2058" goal_id="5324"/>
   <agent start_id="10079" goal_id="3261"/>
   <agent start_id="5346" goal_id="5849"/>
   <agent start_id="5021" goal_id="8286"/>
   <agent start_id="2714" goal_id="5980"/>
   <agent start_id="2110" goal_id="2196"/>
   <agent start_id="8664" goal_id="1846"/>
   <agent start_id="8016" goal_id="7871"/>
   <agent start_id="7616" goal_id="10882"/>
   <agent start_id="6290" goal_id="9555"/>
   <agent start_id="5240" goal_id="5742"/>
   <agent start_id="1279" goal_id="4545"/>
   <agent start_id="4693" goal_id="5195"/>
   <agent start_id="1211" goal_id="4476"/>
   <agent start_id="10900" goal_id="2823"/>
   <agent start_id="10983" goal_id="144"/>
   <agent start_id="6961" goal_id="10226"/>
   <agent start_id="3039" goal_id="3541"/>
   <agent start_id="4786" goal_id="8052"/>
   <agent start_id="6219" goal_id="9485"/>
   <agent start_id="1161" goal_id="1664"/>
   <agent start_id="2460" goal_id="5725"/>
   <agent start_id="4024" goal_id="2064"/>
   <agent start_id="1562" goal_id="3944"/>
   <agent start_id="9702" goal_id="1626"/>
   <agent start_id="8049" goal_id="11315"/>
   <agent start_id="4663" goal_id="5166"/>
   <agent start_id="1629" goal_id="2170"/>
   <agent start_id="1668" goal_id="67"/>
   <agent start_id="5675" goal_id="8940"/>
   <agent start_id="2389" goal_id="5654"/>
   <agent start_id="3009" goal_id="3512"/>
   <agent start_id="5961" goal_id="9226"/>
   <agent start_id="6545" goal_id="9811"/>
   <agent start_id="1885" goal_id="2388"/>
   <agent start_id="6948" goal_id="7450"/>
   <agent start_id="1280" goal_id="4546"/>
   <agent start_id="10847" goal_id="8"/>
   <agent start_id="6110" goal_id="9376"/>
   <agent start_id="5824" goal_id="6326"/>
   <agent start_id="8794" goal_id="718"/>
   <agent start_id="912" goal_id="1415"/>
   <agent start_id="7468" goal_id="649"/>
   <agent start_id="9685" goal_id="1609"/>
   <agent start_id="9370" goal_id="6658"/>
   <agent start_id="4675" goal_id="7940"/>
   <agent start_id="1130" goal_id="5634"/>
   <agent start_id="9876" goal_id="1632"/>
   <agent start_id="6303" goal_id="9576"/>
   <agent start_id="2280" goal_id="5546"/>
   <agent start_id="8929" goal_id="9432"/>
   <agent start_id="11316" goal_id="3239"/>
   <agent start_id="1538" goal_id="4804"/>
   <agent start_id="7052" goal_id="7554"/>
   <agent start_id="212" goal_id="3477"/>
   <agent start_id="10880" goal_id="2804"/>
   <agent start_id="5174" goal_id="5677"/>
   <agent start_id="6941" goal_id="123"/>
   <agent start_id="10792" goal_id="2715"/>
   <agent start_id="374" goal_id="10897"/>
   <agent start_id="5873" goal_id="9139"/>
   <agent start_id="1856" goal_id="2358"/>
   <agent start_id="8792" goal_id="1974"/>
   <agent start_id="10030" goal_id="1953"/>
   <agent start_id="732" goal_id="1234"/>
   <agent start_id="7724" goal_id="10989"/>
   <agent start_id="2936" goal_id="6202"/>
   <agent start_id="378" goal_id="881"/>
   <agent start_id="630" goal_id="3896"/>
   <agent start_id="4027" goal_id="5452"/>
   <agent start_id="3043" goal_id="6309"/>
   <agent start_id="6615" goal_id="9880"/>
   <agent start_id="10960" goal_id="121"/>
   <agent start_id="6220" goal_id="2105"/>
   <agent start_id="1602" goal_id="6222"/>
   <agent start_id="8691" goal_id="1807"/>
   <agent start_id="4873" goal_id="8139"/>
   <agent start_id="8144" goal_id="8647"/>
   <agent start_id="451" goal_id="7091"/>
   <agent start_id="4131" goal_id="7397"/>
   <agent start_id="6267" goal_id="6769"/>
   <agent start_id="7795" goal_id="977"/>
</root>