<?xml version="1.0" ?>
<root>
   <agent start_id="5128" goal_id="8394"/>
   <agent start_id="8053" goal_id="8556"/>
   <agent start_id="5713" goal_id="8978"/>
   <agent start_id="9285" goal_id="1208"/>
   <agent start_id="6929" goal_id="7432"/>
   <agent start_id="7632" goal_id="813"/>
   <agent start_id="4951" goal_id="8216"/>
   <agent start_id="969" goal_id="1471"/>
   <agent start_id="5257" goal_id="8523"/>
   <agent start_id="6217" goal_id="9482"/>
   <agent start_id="9677" goal_id="96"/>
   <agent start_id="10067" goal_id="1990"/>
   <agent start_id="2738" goal_id="3240"/>
   <agent start_id="6781" goal_id="10047"/>
   <agent start_id="5455" goal_id="8720"/>
   <agent start_id="10035" goal_id="10537"/>
   <agent start_id="6039" goal_id="9305"/>
   <agent start_id="2188" goal_id="5454"/>
   <agent start_id="6491" goal_id="6993"/>
   <agent start_id="6325" goal_id="9591"/>
   <agent start_id="9386" goal_id="9888"/>
   <agent start_id="1032" goal_id="4298"/>
   <agent start_id="1338" goal_id="4604"/>
   <agent start_id="5090" goal_id="5592"/>
   <agent start_id="9395" goal_id="1318"/>
   <agent start_id="9701" goal_id="2883"/>
   <agent start_id="39" goal_id="541"/>
   <agent start_id="3189" goal_id="6454"/>
   <agent start_id="6357" goal_id="6859"/>
   <agent start_id="883" goal_id="4148"/>
   <agent start_id="7306" goal_id="488"/>
   <agent start_id="145" goal_id="647"/>
   <agent start_id="7891" goal_id="11156"/>
   <agent start_id="6238" goal_id="9503"/>
   <agent start_id="4771" goal_id="5273"/>
   <agent start_id="8304" goal_id="227"/>
   <agent start_id="7129" goal_id="10394"/>
   <agent start_id="3144" goal_id="3647"/>
   <agent start_id="5802" goal_id="9068"/>
   <agent start_id="8709" goal_id="9211"/>
   <agent start_id="8395" goal_id="1576"/>
   <agent start_id="8979" goal_id="903"/>
   <agent start_id="4411" goal_id="4914"/>
   <agent start_id="8306" goal_id="230"/>
   <agent start_id="2539" goal_id="5805"/>
   <agent start_id="2393" goal_id="2895"/>
   <agent start_id="6585" goal_id="9850"/>
   <agent start_id="2646" goal_id="5911"/>
   <agent start_id="6657" goal_id="7159"/>
   <agent start_id="4258" goal_id="7524"/>
   <agent start_id="1577" goal_id="4843"/>
   <agent start_id="1199" goal_id="1701"/>
   <agent start_id="4496" goal_id="7762"/>
   <agent start_id="231" goal_id="3496"/>
   <agent start_id="7741" goal_id="8243"/>
   <agent start_id="815" goal_id="4081"/>
   <agent start_id="7653" goal_id="10918"/>
   <agent start_id="7119" goal_id="7621"/>
   <agent start_id="4694" goal_id="7959"/>
   <agent start_id="1090" goal_id="1593"/>
   <agent start_id="380" goal_id="3645"/>
   <agent start_id="2972" goal_id="6238"/>
   <agent start_id="8639" goal_id="9141"/>
   <agent start_id="10375" goal_id="2299"/>
   <agent start_id="8069" goal_id="1251"/>
   <agent start_id="3085" goal_id="3587"/>
   <agent start_id="843" goal_id="9813"/>
   <agent start_id="6527" goal_id="9793"/>
   <agent start_id="1821" goal_id="2323"/>
   <agent start_id="7307" goal_id="489"/>
   <agent start_id="4806" goal_id="8071"/>
   <agent start_id="9369" goal_id="9872"/>
   <agent start_id="3479" goal_id="6745"/>
   <agent start_id="5565" goal_id="8831"/>
   <agent start_id="626" goal_id="1129"/>
   <agent start_id="5497" goal_id="8763"/>
   <agent start_id="6018" goal_id="9283"/>
   <agent start_id="10527" goal_id="11030"/>
   <agent start_id="2322" goal_id="5588"/>
   <agent start_id="8980" goal_id="904"/>
   <agent start_id="7709" goal_id="8211"/>
   <agent start_id="10593" goal_id="2516"/>
   <agent start_id="10195" goal_id="10698"/>
   <agent start_id="6654" goal_id="9920"/>
   <agent start_id="234" goal_id="3500"/>
   <agent start_id="9339" goal_id="9842"/>
   <agent start_id="6565" goal_id="9831"/>
   <agent start_id="1973" goal_id="5239"/>
   <agent start_id="2513" goal_id="3015"/>
   <agent start_id="1578" goal_id="4844"/>
   <agent start_id="5150" goal_id="8416"/>
   <agent start_id="10815" goal_id="11317"/>
   <agent start_id="3497" goal_id="6763"/>
   <agent start_id="816" goal_id="4082"/>
   <agent start_id="3596" goal_id="4098"/>
   <agent start_id="1123" goal_id="4388"/>
   <agent start_id="3062" goal_id="6327"/>
   <agent start_id="4137" goal_id="4639"/>
   <agent start_id="9290" goal_id="1214"/>
   <agent start_id="7896" goal_id="8399"/>
   <agent start_id="6984" goal_id="10249"/>
   <agent start_id="667" goal_id="3933"/>
   <agent start_id="4243" goal_id="4746"/>
   <agent start_id="1252" goal_id="4517"/>
   <agent start_id="6548" goal_id="9814"/>
   <agent start_id="4141" goal_id="4644"/>
   <agent start_id="7016" goal_id="10282"/>
   <agent start_id="490" goal_id="3755"/>
   <agent start_id="7243" goal_id="7745"/>
   <agent start_id="469" goal_id="3735"/>
   <agent start_id="8220" goal_id="8722"/>
   <agent start_id="3480" goal_id="6746"/>
   <agent start_id="8179" goal_id="1360"/>
   <agent start_id="6091" goal_id="6594"/>
   <agent start_id="5498" goal_id="8764"/>
   <agent start_id="8090" goal_id="14"/>
   <agent start_id="2549" goal_id="3051"/>
   <agent start_id="4804" goal_id="8070"/>
   <agent start_id="3756" goal_id="7022"/>
   <agent start_id="6672" goal_id="7175"/>
   <agent start_id="7328" goal_id="10594"/>
   <agent start_id="6002" goal_id="9267"/>
   <agent start_id="7577" goal_id="7715"/>
   <agent start_id="2994" goal_id="6260"/>
   <agent start_id="2321" goal_id="5587"/>
   <agent start_id="9672" goal_id="10174"/>
   <agent start_id="1648" goal_id="4913"/>
   <agent start_id="10162" goal_id="2085"/>
   <agent start_id="3317" goal_id="3820"/>
   <agent start_id="5151" goal_id="8417"/>
   <agent start_id="4478" goal_id="7743"/>
   <agent start_id="6670" goal_id="7173"/>
   <agent start_id="2450" goal_id="5716"/>
   <agent start_id="144" goal_id="3409"/>
   <agent start_id="2978" goal_id="11296"/>
   <agent start_id="2083" goal_id="5349"/>
   <agent start_id="1035" goal_id="4300"/>
   <agent start_id="9167" goal_id="9670"/>
   <agent start_id="1994" goal_id="5260"/>
   <agent start_id="1976" goal_id="2479"/>
   <agent start_id="341" goal_id="3607"/>
   <agent start_id="273" goal_id="3538"/>
   <agent start_id="8267" goal_id="8769"/>
   <agent start_id="579" goal_id="3243"/>
   <agent start_id="9289" goal_id="1212"/>
   <agent start_id="2776" goal_id="6042"/>
   <agent start_id="7869" goal_id="8371"/>
   <agent start_id="10180" goal_id="2103"/>
   <agent start_id="11266" goal_id="427"/>
   <agent start_id="6241" goal_id="9506"/>
   <agent start_id="8180" goal_id="1361"/>
   <agent start_id="9389" goal_id="9891"/>
   <agent start_id="4519" goal_id="7785"/>
   <agent start_id="8091" goal_id="15"/>
   <agent start_id="5847" goal_id="6349"/>
   <agent start_id="3173" goal_id="6438"/>
   <agent start_id="3757" goal_id="10472"/>
   <agent start_id="9970" goal_id="608"/>
   <agent start_id="5696" goal_id="8962"/>
   <agent start_id="1757" goal_id="5023"/>
   <agent start_id="8092" goal_id="8595"/>
   <agent start_id="5608" goal_id="8873"/>
   <agent start_id="1669" goal_id="4934"/>
   <agent start_id="3292" goal_id="3795"/>
   <agent start_id="995" goal_id="7694"/>
   <agent start_id="9178" goal_id="1102"/>
   <agent start_id="4429" goal_id="4931"/>
   <agent start_id="4172" goal_id="7438"/>
   <agent start_id="10596" goal_id="2519"/>
   <agent start_id="4376" goal_id="4878"/>
   <agent start_id="9922" goal_id="3104"/>
   <agent start_id="8276" goal_id="8778"/>
   <agent start_id="9854" goal_id="1778"/>
   <agent start_id="9181" goal_id="1104"/>
   <agent start_id="6398" goal_id="6900"/>
   <agent start_id="7528" goal_id="709"/>
   <agent start_id="1016" goal_id="4281"/>
   <agent start_id="2100" goal_id="2603"/>
   <agent start_id="8419" goal_id="342"/>
   <agent start_id="7092" goal_id="274"/>
   <agent start_id="11062" goal_id="9435"/>
   <agent start_id="6697" goal_id="9963"/>
   <agent start_id="4346" goal_id="9289"/>
   <agent start_id="1554" goal_id="4848"/>
   <agent start_id="6330" goal_id="9596"/>
   <agent start_id="10181" goal_id="2104"/>
   <agent start_id="3222" goal_id="3724"/>
   <agent start_id="8528" goal_id="451"/>
   <agent start_id="3087" goal_id="6353"/>
   <agent start_id="4127" goal_id="4629"/>
   <agent start_id="1434" goal_id="4700"/>
   <agent start_id="9144" goal_id="16"/>
   <agent start_id="5967" goal_id="9647"/>
   <agent start_id="2194" goal_id="5459"/>
   <agent start_id="2778" goal_id="6044"/>
   <agent start_id="10" goal_id="512"/>
   <agent start_id="7983" goal_id="11249"/>
   <agent start_id="779" goal_id="4044"/>
   <agent start_id="8216" goal_id="8719"/>
   <agent start_id="6262" goal_id="9527"/>
   <agent start_id="1528" goal_id="2030"/>
   <agent start_id="9273" goal_id="1196"/>
   <agent start_id="17" goal_id="3282"/>
   <agent start_id="8574" goal_id="9076"/>
   <agent start_id="601" goal_id="3867"/>
   <agent start_id="10617" goal_id="2541"/>
   <agent start_id="6696" goal_id="7199"/>
   <agent start_id="10597" goal_id="2520"/>
   <agent start_id="9318" goal_id="8176"/>
   <agent start_id="9923" goal_id="3105"/>
   <agent start_id="9855" goal_id="1779"/>
   <agent start_id="5796" goal_id="6298"/>
   <agent start_id="1105" goal_id="4371"/>
   <agent start_id="2670" goal_id="5935"/>
   <agent start_id="4672" goal_id="5174"/>
   <agent start_id="4374" goal_id="7640"/>
   <agent start_id="7929" goal_id="8431"/>
   <agent start_id="1323" goal_id="4588"/>
   <agent start_id="6767" goal_id="10032"/>
   <agent start_id="9521" goal_id="10024"/>
   <agent start_id="8847" goal_id="771"/>
   <agent start_id="3919" goal_id="7184"/>
   <agent start_id="1502" goal_id="2005"/>
   <agent start_id="2870" goal_id="6136"/>
   <agent start_id="472" goal_id="3738"/>
   <agent start_id="6771" goal_id="7273"/>
   <agent start_id="4044" goal_id="7310"/>
   <agent start_id="3005" goal_id="3508"/>
   <agent start_id="9488" goal_id="2669"/>
   <agent start_id="8440" goal_id="363"/>
   <agent start_id="3703" goal_id="4206"/>
   <agent start_id="8746" goal_id="670"/>
   <agent start_id="693" goal_id="3959"/>
   <agent start_id="6273" goal_id="6775"/>
   <agent start_id="7025" goal_id="10290"/>
   <agent start_id="7331" goal_id="10597"/>
   <agent start_id="200" goal_id="702"/>
   <agent start_id="5678" goal_id="8944"/>
   <agent start_id="2184" goal_id="2686"/>
   <agent start_id="8875" goal_id="799"/>
   <agent start_id="7222" goal_id="10488"/>
   <agent start_id="8976" goal_id="9479"/>
   <agent start_id="4916" goal_id="8182"/>
   <agent start_id="602" goal_id="3868"/>
   <agent start_id="9210" goal_id="4932"/>
   <agent start_id="10291" goal_id="2215"/>
   <agent start_id="9945" goal_id="1868"/>
   <agent start_id="2552" goal_id="3054"/>
   <agent start_id="9924" goal_id="3106"/>
   <agent start_id="1779" goal_id="5045"/>
   <agent start_id="9596" goal_id="10098"/>
   <agent start_id="126" goal_id="3392"/>
   <agent start_id="238" goal_id="740"/>
   <agent start_id="58" goal_id="3324"/>
   <agent start_id="7461" goal_id="10727"/>
   <agent start_id="7942" goal_id="8444"/>
   <agent start_id="10706" goal_id="2630"/>
   <agent start_id="5266" goal_id="8532"/>
   <agent start_id="9600" goal_id="10103"/>
   <agent start_id="8985" goal_id="909"/>
   <agent start_id="1360" goal_id="1215"/>
   <agent start_id="4518" goal_id="1862"/>
   <agent start_id="8618" goal_id="1800"/>
   <agent start_id="9203" goal_id="1126"/>
   <agent start_id="7902" goal_id="8404"/>
   <agent start_id="3631" goal_id="6897"/>
   <agent start_id="11048" goal_id="208"/>
   <agent start_id="7203" goal_id="385"/>
   <agent start_id="1436" goal_id="4702"/>
   <agent start_id="106" goal_id="5892"/>
   <agent start_id="1889" goal_id="5155"/>
   <agent start_id="4808" goal_id="8074"/>
   <agent start_id="4872" goal_id="5375"/>
   <agent start_id="2127" goal_id="5393"/>
   <agent start_id="1454" goal_id="4719"/>
   <agent start_id="828" goal_id="1330"/>
   <agent start_id="11143" goal_id="3066"/>
   <agent start_id="3651" goal_id="6917"/>
   <agent start_id="5956" goal_id="6458"/>
   <agent start_id="9836" goal_id="1759"/>
   <agent start_id="5575" goal_id="8840"/>
   <agent start_id="1928" goal_id="2431"/>
   <agent start_id="3869" goal_id="7134"/>
   <agent start_id="8229" goal_id="8732"/>
   <agent start_id="2060" goal_id="9819"/>
   <agent start_id="1869" goal_id="5135"/>
   <agent start_id="6352" goal_id="6854"/>
   <agent start_id="5811" goal_id="9077"/>
   <agent start_id="801" goal_id="4066"/>
   <agent start_id="10978" goal_id="138"/>
   <agent start_id="4475" goal_id="7740"/>
   <agent start_id="6551" goal_id="9816"/>
   <agent start_id="3759" goal_id="4262"/>
   <agent start_id="6482" goal_id="9748"/>
   <agent start_id="10707" goal_id="2631"/>
   <agent start_id="2635" goal_id="3138"/>
   <agent start_id="10034" goal_id="3216"/>
   <agent start_id="3502" goal_id="6767"/>
   <agent start_id="3130" goal_id="7808"/>
   <agent start_id="6027" goal_id="9292"/>
   <agent start_id="8619" goal_id="1801"/>
   <agent start_id="7299" goal_id="7802"/>
   <agent start_id="7571" goal_id="10836"/>
   <agent start_id="5918" goal_id="9183"/>
   <agent start_id="6224" goal_id="9490"/>
   <agent start_id="7406" goal_id="7908"/>
   <agent start_id="3543" goal_id="6809"/>
   <agent start_id="1890" goal_id="5156"/>
   <agent start_id="187" goal_id="690"/>
   <agent start_id="1217" goal_id="4483"/>
   <agent start_id="4087" goal_id="4589"/>
   <agent start_id="685" goal_id="3951"/>
   <agent start_id="10837" goal_id="2761"/>
   <agent start_id="10378" goal_id="10880"/>
   <agent start_id="5680" goal_id="8945"/>
   <agent start_id="3652" goal_id="6918"/>
   <agent start_id="9254" goal_id="9756"/>
   <agent start_id="2979" goal_id="6244"/>
   <agent start_id="6874" goal_id="1652"/>
   <agent start_id="900" goal_id="6512"/>
   <agent start_id="131" goal_id="3396"/>
   <agent start_id="7534" goal_id="10799"/>
   <agent start_id="7274" goal_id="7776"/>
   <agent start_id="1543" goal_id="4809"/>
   <agent start_id="4811" goal_id="4741"/>
   <agent start_id="1475" goal_id="10878"/>
   <agent start_id="5139" goal_id="8405"/>
   <agent start_id="7380" goal_id="7883"/>
   <agent start_id="128" goal_id="3394"/>
   <agent start_id="5611" goal_id="8877"/>
   <agent start_id="9726" goal_id="3996"/>
   <agent start_id="2652" goal_id="5918"/>
   <agent start_id="5458" goal_id="5961"/>
   <agent start_id="9076" goal_id="999"/>
   <agent start_id="4157" goal_id="7423"/>
   <agent start_id="5905" goal_id="8888"/>
   <agent start_id="5721" goal_id="8987"/>
   <agent start_id="4068" goal_id="7334"/>
   <agent start_id="2363" goal_id="2865"/>
   <agent start_id="5354" goal_id="8620"/>
   <agent start_id="7572" goal_id="10837"/>
   <agent start_id="2904" goal_id="3406"/>
   <agent start_id="4388" goal_id="7654"/>
   <agent start_id="2764" goal_id="6030"/>
   <agent start_id="1137" goal_id="1639"/>
   <agent start_id="3544" goal_id="6810"/>
   <agent start_id="5157" goal_id="8422"/>
   <agent start_id="664" goal_id="4490"/>
   <agent start_id="3830" goal_id="7096"/>
   <agent start_id="3435" goal_id="6701"/>
   <agent start_id="194" goal_id="696"/>
   <agent start_id="476" goal_id="3742"/>
   <agent start_id="8400" goal_id="4701"/>
   <agent start_id="605" goal_id="8903"/>
   <agent start_id="9492" goal_id="2673"/>
   <agent start_id="2980" goal_id="6245"/>
   <agent start_id="5109" goal_id="5612"/>
   <agent start_id="1653" goal_id="4919"/>
   <agent start_id="10674" goal_id="7789"/>
   <agent start_id="4524" goal_id="2321"/>
   <agent start_id="473" goal_id="9484"/>
   <agent start_id="8981" goal_id="3521"/>
   <agent start_id="8968" goal_id="891"/>
   <agent start_id="7315" goal_id="496"/>
   <agent start_id="11255" goal_id="415"/>
   <agent start_id="7899" goal_id="11165"/>
   <agent start_id="9377" goal_id="9838"/>
   <agent start_id="10767" goal_id="9880"/>
   <agent start_id="9165" goal_id="2347"/>
   <agent start_id="6484" goal_id="9750"/>
   <agent start_id="4577" goal_id="5080"/>
   <agent start_id="8477" goal_id="8979"/>
   <agent start_id="1695" goal_id="7307"/>
   <agent start_id="6770" goal_id="10036"/>
   <agent start_id="8008" goal_id="11274"/>
   <agent start_id="2263" goal_id="2766"/>
   <agent start_id="4526" goal_id="9923"/>
   <agent start_id="915" goal_id="4180"/>
   <agent start_id="3168" goal_id="3670"/>
   <agent start_id="10930" goal_id="2854"/>
   <agent start_id="10257" goal_id="2181"/>
   <agent start_id="1290" goal_id="1793"/>
   <agent start_id="9584" goal_id="2765"/>
   <agent start_id="10168" goal_id="2092"/>
   <agent start_id="7832" goal_id="8334"/>
   <agent start_id="3525" goal_id="6791"/>
   <agent start_id="239" goal_id="3505"/>
   <agent start_id="7509" goal_id="4927"/>
   <agent start_id="9406" goal_id="7434"/>
   <agent start_id="6932" goal_id="7170"/>
   <agent start_id="10839" goal_id="2763"/>
   <agent start_id="3722" goal_id="6988"/>
   <agent start_id="10284" goal_id="10787"/>
   <agent start_id="7991" goal_id="11257"/>
   <agent start_id="6338" goal_id="9604"/>
   <agent start_id="9680" goal_id="98"/>
   <agent start_id="1908" goal_id="5173"/>
   <agent start_id="3872" goal_id="7137"/>
   <agent start_id="8269" goal_id="7283"/>
   <agent start_id="122" goal_id="3388"/>
   <agent start_id="6897" goal_id="10163"/>
   <agent start_id="7903" goal_id="2921"/>
   <agent start_id="8948" goal_id="2130"/>
   <agent start_id="6267" goal_id="9533"/>
   <agent start_id="6859" goal_id="7362"/>
   <agent start_id="1763" goal_id="5029"/>
   <agent start_id="715" goal_id="3980"/>
   <agent start_id="5987" goal_id="6489"/>
   <agent start_id="695" goal_id="3960"/>
   <agent start_id="1001" goal_id="4267"/>
   <agent start_id="1437" goal_id="1940"/>
   <agent start_id="9057" goal_id="2239"/>
   <agent start_id="3170" goal_id="3673"/>
   <agent start_id="11275" goal_id="3198"/>
   <agent start_id="3417" goal_id="6683"/>
   <agent start_id="539" goal_id="1042"/>
   <agent start_id="7642" goal_id="824"/>
   <agent start_id="8227" goal_id="150"/>
   <agent start_id="7834" goal_id="8337"/>
   <agent start_id="3284" goal_id="6549"/>
   <agent start_id="349" goal_id="3615"/>
   <agent start_id="3287" goal_id="3790"/>
   <agent start_id="6812" goal_id="10077"/>
   <agent start_id="260" goal_id="3526"/>
   <agent start_id="9829" goal_id="10332"/>
   <agent start_id="3832" goal_id="7098"/>
   <agent start_id="825" goal_id="4090"/>
   <agent start_id="3364" goal_id="5831"/>
   <agent start_id="9861" goal_id="1784"/>
   <agent start_id="4912" goal_id="4703"/>
   <agent start_id="9300" goal_id="5414"/>
   <agent start_id="2675" goal_id="5941"/>
   <agent start_id="5889" goal_id="6391"/>
   <agent start_id="1349" goal_id="4614"/>
   <agent start_id="675" goal_id="3941"/>
   <agent start_id="4011" goal_id="4514"/>
   <agent start_id="7099" goal_id="280"/>
   <agent start_id="7684" goal_id="10949"/>
   <agent start_id="8135" goal_id="8637"/>
   <agent start_id="9623" goal_id="1546"/>
   <agent start_id="6337" goal_id="9602"/>
   <agent start_id="4592" goal_id="5095"/>
   <agent start_id="6268" goal_id="9534"/>
   <agent start_id="5595" goal_id="8861"/>
   <agent start_id="2715" goal_id="3217"/>
   <agent start_id="9820" goal_id="3002"/>
   <agent start_id="6110" goal_id="6613"/>
   <agent start_id="5506" goal_id="8772"/>
   <agent start_id="3853" goal_id="7119"/>
   <agent start_id="9983" goal_id="401"/>
   <agent start_id="3180" goal_id="6446"/>
   <agent start_id="3765" goal_id="7030"/>
   <agent start_id="6440" goal_id="6943"/>
   <agent start_id="2438" goal_id="1165"/>
   <agent start_id="2418" goal_id="5684"/>
   <agent start_id="2898" goal_id="3400"/>
   <agent start_id="6896" goal_id="8881"/>
   <agent start_id="9279" goal_id="1203"/>
   <agent start_id="4712" goal_id="5214"/>
   <agent start_id="8606" goal_id="1787"/>
   <agent start_id="8537" goal_id="461"/>
   <agent start_id="2834" goal_id="3337"/>
   <agent start_id="261" goal_id="3527"/>
   <agent start_id="1874" goal_id="5139"/>
   <agent start_id="4271" goal_id="4774"/>
   <agent start_id="173" goal_id="3438"/>
   <agent start_id="9585" goal_id="10087"/>
   <agent start_id="10310" goal_id="1785"/>
   <agent start_id="8535" goal_id="459"/>
   <agent start_id="4533" goal_id="5035"/>
   <agent start_id="7862" goal_id="1043"/>
   <agent start_id="1350" goal_id="4615"/>
   <agent start_id="3409" goal_id="3912"/>
   <agent start_id="4034" goal_id="7300"/>
   <agent start_id="281" goal_id="3547"/>
   <agent start_id="8035" goal_id="8537"/>
   <agent start_id="10950" goal_id="2874"/>
   <agent start_id="9624" goal_id="1547"/>
   <agent start_id="6157" goal_id="6660"/>
   <agent start_id="8141" goal_id="1152"/>
   <agent start_id="9535" goal_id="1459"/>
   <agent start_id="2615" goal_id="3118"/>
   <agent start_id="7882" goal_id="11148"/>
   <agent start_id="9270" goal_id="2452"/>
   <agent start_id="1396" goal_id="5036"/>
   <agent start_id="789" goal_id="4054"/>
   <agent start_id="4246" goal_id="4748"/>
   <agent start_id="6467" goal_id="9732"/>
   <agent start_id="7426" goal_id="10017"/>
   <agent start_id="9514" goal_id="3192"/>
   <agent start_id="3113" goal_id="6378"/>
   <agent start_id="3599" goal_id="6864"/>
   <agent start_id="9664" goal_id="10166"/>
   <agent start_id="1766" goal_id="5032"/>
   <agent start_id="3983" goal_id="7249"/>
   <agent start_id="670" goal_id="1172"/>
   <agent start_id="4290" goal_id="7555"/>
   <agent start_id="3616" goal_id="6882"/>
   <agent start_id="10385" goal_id="10888"/>
   <agent start_id="1491" goal_id="6350"/>
</root>