<?xml version="1.0" ?>
<root>
   <agent start_id="1551" goal_id="4816"/>
   <agent start_id="8870" goal_id="9372"/>
   <agent start_id="877" goal_id="4143"/>
   <agent start_id="1184" goal_id="4449"/>
   <agent start_id="7244" goal_id="7746"/>
   <agent start_id="135" goal_id="3401"/>
   <agent start_id="4049" goal_id="7314"/>
   <agent start_id="1151" goal_id="1654"/>
   <agent start_id="5412" goal_id="8678"/>
   <agent start_id="9125" goal_id="9628"/>
   <agent start_id="5865" goal_id="9131"/>
   <agent start_id="5797" goal_id="9062"/>
   <agent start_id="131" goal_id="634"/>
   <agent start_id="2613" goal_id="5879"/>
   <agent start_id="4151" goal_id="4653"/>
   <agent start_id="5644" goal_id="8910"/>
   <agent start_id="8954" goal_id="877"/>
   <agent start_id="9411" goal_id="9913"/>
   <agent start_id="7627" goal_id="10893"/>
   <agent start_id="3633" goal_id="4136"/>
   <agent start_id="2709" goal_id="5974"/>
   <agent start_id="4926" goal_id="8192"/>
   <agent start_id="8008" goal_id="8510"/>
   <agent start_id="3600" goal_id="6865"/>
   <agent start_id="1947" goal_id="5212"/>
   <agent start_id="4214" goal_id="4717"/>
   <agent start_id="2531" goal_id="5797"/>
   <agent start_id="9461" goal_id="1384"/>
   <agent start_id="4364" goal_id="4866"/>
   <agent start_id="7808" goal_id="989"/>
   <agent start_id="5089" goal_id="5592"/>
   <agent start_id="4382" goal_id="7647"/>
   <agent start_id="10805" goal_id="2729"/>
   <agent start_id="9605" goal_id="23"/>
   <agent start_id="8025" goal_id="1207"/>
   <agent start_id="4273" goal_id="7538"/>
   <agent start_id="6816" goal_id="7318"/>
   <agent start_id="6304" goal_id="9570"/>
   <agent start_id="3570" goal_id="4072"/>
   <agent start_id="6284" goal_id="9549"/>
   <agent start_id="6868" goal_id="10134"/>
   <agent start_id="8447" goal_id="8949"/>
   <agent start_id="8301" goal_id="225"/>
   <agent start_id="6975" goal_id="10241"/>
   <agent start_id="1368" goal_id="1871"/>
   <agent start_id="6302" goal_id="9567"/>
   <agent start_id="5268" goal_id="5771"/>
   <agent start_id="5468" goal_id="8733"/>
   <agent start_id="2474" goal_id="5739"/>
   <agent start_id="5417" goal_id="5920"/>
   <agent start_id="8805" goal_id="1987"/>
   <agent start_id="6777" goal_id="10043"/>
   <agent start_id="5345" goal_id="5847"/>
   <agent start_id="7737" goal_id="11002"/>
   <agent start_id="9496" goal_id="9999"/>
   <agent start_id="8043" goal_id="1225"/>
   <agent start_id="6995" goal_id="10261"/>
   <agent start_id="7619" goal_id="8121"/>
   <agent start_id="8596" goal_id="10240"/>
   <agent start_id="1403" goal_id="4669"/>
   <agent start_id="400" goal_id="902"/>
   <agent start_id="9500" goal_id="3147"/>
   <agent start_id="7773" goal_id="10003"/>
   <agent start_id="4580" goal_id="7846"/>
   <agent start_id="4886" goal_id="8152"/>
   <agent start_id="3176" goal_id="3678"/>
   <agent start_id="1879" goal_id="5145"/>
   <agent start_id="553" goal_id="3818"/>
   <agent start_id="7299" goal_id="7802"/>
   <agent start_id="3145" goal_id="6410"/>
   <agent start_id="3729" goal_id="6995"/>
   <agent start_id="4259" goal_id="4762"/>
   <agent start_id="6322" goal_id="9587"/>
   <agent start_id="7404" goal_id="7906"/>
   <agent start_id="3036" goal_id="6302"/>
   <agent start_id="1988" goal_id="5253"/>
   <agent start_id="1443" goal_id="1946"/>
   <agent start_id="3927" goal_id="7193"/>
   <agent start_id="10350" goal_id="2274"/>
   <agent start_id="7734" goal_id="8236"/>
   <agent start_id="6411" goal_id="9677"/>
   <agent start_id="11131" goal_id="292"/>
   <agent start_id="4443" goal_id="4945"/>
   <agent start_id="5343" goal_id="8609"/>
   <agent start_id="4415" goal_id="4917"/>
   <agent start_id="8915" goal_id="2097"/>
   <agent start_id="770" goal_id="4036"/>
   <agent start_id="5458" goal_id="5961"/>
   <agent start_id="2475" goal_id="5740"/>
   <agent start_id="8715" goal_id="9217"/>
   <agent start_id="3908" goal_id="7173"/>
   <agent start_id="3839" goal_id="7105"/>
   <agent start_id="1637" goal_id="2139"/>
   <agent start_id="7085" goal_id="10350"/>
   <agent start_id="1513" goal_id="4779"/>
   <agent start_id="6263" goal_id="6765"/>
   <agent start_id="6343" goal_id="9609"/>
   <agent start_id="1424" goal_id="4690"/>
   <agent start_id="2721" goal_id="3223"/>
   <agent start_id="751" goal_id="4017"/>
   <agent start_id="683" goal_id="1345"/>
   <agent start_id="9" goal_id="3275"/>
   <agent start_id="4743" goal_id="5245"/>
   <agent start_id="10678" goal_id="2602"/>
   <agent start_id="1553" goal_id="4819"/>
   <agent start_id="194" goal_id="696"/>
   <agent start_id="11242" goal_id="3166"/>
   <agent start_id="9589" goal_id="1513"/>
   <agent start_id="2904" goal_id="3406"/>
   <agent start_id="9910" goal_id="1834"/>
   <agent start_id="771" goal_id="4037"/>
   <agent start_id="1529" goal_id="2031"/>
   <agent start_id="98" goal_id="3363"/>
   <agent start_id="5428" goal_id="5931"/>
   <agent start_id="8070" goal_id="8573"/>
   <agent start_id="628" goal_id="1131"/>
   <agent start_id="8376" goal_id="2645"/>
   <agent start_id="9698" goal_id="1622"/>
   <agent start_id="4258" goal_id="7523"/>
   <agent start_id="1533" goal_id="2035"/>
   <agent start_id="9610" goal_id="1533"/>
   <agent start_id="1932" goal_id="5197"/>
   <agent start_id="6159" goal_id="6661"/>
   <agent start_id="3496" goal_id="6761"/>
   <agent start_id="632" goal_id="1135"/>
   <agent start_id="8848" goal_id="771"/>
   <agent start_id="8174" goal_id="98"/>
   <agent start_id="811" goal_id="1314"/>
   <agent start_id="1101" goal_id="4367"/>
   <agent start_id="428" goal_id="3693"/>
   <agent start_id="3381" goal_id="3883"/>
   <agent start_id="4147" goal_id="1169"/>
   <agent start_id="5106" goal_id="8372"/>
   <agent start_id="3560" goal_id="4062"/>
   <agent start_id="1446" goal_id="4711"/>
   <agent start_id="5041" goal_id="5544"/>
   <agent start_id="772" goal_id="4038"/>
   <agent start_id="99" goal_id="3364"/>
   <agent start_id="241" goal_id="743"/>
   <agent start_id="684" goal_id="3949"/>
   <agent start_id="4141" goal_id="3276"/>
   <agent start_id="10" goal_id="8543"/>
   <agent start_id="9714" goal_id="1637"/>
   <agent start_id="10553" goal_id="11055"/>
   <agent start_id="1832" goal_id="5097"/>
   <agent start_id="1861" goal_id="5126"/>
   <agent start_id="9307" goal_id="9810"/>
   <agent start_id="2167" goal_id="5433"/>
   <agent start_id="4384" goal_id="7650"/>
   <agent start_id="7932" goal_id="8435"/>
   <agent start_id="10167" goal_id="7630"/>
   <agent start_id="3486" goal_id="10670"/>
   <agent start_id="6869" goal_id="10135"/>
   <agent start_id="8521" goal_id="444"/>
   <agent start_id="9043" goal_id="9546"/>
   <agent start_id="3694" goal_id="6960"/>
   <agent start_id="3021" goal_id="6287"/>
   <agent start_id="2595" goal_id="3098"/>
   <agent start_id="4454" goal_id="7720"/>
   <agent start_id="1295" goal_id="1797"/>
   <agent start_id="5039" goal_id="8304"/>
   <agent start_id="11010" goal_id="8611"/>
   <agent start_id="9276" goal_id="171"/>
   <agent start_id="2712" goal_id="5978"/>
   <agent start_id="3297" goal_id="6563"/>
   <agent start_id="2378" goal_id="2881"/>
   <agent start_id="2624" goal_id="5889"/>
   <agent start_id="7828" goal_id="1010"/>
   <agent start_id="1505" goal_id="2008"/>
   <agent start_id="5147" goal_id="8413"/>
   <agent start_id="1209" goal_id="4474"/>
   <agent start_id="7042" goal_id="7545"/>
   <agent start_id="10898" goal_id="2821"/>
   <agent start_id="9026" goal_id="9529"/>
   <agent start_id="2338" goal_id="2840"/>
   <agent start_id="8049" goal_id="11315"/>
   <agent start_id="1007" goal_id="1510"/>
   <agent start_id="7376" goal_id="558"/>
   <agent start_id="3649" goal_id="4152"/>
   <agent start_id="9462" goal_id="2644"/>
   <agent start_id="9394" goal_id="1317"/>
   <agent start_id="6248" goal_id="3534"/>
   <agent start_id="644" goal_id="3910"/>
   <agent start_id="1229" goal_id="4494"/>
   <agent start_id="3209" goal_id="3711"/>
   <agent start_id="9285" goal_id="1208"/>
   <agent start_id="9750" goal_id="3148"/>
   <agent start_id="2361" goal_id="10253"/>
   <agent start_id="6305" goal_id="9571"/>
   <agent start_id="6890" goal_id="10156"/>
   <agent start_id="2532" goal_id="3034"/>
   <agent start_id="6870" goal_id="5269"/>
   <agent start_id="4767" goal_id="9112"/>
   <agent start_id="4564" goal_id="7829"/>
   <agent start_id="5148" goal_id="8414"/>
   <agent start_id="9700" goal_id="1624"/>
   <agent start_id="9207" goal_id="9710"/>
   <agent start_id="2953" goal_id="6219"/>
   <agent start_id="1374" goal_id="1876"/>
   <agent start_id="2280" goal_id="5546"/>
   <agent start_id="11316" goal_id="3240"/>
   <agent start_id="7664" goal_id="8167"/>
   <agent start_id="559" goal_id="3824"/>
   <agent start_id="3624" goal_id="6890"/>
   <agent start_id="10515" goal_id="11017"/>
   <agent start_id="9901" goal_id="1825"/>
   <agent start_id="9687" goal_id="10189"/>
   <agent start_id="8248" goal_id="1430"/>
   <agent start_id="10465" goal_id="2389"/>
   <agent start_id="3222" goal_id="3724"/>
   <agent start_id="9139" goal_id="1063"/>
   <agent start_id="7511" goal_id="10776"/>
   <agent start_id="2730" goal_id="3232"/>
   <agent start_id="4713" goal_id="7979"/>
   <agent start_id="797" goal_id="1299"/>
   <agent start_id="2407" goal_id="5672"/>
   <agent start_id="10463" goal_id="2387"/>
   <agent start_id="4920" goal_id="5423"/>
   <agent start_id="8157" goal_id="1339"/>
   <agent start_id="7762" goal_id="11028"/>
   <agent start_id="9295" goal_id="9797"/>
   <agent start_id="7089" goal_id="10354"/>
   <agent start_id="3291" goal_id="6557"/>
   <agent start_id="3798" goal_id="4301"/>
   <agent start_id="7000" goal_id="10266"/>
   <agent start_id="6327" goal_id="9592"/>
   <agent start_id="952" goal_id="1455"/>
   <agent start_id="5000" goal_id="8266"/>
   <agent start_id="6517" goal_id="7019"/>
   <agent start_id="10483" goal_id="2407"/>
   <agent start_id="11170" goal_id="5091"/>
   <agent start_id="1826" goal_id="5504"/>
   <agent start_id="3258" goal_id="6524"/>
   <agent start_id="12" goal_id="3278"/>
   <agent start_id="437" goal_id="940"/>
   <agent start_id="9048" goal_id="971"/>
   <agent start_id="2828" goal_id="3330"/>
   <agent start_id="1648" goal_id="4914"/>
   <agent start_id="2101" goal_id="5367"/>
   <agent start_id="5673" goal_id="8939"/>
   <agent start_id="11102" goal_id="263"/>
   <agent start_id="8358" goal_id="1539"/>
   <agent start_id="4933" goal_id="5436"/>
   <agent start_id="4932" goal_id="8197"/>
   <agent start_id="3279" goal_id="6544"/>
   <agent start_id="9951" goal_id="369"/>
   <agent start_id="10682" goal_id="2605"/>
   <agent start_id="6456" goal_id="9721"/>
   <agent start_id="6911" goal_id="7413"/>
   <agent start_id="5758" goal_id="9023"/>
   <agent start_id="6181" goal_id="9446"/>
   <agent start_id="6055" goal_id="6558"/>
   <agent start_id="8267" goal_id="1448"/>
   <agent start_id="3090" goal_id="3592"/>
   <agent start_id="9831" goal_id="1755"/>
   <agent start_id="8178" goal_id="102"/>
   <agent start_id="9632" goal_id="50"/>
   <agent start_id="5024" goal_id="8289"/>
   <agent start_id="1206" goal_id="7641"/>
   <agent start_id="993" goal_id="4258"/>
   <agent start_id="3024" goal_id="6289"/>
   <agent start_id="5261" goal_id="5764"/>
   <agent start_id="4262" goal_id="7527"/>
   <agent start_id="6674" goal_id="9940"/>
   <agent start_id="8112" goal_id="8614"/>
   <agent start_id="5021" goal_id="8287"/>
   <agent start_id="4348" goal_id="7614"/>
   <agent start_id="1395" goal_id="1898"/>
   <agent start_id="5295" goal_id="8198"/>
   <agent start_id="9892" goal_id="5798"/>
   <agent start_id="7937" goal_id="7525"/>
   <agent start_id="2606" goal_id="5872"/>
   <agent start_id="9921" goal_id="10423"/>
   <agent start_id="1085" goal_id="4350"/>
   <agent start_id="10028" goal_id="1952"/>
   <agent start_id="9300" goal_id="9802"/>
   <agent start_id="7722" goal_id="904"/>
   <agent start_id="1606" goal_id="2109"/>
   <agent start_id="9379" goal_id="1302"/>
   <agent start_id="9359" goal_id="1282"/>
   <agent start_id="9170" goal_id="9672"/>
   <agent start_id="8032" goal_id="1214"/>
   <agent start_id="4650" goal_id="5153"/>
   <agent start_id="8617" goal_id="540"/>
   <agent start_id="3606" goal_id="6872"/>
   <agent start_id="6745" goal_id="7248"/>
   <agent start_id="4127" goal_id="7392"/>
   <agent start_id="997" goal_id="10141"/>
   <agent start_id="6875" goal_id="4978"/>
   <agent start_id="2844" goal_id="6110"/>
   <agent start_id="7103" goal_id="7605"/>
   <agent start_id="5528" goal_id="8794"/>
   <agent start_id="6113" goal_id="9379"/>
   <agent start_id="8886" goal_id="5336"/>
   <agent start_id="1102" goal_id="4368"/>
   <agent start_id="7526" goal_id="10791"/>
   <agent start_id="4510" goal_id="5012"/>
   <agent start_id="6199" goal_id="9465"/>
   <agent start_id="10075" goal_id="10577"/>
   <agent start_id="6784" goal_id="10050"/>
   <agent start_id="1774" goal_id="9376"/>
   <agent start_id="4134" goal_id="7035"/>
   <agent start_id="5437" goal_id="8703"/>
   <agent start_id="9174" goal_id="5201"/>
   <agent start_id="9288" goal_id="1211"/>
   <agent start_id="630" goal_id="3896"/>
   <agent start_id="7407" goal_id="7910"/>
   <agent start_id="5216" goal_id="8482"/>
   <agent start_id="8526" goal_id="449"/>
   <agent start_id="2592" goal_id="3094"/>
   <agent start_id="8659" goal_id="2388"/>
   <agent start_id="5074" goal_id="9161"/>
   <agent start_id="2422" goal_id="7431"/>
   <agent start_id="10468" goal_id="2392"/>
   <agent start_id="7655" goal_id="6390"/>
   <agent start_id="5091" goal_id="8723"/>
   <agent start_id="9141" goal_id="4784"/>
   <agent start_id="1519" goal_id="7982"/>
   <agent start_id="471" goal_id="3736"/>
   <agent start_id="11128" goal_id="289"/>
   <agent start_id="3716" goal_id="6982"/>
   <agent start_id="4675" goal_id="7941"/>
   <agent start_id="3331" goal_id="10652"/>
   <agent start_id="8813" goal_id="1994"/>
   <agent start_id="4601" goal_id="7867"/>
   <agent start_id="3661" goal_id="9954"/>
   <agent start_id="5638" goal_id="8904"/>
   <agent start_id="6796" goal_id="7299"/>
   <agent start_id="579" goal_id="3845"/>
   <agent start_id="2192" goal_id="5458"/>
   <agent start_id="10248" goal_id="2172"/>
   <agent start_id="2456" goal_id="2958"/>
   <agent start_id="1450" goal_id="4716"/>
   <agent start_id="10188" goal_id="10690"/>
   <agent start_id="10160" goal_id="2083"/>
   <agent start_id="9486" goal_id="1410"/>
   <agent start_id="1556" goal_id="2058"/>
   <agent start_id="4046" goal_id="7311"/>
   <agent start_id="8744" goal_id="668"/>
   <agent start_id="11020" goal_id="180"/>
   <agent start_id="7091" goal_id="906"/>
   <agent start_id="404" goal_id="8375"/>
   <agent start_id="7398" goal_id="579"/>
   <agent start_id="1631" goal_id="4896"/>
   <agent start_id="1560" goal_id="2062"/>
   <agent start_id="7356" goal_id="8089"/>
   <agent start_id="195" goal_id="7859"/>
   <agent start_id="3370" goal_id="6636"/>
   <agent start_id="2975" goal_id="6241"/>
   <agent start_id="6801" goal_id="7303"/>
   <agent start_id="1322" goal_id="4588"/>
   <agent start_id="1629" goal_id="4894"/>
   <agent start_id="3259" goal_id="3761"/>
   <agent start_id="1234" goal_id="4499"/>
   <agent start_id="2208" goal_id="5473"/>
   <agent start_id="9922" goal_id="10424"/>
   <agent start_id="3479" goal_id="6745"/>
   <agent start_id="3084" goal_id="6350"/>
   <agent start_id="6509" goal_id="7012"/>
   <agent start_id="7401" goal_id="10667"/>
   <agent start_id="591" goal_id="1094"/>
   <agent start_id="6728" goal_id="9993"/>
   <agent start_id="1342" goal_id="4608"/>
   <agent start_id="3693" goal_id="4195"/>
   <agent start_id="669" goal_id="3935"/>
   <agent start_id="11338" goal_id="3261"/>
   <agent start_id="10235" goal_id="10737"/>
   <agent start_id="4918" goal_id="8183"/>
   <agent start_id="7239" goal_id="7742"/>
   <agent start_id="5224" goal_id="8490"/>
   <agent start_id="3571" goal_id="6837"/>
   <agent start_id="2439" goal_id="2942"/>
   <agent start_id="9902" goal_id="3084"/>
   <agent start_id="2829" goal_id="6095"/>
   <agent start_id="562" goal_id="1064"/>
   <agent start_id="4915" goal_id="8181"/>
   <agent start_id="6854" goal_id="36"/>
   <agent start_id="3663" goal_id="4166"/>
   <agent start_id="7439" goal_id="10705"/>
   <agent start_id="7563" goal_id="8065"/>
   <agent start_id="7419" goal_id="10684"/>
   <agent start_id="2500" goal_id="5766"/>
   <agent start_id="8764" goal_id="2545"/>
   <agent start_id="2432" goal_id="5697"/>
   <agent start_id="1759" goal_id="5024"/>
   <agent start_id="6886" goal_id="2773"/>
   <agent start_id="5330" goal_id="8596"/>
   <agent start_id="9181" goal_id="1104"/>
   <agent start_id="6265" goal_id="6767"/>
   <agent start_id="5895" goal_id="9160"/>
   <agent start_id="7997" goal_id="8500"/>
   <agent start_id="5222" goal_id="8487"/>
   <agent start_id="8419" goal_id="342"/>
   <agent start_id="6622" goal_id="7125"/>
   <agent start_id="2520" goal_id="5786"/>
   <agent start_id="1194" goal_id="4460"/>
   <agent start_id="10495" goal_id="10997"/>
   <agent start_id="1779" goal_id="5044"/>
   <agent start_id="3052" goal_id="3555"/>
   <agent start_id="9182" goal_id="1105"/>
   <agent start_id="7529" goal_id="10794"/>
   <agent start_id="7176" goal_id="7678"/>
   <agent start_id="6855" goal_id="37"/>
   <agent start_id="8599" goal_id="523"/>
   <agent start_id="8078" goal_id="8581"/>
   <agent start_id="10032" goal_id="1956"/>
   <agent start_id="255" goal_id="3520"/>
   <agent start_id="1252" goal_id="1754"/>
   <agent start_id="10923" goal_id="2847"/>
   <agent start_id="3459" goal_id="8291"/>
   <agent start_id="5787" goal_id="3961"/>
   <agent start_id="7944" goal_id="1125"/>
   <agent start_id="1358" goal_id="1860"/>
   <agent start_id="8202" goal_id="126"/>
   <agent start_id="3061" goal_id="3563"/>
   <agent start_id="2327" goal_id="7938"/>
   <agent start_id="9468" goal_id="2649"/>
   <agent start_id="5807" goal_id="9073"/>
   <agent start_id="10610" goal_id="11112"/>
   <agent start_id="3501" goal_id="3419"/>
   <agent start_id="1195" goal_id="4461"/>
   <agent start_id="5307" goal_id="5809"/>
   <agent start_id="6025" goal_id="9291"/>
   <agent start_id="1106" goal_id="4372"/>
   <agent start_id="1765" goal_id="2267"/>
   <agent start_id="11122" goal_id="3045"/>
   <agent start_id="7329" goal_id="7832"/>
   <agent start_id="38" goal_id="3304"/>
   <agent start_id="344" goal_id="3610"/>
   <agent start_id="864" goal_id="1367"/>
   <agent start_id="7274" goal_id="456"/>
   <agent start_id="7859" goal_id="11124"/>
   <agent start_id="2271" goal_id="2774"/>
   <agent start_id="9945" goal_id="1868"/>
   <agent start_id="9390" goal_id="2175"/>
   <agent start_id="10251" goal_id="4366"/>
   <agent start_id="7945" goal_id="1126"/>
   <agent start_id="7512" goal_id="8015"/>
   <agent start_id="10815" goal_id="2739"/>
   <agent start_id="6877" goal_id="10142"/>
   <agent start_id="796" goal_id="6724"/>
   <agent start_id="9469" goal_id="2650"/>
   <agent start_id="6788" goal_id="10054"/>
   <agent start_id="5568" goal_id="9098"/>
   <agent start_id="7094" goal_id="10360"/>
   <agent start_id="8054" goal_id="1235"/>
   <agent start_id="7221" goal_id="7723"/>
   <agent start_id="2170" goal_id="7817"/>
   <agent start_id="7314" goal_id="3807"/>
   <agent start_id="2593" goal_id="5859"/>
   <agent start_id="1545" goal_id="4811"/>
   <agent start_id="10767" goal_id="11270"/>
   <agent start_id="872" goal_id="4137"/>
   <agent start_id="4142" goal_id="7407"/>
   <agent start_id="9365" goal_id="9867"/>
   <agent start_id="3264" goal_id="6530"/>
   <agent start_id="2100" goal_id="5420"/>
   <agent start_id="1889" goal_id="5155"/>
   <agent start_id="5461" goal_id="8727"/>
   <agent start_id="3155" goal_id="6421"/>
   <agent start_id="2352" goal_id="2855"/>
   <agent start_id="8730" goal_id="654"/>
   <agent start_id="4699" goal_id="7965"/>
   <agent start_id="10403" goal_id="10906"/>
   <agent start_id="4026" goal_id="7292"/>
   <agent start_id="2961" goal_id="3464"/>
   <agent start_id="7968" goal_id="11234"/>
   <agent start_id="2923" goal_id="6189"/>
   <agent start_id="254" goal_id="756"/>
   <agent start_id="8162" goal_id="1344"/>
   <agent start_id="2814" goal_id="3317"/>
   <agent start_id="5482" goal_id="8747"/>
   <agent start_id="11252" goal_id="3175"/>
   <agent start_id="8100" goal_id="8603"/>
   <agent start_id="4227" goal_id="7493"/>
   <agent start_id="9905" goal_id="3087"/>
   <agent start_id="4558" goal_id="5060"/>
   <agent start_id="4782" goal_id="9510"/>
   <agent start_id="5571" goal_id="8837"/>
   <agent start_id="8681" goal_id="9184"/>
   <agent start_id="4898" goal_id="8164"/>
   <agent start_id="5483" goal_id="8748"/>
   <agent start_id="5139" goal_id="5641"/>
   <agent start_id="3830" goal_id="7095"/>
   <agent start_id="3156" goal_id="6422"/>
   <agent start_id="9765" goal_id="10267"/>
   <agent start_id="4239" goal_id="7986"/>
   <agent start_id="9941" goal_id="4741"/>
   <agent start_id="3068" goal_id="5467"/>
   <agent start_id="1741" goal_id="5007"/>
   <agent start_id="445" goal_id="948"/>
   <agent start_id="2979" goal_id="6245"/>
   <agent start_id="1422" goal_id="1925"/>
   <agent start_id="7531" goal_id="10796"/>
   <agent start_id="979" goal_id="4245"/>
   <agent start_id="10887" goal_id="47"/>
   <agent start_id="3850" goal_id="7115"/>
   <agent start_id="6589" goal_id="7422"/>
   <agent start_id="7545" goal_id="7091"/>
   <agent start_id="3483" goal_id="6748"/>
</root>