<?xml version="1.0" ?>
<root>
   <agent start_id="7186" goal_id="10451"/>
   <agent start_id="9362" goal_id="9865"/>
   <agent start_id="961" goal_id="4226"/>
   <agent start_id="288" goal_id="3553"/>
   <agent start_id="6731" goal_id="7234"/>
   <agent start_id="872" goal_id="4138"/>
   <agent start_id="10631" goal_id="11134"/>
   <agent start_id="4118" goal_id="7383"/>
   <agent start_id="3444" goal_id="6710"/>
   <agent start_id="4669" goal_id="5171"/>
   <agent start_id="3376" goal_id="6641"/>
   <agent start_id="149" goal_id="652"/>
   <agent start_id="5968" goal_id="9234"/>
   <agent start_id="8146" goal_id="70"/>
   <agent start_id="1099" goal_id="1601"/>
   <agent start_id="1" goal_id="3267"/>
   <agent start_id="9037" goal_id="961"/>
   <agent start_id="10814" goal_id="11317"/>
   <agent start_id="7384" goal_id="10650"/>
   <agent start_id="1456" goal_id="1959"/>
   <agent start_id="7774" goal_id="8277"/>
   <agent start_id="7296" goal_id="10561"/>
   <agent start_id="7998" goal_id="8500"/>
   <agent start_id="5969" goal_id="9235"/>
   <agent start_id="8561" goal_id="1743"/>
   <agent start_id="6623" goal_id="7125"/>
   <agent start_id="9146" goal_id="1070"/>
   <agent start_id="10523" goal_id="11025"/>
   <agent start_id="10105" goal_id="2029"/>
   <agent start_id="4534" goal_id="7799"/>
   <agent start_id="5220" goal_id="5722"/>
   <agent start_id="4139" goal_id="7404"/>
   <agent start_id="3465" goal_id="6731"/>
   <agent start_id="9846" goal_id="264"/>
   <agent start_id="2792" goal_id="6058"/>
   <agent start_id="2404" goal_id="2906"/>
   <agent start_id="5989" goal_id="9255"/>
   <agent start_id="1724" goal_id="4989"/>
   <agent start_id="6275" goal_id="9541"/>
   <agent start_id="5180" goal_id="5682"/>
   <agent start_id="5227" goal_id="8493"/>
   <agent start_id="8828" goal_id="9331"/>
   <agent start_id="309" goal_id="3574"/>
   <agent start_id="10029" goal_id="3554"/>
   <agent start_id="2707" goal_id="447"/>
   <agent start_id="5118" goal_id="8384"/>
   <agent start_id="8152" goal_id="2812"/>
   <agent start_id="6040" goal_id="8654"/>
   <agent start_id="9236" goal_id="1159"/>
   <agent start_id="8562" goal_id="1744"/>
   <agent start_id="2693" goal_id="3196"/>
   <agent start_id="8494" goal_id="417"/>
   <agent start_id="8258" goal_id="8760"/>
   <agent start_id="8474" goal_id="397"/>
   <agent start_id="7147" goal_id="329"/>
   <agent start_id="3458" goal_id="3960"/>
   <agent start_id="6752" goal_id="10018"/>
   <agent start_id="6079" goal_id="9344"/>
   <agent start_id="8083" goal_id="8586"/>
   <agent start_id="8671" goal_id="1853"/>
   <agent start_id="9256" goal_id="1179"/>
   <agent start_id="5044" goal_id="5546"/>
   <agent start_id="6297" goal_id="9562"/>
   <agent start_id="10357" goal_id="10859"/>
   <agent start_id="438" goal_id="3703"/>
   <agent start_id="4143" goal_id="4646"/>
   <agent start_id="3644" goal_id="10438"/>
   <agent start_id="7821" goal_id="11086"/>
   <agent start_id="6494" goal_id="9760"/>
   <agent start_id="2266" goal_id="2768"/>
   <agent start_id="7079" goal_id="10344"/>
   <agent start_id="6165" goal_id="6668"/>
   <agent start_id="8038" goal_id="11304"/>
   <agent start_id="5732" goal_id="8998"/>
   <agent start_id="2623" goal_id="3126"/>
   <agent start_id="5265" goal_id="9582"/>
   <agent start_id="7062" goal_id="5767"/>
   <agent start_id="5643" goal_id="8909"/>
   <agent start_id="3990" goal_id="7256"/>
   <agent start_id="9891" goal_id="309"/>
   <agent start_id="8820" goal_id="744"/>
   <agent start_id="3902" goal_id="7167"/>
   <agent start_id="6349" goal_id="6851"/>
   <agent start_id="2249" goal_id="5514"/>
   <agent start_id="2833" goal_id="6099"/>
   <agent start_id="10974" goal_id="135"/>
   <agent start_id="2160" goal_id="5426"/>
   <agent start_id="834" goal_id="4099"/>
   <agent start_id="9097" goal_id="9599"/>
   <agent start_id="2071" goal_id="5337"/>
   <agent start_id="745" goal_id="4011"/>
   <agent start_id="5555" goal_id="6057"/>
   <agent start_id="725" goal_id="3990"/>
   <agent start_id="6532" goal_id="7034"/>
   <agent start_id="9761" goal_id="2942"/>
   <agent start_id="10345" goal_id="2269"/>
   <agent start_id="2738" goal_id="3241"/>
   <agent start_id="9672" goal_id="1596"/>
   <agent start_id="8999" goal_id="2180"/>
   <agent start_id="9280" goal_id="9782"/>
   <agent start_id="9583" goal_id="1507"/>
   <agent start_id="9890" goal_id="1813"/>
   <agent start_id="7654" goal_id="8156"/>
   <agent start_id="8237" goal_id="1418"/>
   <agent start_id="8380" goal_id="8882"/>
   <agent start_id="9801" goal_id="1725"/>
   <agent start_id="8148" goal_id="72"/>
   <agent start_id="4837" goal_id="5340"/>
   <agent start_id="5842" goal_id="9107"/>
   <agent start_id="7080" goal_id="10345"/>
   <agent start_id="9463" goal_id="9966"/>
   <agent start_id="6406" goal_id="9672"/>
   <agent start_id="5733" goal_id="8999"/>
   <agent start_id="5921" goal_id="6423"/>
   <agent start_id="8930" goal_id="854"/>
   <agent start_id="93" goal_id="3358"/>
   <agent start_id="3290" goal_id="3792"/>
   <agent start_id="10435" goal_id="2359"/>
   <agent start_id="2351" goal_id="2853"/>
   <agent start_id="9109" goal_id="2290"/>
   <agent start_id="9693" goal_id="1617"/>
   <agent start_id="473" goal_id="976"/>
   <agent start_id="9673" goal_id="1597"/>
   <agent start_id="1451" goal_id="1953"/>
   <agent start_id="8347" goal_id="1528"/>
   <agent start_id="8931" goal_id="855"/>
   <agent start_id="10915" goal_id="75"/>
   <agent start_id="3473" goal_id="181"/>
   <agent start_id="7585" goal_id="766"/>
   <agent start_id="6115" goal_id="9"/>
   <agent start_id="6536" goal_id="9802"/>
   <agent start_id="9763" goal_id="10266"/>
   <agent start_id="6516" goal_id="7823"/>
   <agent start_id="5190" goal_id="8455"/>
   <agent start_id="6221" goal_id="6724"/>
   <agent start_id="4795" goal_id="8060"/>
   <agent start_id="6947" goal_id="7450"/>
   <agent start_id="5101" goal_id="8367"/>
   <agent start_id="4428" goal_id="7693"/>
   <agent start_id="5321" goal_id="5823"/>
   <agent start_id="4033" goal_id="7298"/>
   <agent start_id="3359" goal_id="6625"/>
   <agent start_id="9947" goal_id="10449"/>
   <agent start_id="2686" goal_id="5952"/>
   <agent start_id="2504" goal_id="3007"/>
   <agent start_id="3271" goal_id="6536"/>
   <agent start_id="1618" goal_id="4883"/>
   <agent start_id="7130" goal_id="7633"/>
   <agent start_id="944" goal_id="4210"/>
   <agent start_id="11030" goal_id="191"/>
   <agent start_id="876" goal_id="4142"/>
   <agent start_id="856" goal_id="4121"/>
   <agent start_id="6230" goal_id="6732"/>
   <agent start_id="1815" goal_id="5081"/>
   <agent start_id="114" goal_id="3380"/>
   <agent start_id="4352" goal_id="4855"/>
   <agent start_id="94" goal_id="3359"/>
   <agent start_id="7816" goal_id="7090"/>
   <agent start_id="10762" goal_id="2686"/>
   <agent start_id="985" goal_id="4250"/>
   <agent start_id="4961" goal_id="5464"/>
   <agent start_id="10674" goal_id="2597"/>
   <agent start_id="5687" goal_id="6189"/>
   <agent start_id="8368" goal_id="291"/>
   <agent start_id="7694" goal_id="876"/>
   <agent start_id="1894" goal_id="2396"/>
   <agent start_id="7626" goal_id="10891"/>
   <agent start_id="7606" goal_id="10871"/>
   <agent start_id="8435" goal_id="8938"/>
   <agent start_id="6279" goal_id="9545"/>
   <agent start_id="2658" goal_id="3160"/>
   <agent start_id="6864" goal_id="10129"/>
   <agent start_id="5211" goal_id="8476"/>
   <agent start_id="7284" goal_id="7786"/>
   <agent start_id="5517" goal_id="8783"/>
   <agent start_id="5122" goal_id="8388"/>
   <agent start_id="3741" goal_id="4244"/>
   <agent start_id="4449" goal_id="7714"/>
   <agent start_id="7641" goal_id="8144"/>
   <agent start_id="3776" goal_id="7041"/>
   <agent start_id="3381" goal_id="6646"/>
   <agent start_id="925" goal_id="1428"/>
   <agent start_id="2054" goal_id="5320"/>
   <agent start_id="6490" goal_id="5299"/>
   <agent start_id="2034" goal_id="7969"/>
   <agent start_id="2619" goal_id="5884"/>
   <agent start_id="25" goal_id="527"/>
   <agent start_id="1945" goal_id="5211"/>
   <agent start_id="10981" goal_id="2905"/>
   <agent start_id="7573" goal_id="8076"/>
   <agent start_id="1203" goal_id="4469"/>
   <agent start_id="10892" goal_id="2816"/>
   <agent start_id="2773" goal_id="3275"/>
   <agent start_id="10219" goal_id="2143"/>
   <agent start_id="6673" goal_id="7175"/>
   <agent start_id="9546" goal_id="2727"/>
   <agent start_id="10130" goal_id="2054"/>
   <agent start_id="10437" goal_id="2360"/>
   <agent start_id="8946" goal_id="9449"/>
   <agent start_id="3033" goal_id="1965"/>
   <agent start_id="8389" goal_id="312"/>
   <agent start_id="314" goal_id="817"/>
   <agent start_id="9675" goal_id="1598"/>
   <agent start_id="8022" goal_id="1203"/>
   <agent start_id="8772" goal_id="9274"/>
   <agent start_id="6974" goal_id="10239"/>
   <agent start_id="4668" goal_id="7933"/>
   <agent start_id="4727" goal_id="5230"/>
   <agent start_id="5627" goal_id="8893"/>
   <agent start_id="4579" goal_id="7845"/>
   <agent start_id="1185" goal_id="1687"/>
   <agent start_id="3906" goal_id="7171"/>
   <agent start_id="3827" goal_id="4329"/>
   <agent start_id="5518" goal_id="8784"/>
   <agent start_id="5450" goal_id="8715"/>
   <agent start_id="536" goal_id="1038"/>
   <agent start_id="3797" goal_id="7062"/>
   <agent start_id="1262" goal_id="1764"/>
   <agent start_id="837" goal_id="7078"/>
   <agent start_id="2075" goal_id="5341"/>
   <agent start_id="8810" goal_id="9313"/>
   <agent start_id="749" goal_id="4014"/>
   <agent start_id="1708" goal_id="4974"/>
   <agent start_id="7184" goal_id="7686"/>
   <agent start_id="2293" goal_id="5559"/>
   <agent start_id="11002" goal_id="2926"/>
   <agent start_id="8636" goal_id="9138"/>
   <agent start_id="10329" goal_id="2253"/>
   <agent start_id="1194" goal_id="1696"/>
   <agent start_id="9656" goal_id="2837"/>
   <agent start_id="9587" goal_id="1511"/>
   <agent start_id="10658" goal_id="11161"/>
   <agent start_id="10547" goal_id="2470"/>
   <agent start_id="1422" goal_id="4688"/>
   <agent start_id="7618" goal_id="8121"/>
   <agent start_id="9478" goal_id="1402"/>
   <agent start_id="8093" goal_id="8595"/>
   <agent start_id="2316" goal_id="2818"/>
   <agent start_id="8132" goal_id="1313"/>
   <agent start_id="4551" goal_id="5053"/>
   <agent start_id="8716" goal_id="640"/>
   <agent start_id="7390" goal_id="10655"/>
   <agent start_id="2673" goal_id="3176"/>
   <agent start_id="4104" goal_id="3650"/>
   <agent start_id="3148" goal_id="7270"/>
   <agent start_id="6322" goal_id="9587"/>
   <agent start_id="6628" goal_id="9893"/>
   <agent start_id="1773" goal_id="2275"/>
   <agent start_id="4975" goal_id="8240"/>
   <agent start_id="5560" goal_id="8825"/>
   <agent start_id="6399" goal_id="6901"/>
   <agent start_id="4886" goal_id="8152"/>
   <agent start_id="4213" goal_id="7478"/>
   <agent start_id="2856" goal_id="8316"/>
   <agent start_id="4798" goal_id="8063"/>
   <agent start_id="3471" goal_id="1481"/>
   <agent start_id="979" goal_id="1566"/>
   <agent start_id="2798" goal_id="6063"/>
   <agent start_id="3621" goal_id="4123"/>
   <agent start_id="2403" goal_id="5668"/>
   <agent start_id="2383" goal_id="5648"/>
   <agent start_id="2705" goal_id="7084"/>
   <agent start_id="1056" goal_id="4322"/>
   <agent start_id="661" goal_id="3927"/>
   <agent start_id="2788" goal_id="3291"/>
   <agent start_id="11330" goal_id="3253"/>
   <agent start_id="5430" goal_id="5933"/>
   <agent start_id="1927" goal_id="5192"/>
   <agent start_id="9330" goal_id="2512"/>
   <agent start_id="3553" goal_id="4055"/>
   <agent start_id="9915" goal_id="1838"/>
   <agent start_id="9894" goal_id="1818"/>
   <agent start_id="8430" goal_id="8932"/>
   <agent start_id="5956" goal_id="9221"/>
   <agent start_id="9806" goal_id="1729"/>
   <agent start_id="4887" goal_id="5390"/>
   <agent start_id="8479" goal_id="403"/>
   <agent start_id="10452" goal_id="10954"/>
   <agent start_id="6826" goal_id="8"/>
   <agent start_id="1947" goal_id="5213"/>
   <agent start_id="7663" goal_id="8166"/>
   <agent start_id="10003" goal_id="1927"/>
   <agent start_id="226" goal_id="3491"/>
   <agent start_id="2612" goal_id="3114"/>
   <agent start_id="4596" goal_id="5098"/>
   <agent start_id="9241" goal_id="1165"/>
   <agent start_id="7238" goal_id="7740"/>
   <agent start_id="7915" goal_id="1096"/>
   <agent start_id="2718" goal_id="3221"/>
   <agent start_id="9153" goal_id="1076"/>
   <agent start_id="7826" goal_id="11092"/>
   <agent start_id="9260" goal_id="9762"/>
   <agent start_id="1818" goal_id="334"/>
   <agent start_id="7061" goal_id="11003"/>
   <agent start_id="7738" goal_id="6220"/>
   <agent start_id="621" goal_id="3886"/>
   <agent start_id="9113" goal_id="9616"/>
   <agent start_id="8024" goal_id="1205"/>
   <agent start_id="4363" goal_id="7629"/>
   <agent start_id="2650" goal_id="3153"/>
   <agent start_id="6302" goal_id="9568"/>
   <agent start_id="8717" goal_id="9220"/>
   <agent start_id="5302" goal_id="8568"/>
   <agent start_id="2621" goal_id="5887"/>
   <agent start_id="9918" goal_id="336"/>
   <agent start_id="2727" goal_id="6846"/>
   <agent start_id="622" goal_id="3887"/>
   <agent start_id="8040" goal_id="8543"/>
   <agent start_id="1859" goal_id="5125"/>
   <agent start_id="10275" goal_id="10778"/>
   <agent start_id="533" goal_id="3799"/>
   <agent start_id="513" goal_id="3778"/>
   <agent start_id="5475" goal_id="5978"/>
   <agent start_id="1097" goal_id="4363"/>
   <agent start_id="9375" goal_id="9877"/>
   <agent start_id="11113" goal_id="3037"/>
   <agent start_id="6847" goal_id="10113"/>
   <agent start_id="2156" goal_id="2659"/>
   <agent start_id="4541" goal_id="7807"/>
   <agent start_id="5126" goal_id="8392"/>
   <agent start_id="9705" goal_id="10207"/>
   <agent start_id="3800" goal_id="7065"/>
   <agent start_id="3928" goal_id="4430"/>
   <agent start_id="3126" goal_id="6392"/>
   <agent start_id="3711" goal_id="888"/>
   <agent start_id="385" goal_id="5796"/>
   <agent start_id="2058" goal_id="5324"/>
   <agent start_id="1111" goal_id="1614"/>
   <agent start_id="731" goal_id="3997"/>
   <agent start_id="1969" goal_id="5235"/>
   <agent start_id="7653" goal_id="8155"/>
   <agent start_id="643" goal_id="3908"/>
   <agent start_id="623" goal_id="3888"/>
   <agent start_id="4111" goal_id="4613"/>
   <agent start_id="228" goal_id="3493"/>
   <agent start_id="101" goal_id="5339"/>
   <agent start_id="10896" goal_id="2820"/>
   <agent start_id="9570" goal_id="1493"/>
   <agent start_id="2959" goal_id="3462"/>
   <agent start_id="9550" goal_id="2731"/>
   <agent start_id="9481" goal_id="1405"/>
   <agent start_id="10759" goal_id="11261"/>
   <agent start_id="8808" goal_id="731"/>
   <agent start_id="336" goal_id="3602"/>
   <agent start_id="4545" goal_id="5047"/>
   <agent start_id="3255" goal_id="6521"/>
   <agent start_id="2444" goal_id="2946"/>
   <agent start_id="6413" goal_id="9679"/>
   <agent start_id="5740" goal_id="9005"/>
   <agent start_id="6065" goal_id="6567"/>
   <agent start_id="10243" goal_id="2167"/>
   <agent start_id="10549" goal_id="2473"/>
   <agent start_id="2018" goal_id="2521"/>
   <agent start_id="8243" goal_id="1425"/>
   <agent start_id="7848" goal_id="11114"/>
   <agent start_id="6393" goal_id="6895"/>
   <agent start_id="3909" goal_id="10293"/>
   <agent start_id="9790" goal_id="2296"/>
   <agent start_id="9114" goal_id="5520"/>
   <agent start_id="8066" goal_id="11332"/>
   <agent start_id="8666" goal_id="9169"/>
   <agent start_id="9392" goal_id="9895"/>
   <agent start_id="1494" goal_id="34"/>
   <agent start_id="10874" goal_id="4481"/>
   <agent start_id="3059" goal_id="6324"/>
   <agent start_id="1406" goal_id="4671"/>
   <agent start_id="6074" goal_id="6576"/>
   <agent start_id="732" goal_id="3998"/>
   <agent start_id="664" goal_id="3930"/>
   <agent start_id="4196" goal_id="4699"/>
   <agent start_id="10353" goal_id="2277"/>
   <agent start_id="6180" goal_id="6683"/>
   <agent start_id="9680" goal_id="1603"/>
   <agent start_id="2188" goal_id="5453"/>
   <agent start_id="1882" goal_id="2385"/>
   <agent start_id="4127" goal_id="7393"/>
   <agent start_id="8918" goal_id="841"/>
   <agent start_id="9180" goal_id="9682"/>
   <agent start_id="773" goal_id="4038"/>
   <agent start_id="3905" goal_id="4407"/>
   <agent start_id="8176" goal_id="99"/>
   <agent start_id="10768" goal_id="2692"/>
   <agent start_id="362" goal_id="865"/>
   <agent start_id="5850" goal_id="9115"/>
   <agent start_id="6434" goal_id="9700"/>
   <agent start_id="4486" goal_id="4988"/>
   <agent start_id="10659" goal_id="2583"/>
   <agent start_id="882" goal_id="4147"/>
   <agent start_id="3613" goal_id="4279"/>
   <agent start_id="10571" goal_id="2494"/>
   <agent start_id="8264" goal_id="188"/>
   <agent start_id="7988" goal_id="8490"/>
   <agent start_id="6938" goal_id="120"/>
   <agent start_id="2210" goal_id="10788"/>
   <agent start_id="7523" goal_id="6612"/>
   <agent start_id="2604" goal_id="5870"/>
   <agent start_id="1931" goal_id="5196"/>
   <agent start_id="10233" goal_id="10736"/>
   <agent start_id="9047" goal_id="970"/>
   <agent start_id="3796" goal_id="4298"/>
   <agent start_id="2495" goal_id="5761"/>
   <agent start_id="4434" goal_id="7700"/>
   <agent start_id="9835" goal_id="10338"/>
   <agent start_id="5019" goal_id="8285"/>
   <agent start_id="3366" goal_id="6632"/>
   <agent start_id="3119" goal_id="3622"/>
   <agent start_id="10769" goal_id="2693"/>
   <agent start_id="12" goal_id="3277"/>
   <agent start_id="10417" goal_id="10919"/>
   <agent start_id="4237" goal_id="7502"/>
   <agent start_id="3728" goal_id="4230"/>
   <agent start_id="6119" goal_id="6621"/>
   <agent start_id="8681" goal_id="1862"/>
   <agent start_id="11032" goal_id="1599"/>
   <agent start_id="8286" goal_id="209"/>
   <agent start_id="7612" goal_id="10878"/>
   <agent start_id="5723" goal_id="6225"/>
   <agent start_id="121" goal_id="3386"/>
   <agent start_id="8867" goal_id="9369"/>
   <agent start_id="427" goal_id="3693"/>
   <agent start_id="5871" goal_id="9136"/>
   <agent start_id="2906" goal_id="3409"/>
   <agent start_id="6177" goal_id="9443"/>
   <agent start_id="5782" goal_id="9048"/>
   <agent start_id="7504" goal_id="9951"/>
   <agent start_id="5109" goal_id="8374"/>
   <agent start_id="2006" goal_id="2508"/>
   <agent start_id="4435" goal_id="7701"/>
   <agent start_id="9050" goal_id="9553"/>
   <agent start_id="4044" goal_id="9655"/>
   <agent start_id="4347" goal_id="7612"/>
   <agent start_id="2041" goal_id="5306"/>
   <agent start_id="4754" goal_id="5257"/>
   <agent start_id="2625" goal_id="5891"/>
   <agent start_id="5218" goal_id="8483"/>
   <agent start_id="1714" goal_id="2217"/>
   <agent start_id="5524" goal_id="8789"/>
   <agent start_id="7530" goal_id="8033"/>
   <agent start_id="4476" goal_id="7741"/>
   <agent start_id="3802" goal_id="7068"/>
   <agent start_id="2479" goal_id="2981"/>
   <agent start_id="10226" goal_id="2149"/>
   <agent start_id="3960" goal_id="4463"/>
   <agent start_id="122" goal_id="3387"/>
   <agent start_id="10790" goal_id="2714"/>
   <agent start_id="8837" goal_id="9340"/>
   <agent start_id="9464" goal_id="1387"/>
   <agent start_id="7811" goal_id="992"/>
   <agent start_id="3786" goal_id="4288"/>
   <agent start_id="8395" goal_id="319"/>
   <agent start_id="625" goal_id="3891"/>
   <agent start_id="2662" goal_id="3164"/>
   <agent start_id="6396" goal_id="9661"/>
   <agent start_id="5808" goal_id="2823"/>
   <agent start_id="10899" goal_id="7790"/>
   <agent start_id="11188" goal_id="348"/>
   <agent start_id="6256" goal_id="526"/>
   <agent start_id="9552" goal_id="2734"/>
   <agent start_id="3978" goal_id="9484"/>
   <agent start_id="614" goal_id="9310"/>
   <agent start_id="4565" goal_id="7831"/>
   <agent start_id="9534" goal_id="10036"/>
   <agent start_id="4872" goal_id="8137"/>
   <agent start_id="8434" goal_id="5768"/>
   <agent start_id="5456" goal_id="8722"/>
   <agent start_id="3803" goal_id="10394"/>
   <agent start_id="7375" goal_id="557"/>
   <agent start_id="4867" goal_id="5370"/>
   <agent start_id="6980" goal_id="10246"/>
   <agent start_id="6147" goal_id="6096"/>
   <agent start_id="5654" goal_id="8919"/>
   <agent start_id="735" goal_id="1800"/>
   <agent start_id="1297" goal_id="2755"/>
   <agent start_id="4586" goal_id="7851"/>
   <agent start_id="4892" goal_id="8157"/>
   <agent start_id="173" goal_id="676"/>
   <agent start_id="11315" goal_id="3239"/>
   <agent start_id="397" goal_id="899"/>
   <agent start_id="8069" goal_id="11334"/>
   <agent start_id="3150" goal_id="6416"/>
   <agent start_id="8699" goal_id="9202"/>
   <agent start_id="10553" goal_id="2477"/>
   <agent start_id="6327" goal_id="9593"/>
   <agent start_id="4401" goal_id="4904"/>
   <agent start_id="1409" goal_id="6385"/>
   <agent start_id="8812" goal_id="735"/>
   <agent start_id="4996" goal_id="8525"/>
   <agent start_id="8138" goal_id="1320"/>
   <agent start_id="580" goal_id="1083"/>
   <agent start_id="4239" goal_id="7504"/>
   <agent start_id="953" goal_id="4218"/>
   <agent start_id="10798" goal_id="11301"/>
   <agent start_id="1538" goal_id="4803"/>
   <agent start_id="3356" goal_id="3858"/>
   <agent start_id="4584" goal_id="5087"/>
   <agent start_id="5655" goal_id="8920"/>
   <agent start_id="7228" goal_id="7731"/>
   <agent start_id="8247" goal_id="1429"/>
   <agent start_id="8179" goal_id="102"/>
   <agent start_id="5853" goal_id="6356"/>
</root>