<?xml version="1.0" ?>
<root>
   <agent start_id="2792" goal_id="6057"/>
   <agent start_id="2771" goal_id="6037"/>
   <agent start_id="5161" goal_id="5663"/>
   <agent start_id="1445" goal_id="4710"/>
   <agent start_id="2030" goal_id="5295"/>
   <agent start_id="3283" goal_id="3786"/>
   <agent start_id="2009" goal_id="5275"/>
   <agent start_id="5518" goal_id="6021"/>
   <agent start_id="11045" goal_id="2969"/>
   <agent start_id="288" goal_id="3553"/>
   <agent start_id="467" goal_id="969"/>
   <agent start_id="9324" goal_id="1247"/>
   <agent start_id="10936" goal_id="2860"/>
   <agent start_id="5344" goal_id="5846"/>
   <agent start_id="8630" goal_id="1812"/>
   <agent start_id="8993" goal_id="9495"/>
   <agent start_id="7582" goal_id="10848"/>
   <agent start_id="5929" goal_id="9195"/>
   <agent start_id="2025" goal_id="2528"/>
   <agent start_id="6235" goal_id="9501"/>
   <agent start_id="7841" goal_id="8343"/>
   <agent start_id="5840" goal_id="9106"/>
   <agent start_id="4187" goal_id="7453"/>
   <agent start_id="10551" goal_id="11053"/>
   <agent start_id="5147" goal_id="8413"/>
   <agent start_id="3360" goal_id="3862"/>
   <agent start_id="7691" goal_id="10957"/>
   <agent start_id="4405" goal_id="7671"/>
   <agent start_id="1482" goal_id="1985"/>
   <agent start_id="2752" goal_id="6018"/>
   <agent start_id="3337" goal_id="6602"/>
   <agent start_id="6108" goal_id="6611"/>
   <agent start_id="2663" goal_id="5929"/>
   <agent start_id="10008" goal_id="10510"/>
   <agent start_id="1990" goal_id="5256"/>
   <agent start_id="1595" goal_id="4861"/>
   <agent start_id="3292" goal_id="3794"/>
   <agent start_id="922" goal_id="4187"/>
   <agent start_id="10937" goal_id="2861"/>
   <agent start_id="1414" goal_id="1917"/>
   <agent start_id="180" goal_id="3446"/>
   <agent start_id="5314" goal_id="5817"/>
   <agent start_id="10522" goal_id="2446"/>
   <agent start_id="9849" goal_id="1772"/>
   <agent start_id="7017" goal_id="7520"/>
   <agent start_id="8522" goal_id="1704"/>
   <agent start_id="9107" goal_id="1031"/>
   <agent start_id="5140" goal_id="5642"/>
   <agent start_id="8434" goal_id="357"/>
   <agent start_id="9040" goal_id="9542"/>
   <agent start_id="6781" goal_id="10046"/>
   <agent start_id="8019" goal_id="11284"/>
   <agent start_id="659" goal_id="1161"/>
   <agent start_id="6692" goal_id="9958"/>
   <agent start_id="5039" goal_id="8305"/>
   <agent start_id="6949" goal_id="7452"/>
   <agent start_id="5624" goal_id="8889"/>
   <agent start_id="10849" goal_id="10"/>
   <agent start_id="4950" goal_id="8216"/>
   <agent start_id="9474" goal_id="71"/>
   <agent start_id="10712" goal_id="9976"/>
   <agent start_id="6495" goal_id="9760"/>
   <agent start_id="116" goal_id="618"/>
   <agent start_id="5821" goal_id="9087"/>
   <agent start_id="4168" goal_id="7434"/>
   <agent start_id="4742" goal_id="5244"/>
   <agent start_id="5733" goal_id="8998"/>
   <agent start_id="10558" goal_id="11060"/>
   <agent start_id="4080" goal_id="7345"/>
   <agent start_id="3406" goal_id="6672"/>
   <agent start_id="3841" goal_id="4344"/>
   <agent start_id="4644" goal_id="7910"/>
   <agent start_id="705" goal_id="3971"/>
   <agent start_id="8216" goal_id="8718"/>
   <agent start_id="1665" goal_id="1527"/>
   <agent start_id="616" goal_id="3882"/>
   <agent start_id="4674" goal_id="5176"/>
   <agent start_id="1576" goal_id="4841"/>
   <agent start_id="7567" goal_id="8069"/>
   <agent start_id="11265" goal_id="3188"/>
   <agent start_id="508" goal_id="3773"/>
   <agent start_id="2109" goal_id="2611"/>
   <agent start_id="814" goal_id="4079"/>
   <agent start_id="10503" goal_id="2426"/>
   <agent start_id="8650" goal_id="9153"/>
   <agent start_id="9830" goal_id="3011"/>
   <agent start_id="1208" goal_id="1711"/>
   <agent start_id="8781" goal_id="705"/>
   <agent start_id="9741" goal_id="1664"/>
   <agent start_id="7750" goal_id="8252"/>
   <agent start_id="7435" goal_id="616"/>
   <agent start_id="57" goal_id="559"/>
   <agent start_id="3956" goal_id="11285"/>
   <agent start_id="7346" goal_id="10612"/>
   <agent start_id="7856" goal_id="8359"/>
   <agent start_id="5693" goal_id="8959"/>
   <agent start_id="6278" goal_id="9543"/>
   <agent start_id="1140" goal_id="1642"/>
   <agent start_id="5604" goal_id="8870"/>
   <agent start_id="3298" goal_id="6564"/>
   <agent start_id="7431" goal_id="7933"/>
   <agent start_id="1924" goal_id="5189"/>
   <agent start_id="6241" goal_id="6743"/>
   <agent start_id="1250" goal_id="4516"/>
   <agent start_id="2210" goal_id="5475"/>
   <agent start_id="2950" goal_id="3452"/>
   <agent start_id="509" goal_id="3774"/>
   <agent start_id="488" goal_id="3754"/>
   <agent start_id="9240" goal_id="9743"/>
   <agent start_id="795" goal_id="4060"/>
   <agent start_id="4972" goal_id="5474"/>
   <agent start_id="9504" goal_id="2686"/>
   <agent start_id="10089" goal_id="2012"/>
   <agent start_id="6424" goal_id="6926"/>
   <agent start_id="11048" goal_id="2972"/>
   <agent start_id="9722" goal_id="2903"/>
   <agent start_id="4797" goal_id="5300"/>
   <agent start_id="9327" goal_id="1250"/>
   <agent start_id="2503" goal_id="7284"/>
   <agent start_id="8653" goal_id="577"/>
   <agent start_id="7980" goal_id="1162"/>
   <agent start_id="1981" goal_id="2484"/>
   <agent start_id="6932" goal_id="10197"/>
   <agent start_id="5630" goal_id="6132"/>
   <agent start_id="8544" goal_id="468"/>
   <agent start_id="4606" goal_id="7871"/>
   <agent start_id="10256" goal_id="10758"/>
   <agent start_id="6823" goal_id="10089"/>
   <agent start_id="3065" goal_id="3567"/>
   <agent start_id="4517" goal_id="7782"/>
   <agent start_id="4497" goal_id="7762"/>
   <agent start_id="8132" goal_id="8193"/>
   <agent start_id="4428" goal_id="7694"/>
   <agent start_id="3755" goal_id="7020"/>
   <agent start_id="5813" goal_id="6315"/>
   <agent start_id="2794" goal_id="6060"/>
   <agent start_id="11220" goal_id="380"/>
   <agent start_id="9632" goal_id="1555"/>
   <agent start_id="6699" goal_id="7201"/>
   <agent start_id="1034" goal_id="4299"/>
   <agent start_id="1340" goal_id="4605"/>
   <agent start_id="6897" goal_id="7399"/>
   <agent start_id="945" goal_id="4210"/>
   <agent start_id="272" goal_id="3537"/>
   <agent start_id="1297" goal_id="683"/>
   <agent start_id="2211" goal_id="5476"/>
   <agent start_id="6247" goal_id="6750"/>
   <agent start_id="10398" goal_id="10901"/>
   <agent start_id="9872" goal_id="1795"/>
   <agent start_id="8706" goal_id="9208"/>
   <agent start_id="10178" goal_id="2102"/>
   <agent start_id="9505" goal_id="2687"/>
   <agent start_id="7080" goal_id="7582"/>
   <agent start_id="10090" goal_id="2013"/>
   <agent start_id="4580" goal_id="140"/>
   <agent start_id="8437" goal_id="360"/>
   <agent start_id="7763" goal_id="945"/>
   <agent start_id="2310" goal_id="4766"/>
   <agent start_id="8348" goal_id="272"/>
   <agent start_id="6695" goal_id="9961"/>
   <agent start_id="8889" goal_id="9392"/>
   <agent start_id="6022" goal_id="9287"/>
   <agent start_id="1447" goal_id="1949"/>
   <agent start_id="5953" goal_id="9219"/>
   <agent start_id="4953" goal_id="8219"/>
   <agent start_id="1054" goal_id="4319"/>
   <agent start_id="3216" goal_id="3718"/>
   <agent start_id="10743" goal_id="2666"/>
   <agent start_id="5200" goal_id="5702"/>
   <agent start_id="11049" goal_id="2973"/>
   <agent start_id="149" goal_id="651"/>
   <agent start_id="6749" goal_id="1018"/>
   <agent start_id="4048" goal_id="271"/>
   <agent start_id="9307" goal_id="1231"/>
   <agent start_id="8200" goal_id="8702"/>
   <agent start_id="7654" goal_id="836"/>
   <agent start_id="7586" goal_id="10851"/>
   <agent start_id="3148" goal_id="3650"/>
   <agent start_id="6913" goal_id="10178"/>
   <agent start_id="7048" goal_id="7550"/>
   <agent start_id="5913" goal_id="9178"/>
   <agent start_id="6497" goal_id="9763"/>
   <agent start_id="10009" goal_id="10511"/>
   <agent start_id="4191" goal_id="7457"/>
   <agent start_id="2316" goal_id="2818"/>
   <agent start_id="4498" goal_id="7763"/>
   <agent start_id="4103" goal_id="7368"/>
   <agent start_id="8857" goal_id="9360"/>
   <agent start_id="3429" goal_id="6695"/>
   <agent start_id="3409" goal_id="6675"/>
   <agent start_id="986" goal_id="2895"/>
   <agent start_id="3623" goal_id="1381"/>
   <agent start_id="6013" goal_id="10417"/>
   <agent start_id="8919" goal_id="6516"/>
   <agent start_id="8111" goal_id="35"/>
   <agent start_id="10165" goal_id="10667"/>
   <agent start_id="5152" goal_id="8417"/>
   <agent start_id="11288" goal_id="3211"/>
   <agent start_id="7125" goal_id="7627"/>
   <agent start_id="7349" goal_id="10615"/>
   <agent start_id="9288" goal_id="2470"/>
   <agent start_id="5247" goal_id="5749"/>
   <agent start_id="10526" goal_id="2449"/>
   <agent start_id="6224" goal_id="6727"/>
   <agent start_id="2342" goal_id="5607"/>
   <agent start_id="6567" goal_id="9832"/>
   <agent start_id="10599" goal_id="11101"/>
   <agent start_id="5519" goal_id="8784"/>
   <agent start_id="4845" goal_id="8111"/>
   <agent start_id="6805" goal_id="7308"/>
   <agent start_id="1560" goal_id="4825"/>
   <agent start_id="1491" goal_id="4757"/>
   <agent start_id="1503" goal_id="2005"/>
   <agent start_id="11180" goal_id="3104"/>
   <agent start_id="3487" goal_id="3989"/>
   <agent start_id="144" goal_id="3410"/>
   <agent start_id="9833" goal_id="3015"/>
   <agent start_id="10028" goal_id="10531"/>
   <agent start_id="3321" goal_id="6587"/>
   <agent start_id="8765" goal_id="689"/>
   <agent start_id="3312" goal_id="3815"/>
   <agent start_id="2906" goal_id="6172"/>
   <agent start_id="3866" goal_id="7131"/>
   <agent start_id="3192" goal_id="6458"/>
   <agent start_id="9988" goal_id="10490"/>
   <agent start_id="5350" goal_id="10962"/>
   <agent start_id="1471" goal_id="4736"/>
   <agent start_id="2430" goal_id="5696"/>
   <agent start_id="3774" goal_id="4277"/>
   <agent start_id="1382" goal_id="4648"/>
   <agent start_id="709" goal_id="3974"/>
   <agent start_id="10065" goal_id="483"/>
   <agent start_id="689" goal_id="3954"/>
   <agent start_id="958" goal_id="1460"/>
   <agent start_id="2253" goal_id="5519"/>
   <agent start_id="10309" goal_id="2233"/>
   <agent start_id="7248" goal_id="7751"/>
   <agent start_id="10615" goal_id="2539"/>
   <agent start_id="7983" goal_id="1164"/>
   <agent start_id="1790" goal_id="2293"/>
   <agent start_id="10200" goal_id="2124"/>
   <agent start_id="4683" goal_id="5186"/>
   <agent start_id="7894" goal_id="11160"/>
   <agent start_id="7221" goal_id="402"/>
   <agent start_id="890" goal_id="1392"/>
   <agent start_id="7805" goal_id="11071"/>
   <agent start_id="3867" goal_id="7132"/>
   <agent start_id="6929" goal_id="7432"/>
   <agent start_id="2214" goal_id="5479"/>
   <agent start_id="2798" goal_id="6064"/>
   <agent start_id="7503" goal_id="1973"/>
   <agent start_id="9222" goal_id="1145"/>
   <agent start_id="1695" goal_id="2197"/>
   <agent start_id="8548" goal_id="6097"/>
   <agent start_id="8855" goal_id="2036"/>
   <agent start_id="68" goal_id="571"/>
   <agent start_id="8460" goal_id="383"/>
   <agent start_id="3955" goal_id="7221"/>
   <agent start_id="7615" goal_id="8117"/>
   <agent start_id="7113" goal_id="295"/>
   <agent start_id="8594" goal_id="9096"/>
   <agent start_id="7698" goal_id="10963"/>
   <agent start_id="6045" goal_id="9310"/>
   <agent start_id="1878" goal_id="2380"/>
   <agent start_id="4718" goal_id="7984"/>
   <agent start_id="4976" goal_id="8242"/>
   <agent start_id="6504" goal_id="7006"/>
   <agent start_id="5283" goal_id="8548"/>
   <agent start_id="3630" goal_id="6895"/>
   <agent start_id="2961" goal_id="3464"/>
   <agent start_id="4214" goal_id="7480"/>
   <agent start_id="5603" goal_id="6106"/>
   <agent start_id="3541" goal_id="6807"/>
   <agent start_id="9399" goal_id="2580"/>
   <agent start_id="3066" goal_id="3568"/>
   <agent start_id="6212" goal_id="8351"/>
   <agent start_id="3432" goal_id="6698"/>
   <agent start_id="6938" goal_id="7440"/>
   <agent start_id="473" goal_id="3738"/>
   <agent start_id="1058" goal_id="4323"/>
   <agent start_id="4809" goal_id="5312"/>
   <agent start_id="10747" goal_id="2670"/>
   <agent start_id="2976" goal_id="2272"/>
   <agent start_id="1769" goal_id="7293"/>
   <agent start_id="10053" goal_id="3235"/>
   <agent start_id="10638" goal_id="2561"/>
   <agent start_id="2970" goal_id="3472"/>
   <agent start_id="9964" goal_id="1888"/>
   <agent start_id="6870" goal_id="7372"/>
   <agent start_id="8638" goal_id="1820"/>
   <agent start_id="9223" goal_id="1146"/>
   <agent start_id="4992" goal_id="5495"/>
   <agent start_id="9202" goal_id="1126"/>
   <agent start_id="7549" goal_id="731"/>
   <agent start_id="7953" goal_id="8456"/>
   <agent start_id="2678" goal_id="3181"/>
   <agent start_id="7311" goal_id="1580"/>
   <agent start_id="10073" goal_id="1997"/>
   <agent start_id="2581" goal_id="5847"/>
   <agent start_id="6036" goal_id="141"/>
   <agent start_id="1908" goal_id="5174"/>
   <agent start_id="5066" goal_id="8332"/>
   <agent start_id="3259" goal_id="3762"/>
   <agent start_id="3413" goal_id="6679"/>
   <agent start_id="2136" goal_id="2638"/>
   <agent start_id="10593" goal_id="4863"/>
   <agent start_id="5937" goal_id="9202"/>
   <agent start_id="6896" goal_id="78"/>
   <agent start_id="6761" goal_id="7264"/>
   <agent start_id="4868" goal_id="8134"/>
   <agent start_id="7236" goal_id="7738"/>
   <agent start_id="1583" goal_id="4848"/>
   <agent start_id="256" goal_id="3522"/>
   <agent start_id="3191" goal_id="3694"/>
   <agent start_id="1494" goal_id="4760"/>
   <agent start_id="821" goal_id="4086"/>
   <agent start_id="8068" goal_id="8571"/>
   <agent start_id="1127" goal_id="4393"/>
   <agent start_id="9183" goal_id="2365"/>
   <agent start_id="3017" goal_id="3519"/>
   <agent start_id="4304" goal_id="7569"/>
   <agent start_id="2651" goal_id="5916"/>
   <agent start_id="228" goal_id="4779"/>
   <agent start_id="2256" goal_id="5521"/>
   <agent start_id="954" goal_id="1457"/>
   <agent start_id="11292" goal_id="3215"/>
   <agent start_id="5154" goal_id="8420"/>
   <agent start_id="11172" goal_id="333"/>
   <agent start_id="6680" goal_id="9945"/>
   <agent start_id="6285" goal_id="9550"/>
   <agent start_id="1284" goal_id="1787"/>
   <agent start_id="10510" goal_id="2433"/>
   <agent start_id="8077" goal_id="9836"/>
   <agent start_id="2629" goal_id="8580"/>
   <agent start_id="6502" goal_id="9768"/>
   <agent start_id="1018" goal_id="4284"/>
   <agent start_id="7204" goal_id="7707"/>
   <agent start_id="6462" goal_id="9727"/>
   <agent start_id="5512" goal_id="6014"/>
   <agent start_id="490" goal_id="6393"/>
   <agent start_id="2454" goal_id="5720"/>
   <agent start_id="3132" goal_id="3634"/>
   <agent start_id="5700" goal_id="8965"/>
   <agent start_id="2039" goal_id="5305"/>
   <agent start_id="6093" goal_id="6596"/>
   <agent start_id="4958" goal_id="8224"/>
   <agent start_id="3958" goal_id="7224"/>
   <agent start_id="3053" goal_id="3556"/>
   <agent start_id="1277" goal_id="4543"/>
   <agent start_id="604" goal_id="3869"/>
   <agent start_id="9093" goal_id="9595"/>
   <agent start_id="10293" goal_id="2216"/>
   <agent start_id="9819" goal_id="237"/>
   <agent start_id="7046" goal_id="10312"/>
   <agent start_id="1475" goal_id="4740"/>
   <agent start_id="8443" goal_id="8946"/>
   <agent start_id="1454" goal_id="4720"/>
   <agent start_id="8204" goal_id="1386"/>
   <agent start_id="4399" goal_id="4654"/>
   <agent start_id="8789" goal_id="713"/>
   <agent start_id="7789" goal_id="11055"/>
   <agent start_id="7360" goal_id="7862"/>
   <agent start_id="9728" goal_id="2910"/>
   <agent start_id="2085" goal_id="2587"/>
   <agent start_id="7047" goal_id="10313"/>
   <agent start_id="6374" goal_id="9640"/>
   <agent start_id="8124" goal_id="8627"/>
   <agent start_id="9619" goal_id="2801"/>
   <agent start_id="10862" goal_id="22"/>
   <agent start_id="5587" goal_id="6089"/>
   <agent start_id="4632" goal_id="7898"/>
   <agent start_id="5308" goal_id="5810"/>
   <agent start_id="3959" goal_id="7225"/>
   <agent start_id="9442" goal_id="1366"/>
   <agent start_id="2519" goal_id="3022"/>
   <agent start_id="2891" goal_id="6156"/>
   <agent start_id="2492" goal_id="2994"/>
   <agent start_id="2217" goal_id="5483"/>
   <agent start_id="1368" goal_id="1870"/>
   <agent start_id="5668" goal_id="1195"/>
   <agent start_id="4415" goal_id="7680"/>
   <agent start_id="11165" goal_id="3088"/>
   <agent start_id="5240" goal_id="6892"/>
   <agent start_id="3673" goal_id="6938"/>
   <agent start_id="3000" goal_id="6265"/>
   <agent start_id="2200" goal_id="2702"/>
   <agent start_id="11056" goal_id="2979"/>
   <agent start_id="2675" goal_id="3177"/>
   <agent start_id="9403" goal_id="2584"/>
   <agent start_id="1911" goal_id="5177"/>
   <agent start_id="7803" goal_id="2284"/>
   <agent start_id="9314" goal_id="1238"/>
   <agent start_id="7988" goal_id="1169"/>
   <agent start_id="5423" goal_id="5925"/>
   <agent start_id="8246" goal_id="169"/>
   <agent start_id="4484" goal_id="4987"/>
   <agent start_id="8552" goal_id="476"/>
   <agent start_id="1060" goal_id="3863"/>
   <agent start_id="3399" goal_id="9010"/>
   <agent start_id="6831" goal_id="10096"/>
   <agent start_id="6157" goal_id="9423"/>
   <agent start_id="10406" goal_id="10909"/>
   <agent start_id="5484" goal_id="8750"/>
   <agent start_id="5742" goal_id="9008"/>
   <agent start_id="3331" goal_id="8943"/>
   <agent start_id="5069" goal_id="8334"/>
   <agent start_id="4667" goal_id="5170"/>
   <agent start_id="1822" goal_id="5088"/>
   <agent start_id="6613" goal_id="9879"/>
   <agent start_id="1376" goal_id="1879"/>
   <agent start_id="2674" goal_id="5940"/>
   <agent start_id="4774" goal_id="5276"/>
   <agent start_id="4613" goal_id="7879"/>
   <agent start_id="3650" goal_id="4152"/>
   <agent start_id="1019" goal_id="6631"/>
   <agent start_id="4198" goal_id="7464"/>
   <agent start_id="3525" goal_id="6790"/>
   <agent start_id="5102" goal_id="5604"/>
   <agent start_id="191" goal_id="3456"/>
   <agent start_id="80" goal_id="582"/>
   <agent start_id="3436" goal_id="2062"/>
   <agent start_id="2110" goal_id="5375"/>
   <agent start_id="7124" goal_id="8867"/>
   <agent start_id="8533" goal_id="1714"/>
   <agent start_id="10085" goal_id="4960"/>
   <agent start_id="2108" goal_id="10587"/>
   <agent start_id="368" goal_id="3633"/>
   <agent start_id="8885" goal_id="4810"/>
   <agent start_id="7771" goal_id="953"/>
   <agent start_id="8029" goal_id="11295"/>
   <agent start_id="6766" goal_id="7269"/>
   <agent start_id="8989" goal_id="912"/>
   <agent start_id="9948" goal_id="3130"/>
   <agent start_id="2468" goal_id="2971"/>
   <agent start_id="6614" goal_id="9880"/>
   <agent start_id="9206" goal_id="1130"/>
   <agent start_id="591" goal_id="1093"/>
   <agent start_id="82" goal_id="3347"/>
   <agent start_id="4872" goal_id="8138"/>
   <agent start_id="8903" goal_id="5217"/>
   <agent start_id="4199" goal_id="7465"/>
   <agent start_id="8614" goal_id="9117"/>
   <agent start_id="9404" goal_id="2585"/>
   <agent start_id="6396" goal_id="9662"/>
   <agent start_id="5723" goal_id="8988"/>
   <agent start_id="6300" goal_id="6803"/>
   <agent start_id="5050" goal_id="8315"/>
   <agent start_id="3173" goal_id="10703"/>
   <agent start_id="1389" goal_id="4655"/>
   <agent start_id="4897" goal_id="4961"/>
   <agent start_id="2017" goal_id="5400"/>
   <agent start_id="1022" goal_id="4288"/>
   <agent start_id="627" goal_id="3893"/>
   <agent start_id="9523" goal_id="10026"/>
   <agent start_id="11296" goal_id="3219"/>
   <agent start_id="2081" goal_id="1915"/>
   <agent start_id="10622" goal_id="2546"/>
   <agent start_id="9949" goal_id="3131"/>
   <agent start_id="9881" goal_id="10383"/>
   <agent start_id="8901" goal_id="824"/>
   <agent start_id="1784" goal_id="5049"/>
   <agent start_id="5583" goal_id="6085"/>
   <agent start_id="3022" goal_id="6287"/>
   <agent start_id="7818" goal_id="8321"/>
   <agent start_id="62" goal_id="3328"/>
   <agent start_id="10731" goal_id="2655"/>
   <agent start_id="5689" goal_id="6192"/>
   <agent start_id="1607" goal_id="4872"/>
   <agent start_id="9663" goal_id="1586"/>
   <agent start_id="10315" goal_id="10818"/>
   <agent start_id="2873" goal_id="913"/>
   <agent start_id="7336" goal_id="518"/>
   <agent start_id="3599" goal_id="4101"/>
   <agent start_id="9554" goal_id="1477"/>
   <agent start_id="6372" goal_id="8253"/>
   <agent start_id="6423" goal_id="10513"/>
   <agent start_id="6574" goal_id="9840"/>
   <agent start_id="2699" goal_id="3201"/>
   <agent start_id="2914" goal_id="6179"/>
   <agent start_id="3220" goal_id="6486"/>
   <agent start_id="9996" goal_id="10498"/>
   <agent start_id="2220" goal_id="5486"/>
   <agent start_id="2805" goal_id="6071"/>
   <agent start_id="1615" goal_id="2117"/>
   <agent start_id="1479" goal_id="4744"/>
   <agent start_id="4724" goal_id="7989"/>
   <agent start_id="8659" goal_id="9162"/>
   <agent start_id="4655" goal_id="7921"/>
   <agent start_id="2882" goal_id="3384"/>
   <agent start_id="4635" goal_id="7901"/>
   <agent start_id="3962" goal_id="7227"/>
   <agent start_id="7759" goal_id="8261"/>
   <agent start_id="6179" goal_id="9445"/>
   <agent start_id="2894" goal_id="2803"/>
   <agent start_id="2301" goal_id="6271"/>
   <agent start_id="8664" goal_id="587"/>
   <agent start_id="7991" goal_id="1172"/>
   <agent start_id="8089" goal_id="8591"/>
   <agent start_id="9555" goal_id="1478"/>
   <agent start_id="2563" goal_id="3065"/>
</root>