<?xml version="1.0" ?>
<root>
   <agent start_id="1536" goal_id="4801"/>
   <agent start_id="1467" goal_id="4733"/>
   <agent start_id="1614" goal_id="2116"/>
   <agent start_id="794" goal_id="4060"/>
   <agent start_id="774" goal_id="4039"/>
   <agent start_id="6491" goal_id="6993"/>
   <agent start_id="6257" goal_id="9522"/>
   <agent start_id="9886" goal_id="304"/>
   <agent start_id="2318" goal_id="5584"/>
   <agent start_id="1645" goal_id="4910"/>
   <agent start_id="5841" goal_id="6344"/>
   <agent start_id="2229" goal_id="5495"/>
   <agent start_id="3189" goal_id="6454"/>
   <agent start_id="2550" goal_id="3053"/>
   <agent start_id="3276" goal_id="3779"/>
   <agent start_id="3100" goal_id="6366"/>
   <agent start_id="9092" goal_id="9594"/>
   <agent start_id="11156" goal_id="3080"/>
   <agent start_id="9567" goal_id="10069"/>
   <agent start_id="6238" goal_id="9503"/>
   <agent start_id="1358" goal_id="4624"/>
   <agent start_id="6276" goal_id="6778"/>
   <agent start_id="11047" goal_id="2971"/>
   <agent start_id="10374" goal_id="2298"/>
   <agent start_id="10902" goal_id="62"/>
   <agent start_id="5627" goal_id="6129"/>
   <agent start_id="9632" goal_id="1556"/>
   <agent start_id="9024" goal_id="9526"/>
   <agent start_id="8632" goal_id="556"/>
   <agent start_id="8085" goal_id="8588"/>
   <agent start_id="7306" goal_id="488"/>
   <agent start_id="8544" goal_id="467"/>
   <agent start_id="4543" goal_id="5045"/>
   <agent start_id="1992" goal_id="5258"/>
   <agent start_id="4585" goal_id="7850"/>
   <agent start_id="8918" goal_id="9420"/>
   <agent start_id="5169" goal_id="8435"/>
   <agent start_id="1475" goal_id="1978"/>
   <agent start_id="3843" goal_id="7108"/>
   <agent start_id="10919" goal_id="2843"/>
   <agent start_id="5599" goal_id="6101"/>
   <agent start_id="9593" goal_id="2775"/>
   <agent start_id="2101" goal_id="5367"/>
   <agent start_id="4224" goal_id="4726"/>
   <agent start_id="9504" goal_id="1428"/>
   <agent start_id="6363" goal_id="6866"/>
   <agent start_id="8831" goal_id="2013"/>
   <agent start_id="9416" goal_id="1339"/>
   <agent start_id="2821" goal_id="3323"/>
   <agent start_id="666" goal_id="3931"/>
   <agent start_id="7223" goal_id="7726"/>
   <agent start_id="6110" goal_id="9375"/>
   <agent start_id="6694" goal_id="9960"/>
   <agent start_id="8173" goal_id="8675"/>
   <agent start_id="6021" goal_id="9287"/>
   <agent start_id="6327" goal_id="9593"/>
   <agent start_id="6546" goal_id="7049"/>
   <agent start_id="10178" goal_id="2101"/>
   <agent start_id="10949" goal_id="109"/>
   <agent start_id="5912" goal_id="9178"/>
   <agent start_id="3606" goal_id="6872"/>
   <agent start_id="1814" goal_id="2317"/>
   <agent start_id="4191" goal_id="7456"/>
   <agent start_id="3517" goal_id="6783"/>
   <agent start_id="8356" goal_id="8858"/>
   <agent start_id="3824" goal_id="7089"/>
   <agent start_id="4088" goal_id="4590"/>
   <agent start_id="2449" goal_id="5715"/>
   <agent start_id="9216" goal_id="9718"/>
   <agent start_id="10126" goal_id="4395"/>
   <agent start_id="4368" goal_id="7634"/>
   <agent start_id="9942" goal_id="10444"/>
   <agent start_id="4953" goal_id="8218"/>
   <agent start_id="3626" goal_id="6892"/>
   <agent start_id="8064" goal_id="8567"/>
   <agent start_id="10050" goal_id="1973"/>
   <agent start_id="10029" goal_id="3211"/>
   <agent start_id="10523" goal_id="11025"/>
   <agent start_id="10614" goal_id="2538"/>
   <agent start_id="3081" goal_id="3583"/>
   <agent start_id="9288" goal_id="1211"/>
   <agent start_id="9267" goal_id="2449"/>
   <agent start_id="9623" goal_id="10125"/>
   <agent start_id="4388" goal_id="7654"/>
   <agent start_id="2082" goal_id="5348"/>
   <agent start_id="8499" goal_id="9001"/>
   <agent start_id="5932" goal_id="9198"/>
   <agent start_id="1559" goal_id="2061"/>
   <agent start_id="4279" goal_id="2787"/>
   <agent start_id="1973" goal_id="5239"/>
   <agent start_id="5933" goal_id="6436"/>
   <agent start_id="8396" goal_id="1578"/>
   <agent start_id="9961" goal_id="1884"/>
   <agent start_id="1889" goal_id="2391"/>
   <agent start_id="4531" goal_id="5033"/>
   <agent start_id="6766" goal_id="7268"/>
   <agent start_id="1983" goal_id="7594"/>
   <agent start_id="143" goal_id="3408"/>
   <agent start_id="4933" goal_id="8199"/>
   <agent start_id="10889" goal_id="50"/>
   <agent start_id="1648" goal_id="4913"/>
   <agent start_id="22" goal_id="524"/>
   <agent start_id="2232" goal_id="5498"/>
   <agent start_id="5804" goal_id="9070"/>
   <agent start_id="10240" goal_id="10742"/>
   <agent start_id="886" goal_id="4151"/>
   <agent start_id="1470" goal_id="4736"/>
   <agent start_id="3021" goal_id="3524"/>
   <agent start_id="144" goal_id="3409"/>
   <agent start_id="10486" goal_id="2410"/>
   <agent start_id="7647" goal_id="8150"/>
   <agent start_id="6586" goal_id="9852"/>
   <agent start_id="6774" goal_id="7277"/>
   <agent start_id="9883" goal_id="4152"/>
   <agent start_id="4260" goal_id="7526"/>
   <agent start_id="10674" goal_id="11177"/>
   <agent start_id="3865" goal_id="7131"/>
   <agent start_id="3192" goal_id="6457"/>
   <agent start_id="3958" goal_id="4461"/>
   <agent start_id="7607" goal_id="8109"/>
   <agent start_id="165" goal_id="667"/>
   <agent start_id="777" goal_id="9367"/>
   <agent start_id="797" goal_id="4567"/>
   <agent start_id="5042" goal_id="4042"/>
   <agent start_id="6355" goal_id="5544"/>
   <agent start_id="5894" goal_id="9159"/>
   <agent start_id="6152" goal_id="9418"/>
   <agent start_id="8914" goal_id="9416"/>
   <agent start_id="5479" goal_id="8744"/>
   <agent start_id="1472" goal_id="1974"/>
   <agent start_id="4152" goal_id="7418"/>
   <agent start_id="4737" goal_id="8002"/>
   <agent start_id="10936" goal_id="97"/>
   <agent start_id="3084" goal_id="6349"/>
   <agent start_id="3390" goal_id="6656"/>
   <agent start_id="6136" goal_id="6638"/>
   <agent start_id="7894" goal_id="11159"/>
   <agent start_id="4608" goal_id="7873"/>
   <agent start_id="9348" goal_id="9851"/>
   <agent start_id="669" goal_id="3934"/>
   <agent start_id="1254" goal_id="4519"/>
   <agent start_id="5304" goal_id="5806"/>
   <agent start_id="580" goal_id="8448"/>
   <agent start_id="7945" goal_id="7978"/>
   <agent start_id="887" goal_id="4180"/>
   <agent start_id="9596" goal_id="2777"/>
   <agent start_id="2487" goal_id="2990"/>
   <agent start_id="2104" goal_id="5370"/>
   <agent start_id="778" goal_id="4043"/>
   <agent start_id="1112" goal_id="1615"/>
   <agent start_id="2015" goal_id="5281"/>
   <agent start_id="11051" goal_id="2975"/>
   <agent start_id="5738" goal_id="6240"/>
   <agent start_id="7112" goal_id="10378"/>
   <agent start_id="7877" goal_id="8380"/>
   <agent start_id="6439" goal_id="9705"/>
   <agent start_id="7024" goal_id="10289"/>
   <agent start_id="4335" goal_id="4838"/>
   <agent start_id="7004" goal_id="10269"/>
   <agent start_id="4697" goal_id="7963"/>
   <agent start_id="8961" goal_id="9463"/>
   <agent start_id="5935" goal_id="9201"/>
   <agent start_id="4609" goal_id="7874"/>
   <agent start_id="5419" goal_id="5921"/>
   <agent start_id="3935" goal_id="7201"/>
   <agent start_id="8061" goal_id="8563"/>
   <agent start_id="3540" goal_id="6806"/>
   <agent start_id="5480" goal_id="8745"/>
   <agent start_id="3827" goal_id="7092"/>
   <agent start_id="5495" goal_id="5998"/>
   <agent start_id="2778" goal_id="6044"/>
   <agent start_id="5371" goal_id="8636"/>
   <agent start_id="2204" goal_id="2707"/>
   <agent start_id="2777" goal_id="6043"/>
   <agent start_id="7360" goal_id="7863"/>
   <agent start_id="7568" goal_id="10834"/>
   <agent start_id="363" goal_id="3629"/>
   <agent start_id="10228" goal_id="10730"/>
   <agent start_id="10052" goal_id="1976"/>
   <agent start_id="928" goal_id="4193"/>
   <agent start_id="3763" goal_id="4265"/>
   <agent start_id="2867" goal_id="6133"/>
   <agent start_id="9830" goal_id="10332"/>
   <agent start_id="2194" goal_id="5459"/>
   <agent start_id="8617" goal_id="1799"/>
   <agent start_id="2611" goal_id="3113"/>
   <agent start_id="9202" goal_id="1125"/>
   <agent start_id="7549" goal_id="10814"/>
   <agent start_id="7237" goal_id="7739"/>
   <agent start_id="6875" goal_id="57"/>
   <agent start_id="7460" goal_id="10726"/>
   <agent start_id="6787" goal_id="10052"/>
   <agent start_id="7595" goal_id="8097"/>
   <agent start_id="5460" goal_id="8726"/>
   <agent start_id="9311" goal_id="1234"/>
   <agent start_id="6219" goal_id="6722"/>
   <agent start_id="5045" goal_id="8311"/>
   <agent start_id="2739" goal_id="6005"/>
   <agent start_id="7169" goal_id="7671"/>
   <agent start_id="1125" goal_id="4391"/>
   <agent start_id="4380" goal_id="4883"/>
   <agent start_id="7194" goal_id="1463"/>
   <agent start_id="7855" goal_id="1037"/>
   <agent start_id="5827" goal_id="9093"/>
   <agent start_id="587" goal_id="1089"/>
   <agent start_id="1888" goal_id="5154"/>
   <agent start_id="1215" goal_id="4481"/>
   <agent start_id="6626" goal_id="7128"/>
   <agent start_id="820" goal_id="4086"/>
   <agent start_id="2759" goal_id="6025"/>
   <agent start_id="3335" goal_id="3837"/>
   <agent start_id="1106" goal_id="4372"/>
   <agent start_id="4061" goal_id="4563"/>
   <agent start_id="4787" goal_id="3977"/>
   <agent start_id="1017" goal_id="4283"/>
   <agent start_id="519" goal_id="1021"/>
   <agent start_id="10706" goal_id="2630"/>
   <agent start_id="10033" goal_id="3215"/>
   <agent start_id="5144" goal_id="5647"/>
   <agent start_id="10618" goal_id="2541"/>
   <agent start_id="8965" goal_id="888"/>
   <agent start_id="9770" goal_id="10273"/>
   <agent start_id="8291" goal_id="1473"/>
   <agent start_id="9856" goal_id="1779"/>
   <agent start_id="8144" goal_id="8646"/>
   <agent start_id="8203" goal_id="126"/>
   <agent start_id="6876" goal_id="58"/>
   <agent start_id="3092" goal_id="3595"/>
   <agent start_id="7461" goal_id="10727"/>
   <agent start_id="6992" goal_id="7495"/>
   <agent start_id="6461" goal_id="9727"/>
   <agent start_id="5135" goal_id="8400"/>
   <agent start_id="276" goal_id="779"/>
   <agent start_id="5719" goal_id="8985"/>
   <agent start_id="5046" goal_id="8312"/>
   <agent start_id="8076" goal_id="8578"/>
   <agent start_id="4373" goal_id="7638"/>
   <agent start_id="6590" goal_id="9856"/>
   <agent start_id="3527" goal_id="4029"/>
   <agent start_id="2337" goal_id="7223"/>
   <agent start_id="4264" goal_id="7529"/>
   <agent start_id="8153" goal_id="8655"/>
   <agent start_id="3216" goal_id="6481"/>
   <agent start_id="459" goal_id="962"/>
   <agent start_id="3196" goal_id="6461"/>
   <agent start_id="889" goal_id="4155"/>
   <agent start_id="5085" goal_id="5587"/>
   <agent start_id="2127" goal_id="5393"/>
   <agent start_id="801" goal_id="2045"/>
   <agent start_id="1543" goal_id="115"/>
   <agent start_id="10490" goal_id="2413"/>
   <agent start_id="2269" goal_id="2771"/>
   <agent start_id="9816" goal_id="2998"/>
   <agent start_id="9421" goal_id="1345"/>
   <agent start_id="3491" goal_id="7397"/>
   <agent start_id="8748" goal_id="672"/>
   <agent start_id="1306" goal_id="11297"/>
   <agent start_id="9054" goal_id="2236"/>
   <agent start_id="8659" goal_id="583"/>
   <agent start_id="7252" goal_id="7755"/>
   <agent start_id="7986" goal_id="11252"/>
   <agent start_id="8292" goal_id="1474"/>
   <agent start_id="5626" goal_id="6128"/>
   <agent start_id="6918" goal_id="10183"/>
   <agent start_id="4436" goal_id="4938"/>
   <agent start_id="6244" goal_id="9510"/>
   <agent start_id="5571" goal_id="8837"/>
   <agent start_id="10978" goal_id="138"/>
   <agent start_id="6156" goal_id="9421"/>
   <agent start_id="7435" goal_id="8748"/>
   <agent start_id="10217" goal_id="7938"/>
   <agent start_id="4156" goal_id="7422"/>
   <agent start_id="719" goal_id="7680"/>
   <agent start_id="7948" goal_id="1222"/>
   <agent start_id="3741" goal_id="7006"/>
   <agent start_id="4619" goal_id="5121"/>
   <agent start_id="2414" goal_id="5680"/>
   <agent start_id="3652" goal_id="6918"/>
   <agent start_id="11161" goal_id="321"/>
   <agent start_id="2326" goal_id="5591"/>
   <agent start_id="5383" goal_id="5886"/>
   <agent start_id="673" goal_id="3938"/>
   <agent start_id="1910" goal_id="5176"/>
   <agent start_id="8344" goal_id="8847"/>
   <agent start_id="584" goal_id="3850"/>
   <agent start_id="10273" goal_id="2197"/>
   <agent start_id="4551" goal_id="5053"/>
   <agent start_id="9600" goal_id="2781"/>
   <agent start_id="7193" goal_id="7695"/>
   <agent start_id="7572" goal_id="10837"/>
   <agent start_id="7878" goal_id="11144"/>
   <agent start_id="3399" goal_id="3902"/>
   <agent start_id="7205" goal_id="386"/>
   <agent start_id="7790" goal_id="11055"/>
   <agent start_id="9941" goal_id="359"/>
   <agent start_id="6137" goal_id="9402"/>
   <agent start_id="1257" goal_id="4523"/>
   <agent start_id="7152" goal_id="7655"/>
   <agent start_id="6048" goal_id="9313"/>
   <agent start_id="4395" goal_id="7660"/>
   <agent start_id="9109" goal_id="9611"/>
   <agent start_id="3722" goal_id="6987"/>
   <agent start_id="1667" goal_id="2169"/>
   <agent start_id="4306" goal_id="7572"/>
   <agent start_id="543" goal_id="1045"/>
   <agent start_id="10058" goal_id="4328"/>
   <agent start_id="4066" goal_id="7332"/>
   <agent start_id="10786" goal_id="6658"/>
   <agent start_id="3393" goal_id="3847"/>
   <agent start_id="2998" goal_id="6263"/>
   <agent start_id="4070" goal_id="4572"/>
   <agent start_id="117" goal_id="7096"/>
   <agent start_id="1149" goal_id="4415"/>
   <agent start_id="3514" goal_id="4017"/>
   <agent start_id="2762" goal_id="6028"/>
   <agent start_id="5354" goal_id="8620"/>
   <agent start_id="9145" goal_id="9647"/>
   <agent start_id="9492" goal_id="2673"/>
   <agent start_id="698" goal_id="1201"/>
   <agent start_id="2000" goal_id="5266"/>
   <agent start_id="3613" goal_id="6878"/>
   <agent start_id="6329" goal_id="6831"/>
   <agent start_id="1911" goal_id="5177"/>
   <agent start_id="300" goal_id="803"/>
   <agent start_id="1238" goal_id="4504"/>
   <agent start_id="565" goal_id="8602"/>
   <agent start_id="8100" goal_id="7577"/>
   <agent start_id="823" goal_id="4088"/>
   <agent start_id="7161" goal_id="7663"/>
   <agent start_id="149" goal_id="3415"/>
   <agent start_id="456" goal_id="3721"/>
   <agent start_id="5535" goal_id="6037"/>
   <agent start_id="1694" goal_id="4959"/>
   <agent start_id="5831" goal_id="9097"/>
   <agent start_id="9407" goal_id="9909"/>
   <agent start_id="4178" goal_id="7444"/>
   <agent start_id="10133" goal_id="10635"/>
   <agent start_id="7750" goal_id="932"/>
   <agent start_id="8255" goal_id="6702"/>
   <agent start_id="4220" goal_id="8758"/>
   <agent start_id="6029" goal_id="9294"/>
   <agent start_id="1763" goal_id="5029"/>
   <agent start_id="11216" goal_id="377"/>
   <agent start_id="3327" goal_id="6593"/>
   <agent start_id="5690" goal_id="6193"/>
   <agent start_id="5920" goal_id="9185"/>
   <agent start_id="348" goal_id="3614"/>
   <agent start_id="1897" goal_id="9832"/>
   <agent start_id="933" goal_id="4198"/>
   <agent start_id="912" goal_id="4178"/>
   <agent start_id="9798" goal_id="7276"/>
   <agent start_id="5138" goal_id="8403"/>
   <agent start_id="5722" goal_id="8988"/>
   <agent start_id="2727" goal_id="3229"/>
   <agent start_id="4069" goal_id="5213"/>
   <agent start_id="9186" goal_id="1110"/>
   <agent start_id="9522" goal_id="10024"/>
   <agent start_id="8186" goal_id="1368"/>
   <agent start_id="8583" goal_id="9086"/>
   <agent start_id="8118" goal_id="42"/>
   <agent start_id="7445" goal_id="10710"/>
   <agent start_id="6706" goal_id="7208"/>
   <agent start_id="6771" goal_id="10037"/>
   <agent start_id="2963" goal_id="9850"/>
   <agent start_id="6376" goal_id="9642"/>
   <agent start_id="8316" goal_id="239"/>
   <agent start_id="6057" goal_id="6559"/>
   <agent start_id="8592" goal_id="8295"/>
   <agent start_id="4635" goal_id="7900"/>
   <agent start_id="8515" goal_id="9018"/>
   <agent start_id="3961" goal_id="7227"/>
   <agent start_id="1073" goal_id="1575"/>
   <agent start_id="3288" goal_id="6554"/>
   <agent start_id="3220" goal_id="6485"/>
   <agent start_id="9280" goal_id="9782"/>
   <agent start_id="2220" goal_id="5485"/>
   <agent start_id="1867" goal_id="8843"/>
   <agent start_id="1546" goal_id="4812"/>
   <agent start_id="2131" goal_id="5397"/>
   <agent start_id="1458" goal_id="4723"/>
   <agent start_id="8698" goal_id="8491"/>
   <agent start_id="131" goal_id="3397"/>
   <agent start_id="2921" goal_id="3423"/>
   <agent start_id="389" goal_id="3655"/>
   <agent start_id="11058" goal_id="2982"/>
   <agent start_id="5882" goal_id="6384"/>
   <agent start_id="9732" goal_id="1655"/>
   <agent start_id="105" goal_id="607"/>
   <agent start_id="9711" goal_id="2893"/>
   <agent start_id="9643" goal_id="1567"/>
   <agent start_id="6646" goal_id="7149"/>
   <agent start_id="8970" goal_id="893"/>
   <agent start_id="7317" goal_id="498"/>
   <agent start_id="1188" goal_id="1691"/>
   <agent start_id="7901" goal_id="11167"/>
   <agent start_id="3943" goal_id="4332"/>
   <agent start_id="7228" goal_id="10494"/>
   <agent start_id="6555" goal_id="9820"/>
   <agent start_id="288" goal_id="3926"/>
   <agent start_id="7139" goal_id="10405"/>
   <agent start_id="5486" goal_id="8752"/>
   <agent start_id="4914" goal_id="5416"/>
   <agent start_id="4813" goal_id="8079"/>
   <agent start_id="8813" goal_id="9316"/>
   <agent start_id="5398" goal_id="8663"/>
   <agent start_id="5377" goal_id="8643"/>
   <agent start_id="2348" goal_id="2851"/>
   <agent start_id="5684" goal_id="8949"/>
   <agent start_id="5289" goal_id="8554"/>
   <agent start_id="8890" goal_id="9393"/>
   <agent start_id="4615" goal_id="7881"/>
   <agent start_id="3942" goal_id="5850"/>
   <agent start_id="5348" goal_id="3876"/>
   <agent start_id="4527" goal_id="7792"/>
   <agent start_id="1241" goal_id="10225"/>
   <agent start_id="9723" goal_id="3843"/>
   <agent start_id="568" goal_id="3833"/>
   <agent start_id="2132" goal_id="5398"/>
   <agent start_id="8096" goal_id="8599"/>
   <agent start_id="2112" goal_id="5377"/>
   <agent start_id="9073" goal_id="9576"/>
   <agent start_id="11148" goal_id="3071"/>
   <agent start_id="9495" goal_id="2676"/>
   <agent start_id="3364" goal_id="3866"/>
   <agent start_id="11059" goal_id="2983"/>
   <agent start_id="9180" goal_id="9682"/>
   <agent start_id="9406" goal_id="1330"/>
   <agent start_id="8733" goal_id="1914"/>
   <agent start_id="2464" goal_id="2966"/>
   <agent start_id="8338" goal_id="261"/>
   <agent start_id="7664" goal_id="10930"/>
   <agent start_id="7089" goal_id="7592"/>
   <agent start_id="6991" goal_id="173"/>
   <agent start_id="10989" goal_id="150"/>
   <agent start_id="7576" goal_id="10841"/>
   <agent start_id="7882" goal_id="11148"/>
   <agent start_id="9363" goal_id="9865"/>
   <agent start_id="7209" goal_id="390"/>
   <agent start_id="1921" goal_id="2423"/>
   <agent start_id="5181" goal_id="8446"/>
   <agent start_id="6793" goal_id="10059"/>
   <agent start_id="3624" goal_id="4126"/>
   <agent start_id="5467" goal_id="8733"/>
   <agent start_id="3439" goal_id="6705"/>
   <agent start_id="10921" goal_id="82"/>
   <agent start_id="2766" goal_id="3981"/>
   <agent start_id="1113" goal_id="4378"/>
   <agent start_id="4205" goal_id="4707"/>
   <agent start_id="3330" goal_id="6596"/>
   <agent start_id="4874" goal_id="10485"/>
   <agent start_id="2004" goal_id="5269"/>
   <agent start_id="1331" goal_id="4596"/>
   <agent start_id="6479" goal_id="6981"/>
   <agent start_id="2568" goal_id="5834"/>
   <agent start_id="10625" goal_id="2548"/>
   <agent start_id="7930" goal_id="8433"/>
   <agent start_id="10931" goal_id="2854"/>
   <agent start_id="3662" goal_id="4165"/>
   <agent start_id="9278" goal_id="2459"/>
   <agent start_id="10842" goal_id="2766"/>
   <agent start_id="10204" goal_id="1113"/>
   <agent start_id="9189" goal_id="1348"/>
   <agent start_id="9496" goal_id="2677"/>
   <agent start_id="6662" goal_id="6932"/>
   <agent start_id="371" goal_id="3637"/>
   <agent start_id="9080" goal_id="1004"/>
   <agent start_id="8365" goal_id="8867"/>
   <agent start_id="3845" goal_id="935"/>
   <agent start_id="8339" goal_id="262"/>
   <agent start_id="6487" goal_id="6990"/>
   <agent start_id="7665" goal_id="10931"/>
   <agent start_id="10387" goal_id="10889"/>
   <agent start_id="4379" goal_id="7645"/>
   <agent start_id="7250" goal_id="10516"/>
   <agent start_id="2006" goal_id="2509"/>
   <agent start_id="5924" goal_id="9189"/>
   <agent start_id="3617" goal_id="6883"/>
   <agent start_id="11219" goal_id="380"/>
   <agent start_id="4202" goal_id="7468"/>
   <agent start_id="3777" goal_id="9170"/>
   <agent start_id="3202" goal_id="6468"/>
   <agent start_id="1876" goal_id="5141"/>
   <agent start_id="8403" goal_id="8906"/>
   <agent start_id="4093" goal_id="7359"/>
   <agent start_id="1787" goal_id="4105"/>
   <agent start_id="3603" goal_id="1271"/>
   <agent start_id="3400" goal_id="6665"/>
   <agent start_id="8229" goal_id="3984"/>
   <agent start_id="3474" goal_id="8731"/>
   <agent start_id="2658" goal_id="5924"/>
   <agent start_id="1005" goal_id="4271"/>
   <agent start_id="5693" goal_id="5440"/>
   <agent start_id="2243" goal_id="5508"/>
   <agent start_id="9646" goal_id="1569"/>
   <agent start_id="9312" goal_id="9815"/>
   <agent start_id="10605" goal_id="2529"/>
   <agent start_id="8952" goal_id="2134"/>
   <agent start_id="2847" goal_id="3350"/>
   <agent start_id="9537" goal_id="1461"/>
   <agent start_id="6747" goal_id="7249"/>
</root>