<?xml version="1.0" ?>
<root>
   <agent start_id="6655" goal_id="9921"/>
   <agent start_id="2390" goal_id="5655"/>
   <agent start_id="2321" goal_id="5587"/>
   <agent start_id="11303" goal_id="464"/>
   <agent start_id="1648" goal_id="4913"/>
   <agent start_id="975" goal_id="4240"/>
   <agent start_id="7761" goal_id="8263"/>
   <agent start_id="3192" goal_id="6458"/>
   <agent start_id="570" goal_id="1073"/>
   <agent start_id="2519" goal_id="5784"/>
   <agent start_id="866" goal_id="4131"/>
   <agent start_id="5196" goal_id="5698"/>
   <agent start_id="471" goal_id="3736"/>
   <agent start_id="5922" goal_id="6424"/>
   <agent start_id="10486" goal_id="2410"/>
   <agent start_id="9813" goal_id="1737"/>
   <agent start_id="4044" goal_id="4547"/>
   <agent start_id="9140" goal_id="2321"/>
   <agent start_id="7944" goal_id="8447"/>
   <agent start_id="8745" goal_id="668"/>
   <agent start_id="9704" goal_id="1628"/>
   <agent start_id="1479" goal_id="1982"/>
   <agent start_id="9031" goal_id="2212"/>
   <agent start_id="5379" goal_id="5882"/>
   <agent start_id="7003" goal_id="10269"/>
   <agent start_id="10575" goal_id="2498"/>
   <agent start_id="830" goal_id="1332"/>
   <agent start_id="7289" goal_id="471"/>
   <agent start_id="7874" goal_id="11139"/>
   <agent start_id="5205" goal_id="5707"/>
   <agent start_id="6221" goal_id="9486"/>
   <agent start_id="5547" goal_id="8813"/>
   <agent start_id="9830" goal_id="249"/>
   <agent start_id="5479" goal_id="8745"/>
   <agent start_id="5311" goal_id="5813"/>
   <agent start_id="4806" goal_id="8071"/>
   <agent start_id="3806" goal_id="7071"/>
   <agent start_id="7014" goal_id="7517"/>
   <agent start_id="4390" goal_id="7656"/>
   <agent start_id="3064" goal_id="6330"/>
   <agent start_id="5137" goal_id="5639"/>
   <agent start_id="2391" goal_id="5656"/>
   <agent start_id="9036" goal_id="9539"/>
   <agent start_id="2975" goal_id="6241"/>
   <agent start_id="2302" goal_id="5568"/>
   <agent start_id="5494" goal_id="5997"/>
   <agent start_id="649" goal_id="6723"/>
   <agent start_id="6220" goal_id="10603"/>
   <agent start_id="1234" goal_id="4499"/>
   <agent start_id="560" goal_id="3826"/>
   <agent start_id="2678" goal_id="3180"/>
   <agent start_id="11229" goal_id="3153"/>
   <agent start_id="472" goal_id="3737"/>
   <agent start_id="9220" goal_id="9722"/>
   <agent start_id="10161" goal_id="2084"/>
   <agent start_id="9946" goal_id="364"/>
   <agent start_id="9487" goal_id="1411"/>
   <agent start_id="8814" goal_id="1996"/>
   <agent start_id="6403" goal_id="6906"/>
   <agent start_id="9399" goal_id="1322"/>
   <agent start_id="7746" goal_id="11011"/>
   <agent start_id="11029" goal_id="190"/>
   <agent start_id="7072" goal_id="254"/>
   <agent start_id="6677" goal_id="9943"/>
   <agent start_id="4313" goal_id="4815"/>
   <agent start_id="6004" goal_id="9270"/>
   <agent start_id="8213" goal_id="8715"/>
   <agent start_id="5331" goal_id="8596"/>
   <agent start_id="5915" goal_id="9181"/>
   <agent start_id="4671" goal_id="5173"/>
   <agent start_id="4589" goal_id="7854"/>
   <agent start_id="3589" goal_id="6855"/>
   <agent start_id="9296" goal_id="9799"/>
   <agent start_id="4174" goal_id="7439"/>
   <agent start_id="1854" goal_id="2357"/>
   <agent start_id="3500" goal_id="6766"/>
   <agent start_id="2827" goal_id="8898"/>
   <agent start_id="8396" goal_id="1448"/>
   <agent start_id="2759" goal_id="6024"/>
   <agent start_id="2619" goal_id="3121"/>
   <agent start_id="2085" goal_id="5351"/>
   <agent start_id="1085" goal_id="4351"/>
   <agent start_id="5580" goal_id="6082"/>
   <agent start_id="1670" goal_id="4936"/>
   <agent start_id="10053" goal_id="1976"/>
   <agent start_id="3451" goal_id="3953"/>
   <agent start_id="9379" goal_id="1303"/>
   <agent start_id="7351" goal_id="7853"/>
   <agent start_id="255" goal_id="3520"/>
   <agent start_id="8964" goal_id="888"/>
   <agent start_id="9054" goal_id="9556"/>
   <agent start_id="8291" goal_id="214"/>
   <agent start_id="1612" goal_id="1779"/>
   <agent start_id="8597" goal_id="7930"/>
   <agent start_id="7549" goal_id="10815"/>
   <agent start_id="11076" goal_id="237"/>
   <agent start_id="7529" goal_id="10794"/>
   <agent start_id="5223" goal_id="8488"/>
   <agent start_id="4360" goal_id="4862"/>
   <agent start_id="7440" goal_id="10706"/>
   <agent start_id="8511" goal_id="9013"/>
   <agent start_id="4154" goal_id="7420"/>
   <agent start_id="6094" goal_id="9359"/>
   <agent start_id="4969" goal_id="5471"/>
   <agent start_id="6678" goal_id="9944"/>
   <agent start_id="5025" goal_id="8291"/>
   <agent start_id="9595" goal_id="10097"/>
   <agent start_id="3372" goal_id="6638"/>
   <agent start_id="3304" goal_id="6569"/>
   <agent start_id="4543" goal_id="5046"/>
   <agent start_id="1651" goal_id="4916"/>
   <agent start_id="6527" goal_id="7029"/>
   <agent start_id="977" goal_id="4243"/>
   <agent start_id="1562" goal_id="4828"/>
   <agent start_id="1727" goal_id="2229"/>
   <agent start_id="3501" goal_id="6767"/>
   <agent start_id="869" goal_id="4134"/>
   <agent start_id="6604" goal_id="7106"/>
   <agent start_id="9904" goal_id="3086"/>
   <agent start_id="10252" goal_id="10755"/>
   <agent start_id="10489" goal_id="2413"/>
   <agent start_id="10795" goal_id="2719"/>
   <agent start_id="8626" goal_id="9129"/>
   <agent start_id="9142" goal_id="2324"/>
   <agent start_id="9727" goal_id="1651"/>
   <agent start_id="1910" goal_id="2412"/>
   <agent start_id="5810" goal_id="977"/>
   <agent start_id="2336" goal_id="6312"/>
   <agent start_id="6748" goal_id="10013"/>
   <agent start_id="8965" goal_id="889"/>
   <agent start_id="2268" goal_id="2770"/>
   <agent start_id="6659" goal_id="9925"/>
   <agent start_id="4658" goal_id="5161"/>
   <agent start_id="5006" goal_id="8272"/>
   <agent start_id="7223" goal_id="10489"/>
   <agent start_id="9535" goal_id="10038"/>
   <agent start_id="4917" goal_id="8183"/>
   <agent start_id="5877" goal_id="9142"/>
   <agent start_id="5993" goal_id="6495"/>
   <agent start_id="4829" goal_id="8094"/>
   <agent start_id="2451" goal_id="9054"/>
   <agent start_id="1164" goal_id="2953"/>
   <agent start_id="5115" goal_id="8380"/>
   <agent start_id="3740" goal_id="4405"/>
   <agent start_id="3903" goal_id="7864"/>
   <agent start_id="4046" goal_id="7312"/>
   <agent start_id="2393" goal_id="5659"/>
   <agent start_id="360" goal_id="863"/>
   <agent start_id="2978" goal_id="6244"/>
   <agent start_id="11034" goal_id="2958"/>
   <agent start_id="4735" goal_id="5237"/>
   <agent start_id="10361" goal_id="2285"/>
   <agent start_id="8635" goal_id="9137"/>
   <agent start_id="1236" goal_id="4502"/>
   <agent start_id="563" goal_id="3829"/>
   <agent start_id="4086" goal_id="4588"/>
   <agent start_id="10579" goal_id="2502"/>
   <agent start_id="9650" goal_id="69"/>
   <agent start_id="7946" goal_id="1128"/>
   <agent start_id="9062" goal_id="985"/>
   <agent start_id="1604" goal_id="2106"/>
   <agent start_id="8837" goal_id="761"/>
   <agent start_id="8164" goal_id="1345"/>
   <agent start_id="10734" goal_id="11236"/>
   <agent start_id="8748" goal_id="672"/>
   <agent start_id="3292" goal_id="3794"/>
   <agent start_id="6116" goal_id="9381"/>
   <agent start_id="5442" goal_id="8708"/>
   <agent start_id="6002" goal_id="6504"/>
   <agent start_id="8643" goal_id="9293"/>
   <agent start_id="1047" goal_id="9146"/>
   <agent start_id="4701" goal_id="7966"/>
   <agent start_id="4680" goal_id="7946"/>
   <agent start_id="5101" goal_id="5604"/>
   <agent start_id="4612" goal_id="7878"/>
   <agent start_id="2959" goal_id="6225"/>
   <agent start_id="1308" goal_id="1810"/>
   <agent start_id="2286" goal_id="5551"/>
   <agent start_id="2870" goal_id="6136"/>
   <agent start_id="7849" goal_id="8352"/>
   <agent start_id="1217" goal_id="4483"/>
   <agent start_id="8575" goal_id="9078"/>
   <agent start_id="544" goal_id="3810"/>
   <agent start_id="1129" goal_id="4394"/>
   <agent start_id="5033" goal_id="5536"/>
   <agent start_id="455" goal_id="3721"/>
   <agent start_id="11124" goal_id="3048"/>
   <agent start_id="1491" goal_id="1993"/>
   <agent start_id="9471" goal_id="2653"/>
   <agent start_id="2217" goal_id="2009"/>
   <agent start_id="10056" goal_id="1979"/>
   <agent start_id="9382" goal_id="1306"/>
   <agent start_id="8759" goal_id="9261"/>
   <agent start_id="7729" goal_id="911"/>
   <agent start_id="8314" goal_id="238"/>
   <agent start_id="3300" goal_id="3803"/>
   <agent start_id="10253" goal_id="2177"/>
   <agent start_id="9367" goal_id="9870"/>
   <agent start_id="7947" goal_id="1129"/>
   <agent start_id="6899" goal_id="10164"/>
   <agent start_id="4065" goal_id="4567"/>
   <agent start_id="5899" goal_id="9165"/>
   <agent start_id="5226" goal_id="8491"/>
   <agent start_id="7026" goal_id="7528"/>
   <agent start_id="10926" goal_id="9076"/>
   <agent start_id="6482" goal_id="86"/>
   <agent start_id="4484" goal_id="7749"/>
   <agent start_id="3811" goal_id="7076"/>
   <agent start_id="9048" goal_id="9551"/>
   <agent start_id="4395" goal_id="7661"/>
   <agent start_id="1606" goal_id="2108"/>
   <agent start_id="3395" goal_id="6661"/>
   <agent start_id="2722" goal_id="5988"/>
   <agent start_id="3309" goal_id="3811"/>
   <agent start_id="2654" goal_id="5919"/>
   <agent start_id="8874" goal_id="9376"/>
   <agent start_id="1980" goal_id="5246"/>
   <agent start_id="1307" goal_id="5834"/>
   <agent start_id="6373" goal_id="1900"/>
   <agent start_id="5491" goal_id="760"/>
   <agent start_id="2851" goal_id="6117"/>
   <agent start_id="2040" goal_id="2543"/>
   <agent start_id="10907" goal_id="2831"/>
   <agent start_id="2515" goal_id="3415"/>
   <agent start_id="150" goal_id="6917"/>
   <agent start_id="10819" goal_id="2742"/>
   <agent start_id="9057" goal_id="9559"/>
   <agent start_id="9166" goal_id="1089"/>
   <agent start_id="41" goal_id="3307"/>
   <agent start_id="3850" goal_id="4352"/>
   <agent start_id="8097" goal_id="21"/>
   <agent start_id="4325" goal_id="10888"/>
   <agent start_id="8476" goal_id="980"/>
   <agent start_id="8383" goal_id="1565"/>
   <agent start_id="1034" goal_id="1536"/>
   <agent start_id="6682" goal_id="9948"/>
   <agent start_id="9274" goal_id="1198"/>
   <agent start_id="9491" goal_id="9994"/>
   <agent start_id="6642" goal_id="9907"/>
   <agent start_id="6573" goal_id="9839"/>
   <agent start_id="4920" goal_id="8186"/>
   <agent start_id="4508" goal_id="5010"/>
   <agent start_id="4247" goal_id="7512"/>
   <agent start_id="4832" goal_id="8097"/>
   <agent start_id="965" goal_id="1468"/>
   <agent start_id="3179" goal_id="6444"/>
   <agent start_id="1691" goal_id="2194"/>
   <agent start_id="2505" goal_id="5771"/>
   <agent start_id="2437" goal_id="5702"/>
   <agent start_id="11156" goal_id="316"/>
   <agent start_id="1763" goal_id="5029"/>
   <agent start_id="3714" goal_id="4216"/>
   <agent start_id="1090" goal_id="4356"/>
   <agent start_id="1348" goal_id="4614"/>
   <agent start_id="5417" goal_id="9632"/>
   <agent start_id="22" goal_id="3287"/>
   <agent start_id="10690" goal_id="2614"/>
   <agent start_id="3539" goal_id="4042"/>
   <agent start_id="10017" goal_id="3199"/>
   <agent start_id="10602" goal_id="2525"/>
   <agent start_id="11339" goal_id="499"/>
   <agent start_id="8949" goal_id="1225"/>
   <agent start_id="723" goal_id="7252"/>
   <agent start_id="8275" goal_id="1457"/>
   <agent start_id="8860" goal_id="784"/>
   <agent start_id="8523" goal_id="9025"/>
   <agent start_id="7207" goal_id="10473"/>
   <agent start_id="6534" goal_id="2309"/>
   <agent start_id="1806" goal_id="10696"/>
   <agent start_id="7118" goal_id="10384"/>
   <agent start_id="6445" goal_id="9711"/>
   <agent start_id="8348" goal_id="8851"/>
   <agent start_id="4792" goal_id="8058"/>
   <agent start_id="10332" goal_id="10835"/>
   <agent start_id="5377" goal_id="8642"/>
   <agent start_id="8706" goal_id="8949"/>
   <agent start_id="468" goal_id="9208"/>
   <agent start_id="4030" goal_id="7296"/>
   <agent start_id="4615" goal_id="7880"/>
   <agent start_id="1990" goal_id="2492"/>
   <agent start_id="2962" goal_id="4983"/>
   <agent start_id="2288" goal_id="5554"/>
   <agent start_id="6615" goal_id="7118"/>
   <agent start_id="2873" goal_id="6139"/>
   <agent start_id="10515" goal_id="11018"/>
   <agent start_id="1547" goal_id="4812"/>
   <agent start_id="873" goal_id="4139"/>
   <agent start_id="8638" goal_id="9140"/>
   <agent start_id="2111" goal_id="5377"/>
   <agent start_id="2091" goal_id="5357"/>
   <agent start_id="508" goal_id="1010"/>
   <agent start_id="765" goal_id="4030"/>
   <agent start_id="2002" goal_id="5268"/>
   <agent start_id="7050" goal_id="7552"/>
   <agent start_id="676" goal_id="3941"/>
   <agent start_id="1272" goal_id="1775"/>
   <agent start_id="10365" goal_id="2288"/>
   <agent start_id="8059" goal_id="1240"/>
   <agent start_id="5647" goal_id="6149"/>
   <agent start_id="9297" goal_id="1220"/>
   <agent start_id="7970" goal_id="2607"/>
   <agent start_id="2105" goal_id="4874"/>
   <agent start_id="7297" goal_id="478"/>
   <agent start_id="6902" goal_id="10167"/>
   <agent start_id="6731" goal_id="7233"/>
   <agent start_id="7861" goal_id="11127"/>
   <agent start_id="6208" goal_id="9474"/>
   <agent start_id="266" goal_id="768"/>
   <agent start_id="8426" goal_id="349"/>
   <agent start_id="8233" goal_id="4919"/>
   <agent start_id="6120" goal_id="9385"/>
   <agent start_id="4936" goal_id="8059"/>
   <agent start_id="10410" goal_id="2790"/>
   <agent start_id="3418" goal_id="6684"/>
   <agent start_id="1098" goal_id="6990"/>
   <agent start_id="3725" goal_id="7060"/>
   <agent start_id="2072" goal_id="5337"/>
   <agent start_id="2656" goal_id="5922"/>
   <agent start_id="198" goal_id="700"/>
   <agent start_id="2963" goal_id="6228"/>
   <agent start_id="6013" goal_id="6516"/>
   <agent start_id="657" goal_id="3922"/>
   <agent start_id="2874" goal_id="6140"/>
   <agent start_id="2471" goal_id="2973"/>
   <agent start_id="1221" goal_id="4487"/>
   <agent start_id="3197" goal_id="3699"/>
   <agent start_id="548" goal_id="3813"/>
   <agent start_id="9584" goal_id="2765"/>
   <agent start_id="10746" goal_id="11248"/>
   <agent start_id="2745" goal_id="6011"/>
   <agent start_id="4684" goal_id="7950"/>
   <agent start_id="6950" goal_id="7452"/>
   <agent start_id="7842" goal_id="1024"/>
   <agent start_id="10059" goal_id="1983"/>
   <agent start_id="738" goal_id="1241"/>
   <agent start_id="8406" goal_id="330"/>
   <agent start_id="1464" goal_id="1967"/>
   <agent start_id="5113" goal_id="9366"/>
   <agent start_id="8318" goal_id="241"/>
   <agent start_id="8006" goal_id="8508"/>
   <agent start_id="8624" goal_id="548"/>
   <agent start_id="6971" goal_id="153"/>
   <agent start_id="4464" goal_id="10259"/>
   <agent start_id="4943" goal_id="8209"/>
   <agent start_id="5903" goal_id="9168"/>
   <agent start_id="9089" goal_id="9592"/>
   <agent start_id="2944" goal_id="6209"/>
   <agent start_id="7212" goal_id="8427"/>
   <agent start_id="5711" goal_id="7714"/>
   <agent start_id="3508" goal_id="6774"/>
   <agent start_id="4467" goal_id="7733"/>
   <agent start_id="747" goal_id="1249"/>
   <agent start_id="9103" goal_id="8318"/>
   <agent start_id="14" goal_id="5149"/>
   <agent start_id="2746" goal_id="6012"/>
   <agent start_id="2726" goal_id="9775"/>
   <agent start_id="9273" goal_id="1103"/>
   <agent start_id="4290" goal_id="7556"/>
   <agent start_id="3746" goal_id="4249"/>
   <agent start_id="1657" goal_id="4923"/>
   <agent start_id="1964" goal_id="5229"/>
   <agent start_id="8372" goal_id="8875"/>
   <agent start_id="3202" goal_id="6467"/>
   <agent start_id="10607" goal_id="11110"/>
   <agent start_id="8972" goal_id="895"/>
   <agent start_id="8952" goal_id="875"/>
   <agent start_id="3389" goal_id="3891"/>
   <agent start_id="8278" goal_id="1460"/>
   <agent start_id="9843" goal_id="1766"/>
   <agent start_id="1762" goal_id="2265"/>
   <agent start_id="7537" goal_id="10802"/>
   <agent start_id="5411" goal_id="5913"/>
   <agent start_id="7516" goal_id="698"/>
   <agent start_id="6468" goal_id="9734"/>
   <agent start_id="10037" goal_id="10539"/>
   <agent start_id="5795" goal_id="9060"/>
   <agent start_id="5775" goal_id="9040"/>
   <agent start_id="3572" goal_id="4074"/>
   <agent start_id="6359" goal_id="9625"/>
   <agent start_id="7472" goal_id="7974"/>
   <agent start_id="1694" goal_id="8298"/>
   <agent start_id="5594" goal_id="7625"/>
   <agent start_id="5537" goal_id="6097"/>
   <agent start_id="6577" goal_id="9843"/>
   <agent start_id="8487" goal_id="8990"/>
   <agent start_id="3944" goal_id="7210"/>
   <agent start_id="2618" goal_id="5883"/>
   <agent start_id="2778" goal_id="3280"/>
   <agent start_id="2223" goal_id="5488"/>
   <agent start_id="2529" goal_id="5795"/>
   <agent start_id="9320" goal_id="9822"/>
   <agent start_id="4142" goal_id="7407"/>
   <agent start_id="481" goal_id="3747"/>
   <agent start_id="688" goal_id="1190"/>
   <agent start_id="11150" goal_id="3073"/>
   <agent start_id="767" goal_id="4033"/>
   <agent start_id="7480" goal_id="7983"/>
   <agent start_id="699" goal_id="3965"/>
   <agent start_id="2961" goal_id="3463"/>
   <agent start_id="10388" goal_id="2312"/>
   <agent start_id="8735" goal_id="659"/>
   <agent start_id="4413" goal_id="4915"/>
   <agent start_id="8062" goal_id="1243"/>
   <agent start_id="8646" goal_id="570"/>
   <agent start_id="871" goal_id="1373"/>
   <agent start_id="4771" goal_id="11239"/>
   <agent start_id="6608" goal_id="5273"/>
   <agent start_id="5667" goal_id="8932"/>
   <agent start_id="6905" goal_id="10170"/>
   <agent start_id="4338" goal_id="9899"/>
   <agent start_id="5578" goal_id="8844"/>
   <agent start_id="5558" goal_id="8824"/>
   <agent start_id="4596" goal_id="5098"/>
   <agent start_id="5489" goal_id="8755"/>
   <agent start_id="4816" goal_id="8082"/>
   <agent start_id="2719" goal_id="3221"/>
   <agent start_id="3163" goal_id="6429"/>
   <agent start_id="6360" goal_id="9626"/>
   <agent start_id="3728" goal_id="6993"/>
   <agent start_id="9580" goal_id="10082"/>
   <agent start_id="2401" goal_id="5667"/>
   <agent start_id="2986" goal_id="6251"/>
   <agent start_id="7702" goal_id="8204"/>
   <agent start_id="2313" goal_id="5578"/>
   <agent start_id="2292" goal_id="5558"/>
   <agent start_id="1237" goal_id="1739"/>
   <agent start_id="1897" goal_id="5163"/>
   <agent start_id="1224" goal_id="4490"/>
   <agent start_id="5863" goal_id="6365"/>
   <agent start_id="1004" goal_id="4270"/>
   <agent start_id="1135" goal_id="4401"/>
   <agent start_id="9806" goal_id="2823"/>
   <agent start_id="1442" goal_id="4707"/>
   <agent start_id="8518" goal_id="442"/>
   <agent start_id="6695" goal_id="5300"/>
   <agent start_id="7845" goal_id="1026"/>
   <agent start_id="9409" goal_id="1333"/>
   <agent start_id="5069" goal_id="5571"/>
   <agent start_id="7756" goal_id="11022"/>
   <agent start_id="7083" goal_id="264"/>
   <agent start_id="9300" goal_id="1224"/>
   <agent start_id="2504" goal_id="3006"/>
   <agent start_id="4894" goal_id="10260"/>
   <agent start_id="4688" goal_id="7954"/>
   <agent start_id="8543" goal_id="9045"/>
   <agent start_id="8538" goal_id="462"/>
   <agent start_id="5252" goal_id="9498"/>
   <agent start_id="5242" goal_id="5754"/>
   <agent start_id="2946" goal_id="6212"/>
   <agent start_id="5727" goal_id="6229"/>
   <agent start_id="3531" goal_id="6797"/>
   <agent start_id="2858" goal_id="2687"/>
   <agent start_id="2184" goal_id="8634"/>
   <agent start_id="4826" goal_id="5329"/>
   <agent start_id="4402" goal_id="7667"/>
   <agent start_id="8977" goal_id="6014"/>
   <agent start_id="2749" goal_id="122"/>
   <agent start_id="3055" goal_id="6321"/>
   <agent start_id="1681" goal_id="4946"/>
   <agent start_id="4245" goal_id="4748"/>
   <agent start_id="1007" goal_id="4273"/>
   <agent start_id="10043" goal_id="11038"/>
   <agent start_id="10536" goal_id="5107"/>
   <agent start_id="9370" goal_id="2551"/>
   <agent start_id="8975" goal_id="898"/>
   <agent start_id="3819" goal_id="4322"/>
   <agent start_id="9281" goal_id="1205"/>
   <agent start_id="7628" goal_id="810"/>
   <agent start_id="277" goal_id="780"/>
   <agent start_id="7560" goal_id="10825"/>
   <agent start_id="6886" goal_id="10152"/>
   <agent start_id="9742" goal_id="10244"/>
   <agent start_id="2300" goal_id="9479"/>
   <agent start_id="6471" goal_id="9737"/>
   <agent start_id="1361" goal_id="1863"/>
   <agent start_id="5798" goal_id="9063"/>
   <agent start_id="6757" goal_id="10023"/>
   <agent start_id="8154" goal_id="8656"/>
   <agent start_id="6689" goal_id="9954"/>
   <agent start_id="2376" goal_id="2879"/>
   <agent start_id="6669" goal_id="9934"/>
   <agent start_id="5342" goal_id="8608"/>
   <agent start_id="10176" goal_id="10678"/>
   <agent start_id="2985" goal_id="3487"/>
   <agent start_id="2813" goal_id="8424"/>
   <agent start_id="2641" goal_id="5907"/>
   <agent start_id="2621" goal_id="5886"/>
   <agent start_id="6138" goal_id="4688"/>
   <agent start_id="2552" goal_id="5818"/>
   <agent start_id="2532" goal_id="5798"/>
   <agent start_id="643" goal_id="1146"/>
   <agent start_id="879" goal_id="4145"/>
   <agent start_id="1369" goal_id="1872"/>
   <agent start_id="811" goal_id="7436"/>
   <agent start_id="10500" goal_id="2423"/>
   <agent start_id="8918" goal_id="9420"/>
   <agent start_id="9826" goal_id="1750"/>
   <agent start_id="9153" goal_id="2335"/>
   <agent start_id="4118" goal_id="4620"/>
   <agent start_id="8758" goal_id="682"/>
</root>