<?xml version="1.0" ?>
<root>
   <agent start_id="10095" goal_id="2019"/>
   <agent start_id="7327" goal_id="7829"/>
   <agent start_id="9728" goal_id="2910"/>
   <agent start_id="10518" goal_id="11020"/>
   <agent start_id="4635" goal_id="7900"/>
   <agent start_id="5414" goal_id="8680"/>
   <agent start_id="8847" goal_id="9349"/>
   <agent start_id="9854" goal_id="3035"/>
   <agent start_id="679" goal_id="1181"/>
   <agent start_id="495" goal_id="3760"/>
   <agent start_id="10857" goal_id="2781"/>
   <agent start_id="4112" goal_id="4615"/>
   <agent start_id="2000" goal_id="5265"/>
   <agent start_id="2784" goal_id="6050"/>
   <agent start_id="1843" goal_id="2346"/>
   <agent start_id="1258" goal_id="4523"/>
   <agent start_id="2695" goal_id="5961"/>
   <agent start_id="9643" goal_id="10145"/>
   <agent start_id="1822" goal_id="5088"/>
   <agent start_id="5466" goal_id="5969"/>
   <agent start_id="2002" goal_id="5267"/>
   <agent start_id="188" goal_id="3454"/>
   <agent start_id="2173" goal_id="2676"/>
   <agent start_id="9898" goal_id="1821"/>
   <agent start_id="10204" goal_id="2127"/>
   <agent start_id="2920" goal_id="3423"/>
   <agent start_id="9837" goal_id="3019"/>
   <agent start_id="6111" goal_id="6614"/>
   <agent start_id="1478" goal_id="4743"/>
   <agent start_id="10728" goal_id="2652"/>
   <agent start_id="4485" goal_id="4987"/>
   <agent start_id="3870" goal_id="7136"/>
   <agent start_id="9680" goal_id="1603"/>
   <agent start_id="3316" goal_id="3819"/>
   <agent start_id="1802" goal_id="5068"/>
   <agent start_id="1607" goal_id="1549"/>
   <agent start_id="1047" goal_id="6137"/>
   <agent start_id="9877" goal_id="1801"/>
   <agent start_id="42" goal_id="545"/>
   <agent start_id="6567" goal_id="7069"/>
   <agent start_id="4345" goal_id="7610"/>
   <agent start_id="4717" goal_id="5219"/>
   <agent start_id="825" goal_id="4090"/>
   <agent start_id="8442" goal_id="366"/>
   <agent start_id="3042" goal_id="3544"/>
   <agent start_id="1716" goal_id="4981"/>
   <agent start_id="755" goal_id="1258"/>
   <agent start_id="9006" goal_id="930"/>
   <agent start_id="1022" goal_id="4288"/>
   <agent start_id="5632" goal_id="6135"/>
   <agent start_id="8639" goal_id="6795"/>
   <agent start_id="9571" goal_id="1494"/>
   <agent start_id="7978" goal_id="8481"/>
   <agent start_id="9204" goal_id="1128"/>
   <agent start_id="1085" goal_id="1588"/>
   <agent start_id="845" goal_id="4110"/>
   <agent start_id="2258" goal_id="5523"/>
   <agent start_id="1784" goal_id="2286"/>
   <agent start_id="7156" goal_id="10421"/>
   <agent start_id="7789" goal_id="970"/>
   <agent start_id="8374" goal_id="8877"/>
   <agent start_id="9333" goal_id="1257"/>
   <agent start_id="9901" goal_id="10403"/>
   <agent start_id="11058" goal_id="2981"/>
   <agent start_id="10185" goal_id="2108"/>
   <agent start_id="1929" goal_id="2431"/>
   <agent start_id="280" goal_id="3546"/>
   <agent start_id="7265" goal_id="10530"/>
   <agent start_id="8770" goal_id="9273"/>
   <agent start_id="9622" goal_id="2804"/>
   <agent start_id="2467" goal_id="5733"/>
   <agent start_id="8519" goal_id="9022"/>
   <agent start_id="5829" goal_id="9095"/>
   <agent start_id="9840" goal_id="3022"/>
   <agent start_id="36" goal_id="539"/>
   <agent start_id="7374" goal_id="10639"/>
   <agent start_id="1954" goal_id="2457"/>
   <agent start_id="9751" goal_id="1675"/>
   <agent start_id="5700" goal_id="8966"/>
   <agent start_id="3657" goal_id="4160"/>
   <agent start_id="10316" goal_id="2239"/>
   <agent start_id="4979" goal_id="8244"/>
   <agent start_id="8950" goal_id="7830"/>
   <agent start_id="3692" goal_id="6957"/>
   <agent start_id="4890" goal_id="8156"/>
   <agent start_id="2527" goal_id="3029"/>
   <agent start_id="5523" goal_id="8789"/>
   <agent start_id="2564" goal_id="5829"/>
   <agent start_id="7153" goal_id="7655"/>
   <agent start_id="5108" goal_id="8373"/>
   <agent start_id="4800" goal_id="5303"/>
   <agent start_id="842" goal_id="4108"/>
   <agent start_id="3761" goal_id="7027"/>
   <agent start_id="5431" goal_id="1761"/>
   <agent start_id="4019" goal_id="7285"/>
   <agent start_id="3672" goal_id="6938"/>
   <agent start_id="7800" goal_id="8302"/>
   <agent start_id="4305" goal_id="7571"/>
   <agent start_id="7112" goal_id="7615"/>
   <agent start_id="4237" goal_id="7502"/>
   <agent start_id="3237" goal_id="6503"/>
   <agent start_id="396" goal_id="899"/>
   <agent start_id="1399" goal_id="4664"/>
   <agent start_id="7432" goal_id="7934"/>
   <agent start_id="4434" goal_id="7700"/>
   <agent start_id="7792" goal_id="11058"/>
   <agent start_id="7117" goal_id="7619"/>
   <agent start_id="7445" goal_id="627"/>
   <agent start_id="8683" goal_id="607"/>
   <agent start_id="5490" goal_id="5993"/>
   <agent start_id="9443" goal_id="1366"/>
   <agent start_id="7989" goal_id="1171"/>
   <agent start_id="10367" goal_id="10870"/>
   <agent start_id="4563" goal_id="9692"/>
   <agent start_id="6759" goal_id="7261"/>
   <agent start_id="4050" goal_id="9662"/>
   <agent start_id="2963" goal_id="736"/>
   <agent start_id="8914" goal_id="3466"/>
   <agent start_id="1205" goal_id="1708"/>
   <agent start_id="8118" goal_id="42"/>
   <agent start_id="7840" goal_id="8343"/>
   <agent start_id="4394" goal_id="7659"/>
   <agent start_id="9009" goal_id="933"/>
   <agent start_id="6214" goal_id="6717"/>
   <agent start_id="80" goal_id="3346"/>
   <agent start_id="10076" goal_id="1999"/>
   <agent start_id="8104" goal_id="8607"/>
   <agent start_id="5705" goal_id="6208"/>
   <agent start_id="2916" goal_id="8528"/>
   <agent start_id="4523" goal_id="7788"/>
   <agent start_id="1771" goal_id="82"/>
   <agent start_id="889" goal_id="2274"/>
   <agent start_id="3455" goal_id="6720"/>
   <agent start_id="2475" goal_id="5740"/>
   <agent start_id="5124" goal_id="5627"/>
   <agent start_id="3088" goal_id="6353"/>
   <agent start_id="10231" goal_id="10734"/>
   <agent start_id="7703" goal_id="10969"/>
   <agent start_id="9314" goal_id="9816"/>
   <agent start_id="520" goal_id="6131"/>
   <agent start_id="2672" goal_id="5938"/>
   <agent start_id="8375" goal_id="8427"/>
   <agent start_id="2930" goal_id="6196"/>
   <agent start_id="7048" goal_id="10313"/>
   <agent start_id="4784" goal_id="5286"/>
   <agent start_id="5595" goal_id="8860"/>
   <agent start_id="3148" goal_id="6414"/>
   <agent start_id="8452" goal_id="8954"/>
   <agent start_id="2781" goal_id="6047"/>
   <agent start_id="10531" goal_id="2455"/>
   <agent start_id="2742" goal_id="3245"/>
   <agent start_id="3346" goal_id="6611"/>
   <agent start_id="6436" goal_id="4818"/>
   <agent start_id="6703" goal_id="9969"/>
   <agent start_id="5703" goal_id="8969"/>
   <agent start_id="1953" goal_id="9741"/>
   <agent start_id="6615" goal_id="9880"/>
   <agent start_id="931" goal_id="4196"/>
   <agent start_id="6261" goal_id="6764"/>
   <agent start_id="5268" goal_id="8533"/>
   <agent start_id="1842" goal_id="5107"/>
   <agent start_id="10182" goal_id="10685"/>
   <agent start_id="9495" goal_id="9997"/>
   <agent start_id="3760" goal_id="9372"/>
   <agent start_id="7118" goal_id="300"/>
   <agent start_id="4613" goal_id="7878"/>
   <agent start_id="3988" goal_id="4490"/>
   <agent start_id="2039" goal_id="5305"/>
   <agent start_id="1346" goal_id="4611"/>
   <agent start_id="443" goal_id="946"/>
   <agent start_id="5961" goal_id="9227"/>
   <agent start_id="8241" goal_id="8743"/>
   <agent start_id="8354" goal_id="277"/>
   <agent start_id="3962" goal_id="7227"/>
   <agent start_id="6363" goal_id="6866"/>
   <agent start_id="3945" goal_id="4448"/>
   <agent start_id="8918" goal_id="842"/>
   <agent start_id="4626" goal_id="10436"/>
   <agent start_id="9414" goal_id="2596"/>
   <agent start_id="4978" goal_id="218"/>
   <agent start_id="11057" goal_id="118"/>
   <agent start_id="733" goal_id="3999"/>
   <agent start_id="6503" goal_id="9769"/>
   <agent start_id="6483" goal_id="9749"/>
   <agent start_id="951" goal_id="4216"/>
   <agent start_id="4837" goal_id="5340"/>
   <agent start_id="4415" goal_id="7680"/>
   <agent start_id="9966" goal_id="3148"/>
   <agent start_id="9463" goal_id="9965"/>
   <agent start_id="2128" goal_id="5393"/>
   <agent start_id="4565" goal_id="5240"/>
   <agent start_id="2873" goal_id="6139"/>
   <agent start_id="6265" goal_id="9531"/>
   <agent start_id="1557" goal_id="2059"/>
   <agent start_id="2911" goal_id="6177"/>
   <agent start_id="3417" goal_id="6683"/>
   <agent start_id="4880" goal_id="5382"/>
   <agent start_id="43" goal_id="546"/>
   <agent start_id="3444" goal_id="9055"/>
   <agent start_id="8092" goal_id="8595"/>
   <agent start_id="10619" goal_id="2543"/>
   <agent start_id="8501" goal_id="9003"/>
   <agent start_id="4546" goal_id="7812"/>
   <agent start_id="10551" goal_id="2474"/>
   <agent start_id="9248" goal_id="9751"/>
   <agent start_id="1567" goal_id="4832"/>
   <agent start_id="10840" goal_id="1"/>
   <agent start_id="8858" goal_id="2039"/>
   <agent start_id="3764" goal_id="2510"/>
   <agent start_id="4627" goal_id="6827"/>
   <agent start_id="9749" goal_id="1672"/>
   <agent start_id="3675" goal_id="1587"/>
   <agent start_id="1084" goal_id="6965"/>
   <agent start_id="3328" goal_id="6594"/>
   <agent start_id="8565" goal_id="9067"/>
   <agent start_id="2329" goal_id="5594"/>
   <agent start_id="9619" goal_id="2801"/>
   <agent start_id="4705" goal_id="5208"/>
   <agent start_id="2240" goal_id="5506"/>
   <agent start_id="9878" goal_id="10794"/>
   <agent start_id="11204" goal_id="5473"/>
   <agent start_id="476" goal_id="3345"/>
   <agent start_id="2458" goal_id="5723"/>
   <agent start_id="5099" goal_id="5602"/>
   <agent start_id="3845" goal_id="4197"/>
   <agent start_id="3276" goal_id="4348"/>
   <agent start_id="2369" goal_id="5635"/>
   <agent start_id="9027" goal_id="950"/>
   <agent start_id="5849" goal_id="6351"/>
   <agent start_id="8660" goal_id="584"/>
   <agent start_id="1934" goal_id="5199"/>
   <agent start_id="5495" goal_id="5998"/>
   <agent start_id="8571" goal_id="495"/>
   <agent start_id="2958" goal_id="3460"/>
   <agent start_id="5674" goal_id="11286"/>
   <agent start_id="367" goal_id="3633"/>
   <agent start_id="6196" goal_id="6698"/>
   <agent start_id="1151" goal_id="4417"/>
   <agent start_id="10641" goal_id="2564"/>
   <agent start_id="10822" goal_id="11324"/>
   <agent start_id="2281" goal_id="2783"/>
   <agent start_id="7721" goal_id="10986"/>
   <agent start_id="6321" goal_id="6824"/>
   <agent start_id="8007" goal_id="11272"/>
   <agent start_id="627" goal_id="3893"/>
   <agent start_id="5968" goal_id="6470"/>
   <agent start_id="8265" goal_id="188"/>
   <agent start_id="7571" goal_id="10837"/>
   <agent start_id="444" goal_id="2911"/>
   <agent start_id="8242" goal_id="4111"/>
   <agent start_id="11270" goal_id="10095"/>
   <agent start_id="6830" goal_id="10411"/>
   <agent start_id="2111" goal_id="7369"/>
   <agent start_id="7769" goal_id="10844"/>
   <agent start_id="3695" goal_id="1368"/>
   <agent start_id="63" goal_id="3328"/>
   <agent start_id="9576" goal_id="10079"/>
   <agent start_id="6700" goal_id="9966"/>
   <agent start_id="1490" goal_id="4756"/>
   <agent start_id="11039" goal_id="199"/>
   <agent start_id="9224" goal_id="1148"/>
   <agent start_id="6945" goal_id="7448"/>
   <agent start_id="260" goal_id="3526"/>
   <agent start_id="6898" goal_id="80"/>
   <agent start_id="229" goal_id="731"/>
   <agent start_id="11201" goal_id="3177"/>
   <agent start_id="6829" goal_id="1479"/>
   <agent start_id="976" goal_id="9575"/>
   <agent start_id="8661" goal_id="1498"/>
   <agent start_id="10098" goal_id="2022"/>
   <agent start_id="10049" goal_id="10551"/>
   <agent start_id="9225" goal_id="1149"/>
   <agent start_id="6047" goal_id="9313"/>
   <agent start_id="2311" goal_id="2813"/>
   <agent start_id="6285" goal_id="9551"/>
   <agent start_id="11276" goal_id="3199"/>
   <agent start_id="5132" goal_id="5634"/>
   <agent start_id="2211" goal_id="406"/>
   <agent start_id="8338" goal_id="4890"/>
   <agent start_id="1625" goal_id="3394"/>
   <agent start_id="9422" goal_id="7841"/>
   <agent start_id="7339" goal_id="7207"/>
   <agent start_id="1911" goal_id="5176"/>
   <agent start_id="6067" goal_id="9333"/>
   <agent start_id="2036" goal_id="2539"/>
   <agent start_id="10405" goal_id="2328"/>
   <agent start_id="6374" goal_id="9639"/>
   <agent start_id="3035" goal_id="3537"/>
   <agent start_id="9989" goal_id="1913"/>
   <agent start_id="8645" goal_id="2915"/>
   <agent start_id="6918" goal_id="10184"/>
   <agent start_id="7990" goal_id="3252"/>
   <agent start_id="2750" goal_id="7506"/>
   <agent start_id="5217" goal_id="8482"/>
   <agent start_id="8554" goal_id="478"/>
   <agent start_id="7627" goal_id="8129"/>
   <agent start_id="9187" goal_id="2369"/>
   <agent start_id="6939" goal_id="7441"/>
   <agent start_id="4781" goal_id="8047"/>
   <agent start_id="4761" goal_id="8027"/>
   <agent start_id="9034" goal_id="9536"/>
   <agent start_id="10097" goal_id="2021"/>
   <agent start_id="9663" goal_id="1586"/>
   <agent start_id="6223" goal_id="7518"/>
   <agent start_id="7245" goal_id="10510"/>
   <agent start_id="8195" goal_id="518"/>
   <agent start_id="7337" goal_id="2060"/>
   <agent start_id="2469" goal_id="9768"/>
   <agent start_id="186" goal_id="2971"/>
   <agent start_id="7901" goal_id="11167"/>
   <agent start_id="8534" goal_id="1715"/>
   <agent start_id="5747" goal_id="6249"/>
   <agent start_id="7700" goal_id="10966"/>
   <agent start_id="9098" goal_id="1022"/>
   <agent start_id="10624" goal_id="11126"/>
   <agent start_id="3741" goal_id="7007"/>
   <agent start_id="949" goal_id="1451"/>
   <agent start_id="8357" goal_id="280"/>
   <agent start_id="3652" goal_id="6918"/>
   <agent start_id="7491" goal_id="7993"/>
   <agent start_id="10422" goal_id="8150"/>
   <agent start_id="6790" goal_id="10056"/>
   <agent start_id="9447" goal_id="9949"/>
   <agent start_id="10875" goal_id="2798"/>
   <agent start_id="3523" goal_id="6789"/>
   <agent start_id="5903" goal_id="6405"/>
   <agent start_id="9967" goal_id="834"/>
   <agent start_id="2802" goal_id="6067"/>
   <agent start_id="9572" goal_id="10075"/>
   <agent start_id="2455" goal_id="5720"/>
   <agent start_id="8552" goal_id="1733"/>
   <agent start_id="2354" goal_id="2856"/>
   <agent start_id="1366" goal_id="4632"/>
   <agent start_id="4018" goal_id="8643"/>
   <agent start_id="5377" goal_id="1341"/>
   <agent start_id="2457" goal_id="1658"/>
   <agent start_id="1155" goal_id="3674"/>
   <agent start_id="10554" goal_id="9534"/>
   <agent start_id="4829" goal_id="8095"/>
   <agent start_id="9800" goal_id="10303"/>
   <agent start_id="6833" goal_id="10098"/>
   <agent start_id="4980" goal_id="8245"/>
   <agent start_id="8080" goal_id="8583"/>
   <agent start_id="6139" goal_id="9405"/>
   <agent start_id="8966" goal_id="9468"/>
   <agent start_id="2040" goal_id="11135"/>
   <agent start_id="6050" goal_id="9316"/>
   <agent start_id="5424" goal_id="274"/>
   <agent start_id="9984" goal_id="1907"/>
   <agent start_id="3890" goal_id="7156"/>
   <agent start_id="1815" goal_id="2318"/>
   <agent start_id="6595" goal_id="9860"/>
   <agent start_id="6248" goal_id="9513"/>
   <agent start_id="8674" goal_id="9177"/>
   <agent start_id="2169" goal_id="5434"/>
   <agent start_id="1475" goal_id="4741"/>
   <agent start_id="1641" goal_id="2143"/>
   <agent start_id="4180" goal_id="7445"/>
   <agent start_id="2366" goal_id="5632"/>
   <agent start_id="15" goal_id="517"/>
   <agent start_id="5724" goal_id="8989"/>
   <agent start_id="7812" goal_id="8315"/>
   <agent start_id="2652" goal_id="5918"/>
   <agent start_id="318" goal_id="3584"/>
   <agent start_id="9249" goal_id="9752"/>
   <agent start_id="2272" goal_id="5537"/>
   <agent start_id="1237" goal_id="4503"/>
   <agent start_id="8830" goal_id="9332"/>
   <agent start_id="4873" goal_id="8139"/>
   <agent start_id="3370" goal_id="3872"/>
   <agent start_id="10858" goal_id="5539"/>
   <agent start_id="3526" goal_id="6792"/>
   <agent start_id="11169" goal_id="330"/>
   <agent start_id="100" goal_id="3366"/>
   <agent start_id="4091" goal_id="7356"/>
   <agent start_id="4704" goal_id="4527"/>
   <agent start_id="1019" goal_id="4285"/>
   <agent start_id="4982" goal_id="8247"/>
   <agent start_id="3078" goal_id="3580"/>
   <agent start_id="11089" goal_id="3012"/>
   <agent start_id="6395" goal_id="9660"/>
   <agent start_id="2754" goal_id="3257"/>
   <agent start_id="3415" goal_id="4281"/>
   <agent start_id="2567" goal_id="5832"/>
   <agent start_id="4162" goal_id="7810"/>
   <agent start_id="10837" goal_id="2761"/>
   <agent start_id="3157" goal_id="3659"/>
   <agent start_id="3131" goal_id="6397"/>
   <agent start_id="60" goal_id="3325"/>
   <agent start_id="8034" goal_id="8536"/>
   <agent start_id="4489" goal_id="4992"/>
   <agent start_id="624" goal_id="3890"/>
   <agent start_id="1569" goal_id="2071"/>
   <agent start_id="3329" goal_id="1450"/>
   <agent start_id="947" goal_id="9979"/>
   <agent start_id="1476" goal_id="4742"/>
   <agent start_id="3240" goal_id="6506"/>
   <agent start_id="7489" goal_id="7991"/>
   <agent start_id="2947" goal_id="5071"/>
   <agent start_id="5306" goal_id="8572"/>
   <agent start_id="5501" goal_id="6003"/>
   <agent start_id="5315" goal_id="2386"/>
   <agent start_id="590" goal_id="1092"/>
   <agent start_id="3967" goal_id="9579"/>
   <agent start_id="6220" goal_id="5377"/>
   <agent start_id="5483" goal_id="8749"/>
   <agent start_id="8315" goal_id="951"/>
   <agent start_id="7441" goal_id="8817"/>
   <agent start_id="1676" goal_id="4941"/>
   <agent start_id="10158" goal_id="10661"/>
   <agent start_id="8313" goal_id="1495"/>
   <agent start_id="3220" goal_id="6485"/>
   <agent start_id="5609" goal_id="6112"/>
   <agent start_id="148" goal_id="3414"/>
   <agent start_id="3784" goal_id="7050"/>
   <agent start_id="402" goal_id="905"/>
   <agent start_id="4544" goal_id="7063"/>
   <agent start_id="6561" goal_id="5031"/>
   <agent start_id="2438" goal_id="5703"/>
   <agent start_id="9641" goal_id="1565"/>
   <agent start_id="2265" goal_id="2767"/>
   <agent start_id="716" goal_id="3026"/>
   <agent start_id="230" goal_id="11273"/>
   <agent start_id="1622" goal_id="732"/>
   <agent start_id="1281" goal_id="4546"/>
   <agent start_id="1348" goal_id="4614"/>
   <agent start_id="10763" goal_id="11265"/>
   <agent start_id="5847" goal_id="9112"/>
   <agent start_id="1888" goal_id="2391"/>
   <agent start_id="694" goal_id="3959"/>
   <agent start_id="498" goal_id="3764"/>
   <agent start_id="2941" goal_id="8553"/>
   <agent start_id="10967" goal_id="2891"/>
   <agent start_id="366" goal_id="971"/>
   <agent start_id="6040" goal_id="869"/>
   <agent start_id="11021" goal_id="1604"/>
   <agent start_id="6721" goal_id="9986"/>
   <agent start_id="4992" goal_id="9382"/>
   <agent start_id="2587" goal_id="1086"/>
   <agent start_id="9245" goal_id="1168"/>
   <agent start_id="3617" goal_id="4119"/>
   <agent start_id="4000" goal_id="7265"/>
   <agent start_id="4306" goal_id="6578"/>
   <agent start_id="5631" goal_id="8897"/>
   <agent start_id="7483" goal_id="10748"/>
   <agent start_id="3036" goal_id="3538"/>
   <agent start_id="7463" goal_id="644"/>
   <agent start_id="1409" goal_id="297"/>
   <agent start_id="7036" goal_id="1912"/>
   <agent start_id="7047" goal_id="7476"/>
   <agent start_id="6974" goal_id="8082"/>
   <agent start_id="7027" goal_id="209"/>
   <agent start_id="6959" goal_id="10224"/>
   <agent start_id="2174" goal_id="2454"/>
   <agent start_id="1737" goal_id="2240"/>
   <agent start_id="10225" goal_id="426"/>
   <agent start_id="10404" goal_id="10727"/>
   <agent start_id="7503" goal_id="10769"/>
   <agent start_id="3517" goal_id="10422"/>
   <agent start_id="261" goal_id="5927"/>
   <agent start_id="6156" goal_id="9422"/>
   <agent start_id="5813" goal_id="4988"/>
   <agent start_id="217" goal_id="720"/>
   <agent start_id="7698" goal_id="8200"/>
   <agent start_id="3466" goal_id="9640"/>
   <agent start_id="8482" goal_id="9078"/>
   <agent start_id="6632" goal_id="9898"/>
   <agent start_id="5820" goal_id="6323"/>
   <agent start_id="6938" goal_id="10204"/>
   <agent start_id="2529" goal_id="100"/>
   <agent start_id="7981" goal_id="2251"/>
   <agent start_id="8094" goal_id="10115"/>
   <agent start_id="5850" goal_id="9115"/>
   <agent start_id="7155" goal_id="7658"/>
   <agent start_id="1629" goal_id="2131"/>
   <agent start_id="10252" goal_id="4521"/>
   <agent start_id="7394" goal_id="10660"/>
   <agent start_id="190" goal_id="3455"/>
   <agent start_id="169" goal_id="3435"/>
   <agent start_id="1081" goal_id="4377"/>
   <agent start_id="3875" goal_id="11315"/>
   <agent start_id="2276" goal_id="10531"/>
   <agent start_id="1337" goal_id="1840"/>
   <agent start_id="2278" goal_id="5543"/>
   <agent start_id="1931" goal_id="5197"/>
   <agent start_id="5461" goal_id="5963"/>
   <agent start_id="4850" goal_id="8116"/>
   <agent start_id="10087" goal_id="4128"/>
   <agent start_id="5560" goal_id="10404"/>
   <agent start_id="8978" goal_id="3247"/>
   <agent start_id="4751" goal_id="6268"/>
   <agent start_id="5652" goal_id="8918"/>
   <agent start_id="4413" goal_id="8571"/>
   <agent start_id="4959" goal_id="8224"/>
   <agent start_id="1810" goal_id="7762"/>
   <agent start_id="6621" goal_id="3258"/>
   <agent start_id="9965" goal_id="5492"/>
   <agent start_id="4995" goal_id="918"/>
   <agent start_id="6649" goal_id="5790"/>
   <agent start_id="2822" goal_id="6088"/>
</root>