<?xml version="1.0" ?>
<root>
   <agent start_id="7642" goal_id="10907"/>
   <agent start_id="5048" goal_id="5551"/>
   <agent start_id="6642" goal_id="9907"/>
   <agent start_id="9560" goal_id="2742"/>
   <agent start_id="2008" goal_id="2511"/>
   <agent start_id="8512" goal_id="436"/>
   <agent start_id="6533" goal_id="9798"/>
   <agent start_id="1544" goal_id="2047"/>
   <agent start_id="5206" goal_id="8472"/>
   <agent start_id="7097" goal_id="10363"/>
   <agent start_id="6421" goal_id="6924"/>
   <agent start_id="4791" goal_id="8057"/>
   <agent start_id="5424" goal_id="8690"/>
   <agent start_id="9382" goal_id="9885"/>
   <agent start_id="6009" goal_id="9274"/>
   <agent start_id="5009" goal_id="8274"/>
   <agent start_id="1002" goal_id="1504"/>
   <agent start_id="4335" goal_id="7601"/>
   <agent start_id="3643" goal_id="4146"/>
   <agent start_id="4594" goal_id="7859"/>
   <agent start_id="4247" goal_id="7512"/>
   <agent start_id="101" goal_id="604"/>
   <agent start_id="4553" goal_id="7819"/>
   <agent start_id="5464" goal_id="8730"/>
   <agent start_id="6750" goal_id="10016"/>
   <agent start_id="11045" goal_id="206"/>
   <agent start_id="2812" goal_id="6077"/>
   <agent start_id="2743" goal_id="6009"/>
   <agent start_id="8665" goal_id="9168"/>
   <agent start_id="1743" goal_id="5009"/>
   <agent start_id="10126" goal_id="2050"/>
   <agent start_id="8799" goal_id="1981"/>
   <agent start_id="9711" goal_id="1634"/>
   <agent start_id="7731" goal_id="10997"/>
   <agent start_id="1804" goal_id="2307"/>
   <agent start_id="8037" goal_id="1219"/>
   <agent start_id="7969" goal_id="11235"/>
   <agent start_id="7622" goal_id="10888"/>
   <agent start_id="9323" goal_id="9825"/>
   <agent start_id="2090" goal_id="5355"/>
   <agent start_id="7207" goal_id="10473"/>
   <agent start_id="942" goal_id="1445"/>
   <agent start_id="417" goal_id="3682"/>
   <agent start_id="9779" goal_id="2961"/>
   <agent start_id="7098" goal_id="10364"/>
   <agent start_id="9719" goal_id="10221"/>
   <agent start_id="10997" goal_id="2920"/>
   <agent start_id="9534" goal_id="10036"/>
   <agent start_id="9670" goal_id="2852"/>
   <agent start_id="9602" goal_id="1525"/>
   <agent start_id="8602" goal_id="525"/>
   <agent start_id="8382" goal_id="8885"/>
   <agent start_id="4663" goal_id="7929"/>
   <agent start_id="9819" goal_id="1743"/>
   <agent start_id="6320" goal_id="6822"/>
   <agent start_id="5173" goal_id="700"/>
   <agent start_id="1549" goal_id="2051"/>
   <agent start_id="4812" goal_id="8078"/>
   <agent start_id="8276" goal_id="8778"/>
   <agent start_id="6175" goal_id="6677"/>
   <agent start_id="3792" goal_id="7058"/>
   <agent start_id="8314" goal_id="8817"/>
   <agent start_id="4703" goal_id="7969"/>
   <agent start_id="3377" goal_id="6642"/>
   <agent start_id="11275" goal_id="8583"/>
   <agent start_id="3030" goal_id="6296"/>
   <agent start_id="3941" goal_id="7207"/>
   <agent start_id="4810" goal_id="5313"/>
   <agent start_id="2615" goal_id="5880"/>
   <agent start_id="2268" goal_id="5534"/>
   <agent start_id="7771" goal_id="2929"/>
   <agent start_id="9057" goal_id="981"/>
   <agent start_id="6751" goal_id="10017"/>
   <agent start_id="144" goal_id="646"/>
   <agent start_id="6405" goal_id="9670"/>
   <agent start_id="7316" goal_id="10581"/>
   <agent start_id="2071" goal_id="5336"/>
   <agent start_id="1664" goal_id="2166"/>
   <agent start_id="744" goal_id="4010"/>
   <agent start_id="1655" goal_id="4921"/>
   <agent start_id="3367" goal_id="3869"/>
   <agent start_id="982" goal_id="4248"/>
   <agent start_id="635" goal_id="3901"/>
   <agent start_id="3993" goal_id="5166"/>
   <agent start_id="5792" goal_id="9057"/>
   <agent start_id="220" goal_id="3486"/>
   <agent start_id="6367" goal_id="6869"/>
   <agent start_id="6950" goal_id="10215"/>
   <agent start_id="7139" goal_id="7642"/>
   <agent start_id="9041" goal_id="964"/>
   <agent start_id="8167" goal_id="91"/>
   <agent start_id="10352" goal_id="10854"/>
   <agent start_id="2377" goal_id="5642"/>
   <agent start_id="3921" goal_id="7187"/>
   <agent start_id="4891" goal_id="5394"/>
   <agent start_id="6952" goal_id="10218"/>
   <agent start_id="7850" goal_id="8353"/>
   <agent start_id="6079" goal_id="9345"/>
   <agent start_id="4787" goal_id="8053"/>
   <agent start_id="5230" goal_id="5732"/>
   <agent start_id="2486" goal_id="5751"/>
   <agent start_id="5843" goal_id="9109"/>
   <agent start_id="4346" goal_id="4849"/>
   <agent start_id="784" goal_id="4050"/>
   <agent start_id="8387" goal_id="8889"/>
   <agent start_id="9167" goal_id="1091"/>
   <agent start_id="8820" goal_id="744"/>
   <agent start_id="11097" goal_id="257"/>
   <agent start_id="2308" goal_id="5574"/>
   <agent start_id="4140" goal_id="7405"/>
   <agent start_id="6092" goal_id="6594"/>
   <agent start_id="8287" goal_id="211"/>
   <agent start_id="1526" goal_id="4792"/>
   <agent start_id="883" goal_id="1385"/>
   <agent start_id="4557" goal_id="7823"/>
   <agent start_id="11195" goal_id="3119"/>
   <agent start_id="3844" goal_id="6941"/>
   <agent start_id="5122" goal_id="8387"/>
   <agent start_id="8719" goal_id="9221"/>
   <agent start_id="1724" goal_id="4989"/>
   <agent start_id="2469" goal_id="5734"/>
   <agent start_id="9127" goal_id="2308"/>
   <agent start_id="2714" goal_id="3216"/>
   <agent start_id="4666" goal_id="7932"/>
   <agent start_id="3550" goal_id="4053"/>
   <agent start_id="1595" goal_id="4860"/>
   <agent start_id="9344" goal_id="2526"/>
   <agent start_id="3729" goal_id="4232"/>
   <agent start_id="5758" goal_id="6078"/>
   <agent start_id="4684" goal_id="7950"/>
   <agent start_id="4272" goal_id="4774"/>
   <agent start_id="8582" goal_id="1764"/>
   <agent start_id="6881" goal_id="10147"/>
   <agent start_id="9400" goal_id="9903"/>
   <agent start_id="6061" goal_id="9326"/>
   <agent start_id="8474" goal_id="1655"/>
   <agent start_id="4160" goal_id="7425"/>
   <agent start_id="3410" goal_id="3912"/>
   <agent start_id="1054" goal_id="4319"/>
   <agent start_id="2618" goal_id="5884"/>
   <agent start_id="2146" goal_id="2648"/>
   <agent start_id="9216" goal_id="2398"/>
   <agent start_id="7144" goal_id="7646"/>
   <agent start_id="292" goal_id="3557"/>
   <agent start_id="11063" goal_id="131"/>
   <agent start_id="6846" goal_id="223"/>
   <agent start_id="7751" goal_id="8253"/>
   <agent start_id="10872" goal_id="2795"/>
   <agent start_id="7129" goal_id="7631"/>
   <agent start_id="10652" goal_id="2575"/>
   <agent start_id="10456" goal_id="2380"/>
   <agent start_id="8832" goal_id="9334"/>
   <agent start_id="6425" goal_id="9691"/>
   <agent start_id="7597" goal_id="9344"/>
   <agent start_id="1167" goal_id="8100"/>
   <agent start_id="8873" goal_id="9256"/>
   <agent start_id="765" goal_id="4031"/>
   <agent start_id="9805" goal_id="10307"/>
   <agent start_id="4781" goal_id="7603"/>
   <agent start_id="6795" goal_id="5283"/>
   <agent start_id="8454" goal_id="1636"/>
   <agent start_id="9239" goal_id="1162"/>
   <agent start_id="2763" goal_id="3265"/>
   <agent start_id="2186" goal_id="5451"/>
   <agent start_id="5975" goal_id="6478"/>
   <agent start_id="8110" goal_id="2379"/>
   <agent start_id="7624" goal_id="10890"/>
   <agent start_id="8051" goal_id="985"/>
   <agent start_id="7803" goal_id="6265"/>
   <agent start_id="5010" goal_id="8276"/>
   <agent start_id="2842" goal_id="3344"/>
   <agent start_id="7388" goal_id="10654"/>
   <agent start_id="3684" goal_id="6949"/>
   <agent start_id="3589" goal_id="4091"/>
   <agent start_id="5228" goal_id="8494"/>
   <agent start_id="2795" goal_id="6061"/>
   <agent start_id="660" goal_id="2235"/>
   <agent start_id="2575" goal_id="5841"/>
   <agent start_id="4903" goal_id="5405"/>
   <agent start_id="7844" goal_id="11109"/>
   <agent start_id="1507" goal_id="4772"/>
   <agent start_id="9528" goal_id="10031"/>
   <agent start_id="628" goal_id="1180"/>
   <agent start_id="4318" goal_id="7583"/>
   <agent start_id="6646" goal_id="7148"/>
   <agent start_id="8841" goal_id="765"/>
   <agent start_id="1704" goal_id="4970"/>
   <agent start_id="2695" goal_id="3197"/>
   <agent start_id="6973" goal_id="10239"/>
   <agent start_id="7570" goal_id="8072"/>
   <agent start_id="4881" goal_id="8147"/>
   <agent start_id="5300" goal_id="8565"/>
   <agent start_id="10531" goal_id="11033"/>
   <agent start_id="2853" goal_id="6119"/>
   <agent start_id="5338" goal_id="8604"/>
   <agent start_id="3751" goal_id="4253"/>
   <agent start_id="4538" goal_id="7803"/>
   <agent start_id="1092" goal_id="4357"/>
   <agent start_id="9633" goal_id="10135"/>
   <agent start_id="3469" goal_id="6735"/>
   <agent start_id="10127" goal_id="7708"/>
   <agent start_id="7206" goal_id="8627"/>
   <agent start_id="9434" goal_id="2615"/>
   <agent start_id="6816" goal_id="7319"/>
   <agent start_id="2707" goal_id="5973"/>
   <agent start_id="6753" goal_id="10018"/>
   <agent start_id="7600" goal_id="782"/>
   <agent start_id="1971" goal_id="2474"/>
   <agent start_id="8603" goal_id="527"/>
   <agent start_id="139" goal_id="641"/>
   <agent start_id="4358" goal_id="7624"/>
   <agent start_id="7930" goal_id="1112"/>
   <agent start_id="10563" goal_id="11065"/>
   <agent start_id="8821" goal_id="745"/>
   <agent start_id="2143" goal_id="5409"/>
   <agent start_id="5622" goal_id="6125"/>
   <agent start_id="7801" goal_id="983"/>
   <agent start_id="2450" goal_id="2953"/>
   <agent start_id="415" goal_id="918"/>
   <agent start_id="9019" goal_id="942"/>
   <agent start_id="5663" goal_id="6165"/>
   <agent start_id="1312" goal_id="4578"/>
   <agent start_id="6971" goal_id="10236"/>
   <agent start_id="8373" goal_id="8875"/>
   <agent start_id="10981" goal_id="2905"/>
   <agent start_id="3164" goal_id="3666"/>
   <agent start_id="6277" goal_id="9543"/>
   <agent start_id="10566" goal_id="2490"/>
   <agent start_id="4867" goal_id="5369"/>
   <agent start_id="9693" goal_id="1617"/>
   <agent start_id="6515" goal_id="9780"/>
   <agent start_id="8471" goal_id="8973"/>
   <agent start_id="2201" goal_id="5467"/>
   <agent start_id="11100" goal_id="3024"/>
   <agent start_id="4388" goal_id="4890"/>
   <agent start_id="3794" goal_id="7059"/>
   <agent start_id="1439" goal_id="4705"/>
   <agent start_id="10717" goal_id="11219"/>
   <agent start_id="8113" goal_id="4358"/>
   <agent start_id="4011" goal_id="7277"/>
   <agent start_id="4754" goal_id="5256"/>
   <agent start_id="8933" goal_id="857"/>
   <agent start_id="1759" goal_id="2261"/>
   <agent start_id="11199" goal_id="3122"/>
   <agent start_id="8552" goal_id="2401"/>
   <agent start_id="4153" goal_id="9054"/>
   <agent start_id="9151" goal_id="1074"/>
   <agent start_id="7298" goal_id="10564"/>
   <agent start_id="8024" goal_id="8526"/>
   <agent start_id="10778" goal_id="2702"/>
   <agent start_id="3052" goal_id="6317"/>
   <agent start_id="2564" goal_id="3066"/>
   <agent start_id="2361" goal_id="3680"/>
   <agent start_id="4463" goal_id="2864"/>
   <agent start_id="8475" goal_id="399"/>
   <agent start_id="9669" goal_id="2851"/>
   <agent start_id="10067" goal_id="10570"/>
   <agent start_id="1616" goal_id="6065"/>
   <agent start_id="5954" goal_id="5695"/>
   <agent start_id="5193" goal_id="8592"/>
   <agent start_id="3161" goal_id="6426"/>
   <agent start_id="6640" goal_id="9906"/>
   <agent start_id="7819" goal_id="8322"/>
   <agent start_id="9522" goal_id="10025"/>
   <agent start_id="9237" goal_id="2419"/>
   <agent start_id="6417" goal_id="6919"/>
   <agent start_id="10363" goal_id="2286"/>
   <agent start_id="1076" goal_id="1578"/>
   <agent start_id="1378" goal_id="4644"/>
   <agent start_id="5994" goal_id="9260"/>
   <agent start_id="10466" goal_id="10968"/>
   <agent start_id="5774" goal_id="9040"/>
   <agent start_id="4321" goal_id="7586"/>
   <agent start_id="2085" goal_id="2587"/>
   <agent start_id="3121" goal_id="6387"/>
   <agent start_id="4559" goal_id="7824"/>
   <agent start_id="2123" goal_id="2625"/>
   <agent start_id="508" goal_id="3773"/>
   <agent start_id="9890" goal_id="3072"/>
   <agent start_id="637" goal_id="1140"/>
   <agent start_id="3797" goal_id="7062"/>
   <agent start_id="1223" goal_id="1725"/>
   <agent start_id="9455" goal_id="1378"/>
   <agent start_id="6100" goal_id="7627"/>
   <agent start_id="6137" goal_id="6602"/>
   <agent start_id="6774" goal_id="8475"/>
   <agent start_id="8182" goal_id="4974"/>
   <agent start_id="1708" goal_id="7647"/>
   <agent start_id="9346" goal_id="2527"/>
   <agent start_id="2010" goal_id="2513"/>
   <agent start_id="10359" goal_id="2283"/>
   <agent start_id="4261" goal_id="7527"/>
   <agent start_id="4524" goal_id="5027"/>
   <agent start_id="3398" goal_id="6664"/>
   <agent start_id="9802" goal_id="9642"/>
   <agent start_id="9140" goal_id="2294"/>
   <agent start_id="5093" goal_id="8358"/>
   <agent start_id="2250" goal_id="5516"/>
   <agent start_id="8173" goal_id="8675"/>
   <agent start_id="9386" goal_id="1310"/>
   <agent start_id="7713" goal_id="10979"/>
   <agent start_id="3720" goal_id="4222"/>
   <agent start_id="987" goal_id="4252"/>
   <agent start_id="175" goal_id="678"/>
   <agent start_id="8278" goal_id="201"/>
   <agent start_id="605" goal_id="10563"/>
   <agent start_id="3473" goal_id="1108"/>
   <agent start_id="216" goal_id="9870"/>
   <agent start_id="531" goal_id="3797"/>
   <agent start_id="5091" goal_id="5593"/>
   <agent start_id="6189" goal_id="9455"/>
   <agent start_id="1919" goal_id="3605"/>
   <agent start_id="2597" goal_id="2300"/>
   <agent start_id="8347" goal_id="1529"/>
   <agent start_id="1959" goal_id="2462"/>
   <agent start_id="75" goal_id="3341"/>
   <agent start_id="6130" goal_id="895"/>
   <agent start_id="4509" goal_id="6632"/>
   <agent start_id="2325" goal_id="1064"/>
   <agent start_id="10002" goal_id="1926"/>
   <agent start_id="1944" goal_id="2447"/>
   <agent start_id="5318" goal_id="8584"/>
   <agent start_id="9587" goal_id="1511"/>
   <agent start_id="3648" goal_id="4150"/>
   <agent start_id="5974" goal_id="311"/>
   <agent start_id="7823" goal_id="6477"/>
   <agent start_id="7914" goal_id="1095"/>
   <agent start_id="6754" goal_id="10019"/>
   <agent start_id="3939" goal_id="4442"/>
   <agent start_id="2182" goal_id="5447"/>
   <agent start_id="8785" goal_id="1966"/>
   <agent start_id="5959" goal_id="6462"/>
   <agent start_id="5012" goal_id="8277"/>
   <agent start_id="9023" goal_id="946"/>
   <agent start_id="7256" goal_id="7758"/>
   <agent start_id="8803" goal_id="726"/>
   <agent start_id="156" goal_id="659"/>
   <agent start_id="6975" goal_id="10240"/>
   <agent start_id="1291" goal_id="4556"/>
   <agent start_id="5536" goal_id="6038"/>
   <agent start_id="964" goal_id="4230"/>
   <agent start_id="1875" goal_id="5141"/>
   <agent start_id="4618" goal_id="5121"/>
   <agent start_id="4794" goal_id="8060"/>
   <agent start_id="7815" goal_id="997"/>
   <agent start_id="2702" goal_id="3205"/>
   <agent start_id="1421" goal_id="10885"/>
   <agent start_id="8496" goal_id="420"/>
   <agent start_id="2826" goal_id="3328"/>
   <agent start_id="9655" goal_id="2837"/>
   <agent start_id="1984" goal_id="8412"/>
   <agent start_id="4327" goal_id="7388"/>
   <agent start_id="3489" goal_id="6755"/>
   <agent start_id="3668" goal_id="6934"/>
   <agent start_id="8561" goal_id="9063"/>
   <agent start_id="1855" goal_id="8058"/>
   <agent start_id="4886" goal_id="8152"/>
   <agent start_id="431" goal_id="934"/>
   <agent start_id="3033" goal_id="6299"/>
   <agent start_id="4423" goal_id="4925"/>
   <agent start_id="4471" goal_id="7736"/>
   <agent start_id="11129" goal_id="3052"/>
   <agent start_id="6426" goal_id="6928"/>
   <agent start_id="10762" goal_id="2685"/>
   <agent start_id="3056" goal_id="4659"/>
   <agent start_id="4157" goal_id="3226"/>
   <agent start_id="7101" goal_id="10367"/>
   <agent start_id="2079" goal_id="7914"/>
   <agent start_id="199" goal_id="8122"/>
   <agent start_id="242" goal_id="3508"/>
   <agent start_id="10238" goal_id="2161"/>
   <agent start_id="10013" goal_id="10515"/>
   <agent start_id="1849" goal_id="5115"/>
   <agent start_id="9564" goal_id="2746"/>
   <agent start_id="7837" goal_id="8340"/>
   <agent start_id="858" goal_id="4124"/>
   <agent start_id="6256" goal_id="6758"/>
   <agent start_id="638" goal_id="3904"/>
   <agent start_id="1423" goal_id="4688"/>
   <agent start_id="1049" goal_id="1551"/>
   <agent start_id="223" goal_id="3489"/>
   <agent start_id="11092" goal_id="3015"/>
   <agent start_id="2752" goal_id="3254"/>
   <agent start_id="7694" goal_id="875"/>
   <agent start_id="10676" goal_id="2600"/>
   <agent start_id="5713" goal_id="6215"/>
   <agent start_id="7278" goal_id="10544"/>
   <agent start_id="1127" goal_id="1630"/>
   <agent start_id="9656" goal_id="2838"/>
   <agent start_id="7863" goal_id="11129"/>
   <agent start_id="10294" goal_id="10796"/>
   <agent start_id="6516" goal_id="9782"/>
   <agent start_id="6752" goal_id="7254"/>
   <agent start_id="8487" goal_id="2756"/>
   <agent start_id="2709" goal_id="5974"/>
   <agent start_id="10999" goal_id="2923"/>
   <agent start_id="9208" goal_id="9711"/>
   <agent start_id="4916" goal_id="8182"/>
   <agent start_id="6339" goal_id="9605"/>
   <agent start_id="9751" goal_id="10253"/>
   <agent start_id="1635" goal_id="4900"/>
   <agent start_id="3286" goal_id="8911"/>
   <agent start_id="1550" goal_id="3788"/>
   <agent start_id="9914" goal_id="1838"/>
   <agent start_id="4884" goal_id="8149"/>
   <agent start_id="7203" goal_id="7705"/>
   <agent start_id="8894" goal_id="2076"/>
   <agent start_id="4468" goal_id="7734"/>
   <agent start_id="10164" goal_id="10667"/>
   <agent start_id="7826" goal_id="11091"/>
   <agent start_id="6620" goal_id="7122"/>
   <agent start_id="3775" goal_id="7040"/>
   <agent start_id="7411" goal_id="10676"/>
   <agent start_id="9581" goal_id="10083"/>
   <agent start_id="5558" goal_id="8824"/>
   <agent start_id="7370" goal_id="1954"/>
   <agent start_id="1451" goal_id="6231"/>
   <agent start_id="3944" goal_id="7210"/>
   <agent start_id="7082" goal_id="10347"/>
   <agent start_id="1174" goal_id="1677"/>
   <agent start_id="9368" goal_id="1291"/>
   <agent start_id="5887" goal_id="9152"/>
   <agent start_id="9038" goal_id="9540"/>
   <agent start_id="1836" goal_id="5101"/>
   <agent start_id="1509" goal_id="4775"/>
   <agent start_id="4782" goal_id="8306"/>
   <agent start_id="5339" goal_id="8605"/>
   <agent start_id="1094" goal_id="10009"/>
   <agent start_id="9507" goal_id="9246"/>
   <agent start_id="747" goal_id="4013"/>
   <agent start_id="6903" goal_id="1322"/>
   <agent start_id="2291" goal_id="5557"/>
   <agent start_id="4669" goal_id="7935"/>
   <agent start_id="2969" goal_id="3471"/>
   <agent start_id="2816" goal_id="6082"/>
   <agent start_id="4672" goal_id="7519"/>
   <agent start_id="3878" goal_id="5175"/>
   <agent start_id="3054" goal_id="6320"/>
   <agent start_id="4213" goal_id="7479"/>
   <agent start_id="7884" goal_id="6105"/>
   <agent start_id="1420" goal_id="4686"/>
   <agent start_id="4964" goal_id="5466"/>
   <agent start_id="2819" goal_id="6084"/>
   <agent start_id="11089" goal_id="3013"/>
   <agent start_id="7925" goal_id="8427"/>
   <agent start_id="566" goal_id="3832"/>
   <agent start_id="4143" goal_id="7408"/>
   <agent start_id="8623" goal_id="9126"/>
   <agent start_id="1710" goal_id="4975"/>
   <agent start_id="4168" goal_id="4670"/>
   <agent start_id="896" goal_id="4162"/>
   <agent start_id="9279" goal_id="1202"/>
   <agent start_id="5856" goal_id="6358"/>
   <agent start_id="7606" goal_id="10871"/>
   <agent start_id="1859" goal_id="5125"/>
   <agent start_id="664" goal_id="1166"/>
   <agent start_id="10783" goal_id="2706"/>
   <agent start_id="1819" goal_id="5084"/>
   <agent start_id="9439" goal_id="4379"/>
   <agent start_id="7477" goal_id="658"/>
   <agent start_id="704" goal_id="1207"/>
   <agent start_id="1403" goal_id="4669"/>
   <agent start_id="9913" goal_id="1837"/>
   <agent start_id="8913" goal_id="9415"/>
   <agent start_id="988" goal_id="9043"/>
   <agent start_id="8279" goal_id="203"/>
   <agent start_id="5620" goal_id="6122"/>
   <agent start_id="1601" goal_id="4866"/>
   <agent start_id="10088" goal_id="10590"/>
   <agent start_id="5626" goal_id="8892"/>
   <agent start_id="10242" goal_id="2165"/>
   <agent start_id="4849" goal_id="10460"/>
   <agent start_id="7412" goal_id="8823"/>
   <agent start_id="5211" goal_id="8476"/>
   <agent start_id="3551" goal_id="5576"/>
   <agent start_id="3663" goal_id="965"/>
   <agent start_id="10766" goal_id="370"/>
   <agent start_id="11210" goal_id="1312"/>
   <agent start_id="857" goal_id="4122"/>
   <agent start_id="6666" goal_id="9932"/>
   <agent start_id="6801" goal_id="7304"/>
   <agent start_id="8458" goal_id="1640"/>
   <agent start_id="7585" goal_id="767"/>
   <agent start_id="7640" goal_id="8142"/>
   <agent start_id="9262" goal_id="1186"/>
   <agent start_id="8432" goal_id="8934"/>
   <agent start_id="10022" goal_id="1945"/>
   <agent start_id="9548" goal_id="2730"/>
   <agent start_id="5141" goal_id="5643"/>
   <agent start_id="1969" goal_id="8388"/>
   <agent start_id="7500" goal_id="10766"/>
   <agent start_id="6593" goal_id="140"/>
   <agent start_id="3449" goal_id="6715"/>
   <agent start_id="7738" goal_id="11004"/>
   <agent start_id="7889" goal_id="8391"/>
   <agent start_id="4667" goal_id="7387"/>
   <agent start_id="6884" goal_id="11048"/>
   <agent start_id="7044" goal_id="226"/>
   <agent start_id="8887" goal_id="9390"/>
   <agent start_id="8749" goal_id="3018"/>
</root>