<?xml version="1.0" ?>
<root>
   <agent start_id="1015" goal_id="4280"/>
   <agent start_id="668" goal_id="3934"/>
   <agent start_id="7545" goal_id="10810"/>
   <agent start_id="5926" goal_id="6428"/>
   <agent start_id="6871" goal_id="53"/>
   <agent start_id="9826" goal_id="10328"/>
   <agent start_id="1212" goal_id="4478"/>
   <agent start_id="9069" goal_id="992"/>
   <agent start_id="3612" goal_id="4114"/>
   <agent start_id="6109" goal_id="9375"/>
   <agent start_id="6694" goal_id="9960"/>
   <agent start_id="1483" goal_id="1986"/>
   <agent start_id="1035" goal_id="4300"/>
   <agent start_id="5674" goal_id="8940"/>
   <agent start_id="1522" goal_id="2024"/>
   <agent start_id="5606" goal_id="8871"/>
   <agent start_id="7086" goal_id="7589"/>
   <agent start_id="10030" goal_id="3212"/>
   <agent start_id="4912" goal_id="8178"/>
   <agent start_id="1879" goal_id="2382"/>
   <agent start_id="10268" goal_id="2192"/>
   <agent start_id="4170" goal_id="7436"/>
   <agent start_id="2" goal_id="504"/>
   <agent start_id="3823" goal_id="7089"/>
   <agent start_id="7482" goal_id="7985"/>
   <agent start_id="4735" goal_id="8000"/>
   <agent start_id="7521" goal_id="7327"/>
   <agent start_id="8311" goal_id="8023"/>
   <agent start_id="4368" goal_id="7633"/>
   <agent start_id="3646" goal_id="6912"/>
   <agent start_id="10482" goal_id="10984"/>
   <agent start_id="8724" goal_id="1906"/>
   <agent start_id="7023" goal_id="10288"/>
   <agent start_id="4176" goal_id="4679"/>
   <agent start_id="3537" goal_id="6803"/>
   <agent start_id="7917" goal_id="8419"/>
   <agent start_id="2864" goal_id="6129"/>
   <agent start_id="1537" goal_id="4803"/>
   <agent start_id="6039" goal_id="6541"/>
   <agent start_id="1469" goal_id="4735"/>
   <agent start_id="1122" goal_id="4388"/>
   <agent start_id="9000" goal_id="9503"/>
   <agent start_id="1429" goal_id="4694"/>
   <agent start_id="3474" goal_id="3976"/>
   <agent start_id="7111" goal_id="10377"/>
   <agent start_id="34" goal_id="3299"/>
   <agent start_id="3261" goal_id="3764"/>
   <agent start_id="11029" goal_id="2953"/>
   <agent start_id="272" goal_id="3537"/>
   <agent start_id="4557" goal_id="5060"/>
   <agent start_id="10614" goal_id="2537"/>
   <agent start_id="3536" goal_id="6802"/>
   <agent start_id="2018" goal_id="2520"/>
   <agent start_id="9594" goal_id="2775"/>
   <agent start_id="3657" goal_id="4159"/>
   <agent start_id="10178" goal_id="2102"/>
   <agent start_id="5499" goal_id="8764"/>
   <agent start_id="10861" goal_id="21"/>
   <agent start_id="9485" goal_id="2666"/>
   <agent start_id="2846" goal_id="6111"/>
   <agent start_id="10648" goal_id="11150"/>
   <agent start_id="9723" goal_id="1646"/>
   <agent start_id="8396" goal_id="1578"/>
   <agent start_id="6695" goal_id="7197"/>
   <agent start_id="8328" goal_id="251"/>
   <agent start_id="2176" goal_id="2678"/>
   <agent start_id="7981" goal_id="11247"/>
   <agent start_id="7308" goal_id="489"/>
   <agent start_id="2214" goal_id="2716"/>
   <agent start_id="8219" goal_id="142"/>
   <agent start_id="7546" goal_id="10811"/>
   <agent start_id="2252" goal_id="2755"/>
   <agent start_id="6219" goal_id="9485"/>
   <agent start_id="7130" goal_id="10396"/>
   <agent start_id="5213" goal_id="5716"/>
   <agent start_id="5804" goal_id="9069"/>
   <agent start_id="10778" goal_id="11280"/>
   <agent start_id="5457" goal_id="8723"/>
   <agent start_id="6042" goal_id="9307"/>
   <agent start_id="732" goal_id="1235"/>
   <agent start_id="5695" goal_id="8961"/>
   <agent start_id="4369" goal_id="7634"/>
   <agent start_id="2435" goal_id="2938"/>
   <agent start_id="10051" goal_id="1975"/>
   <agent start_id="4606" goal_id="7872"/>
   <agent start_id="3732" goal_id="4234"/>
   <agent start_id="8656" goal_id="580"/>
   <agent start_id="4844" goal_id="8110"/>
   <agent start_id="3770" goal_id="4273"/>
   <agent start_id="3518" goal_id="6783"/>
   <agent start_id="9335" goal_id="9837"/>
   <agent start_id="4151" goal_id="7416"/>
   <agent start_id="3103" goal_id="1456"/>
   <agent start_id="954" goal_id="10144"/>
   <agent start_id="2756" goal_id="6021"/>
   <agent start_id="2083" goal_id="5348"/>
   <agent start_id="992" goal_id="1495"/>
   <agent start_id="2994" goal_id="6259"/>
   <agent start_id="7419" goal_id="600"/>
   <agent start_id="9861" goal_id="279"/>
   <agent start_id="1321" goal_id="4586"/>
   <agent start_id="1350" goal_id="1852"/>
   <agent start_id="9289" goal_id="1213"/>
   <agent start_id="7963" goal_id="1144"/>
   <agent start_id="5631" goal_id="6133"/>
   <agent start_id="8874" goal_id="798"/>
   <agent start_id="3955" goal_id="7221"/>
   <agent start_id="3251" goal_id="3753"/>
   <agent start_id="3609" goal_id="6874"/>
   <agent start_id="3540" goal_id="6806"/>
   <agent start_id="6212" goal_id="6714"/>
   <agent start_id="3847" goal_id="7112"/>
   <agent start_id="2520" goal_id="5786"/>
   <agent start_id="6250" goal_id="6753"/>
   <agent start_id="7677" goal_id="10942"/>
   <agent start_id="6350" goal_id="9616"/>
   <agent start_id="288" goal_id="790"/>
   <agent start_id="5677" goal_id="8942"/>
   <agent start_id="4188" goal_id="4690"/>
   <agent start_id="8221" goal_id="144"/>
   <agent start_id="4282" goal_id="7548"/>
   <agent start_id="3975" goal_id="4477"/>
   <agent start_id="4915" goal_id="8180"/>
   <agent start_id="5500" goal_id="8765"/>
   <agent start_id="7187" goal_id="7689"/>
   <agent start_id="4173" goal_id="7439"/>
   <agent start_id="1410" goal_id="1912"/>
   <agent start_id="2847" goal_id="6112"/>
   <agent start_id="4411" goal_id="7677"/>
   <agent start_id="2706" goal_id="3208"/>
   <agent start_id="11161" goal_id="3085"/>
   <agent start_id="10814" goal_id="2738"/>
   <agent start_id="3907" goal_id="4409"/>
   <agent start_id="383" goal_id="3649"/>
   <agent start_id="11052" goal_id="2976"/>
   <agent start_id="9726" goal_id="1649"/>
   <agent start_id="10768" goal_id="11270"/>
   <agent start_id="9379" goal_id="2560"/>
   <agent start_id="3846" goal_id="5559"/>
   <agent start_id="5056" goal_id="5369"/>
   <agent start_id="10621" goal_id="11123"/>
   <agent start_id="819" goal_id="4084"/>
   <agent start_id="4592" goal_id="5095"/>
   <agent start_id="1125" goal_id="4391"/>
   <agent start_id="324" goal_id="826"/>
   <agent start_id="778" goal_id="4044"/>
   <agent start_id="1363" goal_id="4629"/>
   <agent start_id="362" goal_id="865"/>
   <agent start_id="1016" goal_id="4282"/>
   <agent start_id="10052" goal_id="1976"/>
   <agent start_id="150" goal_id="652"/>
   <agent start_id="274" goal_id="3540"/>
   <agent start_id="11270" goal_id="3193"/>
   <agent start_id="3362" goal_id="3864"/>
   <agent start_id="9290" goal_id="1214"/>
   <agent start_id="507" goal_id="1010"/>
   <agent start_id="9596" goal_id="2778"/>
   <agent start_id="10181" goal_id="2105"/>
   <agent start_id="8965" goal_id="9467"/>
   <agent start_id="8855" goal_id="778"/>
   <agent start_id="7528" goal_id="710"/>
   <agent start_id="10010" goal_id="10512"/>
   <agent start_id="8439" goal_id="363"/>
   <agent start_id="1741" goal_id="5007"/>
   <agent start_id="5069" goal_id="5572"/>
   <agent start_id="8052" goal_id="1234"/>
   <agent start_id="10504" goal_id="2428"/>
   <agent start_id="7194" goal_id="7696"/>
   <agent start_id="10250" goal_id="2173"/>
   <agent start_id="5361" goal_id="8597"/>
   <agent start_id="2217" goal_id="5483"/>
   <agent start_id="1344" goal_id="4609"/>
   <agent start_id="2227" goal_id="2730"/>
   <agent start_id="544" goal_id="3809"/>
   <agent start_id="7835" goal_id="1016"/>
   <agent start_id="6444" goal_id="6947"/>
   <agent start_id="129" goal_id="3394"/>
   <agent start_id="6786" goal_id="10052"/>
   <agent start_id="4018" goal_id="4520"/>
   <agent start_id="7726" goal_id="907"/>
   <agent start_id="3879" goal_id="4382"/>
   <agent start_id="673" goal_id="3938"/>
   <agent start_id="7964" goal_id="11229"/>
   <agent start_id="3918" goal_id="4420"/>
   <agent start_id="258" goal_id="3523"/>
   <agent start_id="9799" goal_id="10302"/>
   <agent start_id="6628" goal_id="9181"/>
   <agent start_id="870" goal_id="4136"/>
   <agent start_id="10089" goal_id="10591"/>
   <agent start_id="7747" goal_id="11013"/>
   <agent start_id="929" goal_id="4194"/>
   <agent start_id="7598" goal_id="8101"/>
   <agent start_id="3501" goal_id="6766"/>
   <agent start_id="4154" goal_id="7419"/>
   <agent start_id="11313" goal_id="7354"/>
   <agent start_id="5371" goal_id="8637"/>
   <agent start_id="8729" goal_id="4959"/>
   <agent start_id="837" goal_id="6449"/>
   <agent start_id="10142" goal_id="2065"/>
   <agent start_id="8950" goal_id="9453"/>
   <agent start_id="7987" goal_id="11253"/>
   <agent start_id="5569" goal_id="8834"/>
   <agent start_id="11251" goal_id="412"/>
   <agent start_id="5334" goal_id="8600"/>
   <agent start_id="2888" goal_id="6153"/>
   <agent start_id="8573" goal_id="9076"/>
   <agent start_id="6026" goal_id="9291"/>
   <agent start_id="6205" goal_id="9471"/>
   <agent start_id="2975" goal_id="3477"/>
   <agent start_id="799" goal_id="4065"/>
   <agent start_id="7971" goal_id="8473"/>
   <agent start_id="5463" goal_id="8729"/>
   <agent start_id="1412" goal_id="4678"/>
   <agent start_id="8261" goal_id="8763"/>
   <agent start_id="5048" goal_id="8314"/>
   <agent start_id="2800" goal_id="3303"/>
   <agent start_id="17" goal_id="3283"/>
   <agent start_id="7114" goal_id="10379"/>
   <agent start_id="812" goal_id="1314"/>
   <agent start_id="602" goal_id="3867"/>
   <agent start_id="10617" goal_id="2541"/>
   <agent start_id="2611" goal_id="3113"/>
   <agent start_id="3919" goal_id="7185"/>
   <agent start_id="3197" goal_id="6463"/>
   <agent start_id="8761" goal_id="9263"/>
   <agent start_id="2524" goal_id="5790"/>
   <agent start_id="1319" goal_id="1821"/>
   <agent start_id="10795" goal_id="2718"/>
   <agent start_id="2109" goal_id="5375"/>
   <agent start_id="2948" goal_id="4782"/>
   <agent start_id="9420" goal_id="1344"/>
   <agent start_id="9706" goal_id="1630"/>
   <agent start_id="7175" goal_id="4708"/>
   <agent start_id="2000" goal_id="5266"/>
   <agent start_id="8760" goal_id="684"/>
   <agent start_id="8293" goal_id="8795"/>
   <agent start_id="10816" goal_id="2740"/>
   <agent start_id="9606" goal_id="10108"/>
   <agent start_id="10016" goal_id="3197"/>
   <agent start_id="9143" goal_id="1727"/>
   <agent start_id="1225" goal_id="5941"/>
   <agent start_id="6243" goal_id="9509"/>
   <agent start_id="7182" goal_id="364"/>
   <agent start_id="4435" goal_id="4938"/>
   <agent start_id="5828" goal_id="9093"/>
   <agent start_id="6767" goal_id="10033"/>
   <agent start_id="7396" goal_id="7899"/>
   <agent start_id="6440" goal_id="9706"/>
   <agent start_id="9082" goal_id="9585"/>
   <agent start_id="7005" goal_id="10271"/>
   <agent start_id="9383" goal_id="1306"/>
   <agent start_id="1975" goal_id="2477"/>
   <agent start_id="4352" goal_id="7618"/>
   <agent start_id="8641" goal_id="565"/>
   <agent start_id="97" goal_id="599"/>
   <agent start_id="9401" goal_id="1324"/>
   <agent start_id="3610" goal_id="2287"/>
   <agent start_id="1785" goal_id="3464"/>
   <agent start_id="7728" goal_id="909"/>
   <agent start_id="10475" goal_id="10977"/>
   <agent start_id="8185" goal_id="109"/>
   <agent start_id="7512" goal_id="694"/>
   <agent start_id="8912" goal_id="9415"/>
   <agent start_id="7770" goal_id="11036"/>
   <agent start_id="5591" goal_id="8857"/>
   <agent start_id="8384" goal_id="8887"/>
   <agent start_id="5770" goal_id="9036"/>
   <agent start_id="7335" goal_id="10600"/>
   <agent start_id="1828" goal_id="2330"/>
   <agent start_id="2651" goal_id="5364"/>
   <agent start_id="4861" goal_id="2241"/>
   <agent start_id="5823" goal_id="9089"/>
   <agent start_id="2868" goal_id="6134"/>
   <agent start_id="610" goal_id="1113"/>
   <agent start_id="909" goal_id="4175"/>
   <agent start_id="2045" goal_id="2547"/>
   <agent start_id="3067" goal_id="7405"/>
   <agent start_id="4505" goal_id="7770"/>
   <agent start_id="4614" goal_id="5117"/>
   <agent start_id="11142" goal_id="3066"/>
   <agent start_id="5444" goal_id="8709"/>
   <agent start_id="9743" goal_id="10245"/>
   <agent start_id="38" goal_id="3304"/>
   <agent start_id="4655" goal_id="5157"/>
   <agent start_id="5682" goal_id="8947"/>
   <agent start_id="11340" goal_id="3263"/>
   <agent start_id="4388" goal_id="7111"/>
   <agent start_id="8295" goal_id="4195"/>
   <agent start_id="9945" goal_id="1869"/>
   <agent start_id="7654" goal_id="8157"/>
   <agent start_id="1634" goal_id="4900"/>
   <agent start_id="10613" goal_id="11116"/>
   <agent start_id="434" goal_id="3700"/>
   <agent start_id="1219" goal_id="4484"/>
   <agent start_id="2232" goal_id="2735"/>
   <agent start_id="7877" goal_id="11142"/>
   <agent start_id="746" goal_id="1249"/>
   <agent start_id="2209" goal_id="7820"/>
   <agent start_id="10380" goal_id="2304"/>
   <agent start_id="1416" goal_id="4682"/>
   <agent start_id="5483" goal_id="5985"/>
   <agent start_id="7094" goal_id="276"/>
   <agent start_id="6601" goal_id="7103"/>
   <agent start_id="6211" goal_id="10925"/>
   <agent start_id="11017" goal_id="2940"/>
   <agent start_id="2667" goal_id="3169"/>
   <agent start_id="6639" goal_id="9904"/>
   <agent start_id="11254" goal_id="3178"/>
   <agent start_id="2705" goal_id="3207"/>
   <agent start_id="11034" goal_id="2958"/>
   <agent start_id="8206" goal_id="8708"/>
   <agent start_id="6877" goal_id="58"/>
   <agent start_id="9074" goal_id="998"/>
   <agent start_id="1332" goal_id="1834"/>
   <agent start_id="9819" goal_id="1743"/>
   <agent start_id="4808" goal_id="8074"/>
   <agent start_id="5157" goal_id="5660"/>
   <agent start_id="8424" goal_id="348"/>
   <agent start_id="6750" goal_id="11321"/>
   <agent start_id="6006" goal_id="9271"/>
   <agent start_id="8704" goal_id="1565"/>
   <agent start_id="2325" goal_id="9206"/>
   <agent start_id="6805" goal_id="10070"/>
   <agent start_id="9934" goal_id="5207"/>
   <agent start_id="10938" goal_id="8523"/>
   <agent start_id="7856" goal_id="1038"/>
   <agent start_id="530" goal_id="1032"/>
   <agent start_id="4502" goal_id="7768"/>
   <agent start_id="2543" goal_id="5808"/>
   <agent start_id="2737" goal_id="3239"/>
   <agent start_id="5680" goal_id="8946"/>
   <agent start_id="7118" goal_id="10384"/>
   <agent start_id="7904" goal_id="7725"/>
   <agent start_id="2740" goal_id="6006"/>
   <agent start_id="9837" goal_id="1760"/>
   <agent start_id="3569" goal_id="4072"/>
   <agent start_id="1672" goal_id="4937"/>
   <agent start_id="2981" goal_id="4591"/>
   <agent start_id="1345" goal_id="4611"/>
   <agent start_id="1871" goal_id="5136"/>
   <agent start_id="10381" goal_id="10884"/>
   <agent start_id="4941" goal_id="8206"/>
   <agent start_id="5247" goal_id="8513"/>
   <agent start_id="2818" goal_id="3320"/>
   <agent start_id="543" goal_id="3323"/>
   <agent start_id="2820" goal_id="617"/>
   <agent start_id="4832" goal_id="8098"/>
   <agent start_id="9920" goal_id="3101"/>
   <agent start_id="7018" goal_id="7521"/>
   <agent start_id="10796" goal_id="2720"/>
   <agent start_id="3743" goal_id="7009"/>
   <agent start_id="1298" goal_id="1801"/>
   <agent start_id="9748" goal_id="1672"/>
   <agent start_id="564" goal_id="15"/>
   <agent start_id="10854" goal_id="9750"/>
   <agent start_id="4483" goal_id="7748"/>
   <agent start_id="1060" goal_id="1562"/>
   <agent start_id="619" goal_id="6230"/>
   <agent start_id="1961" goal_id="5227"/>
   <agent start_id="1454" goal_id="4720"/>
   <agent start_id="7444" goal_id="7946"/>
   <agent start_id="1220" goal_id="4485"/>
   <agent start_id="1979" goal_id="5245"/>
   <agent start_id="5975" goal_id="6478"/>
   <agent start_id="804" goal_id="4070"/>
   <agent start_id="1520" goal_id="2022"/>
   <agent start_id="9036" goal_id="2217"/>
   <agent start_id="11126" goal_id="3050"/>
   <agent start_id="1558" goal_id="2060"/>
   <agent start_id="7075" goal_id="257"/>
   <agent start_id="6374" goal_id="9639"/>
   <agent start_id="72" goal_id="575"/>
   <agent start_id="1347" goal_id="8293"/>
   <agent start_id="9691" goal_id="2872"/>
   <agent start_id="756" goal_id="3042"/>
   <agent start_id="2999" goal_id="6265"/>
   <agent start_id="9929" goal_id="6356"/>
   <agent start_id="731" goal_id="6342"/>
   <agent start_id="468" goal_id="7857"/>
   <agent start_id="3906" goal_id="971"/>
   <agent start_id="7729" goal_id="911"/>
   <agent start_id="3850" goal_id="7115"/>
   <agent start_id="4136" goal_id="7402"/>
   <agent start_id="117" goal_id="619"/>
   <agent start_id="3076" goal_id="349"/>
   <agent start_id="6335" goal_id="3578"/>
   <agent start_id="4374" goal_id="7639"/>
   <agent start_id="4047" goal_id="7313"/>
   <agent start_id="1841" goal_id="2344"/>
   <agent start_id="6571" goal_id="8154"/>
   <agent start_id="6990" goal_id="10255"/>
   <agent start_id="6075" goal_id="6578"/>
   <agent start_id="3826" goal_id="7092"/>
   <agent start_id="300" goal_id="802"/>
   <agent start_id="3682" goal_id="9293"/>
   <agent start_id="5248" goal_id="8514"/>
   <agent start_id="1197" goal_id="4463"/>
   <agent start_id="338" goal_id="841"/>
   <agent start_id="7119" goal_id="4051"/>
   <agent start_id="3549" goal_id="2799"/>
   <agent start_id="3633" goal_id="6899"/>
   <agent start_id="4802" goal_id="8068"/>
   <agent start_id="10948" goal_id="1764"/>
   <agent start_id="5377" goal_id="8643"/>
   <agent start_id="5683" goal_id="8949"/>
   <agent start_id="6548" goal_id="7050"/>
   <agent start_id="11341" goal_id="3265"/>
   <agent start_id="10035" goal_id="3217"/>
   <agent start_id="3146" goal_id="2581"/>
   <agent start_id="237" goal_id="3503"/>
   <agent start_id="4248" goal_id="7514"/>
   <agent start_id="9548" goal_id="10050"/>
   <agent start_id="8834" goal_id="2016"/>
   <agent start_id="7104" goal_id="4613"/>
   <agent start_id="4814" goal_id="7606"/>
   <agent start_id="1527" goal_id="4792"/>
   <agent start_id="4815" goal_id="5318"/>
   <agent start_id="2438" goal_id="5704"/>
   <agent start_id="9749" goal_id="1673"/>
   <agent start_id="3581" goal_id="4083"/>
   <agent start_id="8402" goal_id="326"/>
   <agent start_id="2329" goal_id="5595"/>
   <agent start_id="10639" goal_id="149"/>
   <agent start_id="10273" goal_id="2197"/>
   <agent start_id="5145" goal_id="5648"/>
   <agent start_id="329" goal_id="3595"/>
   <agent start_id="803" goal_id="169"/>
   <agent start_id="4400" goal_id="1305"/>
   <agent start_id="894" goal_id="3149"/>
   <agent start_id="7205" goal_id="10471"/>
   <agent start_id="7894" goal_id="8396"/>
   <agent start_id="7858" goal_id="1040"/>
   <agent start_id="9363" goal_id="2545"/>
   <agent start_id="6676" goal_id="7178"/>
   <agent start_id="2871" goal_id="6137"/>
   <agent start_id="4157" goal_id="7423"/>
   <agent start_id="4847" goal_id="5350"/>
   <agent start_id="9528" goal_id="1451"/>
   <agent start_id="3742" goal_id="7007"/>
   <agent start_id="6819" goal_id="7053"/>
   <agent start_id="1648" goal_id="2150"/>
   <agent start_id="1597" goal_id="7208"/>
   <agent start_id="6245" goal_id="9511"/>
   <agent start_id="4954" goal_id="8219"/>
   <agent start_id="2442" goal_id="2944"/>
   <agent start_id="7424" goal_id="10689"/>
   <agent start_id="8861" goal_id="785"/>
   <agent start_id="6806" goal_id="7308"/>
   <agent start_id="5550" goal_id="6052"/>
   <agent start_id="2172" goal_id="7784"/>
   <agent start_id="7188" goal_id="370"/>
   <agent start_id="3415" goal_id="1033"/>
   <agent start_id="3672" goal_id="8668"/>
   <agent start_id="7426" goal_id="10692"/>
   <agent start_id="2395" goal_id="5661"/>
   <agent start_id="6738" goal_id="5471"/>
   <agent start_id="2673" goal_id="5939"/>
   <agent start_id="4613" goal_id="7878"/>
   <agent start_id="3044" goal_id="3547"/>
   <agent start_id="7750" goal_id="11016"/>
   <agent start_id="5252" goal_id="2565"/>
   <agent start_id="6769" goal_id="5754"/>
   <agent start_id="4069" goal_id="7335"/>
   <agent start_id="565" goal_id="4379"/>
   <agent start_id="3877" goal_id="9983"/>
   <agent start_id="5813" goal_id="9079"/>
   <agent start_id="3507" goal_id="6773"/>
   <agent start_id="8111" goal_id="8613"/>
   <agent start_id="436" goal_id="3701"/>
   <agent start_id="4725" goal_id="7990"/>
   <agent start_id="11323" goal_id="484"/>
   <agent start_id="674" goal_id="3939"/>
   <agent start_id="8403" goal_id="8905"/>
   <agent start_id="3705" goal_id="6970"/>
   <agent start_id="9996" goal_id="2544"/>
   <agent start_id="1781" goal_id="8692"/>
   <agent start_id="3289" goal_id="6555"/>
   <agent start_id="9601" goal_id="1524"/>
   <agent start_id="8228" goal_id="8731"/>
   <agent start_id="2874" goal_id="6140"/>
   <agent start_id="10165" goal_id="3524"/>
   <agent start_id="3021" goal_id="9818"/>
   <agent start_id="10457" goal_id="7879"/>
   <agent start_id="4398" goal_id="7664"/>
   <agent start_id="3628" goal_id="4130"/>
   <agent start_id="586" goal_id="3852"/>
   <agent start_id="3852" goal_id="7117"/>
   <agent start_id="9557" goal_id="10059"/>
   <agent start_id="9597" goal_id="2779"/>
   <agent start_id="9595" goal_id="7355"/>
   <agent start_id="845" goal_id="13"/>
   <agent start_id="5453" goal_id="8718"/>
   <agent start_id="6315" goal_id="9580"/>
   <agent start_id="5846" goal_id="6349"/>
   <agent start_id="5715" goal_id="8981"/>
   <agent start_id="3287" goal_id="7143"/>
   <agent start_id="6640" goal_id="6452"/>
   <agent start_id="8931" goal_id="2112"/>
   <agent start_id="8423" goal_id="347"/>
   <agent start_id="7432" goal_id="7934"/>
</root>