<?xml version="1.0" ?>
<root>
   <agent start_id="1187" goal_id="4453"/>
   <agent start_id="1118" goal_id="1620"/>
   <agent start_id="4759" goal_id="8025"/>
   <agent start_id="3433" goal_id="6698"/>
   <agent start_id="1659" goal_id="2161"/>
   <agent start_id="99" goal_id="3364"/>
   <agent start_id="3671" goal_id="6936"/>
   <agent start_id="4957" goal_id="8222"/>
   <agent start_id="10687" goal_id="11189"/>
   <agent start_id="9094" goal_id="2276"/>
   <agent start_id="2582" goal_id="5848"/>
   <agent start_id="8558" goal_id="9060"/>
   <agent start_id="270" goal_id="3536"/>
   <agent start_id="3453" goal_id="6718"/>
   <agent start_id="1384" goal_id="1886"/>
   <agent start_id="4851" goal_id="8117"/>
   <agent start_id="5350" goal_id="5852"/>
   <agent start_id="4631" goal_id="7897"/>
   <agent start_id="6069" goal_id="9334"/>
   <agent start_id="2018" goal_id="5283"/>
   <agent start_id="4384" goal_id="4886"/>
   <agent start_id="6681" goal_id="9947"/>
   <agent start_id="8852" goal_id="9354"/>
   <agent start_id="1276" goal_id="4541"/>
   <agent start_id="5286" goal_id="8552"/>
   <agent start_id="8639" goal_id="9141"/>
   <agent start_id="9985" goal_id="1909"/>
   <agent start_id="2167" goal_id="5432"/>
   <agent start_id="7404" goal_id="7907"/>
   <agent start_id="9223" goal_id="1147"/>
   <agent start_id="1892" goal_id="5157"/>
   <agent start_id="6549" goal_id="7051"/>
   <agent start_id="8550" goal_id="1731"/>
   <agent start_id="3236" goal_id="6502"/>
   <agent start_id="6523" goal_id="7025"/>
   <agent start_id="7155" goal_id="10420"/>
   <agent start_id="543" goal_id="1046"/>
   <agent start_id="10991" goal_id="152"/>
   <agent start_id="2021" goal_id="5286"/>
   <agent start_id="5280" goal_id="5782"/>
   <agent start_id="10530" goal_id="2454"/>
   <agent start_id="7026" goal_id="207"/>
   <agent start_id="10297" goal_id="10800"/>
   <agent start_id="6957" goal_id="10223"/>
   <agent start_id="7244" goal_id="10509"/>
   <agent start_id="6046" goal_id="6549"/>
   <agent start_id="191" goal_id="3456"/>
   <agent start_id="8135" goal_id="58"/>
   <agent start_id="8969" goal_id="4922"/>
   <agent start_id="10512" goal_id="2436"/>
   <agent start_id="9044" goal_id="9546"/>
   <agent start_id="6461" goal_id="9727"/>
   <agent start_id="9771" goal_id="1694"/>
   <agent start_id="7166" goal_id="7668"/>
   <agent start_id="4107" goal_id="7372"/>
   <agent start_id="4413" goal_id="7679"/>
   <agent start_id="5739" goal_id="9004"/>
   <agent start_id="6751" goal_id="7253"/>
   <agent start_id="5631" goal_id="8896"/>
   <agent start_id="7228" goal_id="10029"/>
   <agent start_id="3958" goal_id="7223"/>
   <agent start_id="8573" goal_id="497"/>
   <agent start_id="120" goal_id="622"/>
   <agent start_id="3542" goal_id="6808"/>
   <agent start_id="6573" goal_id="9839"/>
   <agent start_id="9584" goal_id="10087"/>
   <agent start_id="4721" goal_id="7986"/>
   <agent start_id="2234" goal_id="2736"/>
   <agent start_id="5179" goal_id="8444"/>
   <agent start_id="7795" goal_id="11061"/>
   <agent start_id="6992" goal_id="7494"/>
   <agent start_id="5416" goal_id="8682"/>
   <agent start_id="2998" goal_id="6264"/>
   <agent start_id="6740" goal_id="8767"/>
   <agent start_id="5049" goal_id="8315"/>
   <agent start_id="2256" goal_id="5522"/>
   <agent start_id="4863" goal_id="5365"/>
   <agent start_id="3655" goal_id="6920"/>
   <agent start_id="10312" goal_id="2236"/>
   <agent start_id="1778" goal_id="2281"/>
   <agent start_id="2168" goal_id="5433"/>
   <agent start_id="7845" goal_id="8348"/>
   <agent start_id="494" goal_id="3760"/>
   <agent start_id="2872" goal_id="6138"/>
   <agent start_id="8905" goal_id="9408"/>
   <agent start_id="9530" goal_id="2712"/>
   <agent start_id="10115" goal_id="2039"/>
   <agent start_id="5755" goal_id="6257"/>
   <agent start_id="8788" goal_id="712"/>
   <agent start_id="9728" goal_id="2909"/>
   <agent start_id="9923" goal_id="341"/>
   <agent start_id="389" goal_id="3655"/>
   <agent start_id="9313" goal_id="1236"/>
   <agent start_id="1542" goal_id="2045"/>
   <agent start_id="8006" goal_id="1188"/>
   <agent start_id="6305" goal_id="9571"/>
   <agent start_id="6626" goal_id="7128"/>
   <agent start_id="6611" goal_id="9877"/>
   <agent start_id="1099" goal_id="1602"/>
   <agent start_id="5285" goal_id="8551"/>
   <agent start_id="5870" goal_id="9135"/>
   <agent start_id="10564" goal_id="11066"/>
   <agent start_id="5523" goal_id="8788"/>
   <agent start_id="3217" goal_id="6482"/>
   <agent start_id="267" goal_id="769"/>
   <agent start_id="5761" goal_id="9026"/>
   <agent start_id="7999" goal_id="8501"/>
   <agent start_id="6067" goal_id="9333"/>
   <agent start_id="3761" goal_id="7027"/>
   <agent start_id="6121" goal_id="6624"/>
   <agent start_id="4672" goal_id="7938"/>
   <agent start_id="3346" goal_id="6611"/>
   <agent start_id="9082" goal_id="9585"/>
   <agent start_id="2672" goal_id="5938"/>
   <agent start_id="3584" goal_id="6849"/>
   <agent start_id="9121" goal_id="9623"/>
   <agent start_id="2257" goal_id="5523"/>
   <agent start_id="3343" goal_id="3846"/>
   <agent start_id="7494" goal_id="7997"/>
   <agent start_id="2495" goal_id="5761"/>
   <agent start_id="4640" goal_id="5142"/>
   <agent start_id="1256" goal_id="4522"/>
   <agent start_id="495" goal_id="3761"/>
   <agent start_id="2762" goal_id="3264"/>
   <agent start_id="427" goal_id="3692"/>
   <agent start_id="733" goal_id="3999"/>
   <agent start_id="2800" goal_id="3303"/>
   <agent start_id="10749" goal_id="2672"/>
   <agent start_id="8365" goal_id="8867"/>
   <agent start_id="9422" goal_id="2604"/>
   <agent start_id="10987" goal_id="2910"/>
   <agent start_id="8403" goal_id="8906"/>
   <agent start_id="10313" goal_id="2237"/>
   <agent start_id="9967" goal_id="3148"/>
   <agent start_id="9700" goal_id="10202"/>
   <agent start_id="10551" goal_id="2475"/>
   <agent start_id="2258" goal_id="2760"/>
   <agent start_id="7390" goal_id="10492"/>
   <agent start_id="8878" goal_id="2060"/>
   <agent start_id="3961" goal_id="4463"/>
   <agent start_id="11095" goal_id="3019"/>
   <agent start_id="7483" goal_id="10749"/>
   <agent start_id="5006" goal_id="5508"/>
   <agent start_id="10319" goal_id="7789"/>
   <agent start_id="8374" goal_id="298"/>
   <agent start_id="3379" goal_id="3882"/>
   <agent start_id="8027" goal_id="11293"/>
   <agent start_id="10860" goal_id="20"/>
   <agent start_id="6701" goal_id="9967"/>
   <agent start_id="7286" goal_id="10551"/>
   <agent start_id="8982" goal_id="9485"/>
   <agent start_id="2703" goal_id="5959"/>
   <agent start_id="7105" goal_id="7607"/>
   <agent start_id="8369" goal_id="3897"/>
   <agent start_id="6197" goal_id="9463"/>
   <agent start_id="5524" goal_id="8789"/>
   <agent start_id="7143" goal_id="7646"/>
   <agent start_id="5177" goal_id="8443"/>
   <agent start_id="4540" goal_id="5042"/>
   <agent start_id="5108" goal_id="8374"/>
   <agent start_id="3782" goal_id="7048"/>
   <agent start_id="4327" goal_id="4829"/>
   <agent start_id="4088" goal_id="7354"/>
   <agent start_id="4020" goal_id="7286"/>
   <agent start_id="5623" goal_id="6126"/>
   <agent start_id="4326" goal_id="7592"/>
   <agent start_id="2020" goal_id="4248"/>
   <agent start_id="3746" goal_id="1467"/>
   <agent start_id="3585" goal_id="6850"/>
   <agent start_id="3784" goal_id="5524"/>
   <agent start_id="7172" goal_id="4287"/>
   <agent start_id="1911" goal_id="5177"/>
   <agent start_id="1181" goal_id="1683"/>
   <agent start_id="1843" goal_id="5108"/>
   <agent start_id="2149" goal_id="5415"/>
   <agent start_id="1219" goal_id="1721"/>
   <agent start_id="2456" goal_id="5721"/>
   <agent start_id="3040" goal_id="6306"/>
   <agent start_id="10935" goal_id="5931"/>
   <agent start_id="1061" goal_id="4326"/>
   <agent start_id="10097" goal_id="2020"/>
   <agent start_id="10471" goal_id="10973"/>
   <agent start_id="319" goal_id="3584"/>
   <agent start_id="4944" goal_id="5447"/>
   <agent start_id="8754" goal_id="1936"/>
   <agent start_id="10641" goal_id="2564"/>
   <agent start_id="6241" goal_id="6743"/>
   <agent start_id="863" goal_id="4129"/>
   <agent start_id="6160" goal_id="9425"/>
   <agent start_id="8055" goal_id="8557"/>
   <agent start_id="9552" goal_id="1476"/>
   <agent start_id="8879" goal_id="4904"/>
   <agent start_id="4402" goal_id="5843"/>
   <agent start_id="9790" goal_id="1714"/>
   <agent start_id="9117" goal_id="1040"/>
   <agent start_id="4440" goal_id="4942"/>
   <agent start_id="7790" goal_id="972"/>
   <agent start_id="8702" goal_id="625"/>
   <agent start_id="7401" goal_id="7903"/>
   <agent start_id="7375" goal_id="10641"/>
   <agent start_id="1624" goal_id="2126"/>
   <agent start_id="6049" goal_id="9314"/>
   <agent start_id="5001" goal_id="8266"/>
   <agent start_id="10837" goal_id="11339"/>
   <agent start_id="6940" goal_id="10205"/>
   <agent start_id="5613" goal_id="8879"/>
   <agent start_id="1043" goal_id="1545"/>
   <agent start_id="6198" goal_id="4187"/>
   <agent start_id="3684" goal_id="9117"/>
   <agent start_id="5851" goal_id="1583"/>
   <agent start_id="5178" goal_id="5483"/>
   <agent start_id="4981" goal_id="3476"/>
   <agent start_id="5109" goal_id="8375"/>
   <agent start_id="3783" goal_id="5270"/>
   <agent start_id="4768" goal_id="5687"/>
   <agent start_id="5722" goal_id="8988"/>
   <agent start_id="5000" goal_id="8483"/>
   <agent start_id="7980" goal_id="2303"/>
   <agent start_id="3674" goal_id="6940"/>
   <agent start_id="3001" goal_id="6266"/>
   <agent start_id="6103" goal_id="6605"/>
   <agent start_id="3912" goal_id="7178"/>
   <agent start_id="2585" goal_id="5851"/>
   <agent start_id="7806" goal_id="8308"/>
   <agent start_id="1259" goal_id="4525"/>
   <agent start_id="3286" goal_id="3789"/>
   <agent start_id="2823" goal_id="6089"/>
   <agent start_id="2150" goal_id="5416"/>
   <agent start_id="1660" goal_id="2162"/>
   <agent start_id="824" goal_id="4089"/>
   <agent start_id="1735" goal_id="5000"/>
   <agent start_id="3363" goal_id="3865"/>
   <agent start_id="1062" goal_id="4327"/>
   <agent start_id="4726" goal_id="7991"/>
   <agent start_id="320" goal_id="3585"/>
   <agent start_id="5385" goal_id="5888"/>
   <agent start_id="11315" goal_id="3239"/>
   <agent start_id="7376" goal_id="10642"/>
   <agent start_id="4921" goal_id="5424"/>
   <agent start_id="211" goal_id="4413"/>
   <agent start_id="517" goal_id="3783"/>
   <agent start_id="8636" goal_id="9138"/>
   <agent start_id="9553" goal_id="1477"/>
   <agent start_id="943" goal_id="1445"/>
   <agent start_id="9859" goal_id="3041"/>
   <agent start_id="1715" goal_id="4980"/>
   <agent start_id="1483" goal_id="1986"/>
   <agent start_id="8465" goal_id="388"/>
   <agent start_id="9751" goal_id="2932"/>
   <agent start_id="4193" goal_id="4696"/>
   <agent start_id="4963" goal_id="8229"/>
   <agent start_id="2065" goal_id="2567"/>
   <agent start_id="5554" goal_id="11165"/>
   <agent start_id="6050" goal_id="9315"/>
   <agent start_id="988" goal_id="8132"/>
   <agent start_id="7614" goal_id="10879"/>
   <agent start_id="7267" goal_id="10533"/>
   <agent start_id="5941" goal_id="9206"/>
   <agent start_id="5064" goal_id="5566"/>
   <agent start_id="6525" goal_id="9791"/>
   <agent start_id="8964" goal_id="9466"/>
   <agent start_id="1522" goal_id="9118"/>
   <agent start_id="4526" goal_id="7791"/>
   <agent start_id="7086" goal_id="7589"/>
   <agent start_id="2171" goal_id="5437"/>
   <agent start_id="4110" goal_id="7376"/>
   <agent start_id="8790" goal_id="9292"/>
   <agent start_id="5070" goal_id="8335"/>
   <agent start_id="1599" goal_id="2101"/>
   <agent start_id="7163" goal_id="8267"/>
   <agent start_id="409" goal_id="3675"/>
   <agent start_id="2141" goal_id="2644"/>
   <agent start_id="3981" goal_id="7247"/>
   <agent start_id="3913" goal_id="3185"/>
   <agent start_id="2682" goal_id="6499"/>
   <agent start_id="2586" goal_id="8749"/>
   <agent start_id="2893" goal_id="6158"/>
   <agent start_id="2720" goal_id="3223"/>
   <agent start_id="2824" goal_id="6090"/>
   <agent start_id="8285" goal_id="8787"/>
   <agent start_id="10227" goal_id="2151"/>
   <agent start_id="1151" goal_id="4417"/>
   <agent start_id="11246" goal_id="407"/>
   <agent start_id="2715" goal_id="5981"/>
   <agent start_id="1389" goal_id="4655"/>
   <agent start_id="1201" goal_id="1703"/>
   <agent start_id="3842" goal_id="3981"/>
   <agent start_id="2280" goal_id="5546"/>
   <agent start_id="9658" goal_id="77"/>
   <agent start_id="11316" goal_id="2467"/>
   <agent start_id="10969" goal_id="2893"/>
   <agent start_id="10703" goal_id="11206"/>
   <agent start_id="212" goal_id="3477"/>
   <agent start_id="3261" goal_id="3764"/>
   <agent start_id="8826" goal_id="9328"/>
   <agent start_id="9881" goal_id="5467"/>
   <agent start_id="4964" goal_id="710"/>
   <agent start_id="103" goal_id="3368"/>
   <agent start_id="3589" goal_id="4328"/>
   <agent start_id="4043" goal_id="4092"/>
   <agent start_id="8792" goal_id="716"/>
   <agent start_id="7466" goal_id="647"/>
   <agent start_id="6048" goal_id="6550"/>
   <agent start_id="9030" goal_id="953"/>
   <agent start_id="8357" goal_id="280"/>
   <agent start_id="4422" goal_id="3993"/>
   <agent start_id="7030" goal_id="212"/>
   <agent start_id="9986" goal_id="10488"/>
   <agent start_id="7941" goal_id="11207"/>
   <agent start_id="4002" goal_id="7268"/>
   <agent start_id="9522" goal_id="10024"/>
   <agent start_id="5942" goal_id="9207"/>
   <agent start_id="6853" goal_id="10118"/>
   <agent start_id="1644" goal_id="2146"/>
   <agent start_id="5200" goal_id="8465"/>
   <agent start_id="4853" goal_id="8119"/>
   <agent start_id="11108" goal_id="268"/>
   <agent start_id="6417" goal_id="9683"/>
   <agent start_id="5582" goal_id="6084"/>
   <agent start_id="4111" goal_id="7377"/>
   <agent start_id="5397" goal_id="8663"/>
   <agent start_id="6878" goal_id="7381"/>
   <agent start_id="5329" goal_id="8594"/>
   <agent start_id="737" goal_id="4002"/>
   <agent start_id="6163" goal_id="6665"/>
   <agent start_id="3329" goal_id="6595"/>
   <agent start_id="10565" goal_id="11068"/>
   <agent start_id="4240" goal_id="7506"/>
   <agent start_id="3567" goal_id="6832"/>
   <agent start_id="10604" goal_id="11106"/>
   <agent start_id="3220" goal_id="6486"/>
   <agent start_id="2172" goal_id="5438"/>
   <agent start_id="307" goal_id="809"/>
   <agent start_id="1825" goal_id="8290"/>
   <agent start_id="9228" goal_id="1152"/>
   <agent start_id="11185" goal_id="345"/>
   <agent start_id="2063" goal_id="5329"/>
   <agent start_id="1390" goal_id="886"/>
   <agent start_id="384" goal_id="8263"/>
   <agent start_id="9122" goal_id="4309"/>
   <agent start_id="3408" goal_id="339"/>
   <agent start_id="648" goal_id="3914"/>
   <agent start_id="10664" goal_id="2587"/>
   <agent start_id="4071" goal_id="4573"/>
   <agent start_id="10970" goal_id="2894"/>
   <agent start_id="539" goal_id="3805"/>
   <agent start_id="7283" goal_id="7785"/>
   <agent start_id="7289" goal_id="10555"/>
   <agent start_id="1505" goal_id="7572"/>
   <agent start_id="9988" goal_id="7116"/>
   <agent start_id="9535" goal_id="2716"/>
   <agent start_id="10119" goal_id="2043"/>
   <agent start_id="5444" goal_id="5946"/>
   <agent start_id="8793" goal_id="1427"/>
   <agent start_id="924" goal_id="3648"/>
   <agent start_id="8446" goal_id="1628"/>
   <agent start_id="9031" goal_id="954"/>
   <agent start_id="963" goal_id="1465"/>
   <agent start_id="9337" goal_id="1261"/>
   <agent start_id="6378" goal_id="9643"/>
   <agent start_id="750" goal_id="1252"/>
   <agent start_id="3697" goal_id="6963"/>
   <agent start_id="752" goal_id="4018"/>
   <agent start_id="11247" goal_id="1896"/>
   <agent start_id="44" goal_id="3310"/>
   <agent start_id="7813" goal_id="4747"/>
   <agent start_id="1482" goal_id="7285"/>
   <agent start_id="10971" goal_id="2895"/>
   <agent start_id="10774" goal_id="11277"/>
   <agent start_id="87" goal_id="3352"/>
   <agent start_id="7051" goal_id="10317"/>
   <agent start_id="10153" goal_id="10655"/>
   <agent start_id="9429" goal_id="1353"/>
   <agent start_id="3765" goal_id="7031"/>
   <agent start_id="5810" goal_id="3404"/>
   <agent start_id="5963" goal_id="9228"/>
   <agent start_id="9973" goal_id="1897"/>
   <agent start_id="462" goal_id="965"/>
   <agent start_id="644" goal_id="3910"/>
   <agent start_id="3106" goal_id="9119"/>
   <agent start_id="8015" goal_id="2285"/>
   <agent start_id="8232" goal_id="155"/>
   <agent start_id="7730" goal_id="8233"/>
   <agent start_id="8665" goal_id="588"/>
   <agent start_id="8470" goal_id="393"/>
   <agent start_id="9027" goal_id="9529"/>
   <agent start_id="5072" goal_id="3686"/>
   <agent start_id="9229" goal_id="1153"/>
   <agent start_id="284" goal_id="786"/>
   <agent start_id="9101" goal_id="1025"/>
   <agent start_id="5297" goal_id="5799"/>
   <agent start_id="7361" goal_id="10626"/>
   <agent start_id="1677" goal_id="2853"/>
   <agent start_id="2351" goal_id="9036"/>
   <agent start_id="5966" goal_id="9231"/>
   <agent start_id="2894" goal_id="6160"/>
   <agent start_id="4305" goal_id="4807"/>
   <agent start_id="8271" goal_id="7558"/>
   <agent start_id="1520" goal_id="4785"/>
   <agent start_id="9640" goal_id="10142"/>
   <agent start_id="193" goal_id="3459"/>
   <agent start_id="3862" goal_id="4365"/>
   <agent start_id="3984" goal_id="7250"/>
   <agent start_id="5422" goal_id="8687"/>
   <agent start_id="11100" goal_id="3023"/>
   <agent start_id="7801" goal_id="8303"/>
   <agent start_id="9327" goal_id="9829"/>
   <agent start_id="10100" goal_id="4370"/>
   <agent start_id="2700" goal_id="5966"/>
   <agent start_id="9991" goal_id="1915"/>
   <agent start_id="9114" goal_id="9616"/>
   <agent start_id="1680" goal_id="4946"/>
   <agent start_id="1989" goal_id="2491"/>
   <agent start_id="8971" goal_id="2153"/>
   <agent start_id="3025" goal_id="6290"/>
   <agent start_id="1963" goal_id="2466"/>
   <agent start_id="9209" goal_id="1133"/>
   <agent start_id="1176" goal_id="4442"/>
   <agent start_id="150" goal_id="652"/>
   <agent start_id="830" goal_id="4095"/>
   <agent start_id="156" goal_id="3422"/>
   <agent start_id="1446" goal_id="1949"/>
   <agent start_id="6814" goal_id="10080"/>
   <agent start_id="4480" goal_id="4982"/>
   <agent start_id="4133" goal_id="7399"/>
   <agent start_id="47" goal_id="3313"/>
   <agent start_id="8965" goal_id="10281"/>
   <agent start_id="10190" goal_id="2113"/>
   <agent start_id="10648" goal_id="2571"/>
   <agent start_id="7088" goal_id="3530"/>
   <agent start_id="65" goal_id="3331"/>
   <agent start_id="5290" goal_id="8556"/>
   <agent start_id="3937" goal_id="4439"/>
   <agent start_id="2289" goal_id="9120"/>
   <agent start_id="8233" goal_id="156"/>
   <agent start_id="8171" goal_id="8673"/>
   <agent start_id="4202" goal_id="7467"/>
   <agent start_id="7817" goal_id="11083"/>
   <agent start_id="11132" goal_id="293"/>
   <agent start_id="4419" goal_id="5791"/>
   <agent start_id="7485" goal_id="10751"/>
   <agent start_id="4239" goal_id="4742"/>
   <agent start_id="3024" goal_id="767"/>
   <agent start_id="6055" goal_id="9321"/>
   <agent start_id="9293" goal_id="9795"/>
   <agent start_id="4856" goal_id="8121"/>
   <agent start_id="7926" goal_id="11192"/>
   <agent start_id="9583" goal_id="1"/>
   <agent start_id="2242" goal_id="6913"/>
   <agent start_id="1916" goal_id="5181"/>
   <agent start_id="8097" goal_id="8599"/>
   <agent start_id="1864" goal_id="8972"/>
   <agent start_id="7617" goal_id="10883"/>
   <agent start_id="5466" goal_id="5968"/>
   <agent start_id="4877" goal_id="8143"/>
   <agent start_id="5720" goal_id="8985"/>
   <agent start_id="7132" goal_id="7635"/>
   <agent start_id="85" goal_id="3351"/>
   <agent start_id="1738" goal_id="2241"/>
   <agent start_id="3223" goal_id="6489"/>
   <agent start_id="3681" goal_id="6946"/>
   <agent start_id="4308" goal_id="4810"/>
   <agent start_id="9555" goal_id="1916"/>
   <agent start_id="3640" goal_id="6906"/>
   <agent start_id="6262" goal_id="6764"/>
   <agent start_id="8339" goal_id="1520"/>
   <agent start_id="174" goal_id="3439"/>
   <agent start_id="7241" goal_id="7743"/>
   <agent start_id="592" goal_id="3858"/>
   <agent start_id="8033" goal_id="8535"/>
   <agent start_id="2005" goal_id="5271"/>
   <agent start_id="8071" goal_id="4096"/>
   <agent start_id="2164" goal_id="8574"/>
   <agent start_id="7488" goal_id="10754"/>
   <agent start_id="917" goal_id="4182"/>
   <agent start_id="8046" goal_id="8548"/>
   <agent start_id="721" goal_id="3987"/>
   <agent start_id="502" goal_id="3767"/>
   <agent start_id="11007" goal_id="167"/>
   <agent start_id="2607" goal_id="3109"/>
   <agent start_id="5638" goal_id="8903"/>
   <agent start_id="457" goal_id="959"/>
   <agent start_id="10302" goal_id="2225"/>
   <agent start_id="8865" goal_id="5427"/>
   <agent start_id="5618" goal_id="8883"/>
   <agent start_id="7569" goal_id="9448"/>
   <agent start_id="8507" goal_id="8071"/>
   <agent start_id="8560" goal_id="484"/>
   <agent start_id="5162" goal_id="8428"/>
   <agent start_id="7607" goal_id="8110"/>
   <agent start_id="8798" goal_id="721"/>
   <agent start_id="2147" goal_id="2649"/>
   <agent start_id="7598" goal_id="10864"/>
   <agent start_id="6798" goal_id="10064"/>
   <agent start_id="760" goal_id="4025"/>
   <agent start_id="1136" goal_id="1638"/>
   <agent start_id="7036" goal_id="10302"/>
   <agent start_id="308" goal_id="810"/>
   <agent start_id="6813" goal_id="7316"/>
   <agent start_id="7274" goal_id="10539"/>
</root>