<?xml version="1.0" ?>
<root>
   <agent start_id="2216" goal_id="5482"/>
   <agent start_id="2522" goal_id="5788"/>
   <agent start_id="4625" goal_id="5127"/>
   <agent start_id="2176" goal_id="5441"/>
   <agent start_id="2021" goal_id="2523"/>
   <agent start_id="2107" goal_id="5373"/>
   <agent start_id="9359" goal_id="2540"/>
   <agent start_id="9661" goal_id="10164"/>
   <agent start_id="9943" goal_id="1867"/>
   <agent start_id="8617" goal_id="541"/>
   <agent start_id="7784" goal_id="8286"/>
   <agent start_id="8270" goal_id="1452"/>
   <agent start_id="8855" goal_id="778"/>
   <agent start_id="7822" goal_id="8324"/>
   <agent start_id="8508" goal_id="432"/>
   <agent start_id="5218" goal_id="5721"/>
   <agent start_id="6855" goal_id="37"/>
   <agent start_id="7766" goal_id="11032"/>
   <agent start_id="3341" goal_id="3843"/>
   <agent start_id="7093" goal_id="10359"/>
   <agent start_id="5767" goal_id="9032"/>
   <agent start_id="1463" goal_id="1966"/>
   <agent start_id="7618" goal_id="800"/>
   <agent start_id="6004" goal_id="9270"/>
   <agent start_id="1502" goal_id="2004"/>
   <agent start_id="6311" goal_id="9576"/>
   <agent start_id="7318" goal_id="7820"/>
   <agent start_id="6242" goal_id="9508"/>
   <agent start_id="7401" goal_id="583"/>
   <agent start_id="2426" goal_id="2928"/>
   <agent start_id="4569" goal_id="7835"/>
   <agent start_id="5154" goal_id="8419"/>
   <agent start_id="8401" goal_id="8903"/>
   <agent start_id="3827" goal_id="7093"/>
   <agent start_id="3481" goal_id="6746"/>
   <agent start_id="20" goal_id="523"/>
   <agent start_id="4065" goal_id="7331"/>
   <agent start_id="2662" goal_id="3164"/>
   <agent start_id="5878" goal_id="9143"/>
   <agent start_id="3197" goal_id="6462"/>
   <agent start_id="4022" goal_id="4525"/>
   <agent start_id="2850" goal_id="6115"/>
   <agent start_id="1523" goal_id="4789"/>
   <agent start_id="6983" goal_id="7486"/>
   <agent start_id="2108" goal_id="5374"/>
   <agent start_id="2414" goal_id="5680"/>
   <agent start_id="5357" goal_id="5859"/>
   <agent start_id="1088" goal_id="4354"/>
   <agent start_id="1999" goal_id="5265"/>
   <agent start_id="8318" goal_id="8821"/>
   <agent start_id="5571" goal_id="8837"/>
   <agent start_id="3294" goal_id="3797"/>
   <agent start_id="8051" goal_id="1233"/>
   <agent start_id="9167" goal_id="1090"/>
   <agent start_id="5864" goal_id="6366"/>
   <agent start_id="10600" goal_id="5065"/>
   <agent start_id="6514" goal_id="9779"/>
   <agent start_id="5651" goal_id="6153"/>
   <agent start_id="8078" goal_id="2"/>
   <agent start_id="5772" goal_id="9038"/>
   <agent start_id="3773" goal_id="4276"/>
   <agent start_id="5425" goal_id="8691"/>
   <agent start_id="1170" goal_id="1672"/>
   <agent start_id="6990" goal_id="10255"/>
   <agent start_id="346" goal_id="3612"/>
   <agent start_id="6187" goal_id="6690"/>
   <agent start_id="4337" goal_id="7602"/>
   <agent start_id="7534" goal_id="10799"/>
   <agent start_id="1498" goal_id="2000"/>
   <agent start_id="237" goal_id="3503"/>
   <agent start_id="9273" goal_id="1197"/>
   <agent start_id="6013" goal_id="6515"/>
   <agent start_id="9579" goal_id="2761"/>
   <agent start_id="7225" goal_id="10491"/>
   <agent start_id="8723" goal_id="9225"/>
   <agent start_id="2160" goal_id="5425"/>
   <agent start_id="4246" goal_id="7511"/>
   <agent start_id="4929" goal_id="5432"/>
   <agent start_id="10055" goal_id="1979"/>
   <agent start_id="9362" goal_id="1285"/>
   <agent start_id="1432" goal_id="1934"/>
   <agent start_id="5770" goal_id="9035"/>
   <agent start_id="197" goal_id="700"/>
   <agent start_id="2214" goal_id="7825"/>
   <agent start_id="762" goal_id="4028"/>
   <agent start_id="7293" goal_id="475"/>
   <agent start_id="302" goal_id="804"/>
   <agent start_id="6245" goal_id="9511"/>
   <agent start_id="2692" goal_id="3195"/>
   <agent start_id="6552" goal_id="9817"/>
   <agent start_id="5225" goal_id="8491"/>
   <agent start_id="3989" goal_id="4491"/>
   <agent start_id="5810" goal_id="9076"/>
   <agent start_id="7096" goal_id="10362"/>
   <agent start_id="4278" goal_id="4780"/>
   <agent start_id="4137" goal_id="7402"/>
   <agent start_id="9592" goal_id="10094"/>
   <agent start_id="4721" goal_id="7987"/>
   <agent start_id="4375" goal_id="7640"/>
   <agent start_id="9630" goal_id="48"/>
   <agent start_id="3048" goal_id="6314"/>
   <agent start_id="4613" goal_id="7878"/>
   <agent start_id="10926" goal_id="87"/>
   <agent start_id="65" goal_id="6154"/>
   <agent start_id="2613" goal_id="5878"/>
   <agent start_id="9049" goal_id="9551"/>
   <agent start_id="3524" goal_id="6790"/>
   <agent start_id="5187" goal_id="40"/>
   <agent start_id="9947" goal_id="1871"/>
   <agent start_id="7656" goal_id="10921"/>
   <agent start_id="761" goal_id="1264"/>
   <agent start_id="4662" goal_id="7927"/>
   <agent start_id="10083" goal_id="10586"/>
   <agent start_id="7732" goal_id="10998"/>
   <agent start_id="4900" goal_id="8165"/>
   <agent start_id="38" goal_id="540"/>
   <agent start_id="7394" goal_id="10660"/>
   <agent start_id="6117" goal_id="9383"/>
   <agent start_id="1992" goal_id="2494"/>
   <agent start_id="4338" goal_id="7603"/>
   <agent start_id="1565" goal_id="4830"/>
   <agent start_id="8583" goal_id="9085"/>
   <agent start_id="5679" goal_id="7315"/>
   <agent start_id="10254" goal_id="2177"/>
   <agent start_id="8370" goal_id="8872"/>
   <agent start_id="129" goal_id="3395"/>
   <agent start_id="5057" goal_id="5560"/>
   <agent start_id="3487" goal_id="6752"/>
   <agent start_id="5426" goal_id="8692"/>
   <agent start_id="8838" goal_id="9340"/>
   <agent start_id="9471" goal_id="2653"/>
   <agent start_id="980" goal_id="4245"/>
   <agent start_id="6643" goal_id="7146"/>
   <agent start_id="745" goal_id="4011"/>
   <agent start_id="5322" goal_id="8587"/>
   <agent start_id="468" goal_id="970"/>
   <agent start_id="2539" goal_id="5804"/>
   <agent start_id="9274" goal_id="4100"/>
   <agent start_id="3597" goal_id="1037"/>
   <agent start_id="7601" goal_id="782"/>
   <agent start_id="34" goal_id="536"/>
   <agent start_id="548" goal_id="3813"/>
   <agent start_id="328" goal_id="3593"/>
   <agent start_id="7235" goal_id="7738"/>
   <agent start_id="133" goal_id="3398"/>
   <agent start_id="7323" goal_id="10709"/>
   <agent start_id="5510" goal_id="11121"/>
   <agent start_id="10454" goal_id="2378"/>
   <agent start_id="5992" goal_id="6494"/>
   <agent start_id="8275" goal_id="199"/>
   <agent start_id="6355" goal_id="9621"/>
   <agent start_id="2842" goal_id="3344"/>
   <agent start_id="6315" goal_id="9580"/>
   <agent start_id="3376" goal_id="6641"/>
   <agent start_id="9132" goal_id="9634"/>
   <agent start_id="7493" goal_id="675"/>
   <agent start_id="6480" goal_id="6982"/>
   <agent start_id="7951" goal_id="11216"/>
   <agent start_id="10363" goal_id="2287"/>
   <agent start_id="4149" goal_id="4651"/>
   <agent start_id="3506" goal_id="4008"/>
   <agent start_id="6862" goal_id="10128"/>
   <agent start_id="9136" goal_id="9639"/>
   <agent start_id="10596" goal_id="2519"/>
   <agent start_id="3396" goal_id="6661"/>
   <agent start_id="8858" goal_id="9360"/>
   <agent start_id="5447" goal_id="8713"/>
   <agent start_id="763" goal_id="4029"/>
   <agent start_id="8818" goal_id="3353"/>
   <agent start_id="1981" goal_id="5246"/>
   <agent start_id="10880" goal_id="813"/>
   <agent start_id="4359" goal_id="7624"/>
   <agent start_id="4792" goal_id="8057"/>
   <agent start_id="7998" goal_id="8500"/>
   <agent start_id="3617" goal_id="6882"/>
   <agent start_id="6579" goal_id="5115"/>
   <agent start_id="5193" goal_id="2106"/>
   <agent start_id="6336" goal_id="9601"/>
   <agent start_id="9973" goal_id="391"/>
   <agent start_id="3508" goal_id="6774"/>
   <agent start_id="10472" goal_id="2396"/>
   <agent start_id="4560" goal_id="5062"/>
   <agent start_id="1508" goal_id="4774"/>
   <agent start_id="8166" goal_id="1348"/>
   <agent start_id="3391" goal_id="3893"/>
   <agent start_id="9384" goal_id="1307"/>
   <agent start_id="1073" goal_id="4338"/>
   <agent start_id="3038" goal_id="3540"/>
   <agent start_id="7384" goal_id="566"/>
   <agent start_id="8315" goal_id="239"/>
   <agent start_id="9971" goal_id="389"/>
   <agent start_id="2744" goal_id="6009"/>
   <agent start_id="1775" goal_id="2278"/>
   <agent start_id="7275" goal_id="457"/>
   <agent start_id="875" goal_id="4141"/>
   <agent start_id="7014" goal_id="7517"/>
   <agent start_id="9385" goal_id="1308"/>
   <agent start_id="9090" goal_id="9592"/>
   <agent start_id="9564" goal_id="2746"/>
   <agent start_id="8365" goal_id="1546"/>
   <agent start_id="10386" goal_id="10889"/>
   <agent start_id="5567" goal_id="8833"/>
   <agent start_id="5751" goal_id="9017"/>
   <agent start_id="5177" goal_id="10934"/>
   <agent start_id="9060" goal_id="984"/>
   <agent start_id="7861" goal_id="11126"/>
   <agent start_id="8547" goal_id="9049"/>
   <agent start_id="8040" goal_id="1222"/>
   <agent start_id="4614" goal_id="7880"/>
   <agent start_id="10550" goal_id="11053"/>
   <agent start_id="3288" goal_id="6553"/>
   <agent start_id="4773" goal_id="5275"/>
   <agent start_id="6099" goal_id="9365"/>
   <agent start_id="7536" goal_id="10802"/>
   <agent start_id="5677" goal_id="6180"/>
   <agent start_id="7317" goal_id="10582"/>
   <agent start_id="2179" goal_id="5445"/>
   <agent start_id="1269" goal_id="1771"/>
   <agent start_id="7550" goal_id="10815"/>
   <agent start_id="6228" goal_id="9494"/>
   <agent start_id="5439" goal_id="5941"/>
   <agent start_id="5428" goal_id="8693"/>
   <agent start_id="4881" goal_id="8147"/>
   <agent start_id="639" goal_id="1141"/>
   <agent start_id="4686" goal_id="7952"/>
   <agent start_id="655" goal_id="3921"/>
   <agent start_id="726" goal_id="1228"/>
   <agent start_id="5577" goal_id="8843"/>
   <agent start_id="7815" goal_id="8317"/>
   <agent start_id="9602" goal_id="1526"/>
   <agent start_id="10909" goal_id="2832"/>
   <agent start_id="6329" goal_id="6831"/>
   <agent start_id="131" goal_id="3397"/>
   <agent start_id="3162" goal_id="6428"/>
   <agent start_id="8898" goal_id="9401"/>
   <agent start_id="1309" goal_id="4575"/>
   <agent start_id="4248" goal_id="7514"/>
   <agent start_id="4994" goal_id="5497"/>
   <agent start_id="2200" goal_id="5466"/>
   <agent start_id="1180" goal_id="1682"/>
   <agent start_id="747" goal_id="4013"/>
   <agent start_id="9344" goal_id="2526"/>
   <agent start_id="2474" goal_id="2976"/>
   <agent start_id="7990" goal_id="11255"/>
   <agent start_id="7296" goal_id="10562"/>
   <agent start_id="5184" goal_id="5686"/>
   <agent start_id="896" goal_id="4162"/>
   <agent start_id="4050" goal_id="6980"/>
   <agent start_id="9128" goal_id="2309"/>
   <agent start_id="9585" goal_id="1509"/>
   <agent start_id="6265" goal_id="6768"/>
   <agent start_id="1680" goal_id="9453"/>
   <agent start_id="6466" goal_id="9731"/>
   <agent start_id="5031" goal_id="5533"/>
   <agent start_id="8624" goal_id="547"/>
   <agent start_id="8803" goal_id="1985"/>
   <agent start_id="7600" goal_id="8102"/>
   <agent start_id="9802" goal_id="1726"/>
   <agent start_id="5497" goal_id="5999"/>
   <agent start_id="6555" goal_id="9821"/>
   <agent start_id="6735" goal_id="10001"/>
   <agent start_id="258" goal_id="3523"/>
   <agent start_id="2255" goal_id="2757"/>
   <agent start_id="2636" goal_id="5901"/>
   <agent start_id="6878" goal_id="7381"/>
   <agent start_id="3817" goal_id="7494"/>
   <agent start_id="7211" goal_id="10476"/>
   <agent start_id="1280" goal_id="1782"/>
   <agent start_id="7644" goal_id="10910"/>
   <agent start_id="1853" goal_id="5119"/>
   <agent start_id="8213" goal_id="1310"/>
   <agent start_id="4051" goal_id="7316"/>
   <agent start_id="6817" goal_id="7735"/>
   <agent start_id="4469" goal_id="8111"/>
   <agent start_id="418" goal_id="3684"/>
   <agent start_id="4688" goal_id="5190"/>
   <agent start_id="4707" goal_id="7973"/>
   <agent start_id="3062" goal_id="3564"/>
   <agent start_id="8073" goal_id="2343"/>
   <agent start_id="329" goal_id="3595"/>
   <agent start_id="10323" goal_id="8173"/>
   <agent start_id="6733" goal_id="9998"/>
   <agent start_id="2945" goal_id="6211"/>
   <agent start_id="7066" goal_id="7568"/>
   <agent start_id="3378" goal_id="6644"/>
   <agent start_id="3183" goal_id="6449"/>
   <agent start_id="7104" goal_id="7607"/>
   <agent start_id="7643" goal_id="10908"/>
   <agent start_id="5902" goal_id="9168"/>
   <agent start_id="3451" goal_id="3954"/>
   <agent start_id="2943" goal_id="6208"/>
   <agent start_id="6140" goal_id="9406"/>
   <agent start_id="3490" goal_id="3992"/>
   <agent start_id="8079" goal_id="3"/>
   <agent start_id="9557" goal_id="10059"/>
   <agent start_id="9823" goal_id="1747"/>
   <agent start_id="8317" goal_id="241"/>
   <agent start_id="10853" goal_id="13"/>
   <agent start_id="6644" goal_id="9910"/>
   <agent start_id="9675" goal_id="2857"/>
   <agent start_id="10248" goal_id="10751"/>
   <agent start_id="7535" goal_id="10801"/>
   <agent start_id="5663" goal_id="6165"/>
   <agent start_id="9913" goal_id="1836"/>
   <agent start_id="4882" goal_id="8148"/>
   <agent start_id="5450" goal_id="5953"/>
   <agent start_id="10151" goal_id="2074"/>
   <agent start_id="8824" goal_id="748"/>
   <agent start_id="5806" goal_id="6308"/>
   <agent start_id="1220" goal_id="1723"/>
   <agent start_id="480" goal_id="3745"/>
   <agent start_id="4577" goal_id="10823"/>
   <agent start_id="4685" goal_id="7950"/>
   <agent start_id="9427" goal_id="9929"/>
   <agent start_id="7062" goal_id="244"/>
   <agent start_id="3290" goal_id="6555"/>
   <agent start_id="5508" goal_id="10974"/>
   <agent start_id="1983" goal_id="5249"/>
   <agent start_id="4902" goal_id="8168"/>
   <agent start_id="6883" goal_id="7385"/>
   <agent start_id="9040" goal_id="2221"/>
   <agent start_id="7992" goal_id="11257"/>
   <agent start_id="2085" goal_id="2587"/>
   <agent start_id="2181" goal_id="5446"/>
   <agent start_id="2151" goal_id="4357"/>
   <agent start_id="1766" goal_id="5031"/>
   <agent start_id="459" goal_id="3725"/>
   <agent start_id="8441" goal_id="8944"/>
   <agent start_id="3873" goal_id="6863"/>
   <agent start_id="5035" goal_id="8300"/>
   <agent start_id="1585" goal_id="2087"/>
   <agent start_id="10713" goal_id="2636"/>
   <agent start_id="3960" goal_id="4463"/>
   <agent start_id="10039" goal_id="1963"/>
   <agent start_id="1835" goal_id="5101"/>
   <agent start_id="2034" goal_id="2536"/>
   <agent start_id="2620" goal_id="5885"/>
   <agent start_id="8951" goal_id="874"/>
   <agent start_id="2121" goal_id="2623"/>
   <agent start_id="8895" goal_id="4012"/>
   <agent start_id="5493" goal_id="9397"/>
   <agent start_id="2184" goal_id="5450"/>
   <agent start_id="9148" goal_id="1072"/>
   <agent start_id="10189" goal_id="10692"/>
   <agent start_id="8169" goal_id="1350"/>
   <agent start_id="8100" goal_id="24"/>
   <agent start_id="9020" goal_id="9523"/>
   <agent start_id="8407" goal_id="330"/>
   <agent start_id="3494" goal_id="3997"/>
   <agent start_id="9912" goal_id="1835"/>
   <agent start_id="2766" goal_id="6032"/>
   <agent start_id="863" goal_id="1365"/>
   <agent start_id="9395" goal_id="9257"/>
   <agent start_id="5012" goal_id="8278"/>
   <agent start_id="1404" goal_id="1906"/>
   <agent start_id="8954" goal_id="878"/>
   <agent start_id="9261" goal_id="1184"/>
   <agent start_id="2309" goal_id="2811"/>
   <agent start_id="8914" goal_id="2095"/>
   <agent start_id="3528" goal_id="6794"/>
   <agent start_id="8991" goal_id="9493"/>
   <agent start_id="5468" goal_id="8733"/>
   <agent start_id="9366" goal_id="2548"/>
   <agent start_id="3531" goal_id="4033"/>
   <agent start_id="4147" goal_id="7682"/>
   <agent start_id="9843" goal_id="1766"/>
   <agent start_id="6649" goal_id="7152"/>
   <agent start_id="6445" goal_id="9710"/>
   <agent start_id="3152" goal_id="6883"/>
   <agent start_id="8556" goal_id="3654"/>
   <agent start_id="7369" goal_id="9914"/>
   <agent start_id="5581" goal_id="7871"/>
   <agent start_id="984" goal_id="4250"/>
   <agent start_id="5794" goal_id="9060"/>
   <agent start_id="10515" goal_id="11017"/>
   <agent start_id="5560" goal_id="8825"/>
   <agent start_id="7972" goal_id="11238"/>
   <agent start_id="3503" goal_id="8646"/>
   <agent start_id="7932" goal_id="1113"/>
   <agent start_id="4067" goal_id="7333"/>
   <agent start_id="4667" goal_id="5170"/>
   <agent start_id="9803" goal_id="982"/>
   <agent start_id="5362" goal_id="8628"/>
   <agent start_id="6864" goal_id="7367"/>
   <agent start_id="1311" goal_id="4576"/>
   <agent start_id="3944" goal_id="4446"/>
   <agent start_id="1729" goal_id="4995"/>
   <agent start_id="9673" goal_id="2855"/>
   <agent start_id="9654" goal_id="10737"/>
   <agent start_id="3109" goal_id="5886"/>
   <agent start_id="8279" goal_id="202"/>
   <agent start_id="10021" goal_id="440"/>
   <agent start_id="1226" goal_id="3399"/>
   <agent start_id="2896" goal_id="3159"/>
   <agent start_id="1006" goal_id="4271"/>
   <agent start_id="1838" goal_id="5104"/>
   <agent start_id="3186" goal_id="3688"/>
   <agent start_id="3271" goal_id="2388"/>
   <agent start_id="10060" goal_id="1984"/>
   <agent start_id="1951" goal_id="2454"/>
   <agent start_id="9933" goal_id="1856"/>
   <agent start_id="9786" goal_id="2967"/>
   <agent start_id="2354" goal_id="2856"/>
   <agent start_id="2114" goal_id="5380"/>
   <agent start_id="5686" goal_id="8952"/>
   <agent start_id="9287" goal_id="9789"/>
   <agent start_id="4993" goal_id="8258"/>
   <agent start_id="10261" goal_id="2185"/>
   <agent start_id="2430" goal_id="2933"/>
   <agent start_id="4251" goal_id="7516"/>
   <agent start_id="5762" goal_id="6264"/>
   <agent start_id="7608" goal_id="790"/>
   <agent start_id="2879" goal_id="3382"/>
   <agent start_id="5073" goal_id="10685"/>
   <agent start_id="7520" goal_id="10785"/>
   <agent start_id="6647" goal_id="9912"/>
   <agent start_id="3925" goal_id="6343"/>
   <agent start_id="7105" goal_id="10370"/>
   <agent start_id="2727" goal_id="5992"/>
   <agent start_id="5219" goal_id="10515"/>
   <agent start_id="10" goal_id="10003"/>
   <agent start_id="8654" goal_id="512"/>
   <agent start_id="2965" goal_id="6230"/>
   <agent start_id="11129" goal_id="3052"/>
   <agent start_id="659" goal_id="3924"/>
   <agent start_id="4089" goal_id="4591"/>
   <agent start_id="264" goal_id="3529"/>
   <agent start_id="4815" goal_id="5317"/>
   <agent start_id="2105" goal_id="5371"/>
   <agent start_id="8300" goal_id="8027"/>
   <agent start_id="155" goal_id="3420"/>
   <agent start_id="2249" goal_id="2752"/>
   <agent start_id="1114" goal_id="4380"/>
   <agent start_id="2492" goal_id="5758"/>
   <agent start_id="4819" goal_id="5321"/>
   <agent start_id="9457" goal_id="8904"/>
   <agent start_id="8402" goal_id="2456"/>
   <agent start_id="1750" goal_id="5016"/>
   <agent start_id="9694" goal_id="1618"/>
   <agent start_id="8440" goal_id="8942"/>
   <agent start_id="1988" goal_id="5254"/>
   <agent start_id="9279" goal_id="1203"/>
   <agent start_id="59" goal_id="561"/>
   <agent start_id="968" goal_id="4234"/>
   <agent start_id="4276" goal_id="4778"/>
   <agent start_id="8912" goal_id="2094"/>
   <agent start_id="1859" goal_id="5125"/>
   <agent start_id="2650" goal_id="3152"/>
   <agent start_id="8171" goal_id="94"/>
   <agent start_id="9569" goal_id="2750"/>
   <agent start_id="521" goal_id="1023"/>
   <agent start_id="9408" goal_id="1332"/>
   <agent start_id="7910" goal_id="8301"/>
   <agent start_id="1488" goal_id="8412"/>
   <agent start_id="1009" goal_id="4274"/>
   <agent start_id="2442" goal_id="5707"/>
   <agent start_id="5923" goal_id="7493"/>
   <agent start_id="8163" goal_id="1344"/>
   <agent start_id="4687" goal_id="7953"/>
   <agent start_id="8789" goal_id="9291"/>
   <agent start_id="5272" goal_id="8537"/>
   <agent start_id="8283" goal_id="206"/>
   <agent start_id="17" goal_id="519"/>
   <agent start_id="6430" goal_id="9695"/>
   <agent start_id="7541" goal_id="10806"/>
   <agent start_id="8223" goal_id="8725"/>
   <agent start_id="78" goal_id="5805"/>
   <agent start_id="6521" goal_id="9786"/>
   <agent start_id="9519" goal_id="10022"/>
   <agent start_id="2748" goal_id="6014"/>
   <agent start_id="3411" goal_id="3927"/>
   <agent start_id="6759" goal_id="10024"/>
   <agent start_id="2708" goal_id="5973"/>
   <agent start_id="27" goal_id="7139"/>
   <agent start_id="6017" goal_id="9282"/>
   <agent start_id="1313" goal_id="4578"/>
   <agent start_id="6424" goal_id="6927"/>
   <agent start_id="8083" goal_id="6"/>
   <agent start_id="4615" goal_id="6194"/>
   <agent start_id="5757" goal_id="9022"/>
   <agent start_id="10931" goal_id="9480"/>
   <agent start_id="7774" goal_id="11040"/>
   <agent start_id="6392" goal_id="6895"/>
   <agent start_id="9187" goal_id="1111"/>
   <agent start_id="788" goal_id="4054"/>
   <agent start_id="2003" goal_id="2505"/>
   <agent start_id="3473" goal_id="6738"/>
   <agent start_id="9131" goal_id="2312"/>
   <agent start_id="4004" goal_id="4506"/>
   <agent start_id="1098" goal_id="4364"/>
   <agent start_id="221" goal_id="3486"/>
   <agent start_id="1858" goal_id="2360"/>
   <agent start_id="8042" goal_id="1224"/>
   <agent start_id="9607" goal_id="25"/>
   <agent start_id="989" goal_id="4255"/>
   <agent start_id="9586" goal_id="1510"/>
   <agent start_id="6316" goal_id="6818"/>
   <agent start_id="1227" goal_id="4493"/>
   <agent start_id="2520" goal_id="3023"/>
   <agent start_id="28" goal_id="3293"/>
</root>