<?xml version="1.0" ?>
<root>
   <agent start_id="10805" goal_id="2728"/>
   <agent start_id="10205" goal_id="10708"/>
   <agent start_id="9478" goal_id="2660"/>
   <agent start_id="10063" goal_id="1986"/>
   <agent start_id="8328" goal_id="8830"/>
   <agent start_id="9716" goal_id="1640"/>
   <agent start_id="9043" goal_id="2224"/>
   <agent start_id="8366" goal_id="8868"/>
   <agent start_id="1531" goal_id="4796"/>
   <agent start_id="7174" goal_id="356"/>
   <agent start_id="2263" goal_id="2765"/>
   <agent start_id="1769" goal_id="5034"/>
   <agent start_id="4800" goal_id="8065"/>
   <agent start_id="134" goal_id="637"/>
   <agent start_id="422" goal_id="3688"/>
   <agent start_id="4711" goal_id="7977"/>
   <agent start_id="7934" goal_id="8436"/>
   <agent start_id="3511" goal_id="6777"/>
   <agent start_id="10261" goal_id="10763"/>
   <agent start_id="8083" goal_id="7"/>
   <agent start_id="7736" goal_id="918"/>
   <agent start_id="8839" goal_id="9341"/>
   <agent start_id="8321" goal_id="245"/>
   <agent start_id="7648" goal_id="10913"/>
   <agent start_id="5296" goal_id="5799"/>
   <agent start_id="7954" goal_id="1136"/>
   <agent start_id="6906" goal_id="10172"/>
   <agent start_id="3419" goal_id="3921"/>
   <agent start_id="6559" goal_id="9825"/>
   <agent start_id="815" goal_id="1318"/>
   <agent start_id="5886" goal_id="9151"/>
   <agent start_id="5817" goal_id="9083"/>
   <agent start_id="9022" goal_id="9524"/>
   <agent start_id="9477" goal_id="2658"/>
   <agent start_id="10388" goal_id="2312"/>
   <agent start_id="3153" goal_id="3655"/>
   <agent start_id="9715" goal_id="1638"/>
   <agent start_id="3729" goal_id="6995"/>
   <agent start_id="3602" goal_id="4104"/>
   <agent start_id="2403" goal_id="5668"/>
   <agent start_id="9167" goal_id="9669"/>
   <agent start_id="2987" goal_id="6253"/>
   <agent start_id="7953" goal_id="1135"/>
   <agent start_id="5214" goal_id="5716"/>
   <agent start_id="7558" goal_id="10823"/>
   <agent start_id="7211" goal_id="10477"/>
   <agent start_id="3336" goal_id="3838"/>
   <agent start_id="6538" goal_id="9803"/>
   <agent start_id="7236" goal_id="7738"/>
   <agent start_id="7122" goal_id="10388"/>
   <agent start_id="6776" goal_id="10041"/>
   <agent start_id="7274" goal_id="7777"/>
   <agent start_id="5035" goal_id="8301"/>
   <agent start_id="6687" goal_id="9953"/>
   <agent start_id="3732" goal_id="4234"/>
   <agent start_id="5361" goal_id="8626"/>
   <agent start_id="4034" goal_id="7300"/>
   <agent start_id="3519" goal_id="4022"/>
   <agent start_id="9390" goal_id="1314"/>
   <agent start_id="3945" goal_id="7211"/>
   <agent start_id="11319" goal_id="479"/>
   <agent start_id="2619" goal_id="5885"/>
   <agent start_id="5542" goal_id="6044"/>
   <agent start_id="3204" goal_id="6469"/>
   <agent start_id="2857" goal_id="6123"/>
   <agent start_id="5580" goal_id="6082"/>
   <agent start_id="2184" goal_id="5449"/>
   <agent start_id="5907" goal_id="9173"/>
   <agent start_id="5778" goal_id="6280"/>
   <agent start_id="6867" goal_id="48"/>
   <agent start_id="6798" goal_id="10064"/>
   <agent start_id="4151" goal_id="4654"/>
   <agent start_id="6125" goal_id="9390"/>
   <agent start_id="1006" goal_id="4272"/>
   <agent start_id="198" goal_id="701"/>
   <agent start_id="10695" goal_id="2619"/>
   <agent start_id="2182" goal_id="2685"/>
   <agent start_id="2424" goal_id="5689"/>
   <agent start_id="4363" goal_id="7628"/>
   <agent start_id="6212" goal_id="6715"/>
   <agent start_id="4294" goal_id="7560"/>
   <agent start_id="435" goal_id="937"/>
   <agent start_id="1988" goal_id="5254"/>
   <agent start_id="9518" goal_id="1442"/>
   <agent start_id="4243" goal_id="4745"/>
   <agent start_id="2226" goal_id="5492"/>
   <agent start_id="573" goal_id="3839"/>
   <agent start_id="6106" goal_id="6608"/>
   <agent start_id="226" goal_id="3492"/>
   <agent start_id="2244" goal_id="2747"/>
   <agent start_id="7756" goal_id="11022"/>
   <agent start_id="7083" goal_id="265"/>
   <agent start_id="6304" goal_id="6806"/>
   <agent start_id="7015" goal_id="10280"/>
   <agent start_id="6341" goal_id="9607"/>
   <agent start_id="4426" goal_id="4929"/>
   <agent start_id="10391" goal_id="2315"/>
   <agent start_id="4305" goal_id="4807"/>
   <agent start_id="9" goal_id="3274"/>
   <agent start_id="10024" goal_id="3206"/>
   <agent start_id="2679" goal_id="3181"/>
   <agent start_id="1879" goal_id="5145"/>
   <agent start_id="9936" goal_id="1859"/>
   <agent start_id="10478" goal_id="10981"/>
   <agent start_id="1138" goal_id="4403"/>
   <agent start_id="2097" goal_id="5363"/>
   <agent start_id="11019" goal_id="179"/>
   <agent start_id="2944" goal_id="6210"/>
   <agent start_id="9806" goal_id="2988"/>
   <agent start_id="8890" goal_id="9393"/>
   <agent start_id="6472" goal_id="9738"/>
   <agent start_id="5799" goal_id="9065"/>
   <agent start_id="6510" goal_id="7013"/>
   <agent start_id="6105" goal_id="9371"/>
   <agent start_id="5057" goal_id="8323"/>
   <agent start_id="4633" goal_id="5135"/>
   <agent start_id="1533" goal_id="4798"/>
   <agent start_id="3285" goal_id="3788"/>
   <agent start_id="484" goal_id="3750"/>
   <agent start_id="9520" goal_id="1444"/>
   <agent start_id="9325" goal_id="9827"/>
   <agent start_id="8194" goal_id="117"/>
   <agent start_id="702" goal_id="3968"/>
   <agent start_id="7950" goal_id="8452"/>
   <agent start_id="9085" goal_id="1008"/>
   <agent start_id="7758" goal_id="11024"/>
   <agent start_id="7486" goal_id="7988"/>
   <agent start_id="7085" goal_id="267"/>
   <agent start_id="43" goal_id="546"/>
   <agent start_id="1792" goal_id="5057"/>
   <agent start_id="1445" goal_id="4710"/>
   <agent start_id="8754" goal_id="9257"/>
   <agent start_id="4037" goal_id="7303"/>
   <agent start_id="1563" goal_id="2066"/>
   <agent start_id="5882" goal_id="152"/>
   <agent start_id="10898" goal_id="2822"/>
   <agent start_id="9572" goal_id="2753"/>
   <agent start_id="10451" goal_id="10953"/>
   <agent start_id="10493" goal_id="2417"/>
   <agent start_id="10936" goal_id="2860"/>
   <agent start_id="3373" goal_id="3875"/>
   <agent start_id="32" goal_id="3298"/>
   <agent start_id="9068" goal_id="992"/>
   <agent start_id="8612" goal_id="9114"/>
   <agent start_id="10027" goal_id="1923"/>
   <agent start_id="1421" goal_id="829"/>
   <agent start_id="7721" goal_id="903"/>
   <agent start_id="1683" goal_id="4948"/>
   <agent start_id="7867" goal_id="11133"/>
   <agent start_id="4337" goal_id="4840"/>
   <agent start_id="11025" goal_id="2949"/>
   <agent start_id="4058" goal_id="4561"/>
   <agent start_id="268" goal_id="3533"/>
   <agent start_id="4911" goal_id="8177"/>
   <agent start_id="6879" goal_id="7381"/>
   <agent start_id="3585" goal_id="6850"/>
   <agent start_id="9916" goal_id="3098"/>
   <agent start_id="554" goal_id="1057"/>
   <agent start_id="4384" goal_id="7649"/>
   <agent start_id="5358" goal_id="8623"/>
   <agent start_id="3384" goal_id="3886"/>
   <agent start_id="9461" goal_id="2642"/>
   <agent start_id="203" goal_id="706"/>
   <agent start_id="1428" goal_id="4694"/>
   <agent start_id="8305" goal_id="228"/>
   <agent start_id="3976" goal_id="3573"/>
   <agent start_id="8392" goal_id="1574"/>
   <agent start_id="8630" goal_id="554"/>
   <agent start_id="4867" goal_id="5370"/>
   <agent start_id="11008" goal_id="2932"/>
   <agent start_id="10749" goal_id="11251"/>
   <agent start_id="99" goal_id="3365"/>
   <agent start_id="7562" goal_id="10827"/>
   <agent start_id="4676" goal_id="5178"/>
   <agent start_id="10699" goal_id="2623"/>
   <agent start_id="9246" goal_id="2428"/>
   <agent start_id="8910" goal_id="9412"/>
   <agent start_id="9679" goal_id="2861"/>
   <agent start_id="902" goal_id="4167"/>
   <agent start_id="2083" goal_id="2585"/>
   <agent start_id="9464" goal_id="2645"/>
   <agent start_id="11183" goal_id="344"/>
   <agent start_id="9395" goal_id="1319"/>
   <agent start_id="4365" goal_id="7630"/>
   <agent start_id="569" goal_id="1072"/>
   <agent start_id="10155" goal_id="2079"/>
   <agent start_id="7829" goal_id="1010"/>
   <agent start_id="305" goal_id="6609"/>
   <agent start_id="6654" goal_id="9919"/>
   <agent start_id="3909" goal_id="7175"/>
   <agent start_id="5485" goal_id="5987"/>
   <agent start_id="2208" goal_id="5473"/>
   <agent start_id="10798" goal_id="11301"/>
   <agent start_id="2534" goal_id="5800"/>
   <agent start_id="5019" goal_id="8284"/>
   <agent start_id="7916" goal_id="8418"/>
   <agent start_id="7109" goal_id="10375"/>
   <agent start_id="7563" goal_id="10828"/>
   <agent start_id="746" goal_id="1249"/>
   <agent start_id="7216" goal_id="10482"/>
   <agent start_id="5041" goal_id="8307"/>
   <agent start_id="7650" goal_id="8152"/>
   <agent start_id="2618" goal_id="6471"/>
   <agent start_id="9699" goal_id="1623"/>
   <agent start_id="3539" goal_id="4042"/>
   <agent start_id="3626" goal_id="6892"/>
   <agent start_id="228" goal_id="3494"/>
   <agent start_id="3829" goal_id="4331"/>
   <agent start_id="2280" goal_id="5545"/>
   <agent start_id="4872" goal_id="5374"/>
   <agent start_id="8591" goal_id="1772"/>
   <agent start_id="7889" goal_id="11155"/>
   <agent start_id="1470" goal_id="1973"/>
   <agent start_id="5032" goal_id="8298"/>
   <agent start_id="8502" goal_id="1684"/>
   <agent start_id="1760" goal_id="2262"/>
   <agent start_id="10812" goal_id="2735"/>
   <agent start_id="6681" goal_id="7184"/>
   <agent start_id="8393" goal_id="317"/>
   <agent start_id="6434" goal_id="9699"/>
   <agent start_id="5447" goal_id="5949"/>
   <agent start_id="7612" goal_id="794"/>
   <agent start_id="10682" goal_id="2606"/>
   <agent start_id="6351" goal_id="6854"/>
   <agent start_id="4672" goal_id="7938"/>
   <agent start_id="9683" goal_id="10185"/>
   <agent start_id="4950" goal_id="8216"/>
   <agent start_id="3930" goal_id="7196"/>
   <agent start_id="7805" goal_id="8308"/>
   <agent start_id="3604" goal_id="6869"/>
   <agent start_id="6088" goal_id="9354"/>
   <agent start_id="6588" goal_id="7090"/>
   <agent start_id="6546" goal_id="9812"/>
   <agent start_id="9612" goal_id="1535"/>
   <agent start_id="1334" goal_id="1836"/>
   <agent start_id="8285" goal_id="1467"/>
   <agent start_id="8870" goal_id="4598"/>
   <agent start_id="9071" goal_id="1082"/>
   <agent start_id="8197" goal_id="120"/>
   <agent start_id="6870" goal_id="52"/>
   <agent start_id="8921" goal_id="9423"/>
   <agent start_id="7455" goal_id="10720"/>
   <agent start_id="11027" goal_id="2950"/>
   <agent start_id="7797" goal_id="8299"/>
   <agent start_id="6435" goal_id="9700"/>
   <agent start_id="10285" goal_id="2209"/>
   <agent start_id="5919" goal_id="6422"/>
   <agent start_id="3587" goal_id="6852"/>
   <agent start_id="4840" goal_id="5343"/>
   <agent start_id="5804" goal_id="9070"/>
   <agent start_id="4478" goal_id="7743"/>
   <agent start_id="3214" goal_id="3716"/>
   <agent start_id="9503" goal_id="1426"/>
   <agent start_id="2103" goal_id="5369"/>
   <agent start_id="1085" goal_id="1587"/>
   <agent start_id="1430" goal_id="4695"/>
   <agent start_id="3727" goal_id="4229"/>
   <agent start_id="1736" goal_id="5002"/>
   <agent start_id="3300" goal_id="6566"/>
   <agent start_id="5275" goal_id="10611"/>
   <agent start_id="7346" goal_id="6643"/>
   <agent start_id="11010" goal_id="2933"/>
   <agent start_id="3146" goal_id="3648"/>
   <agent start_id="2081" goal_id="5346"/>
   <agent start_id="1686" goal_id="4951"/>
   <agent start_id="4487" goal_id="4989"/>
   <agent start_id="1339" goal_id="4604"/>
   <agent start_id="1645" goal_id="4911"/>
   <agent start_id="7699" goal_id="8202"/>
   <agent start_id="7128" goal_id="10394"/>
   <agent start_id="4802" goal_id="8067"/>
   <agent start_id="10454" goal_id="10956"/>
   <agent start_id="4475" goal_id="7741"/>
   <agent start_id="798" goal_id="1300"/>
   <agent start_id="6633" goal_id="9899"/>
   <agent start_id="8071" goal_id="11336"/>
   <agent start_id="3367" goal_id="3870"/>
   <agent start_id="5892" goal_id="9157"/>
   <agent start_id="7329" goal_id="10595"/>
   <agent start_id="1490" goal_id="1992"/>
   <agent start_id="4068" goal_id="11028"/>
   <agent start_id="8873" goal_id="4570"/>
   <agent start_id="6962" goal_id="144"/>
   <agent start_id="2556" goal_id="5822"/>
   <agent start_id="981" goal_id="1483"/>
   <agent start_id="7853" goal_id="11119"/>
   <agent start_id="210" goal_id="3475"/>
   <agent start_id="1317" goal_id="1820"/>
   <agent start_id="4499" goal_id="7764"/>
   <agent start_id="4276" goal_id="4779"/>
   <agent start_id="4279" goal_id="7544"/>
   <agent start_id="121" goal_id="3387"/>
   <agent start_id="9810" goal_id="2992"/>
   <agent start_id="5026" goal_id="5528"/>
   <agent start_id="2864" goal_id="6129"/>
   <agent start_id="457" goal_id="960"/>
   <agent start_id="3043" goal_id="6309"/>
   <agent start_id="7742" goal_id="923"/>
   <agent start_id="5061" goal_id="1271"/>
   <agent start_id="768" goal_id="6439"/>
   <agent start_id="4714" goal_id="7980"/>
   <agent start_id="3476" goal_id="3100"/>
   <agent start_id="10903" goal_id="3978"/>
   <agent start_id="7866" goal_id="11132"/>
   <agent start_id="649" goal_id="1151"/>
   <agent start_id="666" goal_id="3932"/>
   <agent start_id="145" goal_id="3410"/>
   <agent start_id="6520" goal_id="952"/>
   <agent start_id="9051" goal_id="10228"/>
   <agent start_id="10467" goal_id="2390"/>
   <agent start_id="7817" goal_id="8319"/>
   <agent start_id="6089" goal_id="560"/>
   <agent start_id="57" goal_id="9615"/>
   <agent start_id="10378" goal_id="2301"/>
   <agent start_id="5347" goal_id="8613"/>
   <agent start_id="9522" goal_id="10024"/>
   <agent start_id="7725" goal_id="907"/>
   <agent start_id="2993" goal_id="6258"/>
   <agent start_id="340" goal_id="843"/>
   <agent start_id="10937" goal_id="7599"/>
   <agent start_id="7097" goal_id="3634"/>
   <agent start_id="8069" goal_id="11335"/>
   <agent start_id="8527" goal_id="451"/>
   <agent start_id="8977" goal_id="9479"/>
   <agent start_id="9375" goal_id="1298"/>
   <agent start_id="1537" goal_id="4803"/>
   <agent start_id="5575" goal_id="6077"/>
   <agent start_id="1775" goal_id="5041"/>
   <agent start_id="4806" goal_id="8072"/>
   <agent start_id="3306" goal_id="3808"/>
   <agent start_id="11117" goal_id="9056"/>
   <agent start_id="1360" goal_id="4625"/>
   <agent start_id="8575" goal_id="9077"/>
   <agent start_id="1666" goal_id="4932"/>
   <agent start_id="3048" goal_id="3551"/>
   <agent start_id="3171" goal_id="6437"/>
   <agent start_id="6241" goal_id="9507"/>
   <agent start_id="7534" goal_id="8036"/>
   <agent start_id="3082" goal_id="5273"/>
   <agent start_id="2282" goal_id="5548"/>
   <agent start_id="566" goal_id="1069"/>
   <agent start_id="7960" goal_id="1142"/>
   <agent start_id="10158" goal_id="2081"/>
   <agent start_id="1545" goal_id="2048"/>
   <agent start_id="5586" goal_id="8851"/>
   <agent start_id="5458" goal_id="8724"/>
   <agent start_id="5826" goal_id="6329"/>
   <agent start_id="2738" goal_id="6003"/>
   <agent start_id="2878" goal_id="3381"/>
   <agent start_id="7416" goal_id="10682"/>
   <agent start_id="4609" goal_id="7874"/>
   <agent start_id="6695" goal_id="9960"/>
   <agent start_id="202" goal_id="705"/>
   <agent start_id="8107" goal_id="31"/>
   <agent start_id="352" goal_id="3618"/>
   <agent start_id="2716" goal_id="3219"/>
   <agent start_id="5912" goal_id="9178"/>
   <agent start_id="6354" goal_id="214"/>
   <agent start_id="8290" goal_id="1397"/>
   <agent start_id="4259" goal_id="1512"/>
   <agent start_id="7243" goal_id="7058"/>
   <agent start_id="6457" goal_id="9722"/>
   <agent start_id="9488" goal_id="1411"/>
   <agent start_id="5084" goal_id="1730"/>
   <agent start_id="2824" goal_id="6090"/>
   <agent start_id="7113" goal_id="10379"/>
   <agent start_id="2955" goal_id="3457"/>
   <agent start_id="2735" goal_id="7040"/>
   <agent start_id="292" goal_id="5904"/>
   <agent start_id="7581" goal_id="8052"/>
   <agent start_id="1361" goal_id="4626"/>
   <agent start_id="530" goal_id="1033"/>
   <agent start_id="3928" goal_id="7194"/>
   <agent start_id="6964" goal_id="145"/>
   <agent start_id="1696" goal_id="7308"/>
   <agent start_id="1558" goal_id="4824"/>
   <agent start_id="4589" goal_id="7855"/>
   <agent start_id="1473" goal_id="1976"/>
   <agent start_id="4477" goal_id="2182"/>
   <agent start_id="1680" goal_id="3605"/>
   <agent start_id="163" goal_id="3429"/>
   <agent start_id="7419" goal_id="10685"/>
   <agent start_id="5914" goal_id="6416"/>
   <agent start_id="10485" goal_id="2409"/>
   <agent start_id="8812" goal_id="1994"/>
   <agent start_id="1301" goal_id="1803"/>
   <agent start_id="1759" goal_id="5025"/>
   <agent start_id="4260" goal_id="4762"/>
   <agent start_id="9703" goal_id="1627"/>
   <agent start_id="1670" goal_id="4936"/>
   <agent start_id="718" goal_id="1220"/>
   <agent start_id="9902" goal_id="3083"/>
   <agent start_id="4709" goal_id="8125"/>
   <agent start_id="10360" goal_id="2283"/>
   <agent start_id="5982" goal_id="9247"/>
   <agent start_id="4088" goal_id="4590"/>
   <agent start_id="10271" goal_id="2194"/>
   <agent start_id="6240" goal_id="9505"/>
   <agent start_id="9673" goal_id="10176"/>
   <agent start_id="4913" goal_id="8179"/>
   <agent start_id="9397" goal_id="1320"/>
   <agent start_id="1086" goal_id="9060"/>
   <agent start_id="10142" goal_id="2065"/>
   <agent start_id="5111" goal_id="8377"/>
   <agent start_id="622" goal_id="1124"/>
   <agent start_id="4083" goal_id="7349"/>
   <agent start_id="4389" goal_id="7655"/>
   <agent start_id="2357" goal_id="4794"/>
   <agent start_id="5329" goal_id="8594"/>
   <agent start_id="2896" goal_id="3398"/>
   <agent start_id="7005" goal_id="4190"/>
   <agent start_id="6785" goal_id="10051"/>
   <agent start_id="7930" goal_id="8432"/>
   <agent start_id="6638" goal_id="9904"/>
   <agent start_id="3845" goal_id="10985"/>
   <agent start_id="10482" goal_id="9002"/>
   <agent start_id="5243" goal_id="8509"/>
   <agent start_id="1848" goal_id="2351"/>
   <agent start_id="3064" goal_id="6330"/>
   <agent start_id="4502" goal_id="7767"/>
   <agent start_id="11313" goal_id="1865"/>
   <agent start_id="3955" goal_id="7221"/>
   <agent start_id="3155" goal_id="6420"/>
   <agent start_id="7770" goal_id="8273"/>
   <agent start_id="1362" goal_id="4627"/>
   <agent start_id="7209" goal_id="10475"/>
   <agent start_id="3102" goal_id="3604"/>
   <agent start_id="2719" goal_id="5985"/>
   <agent start_id="367" goal_id="869"/>
   <agent start_id="1520" goal_id="4785"/>
   <agent start_id="3610" goal_id="6876"/>
   <agent start_id="9942" goal_id="10038"/>
   <agent start_id="9535" goal_id="9384"/>
   <agent start_id="4370" goal_id="1842"/>
   <agent start_id="1340" goal_id="6814"/>
   <agent start_id="2644" goal_id="5910"/>
   <agent start_id="11231" goal_id="3155"/>
   <agent start_id="9268" goal_id="3656"/>
   <agent start_id="9659" goal_id="9466"/>
   <agent start_id="11143" goal_id="3066"/>
   <agent start_id="10953" goal_id="9251"/>
   <agent start_id="4858" goal_id="9377"/>
   <agent start_id="11206" goal_id="5361"/>
   <agent start_id="9143" goal_id="9578"/>
   <agent start_id="5370" goal_id="8636"/>
   <agent start_id="2981" goal_id="3483"/>
   <agent start_id="8401" goal_id="325"/>
   <agent start_id="3370" goal_id="6636"/>
   <agent start_id="1103" goal_id="1606"/>
   <agent start_id="8639" goal_id="563"/>
   <agent start_id="197" goal_id="7739"/>
   <agent start_id="3628" goal_id="6894"/>
   <agent start_id="10589" goal_id="6221"/>
   <agent start_id="2233" goal_id="5499"/>
   <agent start_id="6476" goal_id="6979"/>
   <agent start_id="1136" goal_id="4401"/>
   <agent start_id="2264" goal_id="7998"/>
   <agent start_id="4733" goal_id="2302"/>
   <agent start_id="1471" goal_id="4737"/>
   <agent start_id="2266" goal_id="7875"/>
   <agent start_id="2195" goal_id="2768"/>
   <agent start_id="4454" goal_id="10814"/>
   <agent start_id="3828" goal_id="7094"/>
   <agent start_id="5384" goal_id="10128"/>
   <agent start_id="5806" goal_id="9072"/>
   <agent start_id="6574" goal_id="6958"/>
   <agent start_id="3374" goal_id="6639"/>
   <agent start_id="9685" goal_id="2866"/>
   <agent start_id="7247" goal_id="7749"/>
   <agent start_id="1652" goal_id="4918"/>
   <agent start_id="8616" goal_id="540"/>
   <agent start_id="531" goal_id="1924"/>
   <agent start_id="2543" goal_id="5809"/>
   <agent start_id="6664" goal_id="7166"/>
   <agent start_id="7875" goal_id="11140"/>
   <agent start_id="3262" goal_id="10160"/>
   <agent start_id="6222" goal_id="9487"/>
   <agent start_id="5904" goal_id="6406"/>
   <agent start_id="6153" goal_id="9419"/>
   <agent start_id="6486" goal_id="1887"/>
   <agent start_id="2867" goal_id="6133"/>
   <agent start_id="5786" goal_id="9052"/>
   <agent start_id="9842" goal_id="261"/>
   <agent start_id="4918" goal_id="8183"/>
   <agent start_id="1452" goal_id="4718"/>
   <agent start_id="379" goal_id="3645"/>
   <agent start_id="2971" goal_id="3473"/>
   <agent start_id="1124" goal_id="4390"/>
   <agent start_id="7343" goal_id="7845"/>
   <agent start_id="5262" goal_id="8528"/>
   <agent start_id="7869" goal_id="11134"/>
   <agent start_id="6843" goal_id="5587"/>
   <agent start_id="10574" goal_id="7439"/>
   <agent start_id="4388" goal_id="7653"/>
   <agent start_id="4278" goal_id="4780"/>
   <agent start_id="2174" goal_id="5439"/>
   <agent start_id="8697" goal_id="9199"/>
   <agent start_id="5483" goal_id="8749"/>
   <agent start_id="2085" goal_id="5351"/>
   <agent start_id="3897" goal_id="9663"/>
</root>