<?xml version="1.0" ?>
<root>
  <agent start_id="124" goal_id="176"/>
  <agent start_id="79" goal_id="103"/>
  <agent start_id="145" goal_id="78"/>
  <agent start_id="195" goal_id="81"/>
  <agent start_id="82" goal_id="35"/>
  <agent start_id="198" goal_id="22"/>
  <agent start_id="179" goal_id="198"/>
  <agent start_id="140" goal_id="187"/>
  <agent start_id="73" goal_id="138"/>
  <agent start_id="94" goal_id="197"/>
  <agent start_id="29" goal_id="84"/>
  <agent start_id="7" goal_id="183"/>
  <agent start_id="122" goal_id="102"/>
  <agent start_id="100" goal_id="154"/>
  <agent start_id="197" goal_id="45"/>
  <agent start_id="113" goal_id="14"/>
  <agent start_id="90" goal_id="100"/>
  <agent start_id="71" goal_id="93"/>
  <agent start_id="162" goal_id="46"/>
  <agent start_id="32" goal_id="6"/>
  <agent start_id="164" goal_id="91"/>
  <agent start_id="194" goal_id="66"/>
  <agent start_id="77" goal_id="130"/>
  <agent start_id="54" goal_id="89"/>
  <agent start_id="107" goal_id="181"/>
  <agent start_id="38" goal_id="120"/>
  <agent start_id="152" goal_id="178"/>
  <agent start_id="111" goal_id="60"/>
  <agent start_id="156" goal_id="50"/>
  <agent start_id="75" goal_id="123"/>
  <agent start_id="1" goal_id="71"/>
  <agent start_id="60" goal_id="134"/>
  <agent start_id="181" goal_id="128"/>
  <agent start_id="188" goal_id="199"/>
  <agent start_id="96" goal_id="125"/>
  <agent start_id="16" goal_id="192"/>
  <agent start_id="139" goal_id="52"/>
  <agent start_id="12" goal_id="31"/>
  <agent start_id="92" goal_id="139"/>
  <agent start_id="148" goal_id="70"/>
  <agent start_id="166" goal_id="127"/>
  <agent start_id="52" goal_id="7"/>
  <agent start_id="118" goal_id="122"/>
  <agent start_id="48" goal_id="117"/>
  <agent start_id="128" goal_id="162"/>
  <agent start_id="2" goal_id="146"/>
  <agent start_id="6" goal_id="21"/>
  <agent start_id="176" goal_id="135"/>
  <agent start_id="66" goal_id="53"/>
  <agent start_id="33" goal_id="164"/>
</root>
