<?xml version="1.0" ?>
<root>
  <agent start_id="29" goal_id="126"/>
  <agent start_id="112" goal_id="57"/>
  <agent start_id="162" goal_id="117"/>
  <agent start_id="84" goal_id="11"/>
  <agent start_id="66" goal_id="48"/>
  <agent start_id="89" goal_id="42"/>
  <agent start_id="197" goal_id="130"/>
  <agent start_id="124" goal_id="85"/>
  <agent start_id="168" goal_id="53"/>
  <agent start_id="172" goal_id="20"/>
  <agent start_id="50" goal_id="152"/>
  <agent start_id="115" goal_id="83"/>
  <agent start_id="150" goal_id="76"/>
  <agent start_id="122" goal_id="35"/>
  <agent start_id="167" goal_id="136"/>
  <agent start_id="169" goal_id="132"/>
  <agent start_id="140" goal_id="38"/>
  <agent start_id="103" goal_id="172"/>
  <agent start_id="191" goal_id="24"/>
  <agent start_id="100" goal_id="99"/>
  <agent start_id="181" goal_id="168"/>
  <agent start_id="189" goal_id="78"/>
  <agent start_id="46" goal_id="116"/>
  <agent start_id="4" goal_id="109"/>
  <agent start_id="96" goal_id="54"/>
  <agent start_id="175" goal_id="197"/>
  <agent start_id="90" goal_id="52"/>
  <agent start_id="86" goal_id="165"/>
  <agent start_id="57" goal_id="121"/>
  <agent start_id="198" goal_id="51"/>
  <agent start_id="154" goal_id="69"/>
  <agent start_id="159" goal_id="90"/>
  <agent start_id="70" goal_id="72"/>
  <agent start_id="173" goal_id="73"/>
  <agent start_id="80" goal_id="74"/>
  <agent start_id="43" goal_id="102"/>
  <agent start_id="6" goal_id="66"/>
  <agent start_id="71" goal_id="22"/>
  <agent start_id="149" goal_id="112"/>
  <agent start_id="61" goal_id="178"/>
  <agent start_id="40" goal_id="100"/>
  <agent start_id="64" goal_id="111"/>
  <agent start_id="102" goal_id="163"/>
  <agent start_id="42" goal_id="188"/>
  <agent start_id="131" goal_id="29"/>
  <agent start_id="11" goal_id="181"/>
  <agent start_id="12" goal_id="134"/>
  <agent start_id="179" goal_id="195"/>
  <agent start_id="143" goal_id="36"/>
  <agent start_id="0" goal_id="30"/>
</root>
