<?xml version="1.0" ?>
<root>
  <agent start_id="178" goal_id="76"/>
  <agent start_id="23" goal_id="6"/>
  <agent start_id="182" goal_id="92"/>
  <agent start_id="142" goal_id="46"/>
  <agent start_id="3" goal_id="107"/>
  <agent start_id="166" goal_id="123"/>
  <agent start_id="170" goal_id="61"/>
  <agent start_id="44" goal_id="153"/>
  <agent start_id="198" goal_id="180"/>
  <agent start_id="67" goal_id="33"/>
  <agent start_id="102" goal_id="78"/>
  <agent start_id="173" goal_id="110"/>
  <agent start_id="37" goal_id="64"/>
  <agent start_id="97" goal_id="59"/>
  <agent start_id="56" goal_id="79"/>
  <agent start_id="38" goal_id="139"/>
  <agent start_id="87" goal_id="143"/>
  <agent start_id="70" goal_id="98"/>
  <agent start_id="164" goal_id="127"/>
  <agent start_id="58" goal_id="159"/>
  <agent start_id="185" goal_id="172"/>
  <agent start_id="119" goal_id="11"/>
  <agent start_id="10" goal_id="122"/>
  <agent start_id="146" goal_id="44"/>
  <agent start_id="88" goal_id="84"/>
  <agent start_id="144" goal_id="82"/>
  <agent start_id="41" goal_id="176"/>
  <agent start_id="98" goal_id="47"/>
  <agent start_id="93" goal_id="196"/>
  <agent start_id="74" goal_id="97"/>
  <agent start_id="19" goal_id="36"/>
  <agent start_id="191" goal_id="89"/>
  <agent start_id="64" goal_id="91"/>
  <agent start_id="134" goal_id="20"/>
  <agent start_id="95" goal_id="182"/>
  <agent start_id="30" goal_id="193"/>
  <agent start_id="137" goal_id="158"/>
  <agent start_id="183" goal_id="50"/>
  <agent start_id="61" goal_id="128"/>
  <agent start_id="15" goal_id="149"/>
  <agent start_id="121" goal_id="167"/>
  <agent start_id="17" goal_id="90"/>
  <agent start_id="152" goal_id="116"/>
  <agent start_id="12" goal_id="151"/>
  <agent start_id="189" goal_id="129"/>
  <agent start_id="110" goal_id="133"/>
  <agent start_id="33" goal_id="147"/>
  <agent start_id="42" goal_id="145"/>
  <agent start_id="161" goal_id="73"/>
  <agent start_id="150" goal_id="1"/>
</root>
