<?xml version="1.0" ?>
<root>
  <agent start_id="191" goal_id="132"/>
  <agent start_id="164" goal_id="139"/>
  <agent start_id="183" goal_id="144"/>
  <agent start_id="47" goal_id="83"/>
  <agent start_id="193" goal_id="112"/>
  <agent start_id="96" goal_id="114"/>
  <agent start_id="37" goal_id="190"/>
  <agent start_id="71" goal_id="185"/>
  <agent start_id="153" goal_id="17"/>
  <agent start_id="112" goal_id="28"/>
  <agent start_id="76" goal_id="111"/>
  <agent start_id="182" goal_id="156"/>
  <agent start_id="63" goal_id="162"/>
  <agent start_id="178" goal_id="87"/>
  <agent start_id="49" goal_id="19"/>
  <agent start_id="173" goal_id="20"/>
  <agent start_id="176" goal_id="130"/>
  <agent start_id="9" goal_id="178"/>
  <agent start_id="87" goal_id="11"/>
  <agent start_id="66" goal_id="67"/>
  <agent start_id="150" goal_id="58"/>
  <agent start_id="179" goal_id="10"/>
  <agent start_id="138" goal_id="174"/>
  <agent start_id="136" goal_id="166"/>
  <agent start_id="33" goal_id="56"/>
  <agent start_id="40" goal_id="187"/>
  <agent start_id="98" goal_id="193"/>
  <agent start_id="143" goal_id="167"/>
  <agent start_id="35" goal_id="179"/>
  <agent start_id="27" goal_id="1"/>
  <agent start_id="90" goal_id="60"/>
  <agent start_id="52" goal_id="80"/>
  <agent start_id="80" goal_id="168"/>
  <agent start_id="84" goal_id="71"/>
  <agent start_id="125" goal_id="23"/>
  <agent start_id="106" goal_id="35"/>
  <agent start_id="6" goal_id="102"/>
  <agent start_id="88" goal_id="150"/>
  <agent start_id="104" goal_id="30"/>
  <agent start_id="108" goal_id="52"/>
  <agent start_id="122" goal_id="118"/>
  <agent start_id="14" goal_id="99"/>
  <agent start_id="103" goal_id="121"/>
  <agent start_id="189" goal_id="136"/>
  <agent start_id="25" goal_id="26"/>
  <agent start_id="81" goal_id="176"/>
  <agent start_id="180" goal_id="165"/>
  <agent start_id="188" goal_id="153"/>
  <agent start_id="177" goal_id="32"/>
  <agent start_id="95" goal_id="78"/>
</root>
