<?xml version="1.0" ?>
<root>
  <agent start_id="1" goal_id="53"/>
  <agent start_id="81" goal_id="54"/>
  <agent start_id="87" goal_id="94"/>
  <agent start_id="53" goal_id="122"/>
  <agent start_id="177" goal_id="10"/>
  <agent start_id="26" goal_id="19"/>
  <agent start_id="191" goal_id="38"/>
  <agent start_id="37" goal_id="135"/>
  <agent start_id="176" goal_id="21"/>
  <agent start_id="9" goal_id="35"/>
  <agent start_id="147" goal_id="76"/>
  <agent start_id="145" goal_id="128"/>
  <agent start_id="0" goal_id="151"/>
  <agent start_id="51" goal_id="5"/>
  <agent start_id="13" goal_id="46"/>
  <agent start_id="174" goal_id="74"/>
  <agent start_id="124" goal_id="33"/>
  <agent start_id="84" goal_id="165"/>
  <agent start_id="95" goal_id="193"/>
  <agent start_id="36" goal_id="177"/>
  <agent start_id="102" goal_id="191"/>
  <agent start_id="21" goal_id="179"/>
  <agent start_id="128" goal_id="139"/>
  <agent start_id="38" goal_id="100"/>
  <agent start_id="179" goal_id="183"/>
  <agent start_id="186" goal_id="115"/>
  <agent start_id="54" goal_id="123"/>
  <agent start_id="154" goal_id="106"/>
  <agent start_id="167" goal_id="23"/>
  <agent start_id="8" goal_id="150"/>
  <agent start_id="136" goal_id="32"/>
  <agent start_id="28" goal_id="56"/>
  <agent start_id="97" goal_id="79"/>
  <agent start_id="5" goal_id="26"/>
  <agent start_id="67" goal_id="159"/>
  <agent start_id="178" goal_id="71"/>
  <agent start_id="168" goal_id="140"/>
  <agent start_id="62" goal_id="96"/>
  <agent start_id="187" goal_id="62"/>
  <agent start_id="80" goal_id="130"/>
  <agent start_id="192" goal_id="90"/>
  <agent start_id="23" goal_id="66"/>
  <agent start_id="11" goal_id="132"/>
  <agent start_id="42" goal_id="43"/>
  <agent start_id="151" goal_id="108"/>
  <agent start_id="171" goal_id="117"/>
  <agent start_id="165" goal_id="16"/>
  <agent start_id="85" goal_id="121"/>
  <agent start_id="3" goal_id="194"/>
  <agent start_id="126" goal_id="65"/>
</root>
