<?xml version="1.0" ?>
<root>
  <agent start_id="167" goal_id="159"/>
  <agent start_id="121" goal_id="125"/>
  <agent start_id="191" goal_id="181"/>
  <agent start_id="186" goal_id="187"/>
  <agent start_id="110" goal_id="123"/>
  <agent start_id="43" goal_id="28"/>
  <agent start_id="82" goal_id="78"/>
  <agent start_id="53" goal_id="155"/>
  <agent start_id="104" goal_id="114"/>
  <agent start_id="173" goal_id="192"/>
  <agent start_id="48" goal_id="103"/>
  <agent start_id="106" goal_id="65"/>
  <agent start_id="8" goal_id="30"/>
  <agent start_id="169" goal_id="184"/>
  <agent start_id="147" goal_id="133"/>
  <agent start_id="128" goal_id="113"/>
  <agent start_id="176" goal_id="74"/>
  <agent start_id="17" goal_id="88"/>
  <agent start_id="185" goal_id="178"/>
  <agent start_id="101" goal_id="136"/>
  <agent start_id="80" goal_id="47"/>
  <agent start_id="72" goal_id="165"/>
  <agent start_id="16" goal_id="149"/>
  <agent start_id="99" goal_id="140"/>
  <agent start_id="35" goal_id="167"/>
  <agent start_id="46" goal_id="127"/>
  <agent start_id="177" goal_id="179"/>
  <agent start_id="66" goal_id="102"/>
  <agent start_id="94" goal_id="53"/>
  <agent start_id="71" goal_id="16"/>
  <agent start_id="142" goal_id="42"/>
  <agent start_id="136" goal_id="54"/>
  <agent start_id="162" goal_id="199"/>
  <agent start_id="97" goal_id="153"/>
  <agent start_id="171" goal_id="69"/>
  <agent start_id="77" goal_id="93"/>
  <agent start_id="134" goal_id="173"/>
  <agent start_id="85" goal_id="50"/>
  <agent start_id="113" goal_id="142"/>
  <agent start_id="21" goal_id="141"/>
  <agent start_id="11" goal_id="31"/>
  <agent start_id="152" goal_id="63"/>
  <agent start_id="29" goal_id="64"/>
  <agent start_id="108" goal_id="134"/>
  <agent start_id="100" goal_id="129"/>
  <agent start_id="155" goal_id="95"/>
  <agent start_id="126" goal_id="72"/>
  <agent start_id="118" goal_id="150"/>
  <agent start_id="3" goal_id="104"/>
  <agent start_id="22" goal_id="22"/>
</root>
