<?xml version="1.0" ?>
<root>
  <agent start_id="193" goal_id="182"/>
  <agent start_id="69" goal_id="194"/>
  <agent start_id="188" goal_id="173"/>
  <agent start_id="104" goal_id="32"/>
  <agent start_id="146" goal_id="20"/>
  <agent start_id="23" goal_id="136"/>
  <agent start_id="167" goal_id="13"/>
  <agent start_id="119" goal_id="199"/>
  <agent start_id="13" goal_id="93"/>
  <agent start_id="197" goal_id="112"/>
  <agent start_id="64" goal_id="185"/>
  <agent start_id="70" goal_id="177"/>
  <agent start_id="5" goal_id="51"/>
  <agent start_id="190" goal_id="165"/>
  <agent start_id="10" goal_id="192"/>
  <agent start_id="117" goal_id="142"/>
  <agent start_id="185" goal_id="196"/>
  <agent start_id="96" goal_id="45"/>
  <agent start_id="95" goal_id="186"/>
  <agent start_id="51" goal_id="149"/>
  <agent start_id="100" goal_id="35"/>
  <agent start_id="131" goal_id="56"/>
  <agent start_id="169" goal_id="178"/>
  <agent start_id="136" goal_id="61"/>
  <agent start_id="191" goal_id="53"/>
  <agent start_id="121" goal_id="115"/>
  <agent start_id="155" goal_id="95"/>
  <agent start_id="115" goal_id="87"/>
  <agent start_id="30" goal_id="80"/>
  <agent start_id="125" goal_id="191"/>
  <agent start_id="7" goal_id="125"/>
  <agent start_id="112" goal_id="14"/>
  <agent start_id="60" goal_id="171"/>
  <agent start_id="0" goal_id="15"/>
  <agent start_id="63" goal_id="147"/>
  <agent start_id="62" goal_id="77"/>
  <agent start_id="33" goal_id="69"/>
  <agent start_id="187" goal_id="9"/>
  <agent start_id="79" goal_id="108"/>
  <agent start_id="89" goal_id="18"/>
  <agent start_id="127" goal_id="117"/>
  <agent start_id="73" goal_id="128"/>
  <agent start_id="122" goal_id="70"/>
  <agent start_id="183" goal_id="91"/>
  <agent start_id="158" goal_id="86"/>
  <agent start_id="43" goal_id="146"/>
  <agent start_id="144" goal_id="67"/>
  <agent start_id="11" goal_id="23"/>
  <agent start_id="152" goal_id="121"/>
  <agent start_id="18" goal_id="74"/>
</root>
