<?xml version="1.0" ?>
<root>
  <agent start_id="161" goal_id="108"/>
  <agent start_id="125" goal_id="94"/>
  <agent start_id="166" goal_id="113"/>
  <agent start_id="134" goal_id="134"/>
  <agent start_id="196" goal_id="158"/>
  <agent start_id="147" goal_id="50"/>
  <agent start_id="48" goal_id="164"/>
  <agent start_id="18" goal_id="100"/>
  <agent start_id="81" goal_id="77"/>
  <agent start_id="90" goal_id="154"/>
  <agent start_id="120" goal_id="70"/>
  <agent start_id="32" goal_id="38"/>
  <agent start_id="44" goal_id="81"/>
  <agent start_id="189" goal_id="186"/>
  <agent start_id="187" goal_id="137"/>
  <agent start_id="149" goal_id="8"/>
  <agent start_id="119" goal_id="56"/>
  <agent start_id="139" goal_id="9"/>
  <agent start_id="43" goal_id="197"/>
  <agent start_id="110" goal_id="183"/>
  <agent start_id="127" goal_id="53"/>
  <agent start_id="41" goal_id="123"/>
  <agent start_id="79" goal_id="59"/>
  <agent start_id="70" goal_id="87"/>
  <agent start_id="108" goal_id="69"/>
  <agent start_id="130" goal_id="78"/>
  <agent start_id="16" goal_id="22"/>
  <agent start_id="117" goal_id="76"/>
  <agent start_id="0" goal_id="6"/>
  <agent start_id="7" goal_id="74"/>
  <agent start_id="194" goal_id="4"/>
  <agent start_id="124" goal_id="106"/>
  <agent start_id="197" goal_id="98"/>
  <agent start_id="8" goal_id="141"/>
  <agent start_id="37" goal_id="114"/>
  <agent start_id="112" goal_id="91"/>
  <agent start_id="199" goal_id="179"/>
  <agent start_id="91" goal_id="129"/>
  <agent start_id="104" goal_id="24"/>
  <agent start_id="96" goal_id="157"/>
  <agent start_id="10" goal_id="44"/>
  <agent start_id="152" goal_id="194"/>
  <agent start_id="162" goal_id="20"/>
  <agent start_id="129" goal_id="93"/>
  <agent start_id="171" goal_id="138"/>
  <agent start_id="190" goal_id="178"/>
  <agent start_id="50" goal_id="110"/>
  <agent start_id="25" goal_id="168"/>
  <agent start_id="73" goal_id="130"/>
  <agent start_id="56" goal_id="96"/>
</root>
