<?xml version="1.0" ?>
<root>
  <agent start_id="90" goal_id="113"/>
  <agent start_id="34" goal_id="55"/>
  <agent start_id="78" goal_id="38"/>
  <agent start_id="105" goal_id="161"/>
  <agent start_id="144" goal_id="129"/>
  <agent start_id="83" goal_id="116"/>
  <agent start_id="23" goal_id="118"/>
  <agent start_id="20" goal_id="102"/>
  <agent start_id="3" goal_id="97"/>
  <agent start_id="75" goal_id="157"/>
  <agent start_id="138" goal_id="5"/>
  <agent start_id="183" goal_id="95"/>
  <agent start_id="198" goal_id="22"/>
  <agent start_id="162" goal_id="39"/>
  <agent start_id="173" goal_id="89"/>
  <agent start_id="67" goal_id="10"/>
  <agent start_id="6" goal_id="199"/>
  <agent start_id="118" goal_id="78"/>
  <agent start_id="71" goal_id="33"/>
  <agent start_id="127" goal_id="86"/>
  <agent start_id="135" goal_id="63"/>
  <agent start_id="91" goal_id="178"/>
  <agent start_id="100" goal_id="150"/>
  <agent start_id="186" goal_id="67"/>
  <agent start_id="53" goal_id="194"/>
  <agent start_id="40" goal_id="42"/>
  <agent start_id="184" goal_id="103"/>
  <agent start_id="123" goal_id="62"/>
  <agent start_id="54" goal_id="44"/>
  <agent start_id="117" goal_id="166"/>
  <agent start_id="31" goal_id="192"/>
  <agent start_id="154" goal_id="101"/>
  <agent start_id="28" goal_id="108"/>
  <agent start_id="56" goal_id="58"/>
  <agent start_id="15" goal_id="134"/>
  <agent start_id="191" goal_id="195"/>
  <agent start_id="114" goal_id="144"/>
  <agent start_id="87" goal_id="176"/>
  <agent start_id="2" goal_id="147"/>
  <agent start_id="169" goal_id="41"/>
  <agent start_id="199" goal_id="133"/>
  <agent start_id="64" goal_id="197"/>
  <agent start_id="16" goal_id="1"/>
  <agent start_id="102" goal_id="14"/>
  <agent start_id="19" goal_id="48"/>
  <agent start_id="25" goal_id="126"/>
  <agent start_id="27" goal_id="29"/>
  <agent start_id="86" goal_id="152"/>
  <agent start_id="115" goal_id="50"/>
  <agent start_id="190" goal_id="143"/>
</root>
