<?xml version="1.0" ?>
<root>
  <agent start_id="106" goal_id="57"/>
  <agent start_id="0" goal_id="70"/>
  <agent start_id="107" goal_id="68"/>
  <agent start_id="194" goal_id="121"/>
  <agent start_id="131" goal_id="193"/>
  <agent start_id="4" goal_id="79"/>
  <agent start_id="184" goal_id="42"/>
  <agent start_id="94" goal_id="169"/>
  <agent start_id="8" goal_id="141"/>
  <agent start_id="122" goal_id="162"/>
  <agent start_id="69" goal_id="110"/>
  <agent start_id="141" goal_id="50"/>
  <agent start_id="96" goal_id="9"/>
  <agent start_id="9" goal_id="15"/>
  <agent start_id="74" goal_id="122"/>
  <agent start_id="47" goal_id="7"/>
  <agent start_id="15" goal_id="184"/>
  <agent start_id="167" goal_id="11"/>
  <agent start_id="142" goal_id="23"/>
  <agent start_id="169" goal_id="146"/>
  <agent start_id="152" goal_id="117"/>
  <agent start_id="139" goal_id="173"/>
  <agent start_id="87" goal_id="80"/>
  <agent start_id="174" goal_id="22"/>
  <agent start_id="58" goal_id="119"/>
  <agent start_id="13" goal_id="37"/>
  <agent start_id="187" goal_id="175"/>
  <agent start_id="79" goal_id="76"/>
  <agent start_id="93" goal_id="16"/>
  <agent start_id="113" goal_id="115"/>
  <agent start_id="99" goal_id="170"/>
  <agent start_id="198" goal_id="186"/>
  <agent start_id="171" goal_id="131"/>
  <agent start_id="180" goal_id="180"/>
  <agent start_id="25" goal_id="72"/>
  <agent start_id="189" goal_id="62"/>
  <agent start_id="23" goal_id="6"/>
  <agent start_id="133" goal_id="82"/>
  <agent start_id="177" goal_id="96"/>
  <agent start_id="144" goal_id="59"/>
  <agent start_id="118" goal_id="13"/>
  <agent start_id="53" goal_id="1"/>
  <agent start_id="181" goal_id="114"/>
  <agent start_id="190" goal_id="134"/>
  <agent start_id="138" goal_id="151"/>
  <agent start_id="148" goal_id="108"/>
  <agent start_id="21" goal_id="103"/>
  <agent start_id="62" goal_id="44"/>
  <agent start_id="76" goal_id="154"/>
  <agent start_id="7" goal_id="25"/>
</root>
