<?xml version="1.0" ?>
<root>
  <agent start_id="150" goal_id="142"/>
  <agent start_id="31" goal_id="59"/>
  <agent start_id="111" goal_id="17"/>
  <agent start_id="25" goal_id="18"/>
  <agent start_id="35" goal_id="27"/>
  <agent start_id="50" goal_id="146"/>
  <agent start_id="75" goal_id="28"/>
  <agent start_id="8" goal_id="62"/>
  <agent start_id="144" goal_id="113"/>
  <agent start_id="76" goal_id="68"/>
  <agent start_id="86" goal_id="65"/>
  <agent start_id="147" goal_id="195"/>
  <agent start_id="53" goal_id="20"/>
  <agent start_id="108" goal_id="133"/>
  <agent start_id="71" goal_id="183"/>
  <agent start_id="58" goal_id="41"/>
  <agent start_id="40" goal_id="63"/>
  <agent start_id="139" goal_id="43"/>
  <agent start_id="118" goal_id="136"/>
  <agent start_id="138" goal_id="126"/>
  <agent start_id="87" goal_id="82"/>
  <agent start_id="177" goal_id="122"/>
  <agent start_id="119" goal_id="89"/>
  <agent start_id="80" goal_id="131"/>
  <agent start_id="69" goal_id="46"/>
  <agent start_id="128" goal_id="78"/>
  <agent start_id="198" goal_id="5"/>
  <agent start_id="46" goal_id="135"/>
  <agent start_id="92" goal_id="143"/>
  <agent start_id="122" goal_id="57"/>
  <agent start_id="176" goal_id="49"/>
  <agent start_id="133" goal_id="118"/>
  <agent start_id="13" goal_id="106"/>
  <agent start_id="199" goal_id="87"/>
  <agent start_id="169" goal_id="16"/>
  <agent start_id="157" goal_id="71"/>
  <agent start_id="98" goal_id="97"/>
  <agent start_id="181" goal_id="26"/>
  <agent start_id="78" goal_id="100"/>
  <agent start_id="184" goal_id="55"/>
  <agent start_id="77" goal_id="104"/>
  <agent start_id="16" goal_id="95"/>
  <agent start_id="81" goal_id="161"/>
  <agent start_id="93" goal_id="153"/>
  <agent start_id="163" goal_id="168"/>
  <agent start_id="74" goal_id="193"/>
  <agent start_id="7" goal_id="64"/>
  <agent start_id="134" goal_id="198"/>
  <agent start_id="166" goal_id="38"/>
  <agent start_id="140" goal_id="192"/>
</root>
