<?xml version="1.0" ?>
<root>
  <agent start_id="130" goal_id="47"/>
  <agent start_id="182" goal_id="167"/>
  <agent start_id="156" goal_id="33"/>
  <agent start_id="37" goal_id="48"/>
  <agent start_id="78" goal_id="3"/>
  <agent start_id="191" goal_id="130"/>
  <agent start_id="101" goal_id="56"/>
  <agent start_id="163" goal_id="120"/>
  <agent start_id="75" goal_id="105"/>
  <agent start_id="174" goal_id="154"/>
  <agent start_id="40" goal_id="20"/>
  <agent start_id="167" goal_id="123"/>
  <agent start_id="18" goal_id="98"/>
  <agent start_id="153" goal_id="102"/>
  <agent start_id="35" goal_id="178"/>
  <agent start_id="57" goal_id="107"/>
  <agent start_id="0" goal_id="43"/>
  <agent start_id="178" goal_id="157"/>
  <agent start_id="111" goal_id="100"/>
  <agent start_id="34" goal_id="68"/>
  <agent start_id="133" goal_id="127"/>
  <agent start_id="104" goal_id="76"/>
  <agent start_id="115" goal_id="95"/>
  <agent start_id="148" goal_id="138"/>
  <agent start_id="39" goal_id="140"/>
  <agent start_id="152" goal_id="58"/>
  <agent start_id="194" goal_id="106"/>
  <agent start_id="187" goal_id="26"/>
  <agent start_id="151" goal_id="13"/>
  <agent start_id="82" goal_id="128"/>
  <agent start_id="139" goal_id="90"/>
  <agent start_id="169" goal_id="173"/>
  <agent start_id="185" goal_id="199"/>
  <agent start_id="190" goal_id="166"/>
  <agent start_id="62" goal_id="16"/>
  <agent start_id="74" goal_id="81"/>
  <agent start_id="13" goal_id="10"/>
  <agent start_id="90" goal_id="161"/>
  <agent start_id="48" goal_id="116"/>
  <agent start_id="7" goal_id="11"/>
  <agent start_id="11" goal_id="108"/>
  <agent start_id="141" goal_id="170"/>
  <agent start_id="16" goal_id="34"/>
  <agent start_id="94" goal_id="175"/>
  <agent start_id="171" goal_id="150"/>
  <agent start_id="122" goal_id="15"/>
  <agent start_id="33" goal_id="7"/>
  <agent start_id="188" goal_id="151"/>
  <agent start_id="15" goal_id="18"/>
  <agent start_id="32" goal_id="92"/>
</root>
