<?xml version="1.0" ?>
<root>
  <agent start_id="113" goal_id="156"/>
  <agent start_id="137" goal_id="122"/>
  <agent start_id="151" goal_id="18"/>
  <agent start_id="126" goal_id="5"/>
  <agent start_id="28" goal_id="51"/>
  <agent start_id="79" goal_id="188"/>
  <agent start_id="141" goal_id="107"/>
  <agent start_id="168" goal_id="69"/>
  <agent start_id="163" goal_id="42"/>
  <agent start_id="183" goal_id="67"/>
  <agent start_id="22" goal_id="0"/>
  <agent start_id="153" goal_id="88"/>
  <agent start_id="50" goal_id="158"/>
  <agent start_id="105" goal_id="44"/>
  <agent start_id="166" goal_id="173"/>
  <agent start_id="58" goal_id="24"/>
  <agent start_id="106" goal_id="70"/>
  <agent start_id="110" goal_id="187"/>
  <agent start_id="48" goal_id="132"/>
  <agent start_id="119" goal_id="165"/>
  <agent start_id="122" goal_id="43"/>
  <agent start_id="23" goal_id="73"/>
  <agent start_id="171" goal_id="115"/>
  <agent start_id="144" goal_id="119"/>
  <agent start_id="33" goal_id="15"/>
  <agent start_id="169" goal_id="62"/>
  <agent start_id="71" goal_id="144"/>
  <agent start_id="56" goal_id="11"/>
  <agent start_id="1" goal_id="108"/>
  <agent start_id="170" goal_id="86"/>
  <agent start_id="41" goal_id="131"/>
  <agent start_id="199" goal_id="6"/>
  <agent start_id="121" goal_id="104"/>
  <agent start_id="127" goal_id="40"/>
  <agent start_id="131" goal_id="170"/>
  <agent start_id="185" goal_id="192"/>
  <agent start_id="196" goal_id="174"/>
  <agent start_id="69" goal_id="33"/>
  <agent start_id="63" goal_id="180"/>
  <agent start_id="112" goal_id="167"/>
  <agent start_id="142" goal_id="55"/>
  <agent start_id="75" goal_id="14"/>
  <agent start_id="73" goal_id="125"/>
  <agent start_id="18" goal_id="76"/>
  <agent start_id="82" goal_id="27"/>
  <agent start_id="155" goal_id="123"/>
  <agent start_id="158" goal_id="194"/>
  <agent start_id="17" goal_id="143"/>
  <agent start_id="104" goal_id="196"/>
  <agent start_id="91" goal_id="13"/>
</root>
