<?xml version="1.0" ?>
<root>
  <agent start_id="116" goal_id="44"/>
  <agent start_id="166" goal_id="26"/>
  <agent start_id="35" goal_id="86"/>
  <agent start_id="117" goal_id="154"/>
  <agent start_id="71" goal_id="190"/>
  <agent start_id="28" goal_id="31"/>
  <agent start_id="38" goal_id="185"/>
  <agent start_id="6" goal_id="175"/>
  <agent start_id="144" goal_id="78"/>
  <agent start_id="68" goal_id="49"/>
  <agent start_id="176" goal_id="178"/>
  <agent start_id="16" goal_id="177"/>
  <agent start_id="59" goal_id="166"/>
  <agent start_id="54" goal_id="10"/>
  <agent start_id="44" goal_id="124"/>
  <agent start_id="97" goal_id="110"/>
  <agent start_id="111" goal_id="75"/>
  <agent start_id="148" goal_id="48"/>
  <agent start_id="193" goal_id="88"/>
  <agent start_id="94" goal_id="180"/>
  <agent start_id="57" goal_id="3"/>
  <agent start_id="13" goal_id="159"/>
  <agent start_id="160" goal_id="93"/>
  <agent start_id="52" goal_id="188"/>
  <agent start_id="2" goal_id="112"/>
  <agent start_id="132" goal_id="53"/>
  <agent start_id="69" goal_id="61"/>
  <agent start_id="126" goal_id="101"/>
  <agent start_id="81" goal_id="15"/>
  <agent start_id="123" goal_id="195"/>
  <agent start_id="9" goal_id="24"/>
  <agent start_id="73" goal_id="114"/>
  <agent start_id="106" goal_id="151"/>
  <agent start_id="188" goal_id="116"/>
  <agent start_id="175" goal_id="40"/>
  <agent start_id="23" goal_id="104"/>
  <agent start_id="178" goal_id="72"/>
  <agent start_id="147" goal_id="103"/>
  <agent start_id="141" goal_id="14"/>
  <agent start_id="75" goal_id="143"/>
  <agent start_id="80" goal_id="149"/>
  <agent start_id="120" goal_id="192"/>
  <agent start_id="39" goal_id="181"/>
  <agent start_id="4" goal_id="158"/>
  <agent start_id="84" goal_id="85"/>
  <agent start_id="171" goal_id="89"/>
  <agent start_id="190" goal_id="132"/>
  <agent start_id="174" goal_id="99"/>
  <agent start_id="181" goal_id="52"/>
  <agent start_id="42" goal_id="64"/>
</root>
