<?xml version="1.0" ?>
<root>
  <agent start_id="73" goal_id="43"/>
  <agent start_id="193" goal_id="37"/>
  <agent start_id="145" goal_id="46"/>
  <agent start_id="169" goal_id="113"/>
  <agent start_id="152" goal_id="158"/>
  <agent start_id="165" goal_id="73"/>
  <agent start_id="170" goal_id="70"/>
  <agent start_id="89" goal_id="137"/>
  <agent start_id="11" goal_id="20"/>
  <agent start_id="81" goal_id="74"/>
  <agent start_id="143" goal_id="18"/>
  <agent start_id="14" goal_id="196"/>
  <agent start_id="118" goal_id="36"/>
  <agent start_id="84" goal_id="95"/>
  <agent start_id="94" goal_id="45"/>
  <agent start_id="95" goal_id="105"/>
  <agent start_id="19" goal_id="135"/>
  <agent start_id="24" goal_id="28"/>
  <agent start_id="188" goal_id="49"/>
  <agent start_id="41" goal_id="130"/>
  <agent start_id="77" goal_id="94"/>
  <agent start_id="148" goal_id="41"/>
  <agent start_id="44" goal_id="62"/>
  <agent start_id="108" goal_id="55"/>
  <agent start_id="194" goal_id="129"/>
  <agent start_id="71" goal_id="141"/>
  <agent start_id="16" goal_id="183"/>
  <agent start_id="66" goal_id="99"/>
  <agent start_id="107" goal_id="145"/>
  <agent start_id="50" goal_id="193"/>
  <agent start_id="124" goal_id="175"/>
  <agent start_id="57" goal_id="34"/>
  <agent start_id="45" goal_id="125"/>
  <agent start_id="127" goal_id="26"/>
  <agent start_id="60" goal_id="10"/>
  <agent start_id="34" goal_id="57"/>
  <agent start_id="136" goal_id="169"/>
  <agent start_id="132" goal_id="98"/>
  <agent start_id="117" goal_id="3"/>
  <agent start_id="196" goal_id="81"/>
  <agent start_id="141" goal_id="23"/>
  <agent start_id="5" goal_id="32"/>
  <agent start_id="93" goal_id="31"/>
  <agent start_id="177" goal_id="128"/>
  <agent start_id="178" goal_id="154"/>
  <agent start_id="199" goal_id="12"/>
  <agent start_id="48" goal_id="101"/>
  <agent start_id="32" goal_id="100"/>
  <agent start_id="180" goal_id="177"/>
  <agent start_id="27" goal_id="103"/>
</root>
