<?xml version="1.0" ?>
<root>
  <agent start_id="152" goal_id="10"/>
  <agent start_id="53" goal_id="188"/>
  <agent start_id="110" goal_id="59"/>
  <agent start_id="120" goal_id="155"/>
  <agent start_id="25" goal_id="91"/>
  <agent start_id="66" goal_id="167"/>
  <agent start_id="84" goal_id="143"/>
  <agent start_id="34" goal_id="108"/>
  <agent start_id="143" goal_id="140"/>
  <agent start_id="37" goal_id="55"/>
  <agent start_id="52" goal_id="70"/>
  <agent start_id="82" goal_id="112"/>
  <agent start_id="92" goal_id="34"/>
  <agent start_id="137" goal_id="199"/>
  <agent start_id="176" goal_id="141"/>
  <agent start_id="127" goal_id="138"/>
  <agent start_id="0" goal_id="129"/>
  <agent start_id="56" goal_id="45"/>
  <agent start_id="69" goal_id="33"/>
  <agent start_id="51" goal_id="171"/>
  <agent start_id="115" goal_id="22"/>
  <agent start_id="170" goal_id="170"/>
  <agent start_id="116" goal_id="99"/>
  <agent start_id="129" goal_id="117"/>
  <agent start_id="68" goal_id="101"/>
  <agent start_id="147" goal_id="7"/>
  <agent start_id="141" goal_id="116"/>
  <agent start_id="197" goal_id="114"/>
  <agent start_id="124" goal_id="19"/>
  <agent start_id="76" goal_id="124"/>
  <agent start_id="35" goal_id="187"/>
  <agent start_id="175" goal_id="185"/>
  <agent start_id="50" goal_id="96"/>
  <agent start_id="119" goal_id="77"/>
  <agent start_id="24" goal_id="184"/>
  <agent start_id="174" goal_id="105"/>
  <agent start_id="10" goal_id="177"/>
  <agent start_id="16" goal_id="121"/>
  <agent start_id="79" goal_id="148"/>
  <agent start_id="178" goal_id="147"/>
  <agent start_id="42" goal_id="128"/>
  <agent start_id="6" goal_id="24"/>
  <agent start_id="123" goal_id="192"/>
  <agent start_id="185" goal_id="43"/>
  <agent start_id="191" goal_id="52"/>
  <agent start_id="121" goal_id="28"/>
  <agent start_id="156" goal_id="71"/>
  <agent start_id="145" goal_id="37"/>
  <agent start_id="100" goal_id="193"/>
  <agent start_id="5" goal_id="42"/>
</root>
