<?xml version="1.0" ?>
<root>
  <agent start_id="111" goal_id="11"/>
  <agent start_id="87" goal_id="95"/>
  <agent start_id="108" goal_id="113"/>
  <agent start_id="135" goal_id="133"/>
  <agent start_id="64" goal_id="35"/>
  <agent start_id="40" goal_id="26"/>
  <agent start_id="178" goal_id="163"/>
  <agent start_id="1" goal_id="100"/>
  <agent start_id="106" goal_id="118"/>
  <agent start_id="14" goal_id="45"/>
  <agent start_id="49" goal_id="150"/>
  <agent start_id="9" goal_id="91"/>
  <agent start_id="189" goal_id="121"/>
  <agent start_id="162" goal_id="82"/>
  <agent start_id="68" goal_id="178"/>
  <agent start_id="124" goal_id="166"/>
  <agent start_id="73" goal_id="14"/>
  <agent start_id="46" goal_id="182"/>
  <agent start_id="7" goal_id="49"/>
  <agent start_id="47" goal_id="126"/>
  <agent start_id="82" goal_id="40"/>
  <agent start_id="16" goal_id="107"/>
  <agent start_id="156" goal_id="12"/>
  <agent start_id="139" goal_id="191"/>
  <agent start_id="161" goal_id="179"/>
  <agent start_id="76" goal_id="159"/>
  <agent start_id="26" goal_id="59"/>
  <agent start_id="152" goal_id="109"/>
  <agent start_id="96" goal_id="142"/>
  <agent start_id="71" goal_id="42"/>
  <agent start_id="126" goal_id="23"/>
  <agent start_id="31" goal_id="62"/>
  <agent start_id="123" goal_id="141"/>
  <agent start_id="94" goal_id="88"/>
  <agent start_id="92" goal_id="192"/>
  <agent start_id="183" goal_id="110"/>
  <agent start_id="164" goal_id="33"/>
  <agent start_id="194" goal_id="85"/>
  <agent start_id="35" goal_id="156"/>
  <agent start_id="182" goal_id="24"/>
  <agent start_id="120" goal_id="138"/>
  <agent start_id="168" goal_id="77"/>
  <agent start_id="4" goal_id="71"/>
  <agent start_id="22" goal_id="152"/>
  <agent start_id="45" goal_id="170"/>
  <agent start_id="166" goal_id="135"/>
  <agent start_id="78" goal_id="13"/>
  <agent start_id="121" goal_id="72"/>
  <agent start_id="28" goal_id="137"/>
  <agent start_id="50" goal_id="8"/>
</root>
