<?xml version="1.0" ?>
<root>
  <agent start_id="66" goal_id="113"/>
  <agent start_id="175" goal_id="27"/>
  <agent start_id="49" goal_id="12"/>
  <agent start_id="24" goal_id="48"/>
  <agent start_id="2" goal_id="124"/>
  <agent start_id="23" goal_id="25"/>
  <agent start_id="36" goal_id="165"/>
  <agent start_id="169" goal_id="78"/>
  <agent start_id="0" goal_id="129"/>
  <agent start_id="162" goal_id="87"/>
  <agent start_id="94" goal_id="121"/>
  <agent start_id="4" goal_id="194"/>
  <agent start_id="167" goal_id="30"/>
  <agent start_id="117" goal_id="32"/>
  <agent start_id="182" goal_id="100"/>
  <agent start_id="48" goal_id="191"/>
  <agent start_id="105" goal_id="131"/>
  <agent start_id="133" goal_id="103"/>
  <agent start_id="171" goal_id="190"/>
  <agent start_id="34" goal_id="59"/>
  <agent start_id="100" goal_id="157"/>
  <agent start_id="134" goal_id="146"/>
  <agent start_id="99" goal_id="145"/>
  <agent start_id="87" goal_id="104"/>
  <agent start_id="83" goal_id="1"/>
  <agent start_id="74" goal_id="5"/>
  <agent start_id="103" goal_id="35"/>
  <agent start_id="38" goal_id="19"/>
  <agent start_id="140" goal_id="173"/>
  <agent start_id="15" goal_id="119"/>
  <agent start_id="199" goal_id="70"/>
  <agent start_id="51" goal_id="178"/>
  <agent start_id="121" goal_id="132"/>
  <agent start_id="147" goal_id="29"/>
  <agent start_id="150" goal_id="123"/>
  <agent start_id="152" goal_id="60"/>
  <agent start_id="186" goal_id="120"/>
  <agent start_id="183" goal_id="94"/>
  <agent start_id="3" goal_id="163"/>
  <agent start_id="27" goal_id="99"/>
  <agent start_id="144" goal_id="9"/>
  <agent start_id="37" goal_id="184"/>
  <agent start_id="151" goal_id="171"/>
  <agent start_id="52" goal_id="105"/>
  <agent start_id="111" goal_id="24"/>
  <agent start_id="78" goal_id="91"/>
  <agent start_id="11" goal_id="139"/>
  <agent start_id="59" goal_id="155"/>
  <agent start_id="28" goal_id="186"/>
  <agent start_id="190" goal_id="83"/>
</root>
