<?xml version="1.0" ?>
<root>
  <agent start_id="178" goal_id="89"/>
  <agent start_id="131" goal_id="52"/>
  <agent start_id="1" goal_id="189"/>
  <agent start_id="120" goal_id="13"/>
  <agent start_id="90" goal_id="186"/>
  <agent start_id="180" goal_id="117"/>
  <agent start_id="147" goal_id="161"/>
  <agent start_id="191" goal_id="109"/>
  <agent start_id="183" goal_id="106"/>
  <agent start_id="12" goal_id="66"/>
  <agent start_id="68" goal_id="180"/>
  <agent start_id="40" goal_id="67"/>
  <agent start_id="29" goal_id="164"/>
  <agent start_id="196" goal_id="119"/>
  <agent start_id="79" goal_id="18"/>
  <agent start_id="65" goal_id="136"/>
  <agent start_id="11" goal_id="194"/>
  <agent start_id="53" goal_id="124"/>
  <agent start_id="172" goal_id="147"/>
  <agent start_id="58" goal_id="192"/>
  <agent start_id="2" goal_id="94"/>
  <agent start_id="9" goal_id="178"/>
  <agent start_id="13" goal_id="57"/>
  <agent start_id="37" goal_id="118"/>
  <agent start_id="148" goal_id="36"/>
  <agent start_id="49" goal_id="176"/>
  <agent start_id="42" goal_id="15"/>
  <agent start_id="94" goal_id="151"/>
  <agent start_id="96" goal_id="187"/>
  <agent start_id="192" goal_id="74"/>
  <agent start_id="122" goal_id="183"/>
  <agent start_id="43" goal_id="154"/>
  <agent start_id="4" goal_id="130"/>
  <agent start_id="75" goal_id="92"/>
  <agent start_id="114" goal_id="123"/>
  <agent start_id="56" goal_id="114"/>
  <agent start_id="143" goal_id="122"/>
  <agent start_id="77" goal_id="120"/>
  <agent start_id="46" goal_id="197"/>
  <agent start_id="19" goal_id="142"/>
  <agent start_id="194" goal_id="139"/>
  <agent start_id="14" goal_id="199"/>
  <agent start_id="99" goal_id="169"/>
  <agent start_id="100" goal_id="159"/>
  <agent start_id="86" goal_id="31"/>
  <agent start_id="61" goal_id="93"/>
  <agent start_id="16" goal_id="45"/>
  <agent start_id="151" goal_id="68"/>
  <agent start_id="197" goal_id="155"/>
  <agent start_id="83" goal_id="85"/>
</root>
