<?xml version="1.0" ?>
<root>
  <agent start_id="136" goal_id="64"/>
  <agent start_id="199" goal_id="134"/>
  <agent start_id="124" goal_id="60"/>
  <agent start_id="111" goal_id="98"/>
  <agent start_id="37" goal_id="195"/>
  <agent start_id="74" goal_id="136"/>
  <agent start_id="141" goal_id="185"/>
  <agent start_id="120" goal_id="150"/>
  <agent start_id="144" goal_id="77"/>
  <agent start_id="86" goal_id="145"/>
  <agent start_id="190" goal_id="176"/>
  <agent start_id="174" goal_id="23"/>
  <agent start_id="44" goal_id="43"/>
  <agent start_id="77" goal_id="31"/>
  <agent start_id="153" goal_id="32"/>
  <agent start_id="32" goal_id="21"/>
  <agent start_id="9" goal_id="80"/>
  <agent start_id="85" goal_id="169"/>
  <agent start_id="89" goal_id="183"/>
  <agent start_id="7" goal_id="171"/>
  <agent start_id="43" goal_id="138"/>
  <agent start_id="148" goal_id="153"/>
  <agent start_id="64" goal_id="45"/>
  <agent start_id="57" goal_id="167"/>
  <agent start_id="132" goal_id="123"/>
  <agent start_id="167" goal_id="159"/>
  <agent start_id="195" goal_id="17"/>
  <agent start_id="150" goal_id="190"/>
  <agent start_id="134" goal_id="41"/>
  <agent start_id="49" goal_id="0"/>
  <agent start_id="196" goal_id="96"/>
  <agent start_id="177" goal_id="188"/>
  <agent start_id="156" goal_id="66"/>
  <agent start_id="23" goal_id="97"/>
  <agent start_id="129" goal_id="24"/>
  <agent start_id="34" goal_id="51"/>
  <agent start_id="125" goal_id="125"/>
  <agent start_id="59" goal_id="8"/>
  <agent start_id="113" goal_id="133"/>
  <agent start_id="119" goal_id="142"/>
  <agent start_id="72" goal_id="181"/>
  <agent start_id="92" goal_id="112"/>
  <agent start_id="12" goal_id="187"/>
  <agent start_id="41" goal_id="137"/>
  <agent start_id="22" goal_id="9"/>
  <agent start_id="140" goal_id="115"/>
  <agent start_id="28" goal_id="192"/>
  <agent start_id="191" goal_id="99"/>
  <agent start_id="117" goal_id="129"/>
  <agent start_id="127" goal_id="35"/>
</root>
