<?xml version="1.0" ?>
<root>
  <agent start_id="55" goal_id="91"/>
  <agent start_id="181" goal_id="15"/>
  <agent start_id="81" goal_id="160"/>
  <agent start_id="15" goal_id="75"/>
  <agent start_id="94" goal_id="35"/>
  <agent start_id="32" goal_id="41"/>
  <agent start_id="171" goal_id="190"/>
  <agent start_id="123" goal_id="106"/>
  <agent start_id="80" goal_id="199"/>
  <agent start_id="4" goal_id="137"/>
  <agent start_id="119" goal_id="102"/>
  <agent start_id="25" goal_id="20"/>
  <agent start_id="43" goal_id="122"/>
  <agent start_id="36" goal_id="27"/>
  <agent start_id="67" goal_id="109"/>
  <agent start_id="102" goal_id="42"/>
  <agent start_id="23" goal_id="145"/>
  <agent start_id="117" goal_id="178"/>
  <agent start_id="13" goal_id="8"/>
  <agent start_id="149" goal_id="94"/>
  <agent start_id="83" goal_id="183"/>
  <agent start_id="113" goal_id="6"/>
  <agent start_id="88" goal_id="180"/>
  <agent start_id="169" goal_id="24"/>
  <agent start_id="50" goal_id="76"/>
  <agent start_id="175" goal_id="146"/>
  <agent start_id="84" goal_id="162"/>
  <agent start_id="168" goal_id="79"/>
  <agent start_id="20" goal_id="86"/>
  <agent start_id="160" goal_id="119"/>
  <agent start_id="74" goal_id="12"/>
  <agent start_id="87" goal_id="90"/>
  <agent start_id="143" goal_id="181"/>
  <agent start_id="57" goal_id="188"/>
  <agent start_id="136" goal_id="148"/>
  <agent start_id="184" goal_id="191"/>
  <agent start_id="193" goal_id="118"/>
  <agent start_id="131" goal_id="89"/>
  <agent start_id="156" goal_id="134"/>
  <agent start_id="122" goal_id="159"/>
  <agent start_id="68" goal_id="93"/>
  <agent start_id="111" goal_id="144"/>
  <agent start_id="44" goal_id="54"/>
  <agent start_id="78" goal_id="48"/>
  <agent start_id="159" goal_id="64"/>
  <agent start_id="61" goal_id="23"/>
  <agent start_id="116" goal_id="73"/>
  <agent start_id="52" goal_id="142"/>
  <agent start_id="71" goal_id="196"/>
  <agent start_id="11" goal_id="123"/>
</root>
