<?xml version="1.0" ?>
<root>
  <agent start_id="172" goal_id="178"/>
  <agent start_id="73" goal_id="154"/>
  <agent start_id="65" goal_id="126"/>
  <agent start_id="114" goal_id="140"/>
  <agent start_id="135" goal_id="90"/>
  <agent start_id="78" goal_id="92"/>
  <agent start_id="178" goal_id="199"/>
  <agent start_id="13" goal_id="20"/>
  <agent start_id="18" goal_id="29"/>
  <agent start_id="161" goal_id="7"/>
  <agent start_id="12" goal_id="195"/>
  <agent start_id="193" goal_id="31"/>
  <agent start_id="195" goal_id="23"/>
  <agent start_id="71" goal_id="139"/>
  <agent start_id="147" goal_id="136"/>
  <agent start_id="50" goal_id="118"/>
  <agent start_id="99" goal_id="94"/>
  <agent start_id="183" goal_id="198"/>
  <agent start_id="103" goal_id="65"/>
  <agent start_id="28" goal_id="59"/>
  <agent start_id="66" goal_id="158"/>
  <agent start_id="181" goal_id="37"/>
  <agent start_id="67" goal_id="109"/>
  <agent start_id="23" goal_id="40"/>
  <agent start_id="41" goal_id="68"/>
  <agent start_id="139" goal_id="44"/>
  <agent start_id="188" goal_id="25"/>
  <agent start_id="100" goal_id="41"/>
  <agent start_id="68" goal_id="2"/>
  <agent start_id="164" goal_id="180"/>
  <agent start_id="75" goal_id="171"/>
  <agent start_id="105" goal_id="132"/>
  <agent start_id="36" goal_id="82"/>
  <agent start_id="22" goal_id="185"/>
  <agent start_id="159" goal_id="71"/>
  <agent start_id="169" goal_id="123"/>
  <agent start_id="180" goal_id="74"/>
  <agent start_id="40" goal_id="56"/>
  <agent start_id="39" goal_id="169"/>
  <agent start_id="57" goal_id="42"/>
  <agent start_id="77" goal_id="166"/>
  <agent start_id="25" goal_id="57"/>
  <agent start_id="46" goal_id="197"/>
  <agent start_id="141" goal_id="191"/>
  <agent start_id="24" goal_id="155"/>
  <agent start_id="52" goal_id="145"/>
  <agent start_id="174" goal_id="187"/>
  <agent start_id="112" goal_id="32"/>
  <agent start_id="125" goal_id="80"/>
  <agent start_id="95" goal_id="54"/>
</root>
