<?xml version="1.0" ?>
<root>
  <agent start_id="174" goal_id="14"/>
  <agent start_id="183" goal_id="41"/>
  <agent start_id="62" goal_id="166"/>
  <agent start_id="169" goal_id="131"/>
  <agent start_id="196" goal_id="81"/>
  <agent start_id="154" goal_id="198"/>
  <agent start_id="67" goal_id="140"/>
  <agent start_id="150" goal_id="0"/>
  <agent start_id="9" goal_id="135"/>
  <agent start_id="22" goal_id="27"/>
  <agent start_id="95" goal_id="33"/>
  <agent start_id="60" goal_id="51"/>
  <agent start_id="79" goal_id="88"/>
  <agent start_id="96" goal_id="3"/>
  <agent start_id="27" goal_id="5"/>
  <agent start_id="69" goal_id="30"/>
  <agent start_id="55" goal_id="154"/>
  <agent start_id="191" goal_id="125"/>
  <agent start_id="64" goal_id="189"/>
  <agent start_id="178" goal_id="128"/>
  <agent start_id="58" goal_id="74"/>
  <agent start_id="5" goal_id="126"/>
  <agent start_id="123" goal_id="92"/>
  <agent start_id="46" goal_id="109"/>
  <agent start_id="125" goal_id="97"/>
  <agent start_id="140" goal_id="162"/>
  <agent start_id="157" goal_id="150"/>
  <agent start_id="4" goal_id="34"/>
  <agent start_id="181" goal_id="53"/>
  <agent start_id="104" goal_id="79"/>
  <agent start_id="88" goal_id="43"/>
  <agent start_id="114" goal_id="142"/>
  <agent start_id="137" goal_id="184"/>
  <agent start_id="193" goal_id="77"/>
  <agent start_id="72" goal_id="84"/>
  <agent start_id="28" goal_id="170"/>
  <agent start_id="0" goal_id="102"/>
  <agent start_id="25" goal_id="94"/>
  <agent start_id="97" goal_id="152"/>
  <agent start_id="146" goal_id="99"/>
  <agent start_id="187" goal_id="45"/>
  <agent start_id="118" goal_id="39"/>
  <agent start_id="66" goal_id="122"/>
  <agent start_id="102" goal_id="9"/>
  <agent start_id="40" goal_id="187"/>
  <agent start_id="90" goal_id="44"/>
  <agent start_id="83" goal_id="96"/>
  <agent start_id="132" goal_id="59"/>
  <agent start_id="185" goal_id="174"/>
  <agent start_id="77" goal_id="145"/>
</root>
