<?xml version="1.0" ?>
<root>
  <agent start_id="180" goal_id="39"/>
  <agent start_id="116" goal_id="86"/>
  <agent start_id="141" goal_id="195"/>
  <agent start_id="54" goal_id="159"/>
  <agent start_id="19" goal_id="40"/>
  <agent start_id="91" goal_id="126"/>
  <agent start_id="145" goal_id="35"/>
  <agent start_id="48" goal_id="98"/>
  <agent start_id="152" goal_id="59"/>
  <agent start_id="177" goal_id="93"/>
  <agent start_id="73" goal_id="79"/>
  <agent start_id="138" goal_id="173"/>
  <agent start_id="21" goal_id="28"/>
  <agent start_id="89" goal_id="48"/>
  <agent start_id="164" goal_id="118"/>
  <agent start_id="83" goal_id="57"/>
  <agent start_id="173" goal_id="196"/>
  <agent start_id="105" goal_id="133"/>
  <agent start_id="144" goal_id="109"/>
  <agent start_id="179" goal_id="140"/>
  <agent start_id="127" goal_id="54"/>
  <agent start_id="193" goal_id="32"/>
  <agent start_id="108" goal_id="162"/>
  <agent start_id="191" goal_id="63"/>
  <agent start_id="3" goal_id="111"/>
  <agent start_id="30" goal_id="50"/>
  <agent start_id="170" goal_id="74"/>
  <agent start_id="111" goal_id="163"/>
  <agent start_id="56" goal_id="156"/>
  <agent start_id="82" goal_id="65"/>
  <agent start_id="27" goal_id="106"/>
  <agent start_id="181" goal_id="99"/>
  <agent start_id="140" goal_id="38"/>
  <agent start_id="90" goal_id="67"/>
  <agent start_id="75" goal_id="25"/>
  <agent start_id="156" goal_id="15"/>
  <agent start_id="17" goal_id="33"/>
  <agent start_id="65" goal_id="170"/>
  <agent start_id="26" goal_id="21"/>
  <agent start_id="69" goal_id="27"/>
  <agent start_id="135" goal_id="180"/>
  <agent start_id="195" goal_id="42"/>
  <agent start_id="36" goal_id="184"/>
  <agent start_id="147" goal_id="62"/>
  <agent start_id="0" goal_id="130"/>
  <agent start_id="67" goal_id="147"/>
  <agent start_id="24" goal_id="145"/>
  <agent start_id="167" goal_id="17"/>
  <agent start_id="6" goal_id="46"/>
  <agent start_id="171" goal_id="95"/>
</root>
