<?xml version="1.0" ?>
<root>
  <agent start_id="159" goal_id="111"/>
  <agent start_id="87" goal_id="149"/>
  <agent start_id="53" goal_id="107"/>
  <agent start_id="4" goal_id="158"/>
  <agent start_id="12" goal_id="136"/>
  <agent start_id="155" goal_id="190"/>
  <agent start_id="186" goal_id="193"/>
  <agent start_id="91" goal_id="141"/>
  <agent start_id="76" goal_id="86"/>
  <agent start_id="17" goal_id="58"/>
  <agent start_id="131" goal_id="14"/>
  <agent start_id="136" goal_id="112"/>
  <agent start_id="177" goal_id="73"/>
  <agent start_id="71" goal_id="68"/>
  <agent start_id="82" goal_id="188"/>
  <agent start_id="7" goal_id="153"/>
  <agent start_id="176" goal_id="169"/>
  <agent start_id="85" goal_id="93"/>
  <agent start_id="45" goal_id="163"/>
  <agent start_id="127" goal_id="47"/>
  <agent start_id="49" goal_id="56"/>
  <agent start_id="98" goal_id="31"/>
  <agent start_id="14" goal_id="1"/>
  <agent start_id="173" goal_id="43"/>
  <agent start_id="28" goal_id="11"/>
  <agent start_id="21" goal_id="25"/>
  <agent start_id="144" goal_id="77"/>
  <agent start_id="167" goal_id="131"/>
  <agent start_id="96" goal_id="62"/>
  <agent start_id="192" goal_id="175"/>
  <agent start_id="168" goal_id="44"/>
  <agent start_id="101" goal_id="101"/>
  <agent start_id="142" goal_id="95"/>
  <agent start_id="2" goal_id="143"/>
  <agent start_id="31" goal_id="179"/>
  <agent start_id="118" goal_id="146"/>
  <agent start_id="171" goal_id="26"/>
  <agent start_id="160" goal_id="4"/>
  <agent start_id="48" goal_id="113"/>
  <agent start_id="189" goal_id="155"/>
  <agent start_id="132" goal_id="66"/>
  <agent start_id="79" goal_id="52"/>
  <agent start_id="114" goal_id="197"/>
  <agent start_id="178" goal_id="50"/>
  <agent start_id="38" goal_id="181"/>
  <agent start_id="39" goal_id="128"/>
  <agent start_id="198" goal_id="54"/>
  <agent start_id="146" goal_id="85"/>
  <agent start_id="112" goal_id="28"/>
  <agent start_id="133" goal_id="72"/>
</root>
