<?xml version="1.0" ?>
<root>
  <agent start_id="106" goal_id="161"/>
  <agent start_id="2" goal_id="95"/>
  <agent start_id="118" goal_id="195"/>
  <agent start_id="109" goal_id="10"/>
  <agent start_id="126" goal_id="16"/>
  <agent start_id="103" goal_id="160"/>
  <agent start_id="105" goal_id="25"/>
  <agent start_id="20" goal_id="181"/>
  <agent start_id="156" goal_id="142"/>
  <agent start_id="177" goal_id="13"/>
  <agent start_id="140" goal_id="0"/>
  <agent start_id="96" goal_id="72"/>
  <agent start_id="39" goal_id="100"/>
  <agent start_id="30" goal_id="69"/>
  <agent start_id="45" goal_id="132"/>
  <agent start_id="136" goal_id="58"/>
  <agent start_id="85" goal_id="131"/>
  <agent start_id="142" goal_id="81"/>
  <agent start_id="26" goal_id="45"/>
  <agent start_id="62" goal_id="116"/>
  <agent start_id="42" goal_id="54"/>
  <agent start_id="191" goal_id="82"/>
  <agent start_id="41" goal_id="183"/>
  <agent start_id="56" goal_id="157"/>
  <agent start_id="166" goal_id="124"/>
  <agent start_id="49" goal_id="57"/>
  <agent start_id="192" goal_id="71"/>
  <agent start_id="199" goal_id="24"/>
  <agent start_id="81" goal_id="164"/>
  <agent start_id="14" goal_id="20"/>
  <agent start_id="59" goal_id="42"/>
  <agent start_id="71" goal_id="139"/>
  <agent start_id="38" goal_id="15"/>
  <agent start_id="135" goal_id="88"/>
  <agent start_id="144" goal_id="48"/>
  <agent start_id="130" goal_id="21"/>
  <agent start_id="196" goal_id="189"/>
  <agent start_id="7" goal_id="154"/>
  <agent start_id="121" goal_id="102"/>
  <agent start_id="87" goal_id="121"/>
  <agent start_id="141" goal_id="51"/>
  <agent start_id="185" goal_id="98"/>
  <agent start_id="97" goal_id="186"/>
  <agent start_id="35" goal_id="5"/>
  <agent start_id="119" goal_id="149"/>
  <agent start_id="173" goal_id="198"/>
  <agent start_id="23" goal_id="190"/>
  <agent start_id="134" goal_id="55"/>
  <agent start_id="55" goal_id="33"/>
  <agent start_id="15" goal_id="172"/>
</root>
