<?xml version="1.0" ?>
<root>
  <agent start_id="177" goal_id="48"/>
  <agent start_id="180" goal_id="109"/>
  <agent start_id="1" goal_id="87"/>
  <agent start_id="145" goal_id="69"/>
  <agent start_id="164" goal_id="159"/>
  <agent start_id="29" goal_id="176"/>
  <agent start_id="128" goal_id="118"/>
  <agent start_id="151" goal_id="81"/>
  <agent start_id="62" goal_id="132"/>
  <agent start_id="137" goal_id="102"/>
  <agent start_id="129" goal_id="104"/>
  <agent start_id="11" goal_id="86"/>
  <agent start_id="190" goal_id="92"/>
  <agent start_id="191" goal_id="21"/>
  <agent start_id="43" goal_id="123"/>
  <agent start_id="146" goal_id="115"/>
  <agent start_id="8" goal_id="3"/>
  <agent start_id="32" goal_id="144"/>
  <agent start_id="89" goal_id="128"/>
  <agent start_id="117" goal_id="70"/>
  <agent start_id="196" goal_id="55"/>
  <agent start_id="30" goal_id="52"/>
  <agent start_id="76" goal_id="184"/>
  <agent start_id="83" goal_id="99"/>
  <agent start_id="91" goal_id="95"/>
  <agent start_id="103" goal_id="178"/>
  <agent start_id="50" goal_id="147"/>
  <agent start_id="161" goal_id="53"/>
  <agent start_id="119" goal_id="191"/>
  <agent start_id="6" goal_id="167"/>
  <agent start_id="172" goal_id="133"/>
  <agent start_id="135" goal_id="23"/>
  <agent start_id="121" goal_id="173"/>
  <agent start_id="130" goal_id="26"/>
  <agent start_id="49" goal_id="18"/>
  <agent start_id="139" goal_id="160"/>
  <agent start_id="34" goal_id="93"/>
  <agent start_id="132" goal_id="189"/>
  <agent start_id="16" goal_id="142"/>
  <agent start_id="124" goal_id="169"/>
  <agent start_id="23" goal_id="194"/>
  <agent start_id="140" goal_id="30"/>
  <agent start_id="53" goal_id="163"/>
  <agent start_id="187" goal_id="177"/>
  <agent start_id="51" goal_id="14"/>
  <agent start_id="71" goal_id="57"/>
  <agent start_id="44" goal_id="60"/>
  <agent start_id="57" goal_id="198"/>
  <agent start_id="115" goal_id="129"/>
  <agent start_id="15" goal_id="74"/>
</root>
