<?xml version="1.0" ?>
<root>
  <agent start_id="176" goal_id="171"/>
  <agent start_id="30" goal_id="156"/>
  <agent start_id="185" goal_id="25"/>
  <agent start_id="194" goal_id="133"/>
  <agent start_id="40" goal_id="30"/>
  <agent start_id="51" goal_id="20"/>
  <agent start_id="11" goal_id="107"/>
  <agent start_id="141" goal_id="111"/>
  <agent start_id="130" goal_id="176"/>
  <agent start_id="58" goal_id="65"/>
  <agent start_id="75" goal_id="189"/>
  <agent start_id="171" goal_id="5"/>
  <agent start_id="1" goal_id="121"/>
  <agent start_id="127" goal_id="32"/>
  <agent start_id="42" goal_id="31"/>
  <agent start_id="196" goal_id="104"/>
  <agent start_id="85" goal_id="98"/>
  <agent start_id="18" goal_id="114"/>
  <agent start_id="134" goal_id="93"/>
  <agent start_id="114" goal_id="191"/>
  <agent start_id="37" goal_id="116"/>
  <agent start_id="15" goal_id="59"/>
  <agent start_id="125" goal_id="36"/>
  <agent start_id="73" goal_id="122"/>
  <agent start_id="98" goal_id="144"/>
  <agent start_id="64" goal_id="175"/>
  <agent start_id="99" goal_id="169"/>
  <agent start_id="177" goal_id="149"/>
  <agent start_id="92" goal_id="138"/>
  <agent start_id="193" goal_id="158"/>
  <agent start_id="167" goal_id="3"/>
  <agent start_id="28" goal_id="39"/>
  <agent start_id="118" goal_id="41"/>
  <agent start_id="69" goal_id="183"/>
  <agent start_id="142" goal_id="170"/>
  <agent start_id="95" goal_id="82"/>
  <agent start_id="87" goal_id="109"/>
  <agent start_id="160" goal_id="0"/>
  <agent start_id="111" goal_id="125"/>
  <agent start_id="100" goal_id="195"/>
  <agent start_id="155" goal_id="11"/>
  <agent start_id="79" goal_id="163"/>
  <agent start_id="102" goal_id="135"/>
  <agent start_id="10" goal_id="40"/>
  <agent start_id="48" goal_id="105"/>
  <agent start_id="38" goal_id="185"/>
  <agent start_id="5" goal_id="174"/>
  <agent start_id="17" goal_id="162"/>
  <agent start_id="178" goal_id="2"/>
  <agent start_id="34" goal_id="178"/>
</root>
