<?xml version="1.0" ?>
<root>
  <agent start_id="193" goal_id="165"/>
  <agent start_id="81" goal_id="159"/>
  <agent start_id="160" goal_id="93"/>
  <agent start_id="195" goal_id="155"/>
  <agent start_id="53" goal_id="17"/>
  <agent start_id="138" goal_id="139"/>
  <agent start_id="179" goal_id="115"/>
  <agent start_id="21" goal_id="75"/>
  <agent start_id="35" goal_id="81"/>
  <agent start_id="69" goal_id="195"/>
  <agent start_id="47" goal_id="72"/>
  <agent start_id="16" goal_id="124"/>
  <agent start_id="150" goal_id="37"/>
  <agent start_id="89" goal_id="35"/>
  <agent start_id="117" goal_id="105"/>
  <agent start_id="153" goal_id="69"/>
  <agent start_id="178" goal_id="19"/>
  <agent start_id="180" goal_id="88"/>
  <agent start_id="99" goal_id="149"/>
  <agent start_id="115" goal_id="187"/>
  <agent start_id="93" goal_id="28"/>
  <agent start_id="129" goal_id="33"/>
  <agent start_id="32" goal_id="52"/>
  <agent start_id="76" goal_id="60"/>
  <agent start_id="162" goal_id="87"/>
  <agent start_id="25" goal_id="188"/>
  <agent start_id="20" goal_id="65"/>
  <agent start_id="198" goal_id="176"/>
  <agent start_id="80" goal_id="148"/>
  <agent start_id="33" goal_id="71"/>
  <agent start_id="15" goal_id="55"/>
  <agent start_id="38" goal_id="137"/>
  <agent start_id="98" goal_id="190"/>
  <agent start_id="184" goal_id="10"/>
  <agent start_id="171" goal_id="100"/>
  <agent start_id="31" goal_id="21"/>
  <agent start_id="170" goal_id="171"/>
  <agent start_id="4" goal_id="49"/>
  <agent start_id="147" goal_id="161"/>
  <agent start_id="102" goal_id="50"/>
  <agent start_id="58" goal_id="1"/>
  <agent start_id="107" goal_id="129"/>
  <agent start_id="113" goal_id="121"/>
  <agent start_id="108" goal_id="184"/>
  <agent start_id="90" goal_id="84"/>
  <agent start_id="163" goal_id="90"/>
  <agent start_id="70" goal_id="27"/>
  <agent start_id="0" goal_id="127"/>
  <agent start_id="148" goal_id="164"/>
  <agent start_id="49" goal_id="18"/>
</root>
