<?xml version="1.0" ?>
<root>
  <agent start_id="156" goal_id="171"/>
  <agent start_id="87" goal_id="69"/>
  <agent start_id="22" goal_id="118"/>
  <agent start_id="39" goal_id="148"/>
  <agent start_id="158" goal_id="136"/>
  <agent start_id="88" goal_id="14"/>
  <agent start_id="57" goal_id="33"/>
  <agent start_id="69" goal_id="1"/>
  <agent start_id="16" goal_id="195"/>
  <agent start_id="195" goal_id="131"/>
  <agent start_id="168" goal_id="60"/>
  <agent start_id="111" goal_id="89"/>
  <agent start_id="191" goal_id="133"/>
  <agent start_id="89" goal_id="56"/>
  <agent start_id="27" goal_id="141"/>
  <agent start_id="155" goal_id="129"/>
  <agent start_id="126" goal_id="112"/>
  <agent start_id="153" goal_id="105"/>
  <agent start_id="74" goal_id="15"/>
  <agent start_id="84" goal_id="85"/>
  <agent start_id="116" goal_id="25"/>
  <agent start_id="142" goal_id="70"/>
  <agent start_id="188" goal_id="47"/>
  <agent start_id="120" goal_id="0"/>
  <agent start_id="12" goal_id="95"/>
  <agent start_id="110" goal_id="144"/>
  <agent start_id="31" goal_id="190"/>
  <agent start_id="193" goal_id="30"/>
  <agent start_id="63" goal_id="90"/>
  <agent start_id="174" goal_id="17"/>
  <agent start_id="44" goal_id="38"/>
  <agent start_id="123" goal_id="196"/>
  <agent start_id="163" goal_id="78"/>
  <agent start_id="9" goal_id="4"/>
  <agent start_id="149" goal_id="145"/>
  <agent start_id="33" goal_id="162"/>
  <agent start_id="122" goal_id="187"/>
  <agent start_id="198" goal_id="9"/>
  <agent start_id="96" goal_id="155"/>
  <agent start_id="65" goal_id="71"/>
  <agent start_id="106" goal_id="12"/>
  <agent start_id="137" goal_id="177"/>
  <agent start_id="3" goal_id="19"/>
  <agent start_id="40" goal_id="45"/>
  <agent start_id="5" goal_id="21"/>
  <agent start_id="182" goal_id="31"/>
  <agent start_id="92" goal_id="48"/>
  <agent start_id="186" goal_id="151"/>
  <agent start_id="55" goal_id="139"/>
  <agent start_id="108" goal_id="192"/>
</root>
