<?xml version="1.0" ?>
<root>
  <agent start_id="90" goal_id="178"/>
  <agent start_id="141" goal_id="129"/>
  <agent start_id="157" goal_id="74"/>
  <agent start_id="161" goal_id="67"/>
  <agent start_id="19" goal_id="183"/>
  <agent start_id="24" goal_id="197"/>
  <agent start_id="6" goal_id="96"/>
  <agent start_id="45" goal_id="14"/>
  <agent start_id="74" goal_id="108"/>
  <agent start_id="199" goal_id="185"/>
  <agent start_id="89" goal_id="110"/>
  <agent start_id="174" goal_id="161"/>
  <agent start_id="147" goal_id="191"/>
  <agent start_id="114" goal_id="61"/>
  <agent start_id="28" goal_id="35"/>
  <agent start_id="60" goal_id="146"/>
  <agent start_id="68" goal_id="12"/>
  <agent start_id="166" goal_id="39"/>
  <agent start_id="116" goal_id="113"/>
  <agent start_id="148" goal_id="144"/>
  <agent start_id="16" goal_id="21"/>
  <agent start_id="17" goal_id="111"/>
  <agent start_id="132" goal_id="151"/>
  <agent start_id="52" goal_id="36"/>
  <agent start_id="46" goal_id="148"/>
  <agent start_id="126" goal_id="49"/>
  <agent start_id="160" goal_id="77"/>
  <agent start_id="56" goal_id="194"/>
  <agent start_id="22" goal_id="54"/>
  <agent start_id="2" goal_id="71"/>
  <agent start_id="58" goal_id="2"/>
  <agent start_id="5" goal_id="87"/>
  <agent start_id="170" goal_id="82"/>
  <agent start_id="158" goal_id="101"/>
  <agent start_id="14" goal_id="30"/>
  <agent start_id="155" goal_id="136"/>
  <agent start_id="26" goal_id="104"/>
  <agent start_id="63" goal_id="153"/>
  <agent start_id="81" goal_id="168"/>
  <agent start_id="20" goal_id="65"/>
  <agent start_id="143" goal_id="159"/>
  <agent start_id="181" goal_id="38"/>
  <agent start_id="12" goal_id="143"/>
  <agent start_id="99" goal_id="26"/>
  <agent start_id="29" goal_id="117"/>
  <agent start_id="125" goal_id="165"/>
  <agent start_id="167" goal_id="174"/>
  <agent start_id="108" goal_id="52"/>
  <agent start_id="189" goal_id="115"/>
  <agent start_id="76" goal_id="152"/>
</root>
