<?xml version="1.0" ?>
<root>
  <agent start_id="107" goal_id="196"/>
  <agent start_id="101" goal_id="157"/>
  <agent start_id="139" goal_id="174"/>
  <agent start_id="130" goal_id="36"/>
  <agent start_id="93" goal_id="1"/>
  <agent start_id="192" goal_id="15"/>
  <agent start_id="125" goal_id="84"/>
  <agent start_id="103" goal_id="41"/>
  <agent start_id="30" goal_id="161"/>
  <agent start_id="116" goal_id="131"/>
  <agent start_id="57" goal_id="22"/>
  <agent start_id="24" goal_id="25"/>
  <agent start_id="22" goal_id="119"/>
  <agent start_id="5" goal_id="48"/>
  <agent start_id="162" goal_id="14"/>
  <agent start_id="38" goal_id="65"/>
  <agent start_id="183" goal_id="34"/>
  <agent start_id="44" goal_id="130"/>
  <agent start_id="111" goal_id="120"/>
  <agent start_id="59" goal_id="26"/>
  <agent start_id="165" goal_id="38"/>
  <agent start_id="158" goal_id="101"/>
  <agent start_id="151" goal_id="81"/>
  <agent start_id="184" goal_id="57"/>
  <agent start_id="72" goal_id="114"/>
  <agent start_id="198" goal_id="71"/>
  <agent start_id="32" goal_id="43"/>
  <agent start_id="179" goal_id="127"/>
  <agent start_id="126" goal_id="179"/>
  <agent start_id="14" goal_id="74"/>
  <agent start_id="78" goal_id="135"/>
  <agent start_id="152" goal_id="142"/>
  <agent start_id="16" goal_id="154"/>
  <agent start_id="65" goal_id="32"/>
  <agent start_id="164" goal_id="198"/>
  <agent start_id="197" goal_id="189"/>
  <agent start_id="49" goal_id="8"/>
  <agent start_id="41" goal_id="148"/>
  <agent start_id="67" goal_id="143"/>
  <agent start_id="79" goal_id="152"/>
  <agent start_id="60" goal_id="10"/>
  <agent start_id="187" goal_id="62"/>
  <agent start_id="169" goal_id="69"/>
  <agent start_id="119" goal_id="107"/>
  <agent start_id="106" goal_id="29"/>
  <agent start_id="15" goal_id="72"/>
  <agent start_id="76" goal_id="47"/>
  <agent start_id="157" goal_id="109"/>
  <agent start_id="188" goal_id="112"/>
  <agent start_id="3" goal_id="11"/>
</root>
