<?xml version="1.0" ?>
<root>
  <agent start_id="69" goal_id="36"/>
  <agent start_id="198" goal_id="15"/>
  <agent start_id="40" goal_id="82"/>
  <agent start_id="131" goal_id="81"/>
  <agent start_id="153" goal_id="183"/>
  <agent start_id="77" goal_id="47"/>
  <agent start_id="4" goal_id="21"/>
  <agent start_id="196" goal_id="187"/>
  <agent start_id="11" goal_id="65"/>
  <agent start_id="133" goal_id="145"/>
  <agent start_id="100" goal_id="185"/>
  <agent start_id="61" goal_id="194"/>
  <agent start_id="31" goal_id="156"/>
  <agent start_id="157" goal_id="4"/>
  <agent start_id="39" goal_id="7"/>
  <agent start_id="108" goal_id="51"/>
  <agent start_id="56" goal_id="149"/>
  <agent start_id="93" goal_id="148"/>
  <agent start_id="26" goal_id="181"/>
  <agent start_id="67" goal_id="147"/>
  <agent start_id="72" goal_id="182"/>
  <agent start_id="129" goal_id="52"/>
  <agent start_id="65" goal_id="23"/>
  <agent start_id="71" goal_id="143"/>
  <agent start_id="181" goal_id="141"/>
  <agent start_id="170" goal_id="18"/>
  <agent start_id="179" goal_id="42"/>
  <agent start_id="175" goal_id="190"/>
  <agent start_id="44" goal_id="130"/>
  <agent start_id="53" goal_id="59"/>
  <agent start_id="99" goal_id="126"/>
  <agent start_id="106" goal_id="120"/>
  <agent start_id="127" goal_id="191"/>
  <agent start_id="66" goal_id="34"/>
  <agent start_id="112" goal_id="70"/>
  <agent start_id="58" goal_id="155"/>
  <agent start_id="96" goal_id="62"/>
  <agent start_id="187" goal_id="125"/>
  <agent start_id="3" goal_id="88"/>
  <agent start_id="163" goal_id="75"/>
  <agent start_id="192" goal_id="48"/>
  <agent start_id="17" goal_id="84"/>
  <agent start_id="32" goal_id="90"/>
  <agent start_id="184" goal_id="29"/>
  <agent start_id="188" goal_id="144"/>
  <agent start_id="158" goal_id="71"/>
  <agent start_id="124" goal_id="60"/>
  <agent start_id="125" goal_id="112"/>
  <agent start_id="79" goal_id="64"/>
  <agent start_id="95" goal_id="102"/>
</root>
