<?xml version="1.0" ?>
<root>
  <agent start_id="34" goal_id="109"/>
  <agent start_id="116" goal_id="67"/>
  <agent start_id="21" goal_id="8"/>
  <agent start_id="164" goal_id="190"/>
  <agent start_id="81" goal_id="128"/>
  <agent start_id="28" goal_id="42"/>
  <agent start_id="77" goal_id="159"/>
  <agent start_id="147" goal_id="137"/>
  <agent start_id="177" goal_id="197"/>
  <agent start_id="80" goal_id="25"/>
  <agent start_id="68" goal_id="94"/>
  <agent start_id="75" goal_id="50"/>
  <agent start_id="170" goal_id="163"/>
  <agent start_id="43" goal_id="175"/>
  <agent start_id="96" goal_id="151"/>
  <agent start_id="106" goal_id="123"/>
  <agent start_id="155" goal_id="115"/>
  <agent start_id="10" goal_id="30"/>
  <agent start_id="24" goal_id="23"/>
  <agent start_id="139" goal_id="145"/>
  <agent start_id="74" goal_id="131"/>
  <agent start_id="161" goal_id="152"/>
  <agent start_id="87" goal_id="55"/>
  <agent start_id="37" goal_id="2"/>
  <agent start_id="187" goal_id="136"/>
  <agent start_id="4" goal_id="96"/>
  <agent start_id="145" goal_id="185"/>
  <agent start_id="17" goal_id="105"/>
  <agent start_id="128" goal_id="31"/>
  <agent start_id="143" goal_id="59"/>
  <agent start_id="52" goal_id="84"/>
  <agent start_id="137" goal_id="164"/>
  <agent start_id="105" goal_id="33"/>
  <agent start_id="175" goal_id="60"/>
  <agent start_id="198" goal_id="113"/>
  <agent start_id="13" goal_id="20"/>
  <agent start_id="35" goal_id="155"/>
  <agent start_id="30" goal_id="57"/>
  <agent start_id="194" goal_id="66"/>
  <agent start_id="132" goal_id="106"/>
  <agent start_id="93" goal_id="150"/>
  <agent start_id="108" goal_id="187"/>
  <agent start_id="101" goal_id="82"/>
  <agent start_id="189" goal_id="88"/>
  <agent start_id="69" goal_id="48"/>
  <agent start_id="50" goal_id="167"/>
  <agent start_id="154" goal_id="11"/>
  <agent start_id="167" goal_id="181"/>
  <agent start_id="100" goal_id="103"/>
  <agent start_id="114" goal_id="98"/>
</root>
