<?xml version="1.0" ?>
<root>
  <agent start_id="102" goal_id="12"/>
  <agent start_id="103" goal_id="33"/>
  <agent start_id="125" goal_id="51"/>
  <agent start_id="137" goal_id="16"/>
  <agent start_id="179" goal_id="168"/>
  <agent start_id="51" goal_id="23"/>
  <agent start_id="30" goal_id="134"/>
  <agent start_id="26" goal_id="10"/>
  <agent start_id="101" goal_id="108"/>
  <agent start_id="156" goal_id="143"/>
  <agent start_id="100" goal_id="80"/>
  <agent start_id="21" goal_id="157"/>
  <agent start_id="79" goal_id="71"/>
  <agent start_id="54" goal_id="55"/>
  <agent start_id="174" goal_id="197"/>
  <agent start_id="109" goal_id="132"/>
  <agent start_id="99" goal_id="91"/>
  <agent start_id="75" goal_id="67"/>
  <agent start_id="94" goal_id="195"/>
  <agent start_id="42" goal_id="72"/>
  <agent start_id="45" goal_id="199"/>
  <agent start_id="140" goal_id="144"/>
  <agent start_id="161" goal_id="22"/>
  <agent start_id="131" goal_id="152"/>
  <agent start_id="115" goal_id="1"/>
  <agent start_id="4" goal_id="169"/>
  <agent start_id="192" goal_id="8"/>
  <agent start_id="96" goal_id="13"/>
  <agent start_id="165" goal_id="166"/>
  <agent start_id="188" goal_id="62"/>
  <agent start_id="47" goal_id="193"/>
  <agent start_id="108" goal_id="123"/>
  <agent start_id="6" goal_id="146"/>
  <agent start_id="63" goal_id="61"/>
  <agent start_id="166" goal_id="87"/>
  <agent start_id="86" goal_id="6"/>
  <agent start_id="59" goal_id="77"/>
  <agent start_id="1" goal_id="114"/>
  <agent start_id="69" goal_id="173"/>
  <agent start_id="107" goal_id="159"/>
  <agent start_id="92" goal_id="112"/>
  <agent start_id="194" goal_id="86"/>
  <agent start_id="123" goal_id="139"/>
  <agent start_id="17" goal_id="46"/>
  <agent start_id="126" goal_id="29"/>
  <agent start_id="98" goal_id="180"/>
  <agent start_id="143" goal_id="40"/>
  <agent start_id="116" goal_id="31"/>
  <agent start_id="32" goal_id="39"/>
  <agent start_id="44" goal_id="185"/>
</root>
