<?xml version="1.0" ?>
<root>
  <agent start_id="124" goal_id="55"/>
  <agent start_id="138" goal_id="24"/>
  <agent start_id="82" goal_id="75"/>
  <agent start_id="168" goal_id="30"/>
  <agent start_id="41" goal_id="197"/>
  <agent start_id="25" goal_id="72"/>
  <agent start_id="12" goal_id="79"/>
  <agent start_id="47" goal_id="46"/>
  <agent start_id="197" goal_id="33"/>
  <agent start_id="105" goal_id="92"/>
  <agent start_id="141" goal_id="100"/>
  <agent start_id="66" goal_id="142"/>
  <agent start_id="199" goal_id="87"/>
  <agent start_id="71" goal_id="36"/>
  <agent start_id="185" goal_id="157"/>
  <agent start_id="35" goal_id="41"/>
  <agent start_id="44" goal_id="51"/>
  <agent start_id="81" goal_id="66"/>
  <agent start_id="179" goal_id="58"/>
  <agent start_id="192" goal_id="22"/>
  <agent start_id="0" goal_id="117"/>
  <agent start_id="97" goal_id="159"/>
  <agent start_id="176" goal_id="176"/>
  <agent start_id="84" goal_id="9"/>
  <agent start_id="37" goal_id="113"/>
  <agent start_id="78" goal_id="111"/>
  <agent start_id="102" goal_id="63"/>
  <agent start_id="18" goal_id="48"/>
  <agent start_id="143" goal_id="28"/>
  <agent start_id="171" goal_id="37"/>
  <agent start_id="170" goal_id="120"/>
  <agent start_id="88" goal_id="146"/>
  <agent start_id="180" goal_id="161"/>
  <agent start_id="145" goal_id="81"/>
  <agent start_id="13" goal_id="121"/>
  <agent start_id="43" goal_id="188"/>
  <agent start_id="48" goal_id="118"/>
  <agent start_id="198" goal_id="135"/>
  <agent start_id="80" goal_id="106"/>
  <agent start_id="173" goal_id="68"/>
  <agent start_id="46" goal_id="54"/>
  <agent start_id="195" goal_id="186"/>
  <agent start_id="70" goal_id="112"/>
  <agent start_id="2" goal_id="109"/>
  <agent start_id="17" goal_id="193"/>
  <agent start_id="21" goal_id="47"/>
  <agent start_id="65" goal_id="148"/>
  <agent start_id="68" goal_id="64"/>
  <agent start_id="117" goal_id="149"/>
  <agent start_id="157" goal_id="171"/>
</root>
