<?xml version="1.0" ?>
<root>
  <agent start_id="116" goal_id="190"/>
  <agent start_id="67" goal_id="121"/>
  <agent start_id="12" goal_id="4"/>
  <agent start_id="96" goal_id="134"/>
  <agent start_id="61" goal_id="53"/>
  <agent start_id="149" goal_id="168"/>
  <agent start_id="118" goal_id="133"/>
  <agent start_id="168" goal_id="128"/>
  <agent start_id="34" goal_id="60"/>
  <agent start_id="142" goal_id="66"/>
  <agent start_id="104" goal_id="90"/>
  <agent start_id="158" goal_id="41"/>
  <agent start_id="115" goal_id="42"/>
  <agent start_id="40" goal_id="143"/>
  <agent start_id="138" goal_id="158"/>
  <agent start_id="141" goal_id="119"/>
  <agent start_id="63" goal_id="12"/>
  <agent start_id="126" goal_id="34"/>
  <agent start_id="175" goal_id="45"/>
  <agent start_id="124" goal_id="137"/>
  <agent start_id="154" goal_id="178"/>
  <agent start_id="112" goal_id="185"/>
  <agent start_id="69" goal_id="44"/>
  <agent start_id="62" goal_id="165"/>
  <agent start_id="179" goal_id="83"/>
  <agent start_id="74" goal_id="108"/>
  <agent start_id="106" goal_id="101"/>
  <agent start_id="191" goal_id="115"/>
  <agent start_id="51" goal_id="172"/>
  <agent start_id="1" goal_id="47"/>
  <agent start_id="48" goal_id="59"/>
  <agent start_id="156" goal_id="156"/>
  <agent start_id="196" goal_id="97"/>
  <agent start_id="162" goal_id="14"/>
  <agent start_id="192" goal_id="144"/>
  <agent start_id="56" goal_id="32"/>
  <agent start_id="47" goal_id="100"/>
  <agent start_id="100" goal_id="146"/>
  <agent start_id="155" goal_id="35"/>
  <agent start_id="170" goal_id="107"/>
  <agent start_id="147" goal_id="99"/>
  <agent start_id="9" goal_id="130"/>
  <agent start_id="145" goal_id="7"/>
  <agent start_id="71" goal_id="74"/>
  <agent start_id="101" goal_id="70"/>
  <agent start_id="102" goal_id="112"/>
  <agent start_id="46" goal_id="142"/>
  <agent start_id="5" goal_id="95"/>
  <agent start_id="84" goal_id="105"/>
  <agent start_id="85" goal_id="111"/>
</root>
