<?xml version="1.0" ?>
<root>
  <agent start_id="186" goal_id="38"/>
  <agent start_id="198" goal_id="158"/>
  <agent start_id="21" goal_id="150"/>
  <agent start_id="7" goal_id="74"/>
  <agent start_id="129" goal_id="65"/>
  <agent start_id="68" goal_id="6"/>
  <agent start_id="179" goal_id="26"/>
  <agent start_id="195" goal_id="52"/>
  <agent start_id="30" goal_id="16"/>
  <agent start_id="124" goal_id="87"/>
  <agent start_id="114" goal_id="180"/>
  <agent start_id="180" goal_id="165"/>
  <agent start_id="10" goal_id="138"/>
  <agent start_id="101" goal_id="79"/>
  <agent start_id="11" goal_id="118"/>
  <agent start_id="112" goal_id="4"/>
  <agent start_id="64" goal_id="43"/>
  <agent start_id="185" goal_id="109"/>
  <agent start_id="90" goal_id="193"/>
  <agent start_id="59" goal_id="32"/>
  <agent start_id="44" goal_id="188"/>
  <agent start_id="9" goal_id="199"/>
  <agent start_id="49" goal_id="59"/>
  <agent start_id="150" goal_id="11"/>
  <agent start_id="189" goal_id="153"/>
  <agent start_id="5" goal_id="49"/>
  <agent start_id="52" goal_id="113"/>
  <agent start_id="57" goal_id="84"/>
  <agent start_id="20" goal_id="120"/>
  <agent start_id="116" goal_id="190"/>
  <agent start_id="153" goal_id="127"/>
  <agent start_id="61" goal_id="31"/>
  <agent start_id="167" goal_id="28"/>
  <agent start_id="104" goal_id="151"/>
  <agent start_id="100" goal_id="152"/>
  <agent start_id="111" goal_id="62"/>
  <agent start_id="95" goal_id="112"/>
  <agent start_id="70" goal_id="7"/>
  <agent start_id="15" goal_id="75"/>
  <agent start_id="42" goal_id="161"/>
  <agent start_id="183" goal_id="24"/>
  <agent start_id="173" goal_id="197"/>
  <agent start_id="88" goal_id="122"/>
  <agent start_id="102" goal_id="131"/>
  <agent start_id="33" goal_id="121"/>
  <agent start_id="35" goal_id="101"/>
  <agent start_id="131" goal_id="33"/>
  <agent start_id="27" goal_id="177"/>
  <agent start_id="134" goal_id="134"/>
  <agent start_id="31" goal_id="18"/>
</root>
