<?xml version="1.0" ?>
<root>
  <agent start_id="164" goal_id="5"/>
  <agent start_id="125" goal_id="172"/>
  <agent start_id="103" goal_id="57"/>
  <agent start_id="181" goal_id="107"/>
  <agent start_id="26" goal_id="130"/>
  <agent start_id="31" goal_id="126"/>
  <agent start_id="116" goal_id="179"/>
  <agent start_id="1" goal_id="3"/>
  <agent start_id="23" goal_id="51"/>
  <agent start_id="141" goal_id="17"/>
  <agent start_id="13" goal_id="50"/>
  <agent start_id="171" goal_id="148"/>
  <agent start_id="64" goal_id="76"/>
  <agent start_id="76" goal_id="90"/>
  <agent start_id="196" goal_id="159"/>
  <agent start_id="129" goal_id="96"/>
  <agent start_id="37" goal_id="192"/>
  <agent start_id="162" goal_id="189"/>
  <agent start_id="90" goal_id="131"/>
  <agent start_id="195" goal_id="63"/>
  <agent start_id="157" goal_id="167"/>
  <agent start_id="153" goal_id="94"/>
  <agent start_id="38" goal_id="158"/>
  <agent start_id="14" goal_id="195"/>
  <agent start_id="134" goal_id="71"/>
  <agent start_id="182" goal_id="67"/>
  <agent start_id="45" goal_id="59"/>
  <agent start_id="83" goal_id="72"/>
  <agent start_id="191" goal_id="112"/>
  <agent start_id="85" goal_id="144"/>
  <agent start_id="145" goal_id="22"/>
  <agent start_id="11" goal_id="40"/>
  <agent start_id="167" goal_id="117"/>
  <agent start_id="8" goal_id="120"/>
  <agent start_id="95" goal_id="153"/>
  <agent start_id="111" goal_id="85"/>
  <agent start_id="57" goal_id="8"/>
  <agent start_id="61" goal_id="169"/>
  <agent start_id="170" goal_id="101"/>
  <agent start_id="89" goal_id="191"/>
  <agent start_id="94" goal_id="140"/>
  <agent start_id="188" goal_id="46"/>
  <agent start_id="120" goal_id="115"/>
  <agent start_id="67" goal_id="60"/>
  <agent start_id="178" goal_id="65"/>
  <agent start_id="180" goal_id="104"/>
  <agent start_id="48" goal_id="143"/>
  <agent start_id="139" goal_id="160"/>
  <agent start_id="80" goal_id="105"/>
  <agent start_id="25" goal_id="27"/>
</root>
