<?xml version="1.0" ?>
<root>
  <agent start_id="69" goal_id="139"/>
  <agent start_id="86" goal_id="54"/>
  <agent start_id="18" goal_id="11"/>
  <agent start_id="33" goal_id="7"/>
  <agent start_id="58" goal_id="39"/>
  <agent start_id="26" goal_id="63"/>
  <agent start_id="172" goal_id="163"/>
  <agent start_id="162" goal_id="1"/>
  <agent start_id="139" goal_id="160"/>
  <agent start_id="84" goal_id="33"/>
  <agent start_id="35" goal_id="172"/>
  <agent start_id="190" goal_id="188"/>
  <agent start_id="57" goal_id="89"/>
  <agent start_id="169" goal_id="69"/>
  <agent start_id="145" goal_id="147"/>
  <agent start_id="6" goal_id="168"/>
  <agent start_id="170" goal_id="154"/>
  <agent start_id="141" goal_id="119"/>
  <agent start_id="8" goal_id="4"/>
  <agent start_id="48" goal_id="170"/>
  <agent start_id="186" goal_id="85"/>
  <agent start_id="192" goal_id="42"/>
  <agent start_id="72" goal_id="3"/>
  <agent start_id="94" goal_id="190"/>
  <agent start_id="103" goal_id="8"/>
  <agent start_id="140" goal_id="141"/>
  <agent start_id="125" goal_id="140"/>
  <agent start_id="47" goal_id="110"/>
  <agent start_id="176" goal_id="162"/>
  <agent start_id="131" goal_id="36"/>
  <agent start_id="89" goal_id="122"/>
  <agent start_id="73" goal_id="23"/>
  <agent start_id="157" goal_id="34"/>
  <agent start_id="193" goal_id="6"/>
  <agent start_id="167" goal_id="14"/>
  <agent start_id="97" goal_id="87"/>
  <agent start_id="100" goal_id="175"/>
  <agent start_id="106" goal_id="58"/>
  <agent start_id="41" goal_id="50"/>
  <agent start_id="9" goal_id="79"/>
  <agent start_id="174" goal_id="104"/>
  <agent start_id="122" goal_id="18"/>
  <agent start_id="179" goal_id="101"/>
  <agent start_id="189" goal_id="180"/>
  <agent start_id="56" goal_id="124"/>
  <agent start_id="120" goal_id="26"/>
  <agent start_id="149" goal_id="21"/>
  <agent start_id="3" goal_id="44"/>
  <agent start_id="45" goal_id="61"/>
  <agent start_id="36" goal_id="102"/>
</root>
