<?xml version="1.0" ?>
<root>
  <agent start_id="7" goal_id="98"/>
  <agent start_id="53" goal_id="161"/>
  <agent start_id="172" goal_id="126"/>
  <agent start_id="8" goal_id="50"/>
  <agent start_id="168" goal_id="64"/>
  <agent start_id="152" goal_id="163"/>
  <agent start_id="94" goal_id="184"/>
  <agent start_id="193" goal_id="135"/>
  <agent start_id="147" goal_id="187"/>
  <agent start_id="79" goal_id="178"/>
  <agent start_id="158" goal_id="175"/>
  <agent start_id="177" goal_id="182"/>
  <agent start_id="40" goal_id="137"/>
  <agent start_id="195" goal_id="31"/>
  <agent start_id="184" goal_id="74"/>
  <agent start_id="71" goal_id="112"/>
  <agent start_id="92" goal_id="143"/>
  <agent start_id="130" goal_id="7"/>
  <agent start_id="134" goal_id="69"/>
  <agent start_id="128" goal_id="91"/>
  <agent start_id="170" goal_id="61"/>
  <agent start_id="28" goal_id="3"/>
  <agent start_id="100" goal_id="33"/>
  <agent start_id="194" goal_id="131"/>
  <agent start_id="38" goal_id="89"/>
  <agent start_id="176" goal_id="43"/>
  <agent start_id="179" goal_id="197"/>
  <agent start_id="138" goal_id="121"/>
  <agent start_id="180" goal_id="4"/>
  <agent start_id="50" goal_id="81"/>
  <agent start_id="182" goal_id="12"/>
  <agent start_id="178" goal_id="191"/>
  <agent start_id="97" goal_id="58"/>
  <agent start_id="43" goal_id="147"/>
  <agent start_id="74" goal_id="151"/>
  <agent start_id="41" goal_id="165"/>
  <agent start_id="87" goal_id="77"/>
  <agent start_id="143" goal_id="172"/>
  <agent start_id="13" goal_id="46"/>
  <agent start_id="165" goal_id="40"/>
  <agent start_id="19" goal_id="154"/>
  <agent start_id="126" goal_id="124"/>
  <agent start_id="188" goal_id="156"/>
  <agent start_id="189" goal_id="11"/>
  <agent start_id="125" goal_id="119"/>
  <agent start_id="47" goal_id="35"/>
  <agent start_id="77" goal_id="125"/>
  <agent start_id="3" goal_id="97"/>
  <agent start_id="81" goal_id="75"/>
  <agent start_id="11" goal_id="92"/>
</root>
