<?xml version="1.0" ?>
<root>
  <agent start_id="173" goal_id="130"/>
  <agent start_id="6" goal_id="97"/>
  <agent start_id="89" goal_id="87"/>
  <agent start_id="99" goal_id="60"/>
  <agent start_id="41" goal_id="144"/>
  <agent start_id="49" goal_id="158"/>
  <agent start_id="147" goal_id="137"/>
  <agent start_id="104" goal_id="168"/>
  <agent start_id="106" goal_id="184"/>
  <agent start_id="45" goal_id="65"/>
  <agent start_id="105" goal_id="193"/>
  <agent start_id="92" goal_id="163"/>
  <agent start_id="128" goal_id="147"/>
  <agent start_id="176" goal_id="93"/>
  <agent start_id="153" goal_id="173"/>
  <agent start_id="19" goal_id="181"/>
  <agent start_id="3" goal_id="17"/>
  <agent start_id="125" goal_id="136"/>
  <agent start_id="151" goal_id="126"/>
  <agent start_id="96" goal_id="88"/>
  <agent start_id="154" goal_id="150"/>
  <agent start_id="86" goal_id="90"/>
  <agent start_id="167" goal_id="125"/>
  <agent start_id="156" goal_id="76"/>
  <agent start_id="144" goal_id="169"/>
  <agent start_id="44" goal_id="24"/>
  <agent start_id="52" goal_id="62"/>
  <agent start_id="1" goal_id="18"/>
  <agent start_id="48" goal_id="190"/>
  <agent start_id="137" goal_id="102"/>
  <agent start_id="23" goal_id="135"/>
  <agent start_id="157" goal_id="172"/>
  <agent start_id="192" goal_id="25"/>
  <agent start_id="113" goal_id="166"/>
  <agent start_id="54" goal_id="98"/>
  <agent start_id="165" goal_id="82"/>
  <agent start_id="198" goal_id="54"/>
  <agent start_id="50" goal_id="69"/>
  <agent start_id="162" goal_id="176"/>
  <agent start_id="43" goal_id="63"/>
  <agent start_id="134" goal_id="6"/>
  <agent start_id="61" goal_id="86"/>
  <agent start_id="15" goal_id="29"/>
  <agent start_id="95" goal_id="13"/>
  <agent start_id="159" goal_id="199"/>
  <agent start_id="122" goal_id="55"/>
  <agent start_id="38" goal_id="159"/>
  <agent start_id="197" goal_id="96"/>
  <agent start_id="160" goal_id="2"/>
  <agent start_id="132" goal_id="72"/>
</root>
