<?xml version="1.0" ?>
<root>
  <agent start_id="93" goal_id="198"/>
  <agent start_id="176" goal_id="77"/>
  <agent start_id="188" goal_id="192"/>
  <agent start_id="192" goal_id="154"/>
  <agent start_id="100" goal_id="71"/>
  <agent start_id="69" goal_id="167"/>
  <agent start_id="6" goal_id="193"/>
  <agent start_id="129" goal_id="145"/>
  <agent start_id="85" goal_id="119"/>
  <agent start_id="116" goal_id="90"/>
  <agent start_id="80" goal_id="185"/>
  <agent start_id="89" goal_id="43"/>
  <agent start_id="12" goal_id="4"/>
  <agent start_id="148" goal_id="36"/>
  <agent start_id="108" goal_id="107"/>
  <agent start_id="21" goal_id="83"/>
  <agent start_id="81" goal_id="46"/>
  <agent start_id="42" goal_id="35"/>
  <agent start_id="161" goal_id="141"/>
  <agent start_id="56" goal_id="22"/>
  <agent start_id="14" goal_id="163"/>
  <agent start_id="168" goal_id="112"/>
  <agent start_id="137" goal_id="195"/>
  <agent start_id="159" goal_id="106"/>
  <agent start_id="82" goal_id="89"/>
  <agent start_id="149" goal_id="10"/>
  <agent start_id="31" goal_id="74"/>
  <agent start_id="126" goal_id="168"/>
  <agent start_id="139" goal_id="28"/>
  <agent start_id="142" goal_id="159"/>
  <agent start_id="3" goal_id="3"/>
  <agent start_id="135" goal_id="181"/>
  <agent start_id="145" goal_id="62"/>
  <agent start_id="83" goal_id="41"/>
  <agent start_id="48" goal_id="129"/>
  <agent start_id="37" goal_id="124"/>
  <agent start_id="173" goal_id="11"/>
  <agent start_id="157" goal_id="174"/>
  <agent start_id="189" goal_id="59"/>
  <agent start_id="55" goal_id="164"/>
  <agent start_id="167" goal_id="152"/>
  <agent start_id="78" goal_id="0"/>
  <agent start_id="22" goal_id="137"/>
  <agent start_id="158" goal_id="70"/>
  <agent start_id="140" goal_id="45"/>
  <agent start_id="179" goal_id="136"/>
  <agent start_id="180" goal_id="197"/>
  <agent start_id="104" goal_id="27"/>
  <agent start_id="1" goal_id="37"/>
  <agent start_id="16" goal_id="67"/>
</root>
