<?xml version="1.0" ?>
<root>
  <agent start_id="187" goal_id="21"/>
  <agent start_id="148" goal_id="100"/>
  <agent start_id="34" goal_id="79"/>
  <agent start_id="138" goal_id="145"/>
  <agent start_id="183" goal_id="128"/>
  <agent start_id="83" goal_id="189"/>
  <agent start_id="164" goal_id="195"/>
  <agent start_id="162" goal_id="143"/>
  <agent start_id="13" goal_id="12"/>
  <agent start_id="25" goal_id="89"/>
  <agent start_id="84" goal_id="187"/>
  <agent start_id="73" goal_id="105"/>
  <agent start_id="169" goal_id="26"/>
  <agent start_id="175" goal_id="73"/>
  <agent start_id="92" goal_id="102"/>
  <agent start_id="177" goal_id="110"/>
  <agent start_id="179" goal_id="19"/>
  <agent start_id="102" goal_id="153"/>
  <agent start_id="15" goal_id="159"/>
  <agent start_id="29" goal_id="141"/>
  <agent start_id="72" goal_id="84"/>
  <agent start_id="42" goal_id="126"/>
  <agent start_id="128" goal_id="107"/>
  <agent start_id="11" goal_id="66"/>
  <agent start_id="161" goal_id="37"/>
  <agent start_id="172" goal_id="132"/>
  <agent start_id="135" goal_id="185"/>
  <agent start_id="32" goal_id="11"/>
  <agent start_id="146" goal_id="151"/>
  <agent start_id="114" goal_id="120"/>
  <agent start_id="95" goal_id="137"/>
  <agent start_id="136" goal_id="4"/>
  <agent start_id="186" goal_id="172"/>
  <agent start_id="91" goal_id="87"/>
  <agent start_id="108" goal_id="90"/>
  <agent start_id="185" goal_id="197"/>
  <agent start_id="194" goal_id="194"/>
  <agent start_id="17" goal_id="76"/>
  <agent start_id="101" goal_id="176"/>
  <agent start_id="59" goal_id="115"/>
  <agent start_id="151" goal_id="9"/>
  <agent start_id="56" goal_id="164"/>
  <agent start_id="19" goal_id="181"/>
  <agent start_id="120" goal_id="99"/>
  <agent start_id="137" goal_id="117"/>
  <agent start_id="67" goal_id="198"/>
  <agent start_id="23" goal_id="193"/>
  <agent start_id="30" goal_id="32"/>
  <agent start_id="178" goal_id="103"/>
  <agent start_id="49" goal_id="78"/>
</root>
