<?xml version="1.0" ?>
<root>
  <agent start_id="170" goal_id="46"/>
  <agent start_id="136" goal_id="49"/>
  <agent start_id="115" goal_id="127"/>
  <agent start_id="61" goal_id="17"/>
  <agent start_id="137" goal_id="45"/>
  <agent start_id="104" goal_id="80"/>
  <agent start_id="93" goal_id="195"/>
  <agent start_id="94" goal_id="64"/>
  <agent start_id="11" goal_id="43"/>
  <agent start_id="187" goal_id="131"/>
  <agent start_id="129" goal_id="66"/>
  <agent start_id="166" goal_id="103"/>
  <agent start_id="154" goal_id="88"/>
  <agent start_id="96" goal_id="187"/>
  <agent start_id="47" goal_id="110"/>
  <agent start_id="66" goal_id="145"/>
  <agent start_id="191" goal_id="3"/>
  <agent start_id="134" goal_id="150"/>
  <agent start_id="158" goal_id="109"/>
  <agent start_id="195" goal_id="139"/>
  <agent start_id="101" goal_id="184"/>
  <agent start_id="58" goal_id="142"/>
  <agent start_id="25" goal_id="191"/>
  <agent start_id="186" goal_id="97"/>
  <agent start_id="23" goal_id="135"/>
  <agent start_id="189" goal_id="92"/>
  <agent start_id="29" goal_id="141"/>
  <agent start_id="64" goal_id="102"/>
  <agent start_id="126" goal_id="163"/>
  <agent start_id="31" goal_id="90"/>
  <agent start_id="120" goal_id="24"/>
  <agent start_id="4" goal_id="152"/>
  <agent start_id="78" goal_id="28"/>
  <agent start_id="175" goal_id="123"/>
  <agent start_id="10" goal_id="11"/>
  <agent start_id="145" goal_id="158"/>
  <agent start_id="26" goal_id="101"/>
  <agent start_id="75" goal_id="96"/>
  <agent start_id="105" goal_id="13"/>
  <agent start_id="87" goal_id="12"/>
  <agent start_id="140" goal_id="160"/>
  <agent start_id="91" goal_id="20"/>
  <agent start_id="184" goal_id="189"/>
  <agent start_id="162" goal_id="18"/>
  <agent start_id="107" goal_id="26"/>
  <agent start_id="142" goal_id="75"/>
  <agent start_id="172" goal_id="1"/>
  <agent start_id="144" goal_id="14"/>
  <agent start_id="148" goal_id="193"/>
  <agent start_id="81" goal_id="172"/>
</root>
