<?xml version="1.0" ?>
<root>
  <agent start_id="83" goal_id="94"/>
  <agent start_id="129" goal_id="52"/>
  <agent start_id="38" goal_id="97"/>
  <agent start_id="105" goal_id="172"/>
  <agent start_id="73" goal_id="0"/>
  <agent start_id="147" goal_id="140"/>
  <agent start_id="36" goal_id="180"/>
  <agent start_id="47" goal_id="8"/>
  <agent start_id="158" goal_id="137"/>
  <agent start_id="17" goal_id="71"/>
  <agent start_id="34" goal_id="150"/>
  <agent start_id="9" goal_id="108"/>
  <agent start_id="21" goal_id="161"/>
  <agent start_id="68" goal_id="33"/>
  <agent start_id="186" goal_id="23"/>
  <agent start_id="174" goal_id="11"/>
  <agent start_id="25" goal_id="35"/>
  <agent start_id="72" goal_id="177"/>
  <agent start_id="155" goal_id="133"/>
  <agent start_id="180" goal_id="67"/>
  <agent start_id="74" goal_id="82"/>
  <agent start_id="98" goal_id="2"/>
  <agent start_id="14" goal_id="159"/>
  <agent start_id="189" goal_id="15"/>
  <agent start_id="1" goal_id="76"/>
  <agent start_id="130" goal_id="158"/>
  <agent start_id="43" goal_id="143"/>
  <agent start_id="137" goal_id="62"/>
  <agent start_id="112" goal_id="170"/>
  <agent start_id="10" goal_id="189"/>
  <agent start_id="80" goal_id="182"/>
  <agent start_id="150" goal_id="118"/>
  <agent start_id="12" goal_id="85"/>
  <agent start_id="199" goal_id="40"/>
  <agent start_id="139" goal_id="98"/>
  <agent start_id="31" goal_id="102"/>
  <agent start_id="69" goal_id="131"/>
  <agent start_id="67" goal_id="126"/>
  <agent start_id="182" goal_id="103"/>
  <agent start_id="124" goal_id="30"/>
  <agent start_id="11" goal_id="139"/>
  <agent start_id="106" goal_id="43"/>
  <agent start_id="184" goal_id="125"/>
  <agent start_id="82" goal_id="9"/>
  <agent start_id="168" goal_id="27"/>
  <agent start_id="172" goal_id="156"/>
  <agent start_id="61" goal_id="64"/>
  <agent start_id="64" goal_id="100"/>
  <agent start_id="32" goal_id="134"/>
  <agent start_id="89" goal_id="38"/>
</root>
