<?xml version="1.0" ?>
<root>
  <agent start_id="112" goal_id="192"/>
  <agent start_id="64" goal_id="153"/>
  <agent start_id="165" goal_id="182"/>
  <agent start_id="39" goal_id="130"/>
  <agent start_id="195" goal_id="145"/>
  <agent start_id="190" goal_id="141"/>
  <agent start_id="56" goal_id="173"/>
  <agent start_id="73" goal_id="86"/>
  <agent start_id="184" goal_id="67"/>
  <agent start_id="32" goal_id="169"/>
  <agent start_id="121" goal_id="157"/>
  <agent start_id="6" goal_id="116"/>
  <agent start_id="75" goal_id="6"/>
  <agent start_id="8" goal_id="179"/>
  <agent start_id="99" goal_id="171"/>
  <agent start_id="10" goal_id="103"/>
  <agent start_id="161" goal_id="22"/>
  <agent start_id="77" goal_id="20"/>
  <agent start_id="139" goal_id="90"/>
  <agent start_id="86" goal_id="178"/>
  <agent start_id="45" goal_id="122"/>
  <agent start_id="116" goal_id="71"/>
  <agent start_id="58" goal_id="188"/>
  <agent start_id="132" goal_id="191"/>
  <agent start_id="50" goal_id="121"/>
  <agent start_id="87" goal_id="18"/>
  <agent start_id="140" goal_id="172"/>
  <agent start_id="48" goal_id="118"/>
  <agent start_id="143" goal_id="38"/>
  <agent start_id="128" goal_id="62"/>
  <agent start_id="173" goal_id="69"/>
  <agent start_id="183" goal_id="148"/>
  <agent start_id="12" goal_id="144"/>
  <agent start_id="137" goal_id="54"/>
  <agent start_id="0" goal_id="181"/>
  <agent start_id="107" goal_id="91"/>
  <agent start_id="61" goal_id="193"/>
  <agent start_id="157" goal_id="84"/>
  <agent start_id="103" goal_id="24"/>
  <agent start_id="105" goal_id="15"/>
  <agent start_id="127" goal_id="46"/>
  <agent start_id="113" goal_id="127"/>
  <agent start_id="34" goal_id="95"/>
  <agent start_id="27" goal_id="7"/>
  <agent start_id="162" goal_id="113"/>
  <agent start_id="179" goal_id="133"/>
  <agent start_id="4" goal_id="26"/>
  <agent start_id="82" goal_id="163"/>
  <agent start_id="53" goal_id="170"/>
  <agent start_id="144" goal_id="174"/>
</root>
