<?xml version="1.0" ?>
<root>
  <agent start_id="149" goal_id="55"/>
  <agent start_id="57" goal_id="180"/>
  <agent start_id="131" goal_id="52"/>
  <agent start_id="97" goal_id="49"/>
  <agent start_id="32" goal_id="101"/>
  <agent start_id="173" goal_id="174"/>
  <agent start_id="102" goal_id="27"/>
  <agent start_id="2" goal_id="10"/>
  <agent start_id="4" goal_id="132"/>
  <agent start_id="28" goal_id="128"/>
  <agent start_id="150" goal_id="139"/>
  <agent start_id="89" goal_id="81"/>
  <agent start_id="31" goal_id="168"/>
  <agent start_id="41" goal_id="189"/>
  <agent start_id="92" goal_id="173"/>
  <agent start_id="48" goal_id="22"/>
  <agent start_id="163" goal_id="14"/>
  <agent start_id="153" goal_id="166"/>
  <agent start_id="66" goal_id="89"/>
  <agent start_id="105" goal_id="36"/>
  <agent start_id="47" goal_id="90"/>
  <agent start_id="137" goal_id="142"/>
  <agent start_id="13" goal_id="94"/>
  <agent start_id="16" goal_id="152"/>
  <agent start_id="70" goal_id="114"/>
  <agent start_id="178" goal_id="193"/>
  <agent start_id="8" goal_id="70"/>
  <agent start_id="156" goal_id="160"/>
  <agent start_id="187" goal_id="110"/>
  <agent start_id="170" goal_id="71"/>
  <agent start_id="80" goal_id="151"/>
  <agent start_id="123" goal_id="32"/>
  <agent start_id="9" goal_id="185"/>
  <agent start_id="68" goal_id="190"/>
  <agent start_id="19" goal_id="92"/>
  <agent start_id="75" goal_id="64"/>
  <agent start_id="65" goal_id="159"/>
  <agent start_id="146" goal_id="28"/>
  <agent start_id="90" goal_id="66"/>
  <agent start_id="126" goal_id="12"/>
  <agent start_id="23" goal_id="99"/>
  <agent start_id="134" goal_id="172"/>
  <agent start_id="122" goal_id="143"/>
  <agent start_id="51" goal_id="41"/>
  <agent start_id="192" goal_id="5"/>
  <agent start_id="40" goal_id="137"/>
  <agent start_id="182" goal_id="140"/>
  <agent start_id="172" goal_id="79"/>
  <agent start_id="125" goal_id="135"/>
  <agent start_id="110" goal_id="84"/>
</root>
