<?xml version="1.0" ?>
<root>
  <agent start_id="34" goal_id="139"/>
  <agent start_id="75" goal_id="129"/>
  <agent start_id="146" goal_id="124"/>
  <agent start_id="110" goal_id="84"/>
  <agent start_id="74" goal_id="196"/>
  <agent start_id="148" goal_id="47"/>
  <agent start_id="170" goal_id="96"/>
  <agent start_id="66" goal_id="23"/>
  <agent start_id="22" goal_id="183"/>
  <agent start_id="155" goal_id="120"/>
  <agent start_id="171" goal_id="132"/>
  <agent start_id="4" goal_id="82"/>
  <agent start_id="187" goal_id="95"/>
  <agent start_id="164" goal_id="75"/>
  <agent start_id="119" goal_id="198"/>
  <agent start_id="85" goal_id="119"/>
  <agent start_id="56" goal_id="68"/>
  <agent start_id="58" goal_id="186"/>
  <agent start_id="69" goal_id="11"/>
  <agent start_id="175" goal_id="172"/>
  <agent start_id="31" goal_id="193"/>
  <agent start_id="12" goal_id="30"/>
  <agent start_id="149" goal_id="38"/>
  <agent start_id="14" goal_id="110"/>
  <agent start_id="135" goal_id="18"/>
  <agent start_id="45" goal_id="22"/>
  <agent start_id="83" goal_id="65"/>
  <agent start_id="151" goal_id="69"/>
  <agent start_id="19" goal_id="143"/>
  <agent start_id="21" goal_id="176"/>
  <agent start_id="17" goal_id="77"/>
  <agent start_id="194" goal_id="26"/>
  <agent start_id="116" goal_id="126"/>
  <agent start_id="101" goal_id="98"/>
  <agent start_id="160" goal_id="91"/>
  <agent start_id="159" goal_id="83"/>
  <agent start_id="182" goal_id="160"/>
  <agent start_id="131" goal_id="54"/>
  <agent start_id="91" goal_id="155"/>
  <agent start_id="138" goal_id="105"/>
  <agent start_id="95" goal_id="125"/>
  <agent start_id="173" goal_id="73"/>
  <agent start_id="177" goal_id="184"/>
  <agent start_id="10" goal_id="135"/>
  <agent start_id="79" goal_id="43"/>
  <agent start_id="61" goal_id="25"/>
  <agent start_id="112" goal_id="128"/>
  <agent start_id="143" goal_id="145"/>
  <agent start_id="188" goal_id="41"/>
  <agent start_id="195" goal_id="40"/>
</root>
