<?xml version="1.0" ?>
<root>
  <agent start_id="124" goal_id="37"/>
  <agent start_id="119" goal_id="176"/>
  <agent start_id="80" goal_id="126"/>
  <agent start_id="169" goal_id="28"/>
  <agent start_id="100" goal_id="21"/>
  <agent start_id="11" goal_id="173"/>
  <agent start_id="62" goal_id="111"/>
  <agent start_id="29" goal_id="123"/>
  <agent start_id="108" goal_id="52"/>
  <agent start_id="155" goal_id="141"/>
  <agent start_id="58" goal_id="9"/>
  <agent start_id="165" goal_id="192"/>
  <agent start_id="111" goal_id="168"/>
  <agent start_id="184" goal_id="49"/>
  <agent start_id="43" goal_id="75"/>
  <agent start_id="197" goal_id="90"/>
  <agent start_id="37" goal_id="125"/>
  <agent start_id="0" goal_id="120"/>
  <agent start_id="174" goal_id="91"/>
  <agent start_id="146" goal_id="133"/>
  <agent start_id="16" goal_id="46"/>
  <agent start_id="84" goal_id="142"/>
  <agent start_id="85" goal_id="12"/>
  <agent start_id="9" goal_id="193"/>
  <agent start_id="103" goal_id="50"/>
  <agent start_id="134" goal_id="85"/>
  <agent start_id="83" goal_id="185"/>
  <agent start_id="31" goal_id="45"/>
  <agent start_id="18" goal_id="15"/>
  <agent start_id="98" goal_id="188"/>
  <agent start_id="178" goal_id="170"/>
  <agent start_id="128" goal_id="151"/>
  <agent start_id="49" goal_id="31"/>
  <agent start_id="56" goal_id="139"/>
  <agent start_id="68" goal_id="22"/>
  <agent start_id="32" goal_id="54"/>
  <agent start_id="91" goal_id="162"/>
  <agent start_id="54" goal_id="84"/>
  <agent start_id="65" goal_id="39"/>
  <agent start_id="21" goal_id="24"/>
  <agent start_id="144" goal_id="135"/>
  <agent start_id="193" goal_id="118"/>
  <agent start_id="179" goal_id="166"/>
  <agent start_id="186" goal_id="33"/>
  <agent start_id="52" goal_id="67"/>
  <agent start_id="166" goal_id="103"/>
  <agent start_id="87" goal_id="82"/>
  <agent start_id="93" goal_id="196"/>
  <agent start_id="143" goal_id="80"/>
  <agent start_id="175" goal_id="61"/>
</root>
