<?xml version="1.0" ?>
<root>
  <agent start_id="112" goal_id="86"/>
  <agent start_id="184" goal_id="52"/>
  <agent start_id="199" goal_id="96"/>
  <agent start_id="128" goal_id="8"/>
  <agent start_id="123" goal_id="22"/>
  <agent start_id="143" goal_id="112"/>
  <agent start_id="80" goal_id="154"/>
  <agent start_id="41" goal_id="116"/>
  <agent start_id="23" goal_id="181"/>
  <agent start_id="189" goal_id="88"/>
  <agent start_id="149" goal_id="73"/>
  <agent start_id="85" goal_id="12"/>
  <agent start_id="74" goal_id="152"/>
  <agent start_id="64" goal_id="28"/>
  <agent start_id="187" goal_id="187"/>
  <agent start_id="25" goal_id="144"/>
  <agent start_id="16" goal_id="167"/>
  <agent start_id="115" goal_id="54"/>
  <agent start_id="29" goal_id="67"/>
  <agent start_id="95" goal_id="179"/>
  <agent start_id="98" goal_id="23"/>
  <agent start_id="59" goal_id="182"/>
  <agent start_id="18" goal_id="163"/>
  <agent start_id="93" goal_id="104"/>
  <agent start_id="183" goal_id="142"/>
  <agent start_id="157" goal_id="55"/>
  <agent start_id="156" goal_id="109"/>
  <agent start_id="116" goal_id="126"/>
  <agent start_id="126" goal_id="190"/>
  <agent start_id="33" goal_id="72"/>
  <agent start_id="12" goal_id="35"/>
  <agent start_id="135" goal_id="105"/>
  <agent start_id="19" goal_id="119"/>
  <agent start_id="119" goal_id="114"/>
  <agent start_id="9" goal_id="135"/>
  <agent start_id="83" goal_id="50"/>
  <agent start_id="8" goal_id="90"/>
  <agent start_id="75" goal_id="75"/>
  <agent start_id="109" goal_id="137"/>
  <agent start_id="30" goal_id="174"/>
  <agent start_id="103" goal_id="180"/>
  <agent start_id="38" goal_id="20"/>
  <agent start_id="49" goal_id="78"/>
  <agent start_id="79" goal_id="69"/>
  <agent start_id="164" goal_id="14"/>
  <agent start_id="146" goal_id="39"/>
  <agent start_id="165" goal_id="115"/>
  <agent start_id="106" goal_id="145"/>
  <agent start_id="190" goal_id="128"/>
  <agent start_id="137" goal_id="66"/>
</root>
