<?xml version="1.0" ?>
<root>
  <agent start_id="103" goal_id="84"/>
  <agent start_id="93" goal_id="166"/>
  <agent start_id="119" goal_id="17"/>
  <agent start_id="137" goal_id="11"/>
  <agent start_id="129" goal_id="128"/>
  <agent start_id="75" goal_id="149"/>
  <agent start_id="191" goal_id="66"/>
  <agent start_id="38" goal_id="147"/>
  <agent start_id="34" goal_id="79"/>
  <agent start_id="179" goal_id="102"/>
  <agent start_id="127" goal_id="153"/>
  <agent start_id="182" goal_id="56"/>
  <agent start_id="147" goal_id="90"/>
  <agent start_id="72" goal_id="182"/>
  <agent start_id="145" goal_id="186"/>
  <agent start_id="81" goal_id="174"/>
  <agent start_id="196" goal_id="83"/>
  <agent start_id="185" goal_id="169"/>
  <agent start_id="102" goal_id="129"/>
  <agent start_id="57" goal_id="47"/>
  <agent start_id="114" goal_id="30"/>
  <agent start_id="86" goal_id="118"/>
  <agent start_id="148" goal_id="195"/>
  <agent start_id="47" goal_id="140"/>
  <agent start_id="52" goal_id="72"/>
  <agent start_id="15" goal_id="176"/>
  <agent start_id="149" goal_id="92"/>
  <agent start_id="131" goal_id="184"/>
  <agent start_id="120" goal_id="32"/>
  <agent start_id="0" goal_id="116"/>
  <agent start_id="109" goal_id="63"/>
  <agent start_id="48" goal_id="111"/>
  <agent start_id="4" goal_id="110"/>
  <agent start_id="8" goal_id="135"/>
  <agent start_id="25" goal_id="22"/>
  <agent start_id="2" goal_id="3"/>
  <agent start_id="83" goal_id="14"/>
  <agent start_id="112" goal_id="7"/>
  <agent start_id="14" goal_id="179"/>
  <agent start_id="174" goal_id="165"/>
  <agent start_id="135" goal_id="138"/>
  <agent start_id="180" goal_id="21"/>
  <agent start_id="84" goal_id="45"/>
  <agent start_id="157" goal_id="73"/>
  <agent start_id="133" goal_id="172"/>
  <agent start_id="43" goal_id="188"/>
  <agent start_id="28" goal_id="28"/>
  <agent start_id="195" goal_id="57"/>
  <agent start_id="126" goal_id="120"/>
  <agent start_id="159" goal_id="192"/>
</root>
