<?xml version="1.0" ?>
<root>
  <agent start_id="71" goal_id="129"/>
  <agent start_id="100" goal_id="40"/>
  <agent start_id="2" goal_id="126"/>
  <agent start_id="48" goal_id="64"/>
  <agent start_id="152" goal_id="150"/>
  <agent start_id="145" goal_id="159"/>
  <agent start_id="4" goal_id="100"/>
  <agent start_id="158" goal_id="59"/>
  <agent start_id="140" goal_id="92"/>
  <agent start_id="55" goal_id="148"/>
  <agent start_id="6" goal_id="1"/>
  <agent start_id="115" goal_id="156"/>
  <agent start_id="126" goal_id="189"/>
  <agent start_id="117" goal_id="4"/>
  <agent start_id="51" goal_id="97"/>
  <agent start_id="187" goal_id="36"/>
  <agent start_id="63" goal_id="145"/>
  <agent start_id="64" goal_id="21"/>
  <agent start_id="73" goal_id="61"/>
  <agent start_id="68" goal_id="85"/>
  <agent start_id="133" goal_id="7"/>
  <agent start_id="185" goal_id="78"/>
  <agent start_id="166" goal_id="114"/>
  <agent start_id="88" goal_id="155"/>
  <agent start_id="98" goal_id="169"/>
  <agent start_id="154" goal_id="193"/>
  <agent start_id="96" goal_id="109"/>
  <agent start_id="70" goal_id="167"/>
  <agent start_id="24" goal_id="153"/>
  <agent start_id="164" goal_id="54"/>
  <agent start_id="14" goal_id="53"/>
  <agent start_id="112" goal_id="9"/>
  <agent start_id="41" goal_id="45"/>
  <agent start_id="109" goal_id="32"/>
  <agent start_id="125" goal_id="122"/>
  <agent start_id="77" goal_id="197"/>
  <agent start_id="9" goal_id="75"/>
  <agent start_id="61" goal_id="51"/>
  <agent start_id="56" goal_id="18"/>
  <agent start_id="32" goal_id="154"/>
  <agent start_id="171" goal_id="33"/>
  <agent start_id="142" goal_id="44"/>
  <agent start_id="119" goal_id="182"/>
  <agent start_id="20" goal_id="80"/>
  <agent start_id="151" goal_id="180"/>
  <agent start_id="169" goal_id="89"/>
  <agent start_id="134" goal_id="113"/>
  <agent start_id="189" goal_id="190"/>
  <agent start_id="86" goal_id="62"/>
  <agent start_id="67" goal_id="22"/>
</root>
