<?xml version="1.0" ?>
<root>
  <agent start_id="32" goal_id="37"/>
  <agent start_id="103" goal_id="28"/>
  <agent start_id="128" goal_id="60"/>
  <agent start_id="34" goal_id="168"/>
  <agent start_id="85" goal_id="182"/>
  <agent start_id="162" goal_id="133"/>
  <agent start_id="57" goal_id="41"/>
  <agent start_id="198" goal_id="81"/>
  <agent start_id="169" goal_id="174"/>
  <agent start_id="117" goal_id="131"/>
  <agent start_id="114" goal_id="45"/>
  <agent start_id="27" goal_id="118"/>
  <agent start_id="19" goal_id="68"/>
  <agent start_id="45" goal_id="137"/>
  <agent start_id="84" goal_id="2"/>
  <agent start_id="72" goal_id="139"/>
  <agent start_id="185" goal_id="25"/>
  <agent start_id="44" goal_id="15"/>
  <agent start_id="92" goal_id="95"/>
  <agent start_id="104" goal_id="29"/>
  <agent start_id="181" goal_id="193"/>
  <agent start_id="179" goal_id="170"/>
  <agent start_id="51" goal_id="23"/>
  <agent start_id="110" goal_id="97"/>
  <agent start_id="177" goal_id="130"/>
  <agent start_id="136" goal_id="190"/>
  <agent start_id="164" goal_id="100"/>
  <agent start_id="62" goal_id="57"/>
  <agent start_id="73" goal_id="78"/>
  <agent start_id="158" goal_id="141"/>
  <agent start_id="131" goal_id="104"/>
  <agent start_id="66" goal_id="176"/>
  <agent start_id="99" goal_id="152"/>
  <agent start_id="159" goal_id="99"/>
  <agent start_id="78" goal_id="145"/>
  <agent start_id="74" goal_id="66"/>
  <agent start_id="48" goal_id="169"/>
  <agent start_id="189" goal_id="84"/>
  <agent start_id="49" goal_id="187"/>
  <agent start_id="170" goal_id="159"/>
  <agent start_id="195" goal_id="43"/>
  <agent start_id="60" goal_id="110"/>
  <agent start_id="25" goal_id="183"/>
  <agent start_id="80" goal_id="128"/>
  <agent start_id="101" goal_id="197"/>
  <agent start_id="82" goal_id="83"/>
  <agent start_id="67" goal_id="189"/>
  <agent start_id="100" goal_id="138"/>
  <agent start_id="152" goal_id="70"/>
  <agent start_id="176" goal_id="158"/>
</root>
