<?xml version="1.0" ?>
<root>
  <agent start_id="195" goal_id="147"/>
  <agent start_id="60" goal_id="0"/>
  <agent start_id="38" goal_id="97"/>
  <agent start_id="174" goal_id="48"/>
  <agent start_id="154" goal_id="187"/>
  <agent start_id="186" goal_id="33"/>
  <agent start_id="57" goal_id="159"/>
  <agent start_id="95" goal_id="62"/>
  <agent start_id="71" goal_id="86"/>
  <agent start_id="93" goal_id="141"/>
  <agent start_id="86" goal_id="32"/>
  <agent start_id="166" goal_id="49"/>
  <agent start_id="160" goal_id="130"/>
  <agent start_id="108" goal_id="91"/>
  <agent start_id="157" goal_id="106"/>
  <agent start_id="4" goal_id="113"/>
  <agent start_id="102" goal_id="136"/>
  <agent start_id="70" goal_id="163"/>
  <agent start_id="169" goal_id="120"/>
  <agent start_id="65" goal_id="79"/>
  <agent start_id="41" goal_id="45"/>
  <agent start_id="76" goal_id="174"/>
  <agent start_id="14" goal_id="157"/>
  <agent start_id="146" goal_id="53"/>
  <agent start_id="12" goal_id="185"/>
  <agent start_id="192" goal_id="164"/>
  <agent start_id="136" goal_id="103"/>
  <agent start_id="1" goal_id="80"/>
  <agent start_id="36" goal_id="7"/>
  <agent start_id="17" goal_id="176"/>
  <agent start_id="175" goal_id="38"/>
  <agent start_id="148" goal_id="189"/>
  <agent start_id="151" goal_id="188"/>
  <agent start_id="48" goal_id="61"/>
  <agent start_id="138" goal_id="15"/>
  <agent start_id="55" goal_id="192"/>
  <agent start_id="84" goal_id="108"/>
  <agent start_id="121" goal_id="24"/>
  <agent start_id="188" goal_id="57"/>
  <agent start_id="183" goal_id="121"/>
  <agent start_id="127" goal_id="5"/>
  <agent start_id="197" goal_id="39"/>
  <agent start_id="103" goal_id="154"/>
  <agent start_id="56" goal_id="87"/>
  <agent start_id="141" goal_id="102"/>
  <agent start_id="190" goal_id="138"/>
  <agent start_id="181" goal_id="134"/>
  <agent start_id="153" goal_id="169"/>
  <agent start_id="63" goal_id="105"/>
  <agent start_id="100" goal_id="83"/>
</root>
