<?xml version="1.0" ?>
<root>
  <agent start_id="148" goal_id="145"/>
  <agent start_id="72" goal_id="166"/>
  <agent start_id="45" goal_id="167"/>
  <agent start_id="126" goal_id="160"/>
  <agent start_id="174" goal_id="178"/>
  <agent start_id="168" goal_id="107"/>
  <agent start_id="40" goal_id="98"/>
  <agent start_id="116" goal_id="50"/>
  <agent start_id="62" goal_id="138"/>
  <agent start_id="28" goal_id="132"/>
  <agent start_id="138" goal_id="56"/>
  <agent start_id="99" goal_id="185"/>
  <agent start_id="101" goal_id="196"/>
  <agent start_id="22" goal_id="174"/>
  <agent start_id="35" goal_id="93"/>
  <agent start_id="119" goal_id="189"/>
  <agent start_id="132" goal_id="74"/>
  <agent start_id="118" goal_id="103"/>
  <agent start_id="178" goal_id="33"/>
  <agent start_id="160" goal_id="140"/>
  <agent start_id="78" goal_id="177"/>
  <agent start_id="182" goal_id="199"/>
  <agent start_id="113" goal_id="135"/>
  <agent start_id="124" goal_id="68"/>
  <agent start_id="164" goal_id="41"/>
  <agent start_id="0" goal_id="63"/>
  <agent start_id="19" goal_id="53"/>
  <agent start_id="177" goal_id="95"/>
  <agent start_id="58" goal_id="175"/>
  <agent start_id="147" goal_id="8"/>
  <agent start_id="66" goal_id="173"/>
  <agent start_id="170" goal_id="42"/>
  <agent start_id="130" goal_id="115"/>
  <agent start_id="46" goal_id="151"/>
  <agent start_id="141" goal_id="83"/>
  <agent start_id="38" goal_id="82"/>
  <agent start_id="2" goal_id="109"/>
  <agent start_id="128" goal_id="123"/>
  <agent start_id="137" goal_id="181"/>
  <agent start_id="14" goal_id="78"/>
  <agent start_id="104" goal_id="184"/>
  <agent start_id="107" goal_id="155"/>
  <agent start_id="88" goal_id="38"/>
  <agent start_id="97" goal_id="79"/>
  <agent start_id="75" goal_id="70"/>
  <agent start_id="11" goal_id="76"/>
  <agent start_id="166" goal_id="51"/>
  <agent start_id="56" goal_id="14"/>
  <agent start_id="21" goal_id="179"/>
  <agent start_id="169" goal_id="176"/>
</root>
