<?xml version="1.0" ?>
<root>
  <agent start_id="23" goal_id="103"/>
  <agent start_id="172" goal_id="0"/>
  <agent start_id="76" goal_id="86"/>
  <agent start_id="68" goal_id="160"/>
  <agent start_id="45" goal_id="186"/>
  <agent start_id="25" goal_id="145"/>
  <agent start_id="49" goal_id="76"/>
  <agent start_id="6" goal_id="139"/>
  <agent start_id="119" goal_id="89"/>
  <agent start_id="19" goal_id="44"/>
  <agent start_id="118" goal_id="110"/>
  <agent start_id="8" goal_id="96"/>
  <agent start_id="33" goal_id="30"/>
  <agent start_id="190" goal_id="5"/>
  <agent start_id="90" goal_id="175"/>
  <agent start_id="170" goal_id="112"/>
  <agent start_id="188" goal_id="22"/>
  <agent start_id="41" goal_id="105"/>
  <agent start_id="94" goal_id="199"/>
  <agent start_id="3" goal_id="158"/>
  <agent start_id="132" goal_id="35"/>
  <agent start_id="183" goal_id="187"/>
  <agent start_id="12" goal_id="196"/>
  <agent start_id="84" goal_id="51"/>
  <agent start_id="13" goal_id="127"/>
  <agent start_id="17" goal_id="152"/>
  <agent start_id="99" goal_id="148"/>
  <agent start_id="129" goal_id="133"/>
  <agent start_id="60" goal_id="7"/>
  <agent start_id="63" goal_id="10"/>
  <agent start_id="195" goal_id="183"/>
  <agent start_id="29" goal_id="128"/>
  <agent start_id="53" goal_id="45"/>
  <agent start_id="35" goal_id="40"/>
  <agent start_id="143" goal_id="192"/>
  <agent start_id="52" goal_id="39"/>
  <agent start_id="174" goal_id="104"/>
  <agent start_id="156" goal_id="28"/>
  <agent start_id="105" goal_id="25"/>
  <agent start_id="171" goal_id="100"/>
  <agent start_id="93" goal_id="159"/>
  <agent start_id="28" goal_id="164"/>
  <agent start_id="148" goal_id="188"/>
  <agent start_id="124" goal_id="54"/>
  <agent start_id="139" goal_id="47"/>
  <agent start_id="61" goal_id="6"/>
  <agent start_id="20" goal_id="119"/>
  <agent start_id="97" goal_id="61"/>
  <agent start_id="126" goal_id="134"/>
  <agent start_id="123" goal_id="67"/>
</root>
