<?xml version="1.0" ?>
<root>
  <agent start_id="71" goal_id="140"/>
  <agent start_id="168" goal_id="84"/>
  <agent start_id="38" goal_id="147"/>
  <agent start_id="161" goal_id="153"/>
  <agent start_id="8" goal_id="172"/>
  <agent start_id="191" goal_id="63"/>
  <agent start_id="96" goal_id="168"/>
  <agent start_id="81" goal_id="189"/>
  <agent start_id="135" goal_id="20"/>
  <agent start_id="93" goal_id="156"/>
  <agent start_id="88" goal_id="162"/>
  <agent start_id="24" goal_id="26"/>
  <agent start_id="145" goal_id="135"/>
  <agent start_id="64" goal_id="193"/>
  <agent start_id="26" goal_id="165"/>
  <agent start_id="126" goal_id="182"/>
  <agent start_id="28" goal_id="93"/>
  <agent start_id="116" goal_id="59"/>
  <agent start_id="29" goal_id="98"/>
  <agent start_id="112" goal_id="33"/>
  <agent start_id="43" goal_id="183"/>
  <agent start_id="30" goal_id="65"/>
  <agent start_id="12" goal_id="7"/>
  <agent start_id="156" goal_id="154"/>
  <agent start_id="134" goal_id="88"/>
  <agent start_id="117" goal_id="121"/>
  <agent start_id="193" goal_id="86"/>
  <agent start_id="110" goal_id="148"/>
  <agent start_id="59" goal_id="11"/>
  <agent start_id="57" goal_id="19"/>
  <agent start_id="131" goal_id="107"/>
  <agent start_id="86" goal_id="102"/>
  <agent start_id="19" goal_id="21"/>
  <agent start_id="129" goal_id="36"/>
  <agent start_id="103" goal_id="68"/>
  <agent start_id="102" goal_id="42"/>
  <agent start_id="152" goal_id="139"/>
  <agent start_id="172" goal_id="56"/>
  <agent start_id="122" goal_id="169"/>
  <agent start_id="17" goal_id="76"/>
  <agent start_id="78" goal_id="82"/>
  <agent start_id="14" goal_id="119"/>
  <agent start_id="52" goal_id="83"/>
  <agent start_id="150" goal_id="49"/>
  <agent start_id="20" goal_id="70"/>
  <agent start_id="174" goal_id="123"/>
  <agent start_id="98" goal_id="128"/>
  <agent start_id="100" goal_id="109"/>
  <agent start_id="70" goal_id="112"/>
  <agent start_id="49" goal_id="12"/>
</root>
