<?xml version="1.0" ?>
<root>
  <agent start_id="159" goal_id="110"/>
  <agent start_id="61" goal_id="59"/>
  <agent start_id="192" goal_id="46"/>
  <agent start_id="64" goal_id="112"/>
  <agent start_id="34" goal_id="136"/>
  <agent start_id="169" goal_id="129"/>
  <agent start_id="197" goal_id="179"/>
  <agent start_id="146" goal_id="62"/>
  <agent start_id="13" goal_id="73"/>
  <agent start_id="174" goal_id="185"/>
  <agent start_id="39" goal_id="164"/>
  <agent start_id="131" goal_id="169"/>
  <agent start_id="75" goal_id="65"/>
  <agent start_id="60" goal_id="24"/>
  <agent start_id="15" goal_id="77"/>
  <agent start_id="113" goal_id="63"/>
  <agent start_id="186" goal_id="17"/>
  <agent start_id="56" goal_id="71"/>
  <agent start_id="135" goal_id="34"/>
  <agent start_id="30" goal_id="82"/>
  <agent start_id="195" goal_id="47"/>
  <agent start_id="188" goal_id="7"/>
  <agent start_id="143" goal_id="161"/>
  <agent start_id="102" goal_id="132"/>
  <agent start_id="199" goal_id="20"/>
  <agent start_id="166" goal_id="31"/>
  <agent start_id="10" goal_id="51"/>
  <agent start_id="178" goal_id="144"/>
  <agent start_id="77" goal_id="119"/>
  <agent start_id="48" goal_id="192"/>
  <agent start_id="74" goal_id="151"/>
  <agent start_id="29" goal_id="130"/>
  <agent start_id="189" goal_id="66"/>
  <agent start_id="116" goal_id="69"/>
  <agent start_id="86" goal_id="146"/>
  <agent start_id="57" goal_id="15"/>
  <agent start_id="19" goal_id="57"/>
  <agent start_id="36" goal_id="43"/>
  <agent start_id="167" goal_id="195"/>
  <agent start_id="101" goal_id="153"/>
  <agent start_id="148" goal_id="79"/>
  <agent start_id="67" goal_id="10"/>
  <agent start_id="100" goal_id="181"/>
  <agent start_id="63" goal_id="19"/>
  <agent start_id="27" goal_id="21"/>
  <agent start_id="24" goal_id="175"/>
  <agent start_id="175" goal_id="178"/>
  <agent start_id="142" goal_id="188"/>
  <agent start_id="160" goal_id="9"/>
  <agent start_id="104" goal_id="50"/>
</root>
