<?xml version="1.0" ?>
<root>
  <agent start_id="188" goal_id="51"/>
  <agent start_id="98" goal_id="193"/>
  <agent start_id="193" goal_id="61"/>
  <agent start_id="25" goal_id="75"/>
  <agent start_id="155" goal_id="177"/>
  <agent start_id="121" goal_id="136"/>
  <agent start_id="126" goal_id="137"/>
  <agent start_id="14" goal_id="80"/>
  <agent start_id="21" goal_id="168"/>
  <agent start_id="118" goal_id="58"/>
  <agent start_id="198" goal_id="159"/>
  <agent start_id="46" goal_id="0"/>
  <agent start_id="172" goal_id="13"/>
  <agent start_id="9" goal_id="46"/>
  <agent start_id="31" goal_id="30"/>
  <agent start_id="107" goal_id="152"/>
  <agent start_id="12" goal_id="119"/>
  <agent start_id="19" goal_id="161"/>
  <agent start_id="68" goal_id="107"/>
  <agent start_id="43" goal_id="179"/>
  <agent start_id="92" goal_id="71"/>
  <agent start_id="22" goal_id="73"/>
  <agent start_id="39" goal_id="146"/>
  <agent start_id="70" goal_id="96"/>
  <agent start_id="116" goal_id="174"/>
  <agent start_id="83" goal_id="44"/>
  <agent start_id="199" goal_id="11"/>
  <agent start_id="105" goal_id="195"/>
  <agent start_id="159" goal_id="125"/>
  <agent start_id="101" goal_id="92"/>
  <agent start_id="128" goal_id="124"/>
  <agent start_id="115" goal_id="103"/>
  <agent start_id="191" goal_id="24"/>
  <agent start_id="76" goal_id="9"/>
  <agent start_id="150" goal_id="14"/>
  <agent start_id="65" goal_id="18"/>
  <agent start_id="161" goal_id="186"/>
  <agent start_id="182" goal_id="188"/>
  <agent start_id="82" goal_id="122"/>
  <agent start_id="189" goal_id="189"/>
  <agent start_id="1" goal_id="109"/>
  <agent start_id="194" goal_id="85"/>
  <agent start_id="164" goal_id="63"/>
  <agent start_id="54" goal_id="154"/>
  <agent start_id="185" goal_id="172"/>
  <agent start_id="4" goal_id="94"/>
  <agent start_id="36" goal_id="69"/>
  <agent start_id="122" goal_id="64"/>
  <agent start_id="58" goal_id="145"/>
  <agent start_id="169" goal_id="178"/>
</root>
