<?xml version="1.0" ?>
<root>
  <agent start_id="2" goal_id="58"/>
  <agent start_id="94" goal_id="1"/>
  <agent start_id="50" goal_id="56"/>
  <agent start_id="41" goal_id="115"/>
  <agent start_id="84" goal_id="71"/>
  <agent start_id="29" goal_id="145"/>
  <agent start_id="63" goal_id="127"/>
  <agent start_id="67" goal_id="125"/>
  <agent start_id="137" goal_id="51"/>
  <agent start_id="82" goal_id="14"/>
  <agent start_id="182" goal_id="74"/>
  <agent start_id="102" goal_id="65"/>
  <agent start_id="146" goal_id="77"/>
  <agent start_id="48" goal_id="6"/>
  <agent start_id="156" goal_id="28"/>
  <agent start_id="188" goal_id="13"/>
  <agent start_id="157" goal_id="24"/>
  <agent start_id="160" goal_id="4"/>
  <agent start_id="24" goal_id="44"/>
  <agent start_id="154" goal_id="47"/>
  <agent start_id="19" goal_id="61"/>
  <agent start_id="124" goal_id="143"/>
  <agent start_id="73" goal_id="119"/>
  <agent start_id="129" goal_id="86"/>
  <agent start_id="52" goal_id="35"/>
  <agent start_id="104" goal_id="12"/>
  <agent start_id="163" goal_id="62"/>
  <agent start_id="151" goal_id="155"/>
  <agent start_id="54" goal_id="168"/>
  <agent start_id="68" goal_id="191"/>
  <agent start_id="158" goal_id="198"/>
  <agent start_id="187" goal_id="179"/>
  <agent start_id="35" goal_id="87"/>
  <agent start_id="199" goal_id="170"/>
  <agent start_id="125" goal_id="156"/>
  <agent start_id="167" goal_id="138"/>
  <agent start_id="193" goal_id="100"/>
  <agent start_id="83" goal_id="196"/>
  <agent start_id="140" goal_id="39"/>
  <agent start_id="44" goal_id="188"/>
  <agent start_id="59" goal_id="5"/>
  <agent start_id="16" goal_id="157"/>
  <agent start_id="159" goal_id="164"/>
  <agent start_id="75" goal_id="197"/>
  <agent start_id="6" goal_id="131"/>
  <agent start_id="60" goal_id="23"/>
  <agent start_id="86" goal_id="67"/>
  <agent start_id="113" goal_id="135"/>
  <agent start_id="97" goal_id="106"/>
  <agent start_id="5" goal_id="112"/>
</root>
