<?xml version="1.0" ?>
<root>
  <agent start_id="75" goal_id="43"/>
  <agent start_id="40" goal_id="23"/>
  <agent start_id="117" goal_id="193"/>
  <agent start_id="71" goal_id="21"/>
  <agent start_id="30" goal_id="162"/>
  <agent start_id="79" goal_id="154"/>
  <agent start_id="28" goal_id="116"/>
  <agent start_id="178" goal_id="67"/>
  <agent start_id="152" goal_id="111"/>
  <agent start_id="136" goal_id="35"/>
  <agent start_id="15" goal_id="50"/>
  <agent start_id="22" goal_id="88"/>
  <agent start_id="53" goal_id="123"/>
  <agent start_id="90" goal_id="147"/>
  <agent start_id="38" goal_id="179"/>
  <agent start_id="187" goal_id="61"/>
  <agent start_id="190" goal_id="180"/>
  <agent start_id="169" goal_id="16"/>
  <agent start_id="151" goal_id="169"/>
  <agent start_id="153" goal_id="80"/>
  <agent start_id="86" goal_id="106"/>
  <agent start_id="141" goal_id="55"/>
  <agent start_id="155" goal_id="42"/>
  <agent start_id="84" goal_id="85"/>
  <agent start_id="127" goal_id="87"/>
  <agent start_id="41" goal_id="112"/>
  <agent start_id="172" goal_id="92"/>
  <agent start_id="60" goal_id="27"/>
  <agent start_id="131" goal_id="34"/>
  <agent start_id="180" goal_id="70"/>
  <agent start_id="109" goal_id="73"/>
  <agent start_id="110" goal_id="101"/>
  <agent start_id="62" goal_id="133"/>
  <agent start_id="162" goal_id="178"/>
  <agent start_id="183" goal_id="0"/>
  <agent start_id="150" goal_id="52"/>
  <agent start_id="165" goal_id="134"/>
  <agent start_id="74" goal_id="128"/>
  <agent start_id="159" goal_id="141"/>
  <agent start_id="12" goal_id="13"/>
  <agent start_id="192" goal_id="10"/>
  <agent start_id="9" goal_id="18"/>
  <agent start_id="58" goal_id="103"/>
  <agent start_id="11" goal_id="1"/>
  <agent start_id="82" goal_id="156"/>
  <agent start_id="47" goal_id="82"/>
  <agent start_id="147" goal_id="122"/>
  <agent start_id="31" goal_id="44"/>
  <agent start_id="20" goal_id="5"/>
  <agent start_id="17" goal_id="184"/>
</root>
