<?xml version="1.0" ?>
<root>
  <agent start_id="126" goal_id="194"/>
  <agent start_id="109" goal_id="100"/>
  <agent start_id="164" goal_id="88"/>
  <agent start_id="79" goal_id="53"/>
  <agent start_id="118" goal_id="62"/>
  <agent start_id="83" goal_id="132"/>
  <agent start_id="30" goal_id="27"/>
  <agent start_id="140" goal_id="134"/>
  <agent start_id="26" goal_id="32"/>
  <agent start_id="44" goal_id="90"/>
  <agent start_id="161" goal_id="130"/>
  <agent start_id="156" goal_id="140"/>
  <agent start_id="139" goal_id="1"/>
  <agent start_id="20" goal_id="187"/>
  <agent start_id="46" goal_id="75"/>
  <agent start_id="34" goal_id="171"/>
  <agent start_id="115" goal_id="8"/>
  <agent start_id="178" goal_id="169"/>
  <agent start_id="179" goal_id="148"/>
  <agent start_id="67" goal_id="10"/>
  <agent start_id="171" goal_id="87"/>
  <agent start_id="131" goal_id="120"/>
  <agent start_id="71" goal_id="11"/>
  <agent start_id="173" goal_id="184"/>
  <agent start_id="65" goal_id="77"/>
  <agent start_id="91" goal_id="179"/>
  <agent start_id="31" goal_id="119"/>
  <agent start_id="172" goal_id="168"/>
  <agent start_id="39" goal_id="15"/>
  <agent start_id="187" goal_id="74"/>
  <agent start_id="17" goal_id="124"/>
  <agent start_id="57" goal_id="34"/>
  <agent start_id="184" goal_id="103"/>
  <agent start_id="167" goal_id="92"/>
  <agent start_id="22" goal_id="65"/>
  <agent start_id="191" goal_id="35"/>
  <agent start_id="155" goal_id="118"/>
  <agent start_id="111" goal_id="174"/>
  <agent start_id="104" goal_id="40"/>
  <agent start_id="13" goal_id="20"/>
  <agent start_id="195" goal_id="116"/>
  <agent start_id="56" goal_id="71"/>
  <agent start_id="28" goal_id="64"/>
  <agent start_id="100" goal_id="197"/>
  <agent start_id="0" goal_id="162"/>
  <agent start_id="121" goal_id="78"/>
  <agent start_id="33" goal_id="95"/>
  <agent start_id="81" goal_id="89"/>
  <agent start_id="177" goal_id="142"/>
  <agent start_id="37" goal_id="106"/>
</root>
