<?xml version="1.0" ?>
<root>
  <agent start_id="79" goal_id="84"/>
  <agent start_id="68" goal_id="130"/>
  <agent start_id="32" goal_id="12"/>
  <agent start_id="95" goal_id="34"/>
  <agent start_id="142" goal_id="1"/>
  <agent start_id="137" goal_id="94"/>
  <agent start_id="163" goal_id="54"/>
  <agent start_id="45" goal_id="17"/>
  <agent start_id="7" goal_id="39"/>
  <agent start_id="62" goal_id="125"/>
  <agent start_id="147" goal_id="188"/>
  <agent start_id="138" goal_id="97"/>
  <agent start_id="181" goal_id="70"/>
  <agent start_id="73" goal_id="164"/>
  <agent start_id="91" goal_id="46"/>
  <agent start_id="64" goal_id="196"/>
  <agent start_id="15" goal_id="58"/>
  <agent start_id="133" goal_id="150"/>
  <agent start_id="161" goal_id="99"/>
  <agent start_id="63" goal_id="96"/>
  <agent start_id="29" goal_id="151"/>
  <agent start_id="33" goal_id="27"/>
  <agent start_id="180" goal_id="167"/>
  <agent start_id="179" goal_id="53"/>
  <agent start_id="178" goal_id="32"/>
  <agent start_id="145" goal_id="29"/>
  <agent start_id="22" goal_id="140"/>
  <agent start_id="121" goal_id="108"/>
  <agent start_id="40" goal_id="143"/>
  <agent start_id="42" goal_id="107"/>
  <agent start_id="112" goal_id="183"/>
  <agent start_id="190" goal_id="189"/>
  <agent start_id="70" goal_id="129"/>
  <agent start_id="170" goal_id="11"/>
  <agent start_id="125" goal_id="111"/>
  <agent start_id="134" goal_id="148"/>
  <agent start_id="114" goal_id="2"/>
  <agent start_id="151" goal_id="67"/>
  <agent start_id="192" goal_id="42"/>
  <agent start_id="57" goal_id="64"/>
  <agent start_id="30" goal_id="87"/>
  <agent start_id="194" goal_id="154"/>
  <agent start_id="136" goal_id="8"/>
  <agent start_id="167" goal_id="182"/>
  <agent start_id="34" goal_id="37"/>
  <agent start_id="97" goal_id="7"/>
  <agent start_id="149" goal_id="198"/>
  <agent start_id="176" goal_id="103"/>
  <agent start_id="120" goal_id="65"/>
  <agent start_id="188" goal_id="75"/>
</root>
