<?xml version="1.0" ?>
<root>
  <agent start_id="1" goal_id="172"/>
  <agent start_id="66" goal_id="37"/>
  <agent start_id="144" goal_id="75"/>
  <agent start_id="63" goal_id="177"/>
  <agent start_id="100" goal_id="133"/>
  <agent start_id="156" goal_id="69"/>
  <agent start_id="43" goal_id="41"/>
  <agent start_id="93" goal_id="51"/>
  <agent start_id="110" goal_id="137"/>
  <agent start_id="24" goal_id="164"/>
  <agent start_id="22" goal_id="162"/>
  <agent start_id="53" goal_id="103"/>
  <agent start_id="148" goal_id="193"/>
  <agent start_id="102" goal_id="57"/>
  <agent start_id="82" goal_id="104"/>
  <agent start_id="27" goal_id="151"/>
  <agent start_id="122" goal_id="110"/>
  <agent start_id="154" goal_id="107"/>
  <agent start_id="173" goal_id="40"/>
  <agent start_id="45" goal_id="199"/>
  <agent start_id="107" goal_id="131"/>
  <agent start_id="38" goal_id="33"/>
  <agent start_id="68" goal_id="0"/>
  <agent start_id="28" goal_id="31"/>
  <agent start_id="132" goal_id="28"/>
  <agent start_id="161" goal_id="158"/>
  <agent start_id="155" goal_id="195"/>
  <agent start_id="59" goal_id="101"/>
  <agent start_id="176" goal_id="89"/>
  <agent start_id="135" goal_id="183"/>
  <agent start_id="79" goal_id="186"/>
  <agent start_id="10" goal_id="116"/>
  <agent start_id="178" goal_id="93"/>
  <agent start_id="180" goal_id="152"/>
  <agent start_id="26" goal_id="168"/>
  <agent start_id="89" goal_id="78"/>
  <agent start_id="30" goal_id="8"/>
  <agent start_id="195" goal_id="3"/>
  <agent start_id="145" goal_id="62"/>
  <agent start_id="72" goal_id="120"/>
  <agent start_id="37" goal_id="145"/>
  <agent start_id="60" goal_id="36"/>
  <agent start_id="75" goal_id="155"/>
  <agent start_id="159" goal_id="126"/>
  <agent start_id="126" goal_id="88"/>
  <agent start_id="114" goal_id="16"/>
  <agent start_id="199" goal_id="114"/>
  <agent start_id="182" goal_id="76"/>
  <agent start_id="119" goal_id="159"/>
  <agent start_id="162" goal_id="154"/>
</root>
