<?xml version="1.0" ?>
<root>
  <agent start_id="142" goal_id="194"/>
  <agent start_id="58" goal_id="58"/>
  <agent start_id="56" goal_id="90"/>
  <agent start_id="21" goal_id="5"/>
  <agent start_id="147" goal_id="188"/>
  <agent start_id="170" goal_id="18"/>
  <agent start_id="92" goal_id="198"/>
  <agent start_id="191" goal_id="109"/>
  <agent start_id="67" goal_id="179"/>
  <agent start_id="110" goal_id="91"/>
  <agent start_id="126" goal_id="173"/>
  <agent start_id="188" goal_id="117"/>
  <agent start_id="155" goal_id="28"/>
  <agent start_id="83" goal_id="150"/>
  <agent start_id="124" goal_id="13"/>
  <agent start_id="25" goal_id="50"/>
  <agent start_id="179" goal_id="100"/>
  <agent start_id="193" goal_id="63"/>
  <agent start_id="62" goal_id="16"/>
  <agent start_id="94" goal_id="1"/>
  <agent start_id="68" goal_id="85"/>
  <agent start_id="144" goal_id="26"/>
  <agent start_id="47" goal_id="77"/>
  <agent start_id="158" goal_id="56"/>
  <agent start_id="105" goal_id="38"/>
  <agent start_id="1" goal_id="111"/>
  <agent start_id="141" goal_id="106"/>
  <agent start_id="161" goal_id="189"/>
  <agent start_id="41" goal_id="128"/>
  <agent start_id="55" goal_id="10"/>
  <agent start_id="64" goal_id="2"/>
  <agent start_id="180" goal_id="101"/>
  <agent start_id="173" goal_id="87"/>
  <agent start_id="0" goal_id="75"/>
  <agent start_id="31" goal_id="41"/>
  <agent start_id="137" goal_id="187"/>
  <agent start_id="49" goal_id="147"/>
  <agent start_id="197" goal_id="6"/>
  <agent start_id="112" goal_id="155"/>
  <agent start_id="80" goal_id="172"/>
  <agent start_id="165" goal_id="140"/>
  <agent start_id="15" goal_id="104"/>
  <agent start_id="101" goal_id="89"/>
  <agent start_id="87" goal_id="193"/>
  <agent start_id="6" goal_id="49"/>
  <agent start_id="40" goal_id="82"/>
  <agent start_id="107" goal_id="152"/>
  <agent start_id="100" goal_id="181"/>
  <agent start_id="50" goal_id="40"/>
  <agent start_id="28" goal_id="125"/>
</root>
