<?xml version="1.0" ?>
<root>
  <agent start_id="158" goal_id="125"/>
  <agent start_id="153" goal_id="196"/>
  <agent start_id="109" goal_id="169"/>
  <agent start_id="101" goal_id="120"/>
  <agent start_id="43" goal_id="186"/>
  <agent start_id="114" goal_id="167"/>
  <agent start_id="141" goal_id="38"/>
  <agent start_id="79" goal_id="113"/>
  <agent start_id="32" goal_id="12"/>
  <agent start_id="156" goal_id="22"/>
  <agent start_id="91" goal_id="174"/>
  <agent start_id="118" goal_id="155"/>
  <agent start_id="120" goal_id="193"/>
  <agent start_id="104" goal_id="32"/>
  <agent start_id="39" goal_id="91"/>
  <agent start_id="111" goal_id="61"/>
  <agent start_id="174" goal_id="1"/>
  <agent start_id="146" goal_id="5"/>
  <agent start_id="23" goal_id="195"/>
  <agent start_id="107" goal_id="30"/>
  <agent start_id="66" goal_id="157"/>
  <agent start_id="185" goal_id="68"/>
  <agent start_id="82" goal_id="97"/>
  <agent start_id="163" goal_id="127"/>
  <agent start_id="127" goal_id="166"/>
  <agent start_id="19" goal_id="99"/>
  <agent start_id="155" goal_id="94"/>
  <agent start_id="18" goal_id="16"/>
  <agent start_id="177" goal_id="44"/>
  <agent start_id="180" goal_id="76"/>
  <agent start_id="30" goal_id="72"/>
  <agent start_id="62" goal_id="185"/>
  <agent start_id="167" goal_id="35"/>
  <agent start_id="139" goal_id="115"/>
  <agent start_id="125" goal_id="138"/>
  <agent start_id="55" goal_id="7"/>
  <agent start_id="12" goal_id="164"/>
  <agent start_id="70" goal_id="40"/>
  <agent start_id="6" goal_id="106"/>
  <agent start_id="172" goal_id="66"/>
  <agent start_id="26" goal_id="26"/>
  <agent start_id="59" goal_id="52"/>
  <agent start_id="113" goal_id="0"/>
  <agent start_id="52" goal_id="11"/>
  <agent start_id="188" goal_id="160"/>
  <agent start_id="123" goal_id="88"/>
  <agent start_id="86" goal_id="62"/>
  <agent start_id="64" goal_id="152"/>
  <agent start_id="135" goal_id="119"/>
  <agent start_id="9" goal_id="170"/>
</root>
