<?xml version="1.0" ?>
<root>
  <agent start_id="122" goal_id="61"/>
  <agent start_id="87" goal_id="14"/>
  <agent start_id="23" goal_id="111"/>
  <agent start_id="2" goal_id="148"/>
  <agent start_id="78" goal_id="54"/>
  <agent start_id="100" goal_id="23"/>
  <agent start_id="63" goal_id="189"/>
  <agent start_id="75" goal_id="50"/>
  <agent start_id="181" goal_id="13"/>
  <agent start_id="10" goal_id="86"/>
  <agent start_id="175" goal_id="38"/>
  <agent start_id="54" goal_id="69"/>
  <agent start_id="154" goal_id="156"/>
  <agent start_id="41" goal_id="39"/>
  <agent start_id="77" goal_id="184"/>
  <agent start_id="120" goal_id="109"/>
  <agent start_id="151" goal_id="149"/>
  <agent start_id="45" goal_id="32"/>
  <agent start_id="61" goal_id="72"/>
  <agent start_id="18" goal_id="0"/>
  <agent start_id="112" goal_id="101"/>
  <agent start_id="85" goal_id="196"/>
  <agent start_id="145" goal_id="124"/>
  <agent start_id="194" goal_id="104"/>
  <agent start_id="116" goal_id="36"/>
  <agent start_id="103" goal_id="70"/>
  <agent start_id="137" goal_id="131"/>
  <agent start_id="148" goal_id="136"/>
  <agent start_id="66" goal_id="35"/>
  <agent start_id="0" goal_id="100"/>
  <agent start_id="142" goal_id="139"/>
  <agent start_id="68" goal_id="3"/>
  <agent start_id="32" goal_id="141"/>
  <agent start_id="149" goal_id="114"/>
  <agent start_id="192" goal_id="127"/>
  <agent start_id="38" goal_id="8"/>
  <agent start_id="163" goal_id="191"/>
  <agent start_id="123" goal_id="161"/>
  <agent start_id="91" goal_id="28"/>
  <agent start_id="95" goal_id="85"/>
  <agent start_id="178" goal_id="166"/>
  <agent start_id="140" goal_id="79"/>
  <agent start_id="50" goal_id="21"/>
  <agent start_id="33" goal_id="88"/>
  <agent start_id="179" goal_id="52"/>
  <agent start_id="4" goal_id="43"/>
  <agent start_id="150" goal_id="125"/>
  <agent start_id="59" goal_id="145"/>
  <agent start_id="133" goal_id="33"/>
  <agent start_id="56" goal_id="167"/>
</root>
