<?xml version="1.0" ?>
<root>
  <agent start_id="15" goal_id="110"/>
  <agent start_id="163" goal_id="135"/>
  <agent start_id="196" goal_id="47"/>
  <agent start_id="63" goal_id="81"/>
  <agent start_id="157" goal_id="77"/>
  <agent start_id="130" goal_id="4"/>
  <agent start_id="8" goal_id="5"/>
  <agent start_id="27" goal_id="126"/>
  <agent start_id="133" goal_id="151"/>
  <agent start_id="198" goal_id="89"/>
  <agent start_id="5" goal_id="179"/>
  <agent start_id="137" goal_id="12"/>
  <agent start_id="182" goal_id="39"/>
  <agent start_id="28" goal_id="63"/>
  <agent start_id="78" goal_id="158"/>
  <agent start_id="3" goal_id="20"/>
  <agent start_id="126" goal_id="123"/>
  <agent start_id="13" goal_id="184"/>
  <agent start_id="174" goal_id="114"/>
  <agent start_id="37" goal_id="186"/>
  <agent start_id="46" goal_id="76"/>
  <agent start_id="33" goal_id="121"/>
  <agent start_id="24" goal_id="74"/>
  <agent start_id="112" goal_id="35"/>
  <agent start_id="93" goal_id="62"/>
  <agent start_id="189" goal_id="72"/>
  <agent start_id="166" goal_id="41"/>
  <agent start_id="145" goal_id="48"/>
  <agent start_id="121" goal_id="27"/>
  <agent start_id="187" goal_id="164"/>
  <agent start_id="107" goal_id="49"/>
  <agent start_id="75" goal_id="161"/>
  <agent start_id="147" goal_id="65"/>
  <agent start_id="199" goal_id="145"/>
  <agent start_id="135" goal_id="133"/>
  <agent start_id="92" goal_id="90"/>
  <agent start_id="56" goal_id="32"/>
  <agent start_id="125" goal_id="103"/>
  <agent start_id="191" goal_id="51"/>
  <agent start_id="185" goal_id="176"/>
  <agent start_id="85" goal_id="152"/>
  <agent start_id="53" goal_id="188"/>
  <agent start_id="123" goal_id="56"/>
  <agent start_id="156" goal_id="195"/>
  <agent start_id="169" goal_id="192"/>
  <agent start_id="144" goal_id="26"/>
  <agent start_id="80" goal_id="194"/>
  <agent start_id="42" goal_id="196"/>
  <agent start_id="171" goal_id="111"/>
  <agent start_id="90" goal_id="167"/>
</root>
