<?xml version="1.0" ?>
<root>
  <agent start_id="151" goal_id="149"/>
  <agent start_id="108" goal_id="150"/>
  <agent start_id="1" goal_id="74"/>
  <agent start_id="186" goal_id="60"/>
  <agent start_id="30" goal_id="111"/>
  <agent start_id="184" goal_id="30"/>
  <agent start_id="29" goal_id="140"/>
  <agent start_id="162" goal_id="72"/>
  <agent start_id="147" goal_id="158"/>
  <agent start_id="70" goal_id="196"/>
  <agent start_id="74" goal_id="76"/>
  <agent start_id="121" goal_id="51"/>
  <agent start_id="58" goal_id="99"/>
  <agent start_id="155" goal_id="113"/>
  <agent start_id="25" goal_id="55"/>
  <agent start_id="7" goal_id="93"/>
  <agent start_id="84" goal_id="53"/>
  <agent start_id="46" goal_id="66"/>
  <agent start_id="101" goal_id="174"/>
  <agent start_id="71" goal_id="96"/>
  <agent start_id="59" goal_id="97"/>
  <agent start_id="51" goal_id="2"/>
  <agent start_id="67" goal_id="20"/>
  <agent start_id="167" goal_id="171"/>
  <agent start_id="35" goal_id="103"/>
  <agent start_id="41" goal_id="109"/>
  <agent start_id="140" goal_id="49"/>
  <agent start_id="107" goal_id="141"/>
  <agent start_id="164" goal_id="125"/>
  <agent start_id="178" goal_id="82"/>
  <agent start_id="185" goal_id="57"/>
  <agent start_id="68" goal_id="182"/>
  <agent start_id="16" goal_id="167"/>
  <agent start_id="145" goal_id="10"/>
  <agent start_id="141" goal_id="0"/>
  <agent start_id="80" goal_id="121"/>
  <agent start_id="154" goal_id="23"/>
  <agent start_id="90" goal_id="18"/>
  <agent start_id="36" goal_id="16"/>
  <agent start_id="156" goal_id="89"/>
  <agent start_id="174" goal_id="6"/>
  <agent start_id="91" goal_id="87"/>
  <agent start_id="181" goal_id="177"/>
  <agent start_id="117" goal_id="105"/>
  <agent start_id="159" goal_id="183"/>
  <agent start_id="60" goal_id="163"/>
  <agent start_id="160" goal_id="145"/>
  <agent start_id="83" goal_id="160"/>
  <agent start_id="22" goal_id="156"/>
  <agent start_id="86" goal_id="36"/>
</root>
