<?xml version="1.0" ?>
<root>
  <agent start_id="154" goal_id="100"/>
  <agent start_id="172" goal_id="67"/>
  <agent start_id="176" goal_id="156"/>
  <agent start_id="23" goal_id="108"/>
  <agent start_id="0" goal_id="47"/>
  <agent start_id="147" goal_id="136"/>
  <agent start_id="24" goal_id="178"/>
  <agent start_id="20" goal_id="89"/>
  <agent start_id="126" goal_id="169"/>
  <agent start_id="85" goal_id="113"/>
  <agent start_id="194" goal_id="166"/>
  <agent start_id="169" goal_id="150"/>
  <agent start_id="25" goal_id="188"/>
  <agent start_id="117" goal_id="112"/>
  <agent start_id="8" goal_id="74"/>
  <agent start_id="52" goal_id="56"/>
  <agent start_id="75" goal_id="63"/>
  <agent start_id="63" goal_id="19"/>
  <agent start_id="184" goal_id="110"/>
  <agent start_id="56" goal_id="29"/>
  <agent start_id="54" goal_id="0"/>
  <agent start_id="142" goal_id="18"/>
  <agent start_id="120" goal_id="94"/>
  <agent start_id="99" goal_id="144"/>
  <agent start_id="14" goal_id="189"/>
  <agent start_id="31" goal_id="157"/>
  <agent start_id="41" goal_id="131"/>
  <agent start_id="68" goal_id="159"/>
  <agent start_id="114" goal_id="32"/>
  <agent start_id="100" goal_id="141"/>
  <agent start_id="109" goal_id="92"/>
  <agent start_id="26" goal_id="176"/>
  <agent start_id="168" goal_id="199"/>
  <agent start_id="138" goal_id="45"/>
  <agent start_id="199" goal_id="175"/>
  <agent start_id="161" goal_id="39"/>
  <agent start_id="102" goal_id="6"/>
  <agent start_id="191" goal_id="57"/>
  <agent start_id="46" goal_id="64"/>
  <agent start_id="40" goal_id="4"/>
  <agent start_id="95" goal_id="186"/>
  <agent start_id="71" goal_id="61"/>
  <agent start_id="10" goal_id="181"/>
  <agent start_id="47" goal_id="137"/>
  <agent start_id="89" goal_id="162"/>
  <agent start_id="192" goal_id="171"/>
  <agent start_id="1" goal_id="161"/>
  <agent start_id="66" goal_id="37"/>
  <agent start_id="72" goal_id="1"/>
  <agent start_id="185" goal_id="72"/>
</root>
