<?xml version="1.0" ?>
<root>
  <agent start_id="35" goal_id="77"/>
  <agent start_id="172" goal_id="161"/>
  <agent start_id="75" goal_id="159"/>
  <agent start_id="16" goal_id="62"/>
  <agent start_id="48" goal_id="16"/>
  <agent start_id="71" goal_id="102"/>
  <agent start_id="26" goal_id="160"/>
  <agent start_id="187" goal_id="22"/>
  <agent start_id="153" goal_id="48"/>
  <agent start_id="142" goal_id="34"/>
  <agent start_id="12" goal_id="187"/>
  <agent start_id="190" goal_id="51"/>
  <agent start_id="9" goal_id="53"/>
  <agent start_id="1" goal_id="162"/>
  <agent start_id="41" goal_id="9"/>
  <agent start_id="167" goal_id="145"/>
  <agent start_id="85" goal_id="167"/>
  <agent start_id="126" goal_id="69"/>
  <agent start_id="32" goal_id="106"/>
  <agent start_id="6" goal_id="82"/>
  <agent start_id="88" goal_id="67"/>
  <agent start_id="43" goal_id="18"/>
  <agent start_id="164" goal_id="43"/>
  <agent start_id="69" goal_id="24"/>
  <agent start_id="60" goal_id="12"/>
  <agent start_id="160" goal_id="117"/>
  <agent start_id="139" goal_id="91"/>
  <agent start_id="93" goal_id="59"/>
  <agent start_id="0" goal_id="100"/>
  <agent start_id="115" goal_id="150"/>
  <agent start_id="104" goal_id="157"/>
  <agent start_id="56" goal_id="35"/>
  <agent start_id="45" goal_id="15"/>
  <agent start_id="101" goal_id="110"/>
  <agent start_id="58" goal_id="13"/>
  <agent start_id="119" goal_id="45"/>
  <agent start_id="157" goal_id="151"/>
  <agent start_id="96" goal_id="87"/>
  <agent start_id="87" goal_id="73"/>
  <agent start_id="54" goal_id="191"/>
  <agent start_id="80" goal_id="177"/>
  <agent start_id="62" goal_id="196"/>
  <agent start_id="178" goal_id="60"/>
  <agent start_id="47" goal_id="33"/>
  <agent start_id="163" goal_id="170"/>
  <agent start_id="155" goal_id="130"/>
  <agent start_id="175" goal_id="46"/>
  <agent start_id="59" goal_id="1"/>
  <agent start_id="86" goal_id="146"/>
  <agent start_id="196" goal_id="26"/>
</root>
