<?xml version="1.0" ?>
<root>
  <agent start_id="179" goal_id="193"/>
  <agent start_id="85" goal_id="137"/>
  <agent start_id="86" goal_id="102"/>
  <agent start_id="105" goal_id="79"/>
  <agent start_id="88" goal_id="104"/>
  <agent start_id="196" goal_id="176"/>
  <agent start_id="98" goal_id="55"/>
  <agent start_id="97" goal_id="159"/>
  <agent start_id="154" goal_id="167"/>
  <agent start_id="57" goal_id="123"/>
  <agent start_id="148" goal_id="20"/>
  <agent start_id="192" goal_id="135"/>
  <agent start_id="152" goal_id="66"/>
  <agent start_id="175" goal_id="98"/>
  <agent start_id="24" goal_id="63"/>
  <agent start_id="53" goal_id="91"/>
  <agent start_id="72" goal_id="2"/>
  <agent start_id="126" goal_id="115"/>
  <agent start_id="164" goal_id="80"/>
  <agent start_id="17" goal_id="33"/>
  <agent start_id="63" goal_id="21"/>
  <agent start_id="121" goal_id="126"/>
  <agent start_id="177" goal_id="73"/>
  <agent start_id="31" goal_id="47"/>
  <agent start_id="190" goal_id="39"/>
  <agent start_id="2" goal_id="168"/>
  <agent start_id="125" goal_id="103"/>
  <agent start_id="78" goal_id="145"/>
  <agent start_id="68" goal_id="29"/>
  <agent start_id="102" goal_id="141"/>
  <agent start_id="29" goal_id="198"/>
  <agent start_id="107" goal_id="177"/>
  <agent start_id="26" goal_id="8"/>
  <agent start_id="171" goal_id="96"/>
  <agent start_id="12" goal_id="149"/>
  <agent start_id="100" goal_id="154"/>
  <agent start_id="162" goal_id="171"/>
  <agent start_id="198" goal_id="38"/>
  <agent start_id="56" goal_id="124"/>
  <agent start_id="176" goal_id="48"/>
  <agent start_id="194" goal_id="57"/>
  <agent start_id="6" goal_id="71"/>
  <agent start_id="145" goal_id="14"/>
  <agent start_id="94" goal_id="25"/>
  <agent start_id="104" goal_id="95"/>
  <agent start_id="141" goal_id="178"/>
  <agent start_id="50" goal_id="37"/>
  <agent start_id="155" goal_id="136"/>
  <agent start_id="103" goal_id="174"/>
  <agent start_id="7" goal_id="113"/>
</root>
