<?xml version="1.0" ?>
<root>
  <agent start_id="61" goal_id="63"/>
  <agent start_id="141" goal_id="192"/>
  <agent start_id="180" goal_id="17"/>
  <agent start_id="191" goal_id="193"/>
  <agent start_id="137" goal_id="151"/>
  <agent start_id="110" goal_id="85"/>
  <agent start_id="158" goal_id="128"/>
  <agent start_id="30" goal_id="18"/>
  <agent start_id="51" goal_id="124"/>
  <agent start_id="41" goal_id="43"/>
  <agent start_id="92" goal_id="35"/>
  <agent start_id="111" goal_id="83"/>
  <agent start_id="13" goal_id="117"/>
  <agent start_id="197" goal_id="80"/>
  <agent start_id="69" goal_id="1"/>
  <agent start_id="35" goal_id="72"/>
  <agent start_id="84" goal_id="75"/>
  <agent start_id="161" goal_id="110"/>
  <agent start_id="122" goal_id="133"/>
  <agent start_id="139" goal_id="5"/>
  <agent start_id="102" goal_id="68"/>
  <agent start_id="99" goal_id="38"/>
  <agent start_id="18" goal_id="44"/>
  <agent start_id="117" goal_id="150"/>
  <agent start_id="145" goal_id="158"/>
  <agent start_id="42" goal_id="15"/>
  <agent start_id="12" goal_id="69"/>
  <agent start_id="176" goal_id="123"/>
  <agent start_id="44" goal_id="46"/>
  <agent start_id="147" goal_id="140"/>
  <agent start_id="37" goal_id="73"/>
  <agent start_id="183" goal_id="186"/>
  <agent start_id="193" goal_id="93"/>
  <agent start_id="153" goal_id="155"/>
  <agent start_id="167" goal_id="169"/>
  <agent start_id="189" goal_id="51"/>
  <agent start_id="190" goal_id="181"/>
  <agent start_id="91" goal_id="101"/>
  <agent start_id="127" goal_id="129"/>
  <agent start_id="93" goal_id="66"/>
  <agent start_id="149" goal_id="58"/>
  <agent start_id="125" goal_id="134"/>
  <agent start_id="83" goal_id="53"/>
  <agent start_id="67" goal_id="111"/>
  <agent start_id="170" goal_id="157"/>
  <agent start_id="172" goal_id="4"/>
  <agent start_id="57" goal_id="108"/>
  <agent start_id="96" goal_id="175"/>
  <agent start_id="133" goal_id="153"/>
  <agent start_id="174" goal_id="7"/>
</root>
