<?xml version="1.0" ?>
<root>
  <agent start_id="78" goal_id="53"/>
  <agent start_id="50" goal_id="64"/>
  <agent start_id="46" goal_id="38"/>
  <agent start_id="41" goal_id="182"/>
  <agent start_id="199" goal_id="22"/>
  <agent start_id="9" goal_id="95"/>
  <agent start_id="88" goal_id="110"/>
  <agent start_id="42" goal_id="20"/>
  <agent start_id="33" goal_id="165"/>
  <agent start_id="62" goal_id="171"/>
  <agent start_id="65" goal_id="67"/>
  <agent start_id="118" goal_id="25"/>
  <agent start_id="32" goal_id="147"/>
  <agent start_id="169" goal_id="189"/>
  <agent start_id="14" goal_id="60"/>
  <agent start_id="133" goal_id="46"/>
  <agent start_id="19" goal_id="41"/>
  <agent start_id="36" goal_id="159"/>
  <agent start_id="80" goal_id="96"/>
  <agent start_id="17" goal_id="5"/>
  <agent start_id="101" goal_id="69"/>
  <agent start_id="55" goal_id="23"/>
  <agent start_id="189" goal_id="190"/>
  <agent start_id="124" goal_id="180"/>
  <agent start_id="152" goal_id="78"/>
  <agent start_id="51" goal_id="141"/>
  <agent start_id="63" goal_id="195"/>
  <agent start_id="38" goal_id="99"/>
  <agent start_id="57" goal_id="185"/>
  <agent start_id="73" goal_id="9"/>
  <agent start_id="44" goal_id="176"/>
  <agent start_id="129" goal_id="72"/>
  <agent start_id="18" goal_id="169"/>
  <agent start_id="25" goal_id="127"/>
  <agent start_id="21" goal_id="85"/>
  <agent start_id="156" goal_id="152"/>
  <agent start_id="164" goal_id="163"/>
  <agent start_id="83" goal_id="81"/>
  <agent start_id="40" goal_id="40"/>
  <agent start_id="181" goal_id="45"/>
  <agent start_id="48" goal_id="1"/>
  <agent start_id="190" goal_id="37"/>
  <agent start_id="157" goal_id="157"/>
  <agent start_id="141" goal_id="173"/>
  <agent start_id="195" goal_id="88"/>
  <agent start_id="96" goal_id="2"/>
  <agent start_id="145" goal_id="120"/>
  <agent start_id="125" goal_id="16"/>
  <agent start_id="107" goal_id="84"/>
  <agent start_id="178" goal_id="154"/>
</root>
