<?xml version="1.0" ?>
<root>
  <agent start_id="158" goal_id="39"/>
  <agent start_id="67" goal_id="49"/>
  <agent start_id="73" goal_id="8"/>
  <agent start_id="89" goal_id="44"/>
  <agent start_id="93" goal_id="183"/>
  <agent start_id="146" goal_id="157"/>
  <agent start_id="46" goal_id="29"/>
  <agent start_id="192" goal_id="165"/>
  <agent start_id="148" goal_id="166"/>
  <agent start_id="71" goal_id="95"/>
  <agent start_id="115" goal_id="126"/>
  <agent start_id="8" goal_id="182"/>
  <agent start_id="153" goal_id="135"/>
  <agent start_id="178" goal_id="194"/>
  <agent start_id="170" goal_id="58"/>
  <agent start_id="195" goal_id="53"/>
  <agent start_id="175" goal_id="6"/>
  <agent start_id="119" goal_id="110"/>
  <agent start_id="191" goal_id="154"/>
  <agent start_id="19" goal_id="131"/>
  <agent start_id="114" goal_id="80"/>
  <agent start_id="88" goal_id="104"/>
  <agent start_id="0" goal_id="46"/>
  <agent start_id="22" goal_id="119"/>
  <agent start_id="78" goal_id="22"/>
  <agent start_id="29" goal_id="147"/>
  <agent start_id="134" goal_id="144"/>
  <agent start_id="167" goal_id="66"/>
  <agent start_id="41" goal_id="151"/>
  <agent start_id="56" goal_id="140"/>
  <agent start_id="188" goal_id="138"/>
  <agent start_id="11" goal_id="52"/>
  <agent start_id="70" goal_id="141"/>
  <agent start_id="57" goal_id="84"/>
  <agent start_id="84" goal_id="150"/>
  <agent start_id="171" goal_id="63"/>
  <agent start_id="103" goal_id="163"/>
  <agent start_id="169" goal_id="113"/>
  <agent start_id="100" goal_id="176"/>
  <agent start_id="101" goal_id="32"/>
  <agent start_id="180" goal_id="123"/>
  <agent start_id="2" goal_id="41"/>
  <agent start_id="154" goal_id="60"/>
  <agent start_id="123" goal_id="120"/>
  <agent start_id="196" goal_id="20"/>
  <agent start_id="17" goal_id="89"/>
  <agent start_id="23" goal_id="190"/>
  <agent start_id="37" goal_id="79"/>
  <agent start_id="4" goal_id="4"/>
  <agent start_id="141" goal_id="11"/>
</root>
