<?xml version="1.0" ?>
<root>
  <agent start_id="136" goal_id="90"/>
  <agent start_id="119" goal_id="35"/>
  <agent start_id="174" goal_id="114"/>
  <agent start_id="45" goal_id="117"/>
  <agent start_id="144" goal_id="47"/>
  <agent start_id="13" goal_id="191"/>
  <agent start_id="106" goal_id="152"/>
  <agent start_id="58" goal_id="110"/>
  <agent start_id="137" goal_id="19"/>
  <agent start_id="39" goal_id="69"/>
  <agent start_id="16" goal_id="6"/>
  <agent start_id="72" goal_id="196"/>
  <agent start_id="85" goal_id="120"/>
  <agent start_id="37" goal_id="131"/>
  <agent start_id="64" goal_id="141"/>
  <agent start_id="7" goal_id="161"/>
  <agent start_id="29" goal_id="159"/>
  <agent start_id="51" goal_id="173"/>
  <agent start_id="117" goal_id="164"/>
  <agent start_id="173" goal_id="68"/>
  <agent start_id="148" goal_id="57"/>
  <agent start_id="56" goal_id="84"/>
  <agent start_id="110" goal_id="154"/>
  <agent start_id="167" goal_id="188"/>
  <agent start_id="101" goal_id="143"/>
  <agent start_id="40" goal_id="78"/>
  <agent start_id="191" goal_id="65"/>
  <agent start_id="11" goal_id="115"/>
  <agent start_id="164" goal_id="32"/>
  <agent start_id="80" goal_id="73"/>
  <agent start_id="73" goal_id="91"/>
  <agent start_id="43" goal_id="99"/>
  <agent start_id="69" goal_id="34"/>
  <agent start_id="116" goal_id="138"/>
  <agent start_id="96" goal_id="129"/>
  <agent start_id="81" goal_id="22"/>
  <agent start_id="195" goal_id="41"/>
  <agent start_id="92" goal_id="151"/>
  <agent start_id="132" goal_id="166"/>
  <agent start_id="198" goal_id="11"/>
  <agent start_id="149" goal_id="177"/>
  <agent start_id="60" goal_id="168"/>
  <agent start_id="88" goal_id="133"/>
  <agent start_id="133" goal_id="165"/>
  <agent start_id="25" goal_id="24"/>
  <agent start_id="107" goal_id="1"/>
  <agent start_id="22" goal_id="144"/>
  <agent start_id="113" goal_id="135"/>
  <agent start_id="50" goal_id="51"/>
  <agent start_id="196" goal_id="49"/>
</root>
