<?xml version="1.0" ?>
<root>
  <agent start_id="68" goal_id="35"/>
  <agent start_id="176" goal_id="3"/>
  <agent start_id="2" goal_id="196"/>
  <agent start_id="11" goal_id="122"/>
  <agent start_id="143" goal_id="74"/>
  <agent start_id="149" goal_id="126"/>
  <agent start_id="133" goal_id="13"/>
  <agent start_id="122" goal_id="0"/>
  <agent start_id="91" goal_id="118"/>
  <agent start_id="112" goal_id="89"/>
  <agent start_id="139" goal_id="29"/>
  <agent start_id="93" goal_id="138"/>
  <agent start_id="12" goal_id="43"/>
  <agent start_id="66" goal_id="88"/>
  <agent start_id="187" goal_id="173"/>
  <agent start_id="115" goal_id="79"/>
  <agent start_id="174" goal_id="23"/>
  <agent start_id="0" goal_id="42"/>
  <agent start_id="155" goal_id="101"/>
  <agent start_id="191" goal_id="36"/>
  <agent start_id="79" goal_id="136"/>
  <agent start_id="78" goal_id="156"/>
  <agent start_id="60" goal_id="178"/>
  <agent start_id="167" goal_id="8"/>
  <agent start_id="180" goal_id="115"/>
  <agent start_id="3" goal_id="30"/>
  <agent start_id="144" goal_id="61"/>
  <agent start_id="7" goal_id="117"/>
  <agent start_id="34" goal_id="1"/>
  <agent start_id="169" goal_id="65"/>
  <agent start_id="136" goal_id="17"/>
  <agent start_id="164" goal_id="149"/>
  <agent start_id="135" goal_id="6"/>
  <agent start_id="107" goal_id="170"/>
  <agent start_id="126" goal_id="25"/>
  <agent start_id="177" goal_id="134"/>
  <agent start_id="76" goal_id="14"/>
  <agent start_id="146" goal_id="107"/>
  <agent start_id="151" goal_id="84"/>
  <agent start_id="104" goal_id="185"/>
  <agent start_id="127" goal_id="26"/>
  <agent start_id="130" goal_id="140"/>
  <agent start_id="16" goal_id="19"/>
  <agent start_id="39" goal_id="158"/>
  <agent start_id="17" goal_id="182"/>
  <agent start_id="5" goal_id="73"/>
  <agent start_id="72" goal_id="38"/>
  <agent start_id="82" goal_id="127"/>
  <agent start_id="83" goal_id="198"/>
  <agent start_id="49" goal_id="2"/>
</root>
