<?xml version="1.0" ?>
<root>
  <agent start_id="125" goal_id="95"/>
  <agent start_id="147" goal_id="80"/>
  <agent start_id="78" goal_id="43"/>
  <agent start_id="198" goal_id="4"/>
  <agent start_id="25" goal_id="127"/>
  <agent start_id="169" goal_id="122"/>
  <agent start_id="91" goal_id="86"/>
  <agent start_id="72" goal_id="150"/>
  <agent start_id="181" goal_id="116"/>
  <agent start_id="89" goal_id="129"/>
  <agent start_id="166" goal_id="182"/>
  <agent start_id="142" goal_id="7"/>
  <agent start_id="84" goal_id="91"/>
  <agent start_id="188" goal_id="27"/>
  <agent start_id="139" goal_id="146"/>
  <agent start_id="33" goal_id="101"/>
  <agent start_id="28" goal_id="142"/>
  <agent start_id="53" goal_id="52"/>
  <agent start_id="81" goal_id="93"/>
  <agent start_id="49" goal_id="87"/>
  <agent start_id="190" goal_id="69"/>
  <agent start_id="164" goal_id="172"/>
  <agent start_id="195" goal_id="12"/>
  <agent start_id="151" goal_id="147"/>
  <agent start_id="11" goal_id="184"/>
  <agent start_id="32" goal_id="39"/>
  <agent start_id="2" goal_id="65"/>
  <agent start_id="12" goal_id="139"/>
  <agent start_id="87" goal_id="163"/>
  <agent start_id="85" goal_id="40"/>
  <agent start_id="116" goal_id="35"/>
  <agent start_id="54" goal_id="154"/>
  <agent start_id="9" goal_id="100"/>
  <agent start_id="93" goal_id="60"/>
  <agent start_id="65" goal_id="103"/>
  <agent start_id="6" goal_id="190"/>
  <agent start_id="155" goal_id="144"/>
  <agent start_id="138" goal_id="75"/>
  <agent start_id="161" goal_id="20"/>
  <agent start_id="178" goal_id="42"/>
  <agent start_id="37" goal_id="68"/>
  <agent start_id="46" goal_id="18"/>
  <agent start_id="69" goal_id="137"/>
  <agent start_id="177" goal_id="109"/>
  <agent start_id="150" goal_id="92"/>
  <agent start_id="71" goal_id="14"/>
  <agent start_id="120" goal_id="6"/>
  <agent start_id="136" goal_id="111"/>
  <agent start_id="56" goal_id="51"/>
  <agent start_id="39" goal_id="152"/>
</root>
