<?xml version="1.0" ?>
<root>
  <agent start_id="82" goal_id="148"/>
  <agent start_id="109" goal_id="2"/>
  <agent start_id="99" goal_id="72"/>
  <agent start_id="84" goal_id="141"/>
  <agent start_id="17" goal_id="8"/>
  <agent start_id="180" goal_id="44"/>
  <agent start_id="56" goal_id="55"/>
  <agent start_id="34" goal_id="117"/>
  <agent start_id="95" goal_id="28"/>
  <agent start_id="19" goal_id="84"/>
  <agent start_id="47" goal_id="33"/>
  <agent start_id="12" goal_id="47"/>
  <agent start_id="55" goal_id="181"/>
  <agent start_id="103" goal_id="75"/>
  <agent start_id="41" goal_id="78"/>
  <agent start_id="182" goal_id="192"/>
  <agent start_id="136" goal_id="106"/>
  <agent start_id="169" goal_id="190"/>
  <agent start_id="147" goal_id="123"/>
  <agent start_id="27" goal_id="172"/>
  <agent start_id="118" goal_id="87"/>
  <agent start_id="54" goal_id="81"/>
  <agent start_id="20" goal_id="77"/>
  <agent start_id="126" goal_id="127"/>
  <agent start_id="155" goal_id="155"/>
  <agent start_id="113" goal_id="186"/>
  <agent start_id="152" goal_id="114"/>
  <agent start_id="197" goal_id="63"/>
  <agent start_id="134" goal_id="62"/>
  <agent start_id="166" goal_id="171"/>
  <agent start_id="3" goal_id="176"/>
  <agent start_id="112" goal_id="134"/>
  <agent start_id="189" goal_id="80"/>
  <agent start_id="153" goal_id="137"/>
  <agent start_id="132" goal_id="125"/>
  <agent start_id="186" goal_id="104"/>
  <agent start_id="149" goal_id="6"/>
  <agent start_id="194" goal_id="163"/>
  <agent start_id="66" goal_id="146"/>
  <agent start_id="87" goal_id="130"/>
  <agent start_id="140" goal_id="35"/>
  <agent start_id="52" goal_id="36"/>
  <agent start_id="24" goal_id="99"/>
  <agent start_id="49" goal_id="144"/>
  <agent start_id="176" goal_id="0"/>
  <agent start_id="170" goal_id="140"/>
  <agent start_id="120" goal_id="18"/>
  <agent start_id="10" goal_id="108"/>
  <agent start_id="90" goal_id="86"/>
  <agent start_id="42" goal_id="29"/>
</root>
