<?xml version="1.0" ?>
<root>
  <agent start_id="99" goal_id="89"/>
  <agent start_id="166" goal_id="185"/>
  <agent start_id="45" goal_id="131"/>
  <agent start_id="124" goal_id="65"/>
  <agent start_id="11" goal_id="19"/>
  <agent start_id="87" goal_id="195"/>
  <agent start_id="63" goal_id="67"/>
  <agent start_id="12" goal_id="108"/>
  <agent start_id="185" goal_id="129"/>
  <agent start_id="114" goal_id="28"/>
  <agent start_id="127" goal_id="18"/>
  <agent start_id="173" goal_id="191"/>
  <agent start_id="106" goal_id="156"/>
  <agent start_id="58" goal_id="58"/>
  <agent start_id="74" goal_id="116"/>
  <agent start_id="137" goal_id="167"/>
  <agent start_id="97" goal_id="5"/>
  <agent start_id="31" goal_id="88"/>
  <agent start_id="29" goal_id="55"/>
  <agent start_id="98" goal_id="33"/>
  <agent start_id="56" goal_id="73"/>
  <agent start_id="149" goal_id="21"/>
  <agent start_id="155" goal_id="125"/>
  <agent start_id="0" goal_id="14"/>
  <agent start_id="126" goal_id="82"/>
  <agent start_id="108" goal_id="151"/>
  <agent start_id="194" goal_id="76"/>
  <agent start_id="177" goal_id="174"/>
  <agent start_id="186" goal_id="50"/>
  <agent start_id="157" goal_id="159"/>
  <agent start_id="152" goal_id="137"/>
  <agent start_id="2" goal_id="160"/>
  <agent start_id="49" goal_id="85"/>
  <agent start_id="54" goal_id="121"/>
  <agent start_id="39" goal_id="15"/>
  <agent start_id="163" goal_id="31"/>
  <agent start_id="190" goal_id="181"/>
  <agent start_id="3" goal_id="145"/>
  <agent start_id="113" goal_id="7"/>
  <agent start_id="36" goal_id="112"/>
  <agent start_id="170" goal_id="30"/>
  <agent start_id="103" goal_id="109"/>
  <agent start_id="131" goal_id="113"/>
  <agent start_id="111" goal_id="86"/>
  <agent start_id="122" goal_id="69"/>
  <agent start_id="159" goal_id="51"/>
  <agent start_id="83" goal_id="197"/>
  <agent start_id="199" goal_id="148"/>
  <agent start_id="82" goal_id="52"/>
  <agent start_id="23" goal_id="43"/>
</root>
