<?xml version="1.0" ?>
<root>
  <agent start_id="121" goal_id="114"/>
  <agent start_id="148" goal_id="181"/>
  <agent start_id="59" goal_id="75"/>
  <agent start_id="28" goal_id="174"/>
  <agent start_id="187" goal_id="152"/>
  <agent start_id="173" goal_id="141"/>
  <agent start_id="75" goal_id="195"/>
  <agent start_id="151" goal_id="139"/>
  <agent start_id="69" goal_id="48"/>
  <agent start_id="114" goal_id="16"/>
  <agent start_id="165" goal_id="90"/>
  <agent start_id="2" goal_id="83"/>
  <agent start_id="153" goal_id="190"/>
  <agent start_id="19" goal_id="176"/>
  <agent start_id="127" goal_id="165"/>
  <agent start_id="53" goal_id="100"/>
  <agent start_id="106" goal_id="34"/>
  <agent start_id="104" goal_id="44"/>
  <agent start_id="146" goal_id="140"/>
  <agent start_id="8" goal_id="2"/>
  <agent start_id="118" goal_id="113"/>
  <agent start_id="20" goal_id="130"/>
  <agent start_id="78" goal_id="92"/>
  <agent start_id="84" goal_id="5"/>
  <agent start_id="50" goal_id="158"/>
  <agent start_id="45" goal_id="186"/>
  <agent start_id="60" goal_id="171"/>
  <agent start_id="122" goal_id="77"/>
  <agent start_id="139" goal_id="27"/>
  <agent start_id="140" goal_id="9"/>
  <agent start_id="92" goal_id="26"/>
  <agent start_id="101" goal_id="144"/>
  <agent start_id="97" goal_id="129"/>
  <agent start_id="189" goal_id="85"/>
  <agent start_id="182" goal_id="51"/>
  <agent start_id="172" goal_id="1"/>
  <agent start_id="103" goal_id="166"/>
  <agent start_id="86" goal_id="198"/>
  <agent start_id="155" goal_id="196"/>
  <agent start_id="6" goal_id="107"/>
  <agent start_id="109" goal_id="4"/>
  <agent start_id="10" goal_id="123"/>
  <agent start_id="43" goal_id="132"/>
  <agent start_id="98" goal_id="157"/>
  <agent start_id="196" goal_id="112"/>
  <agent start_id="38" goal_id="179"/>
  <agent start_id="82" goal_id="55"/>
  <agent start_id="96" goal_id="38"/>
  <agent start_id="13" goal_id="40"/>
  <agent start_id="39" goal_id="73"/>
</root>
