<?xml version="1.0" ?>
<root>
  <agent start_id="148" goal_id="77"/>
  <agent start_id="71" goal_id="96"/>
  <agent start_id="51" goal_id="166"/>
  <agent start_id="159" goal_id="15"/>
  <agent start_id="15" goal_id="107"/>
  <agent start_id="171" goal_id="19"/>
  <agent start_id="12" goal_id="120"/>
  <agent start_id="127" goal_id="14"/>
  <agent start_id="145" goal_id="183"/>
  <agent start_id="121" goal_id="133"/>
  <agent start_id="193" goal_id="189"/>
  <agent start_id="101" goal_id="52"/>
  <agent start_id="120" goal_id="46"/>
  <agent start_id="166" goal_id="165"/>
  <agent start_id="114" goal_id="12"/>
  <agent start_id="78" goal_id="191"/>
  <agent start_id="19" goal_id="20"/>
  <agent start_id="59" goal_id="177"/>
  <agent start_id="65" goal_id="89"/>
  <agent start_id="196" goal_id="37"/>
  <agent start_id="60" goal_id="117"/>
  <agent start_id="84" goal_id="137"/>
  <agent start_id="85" goal_id="170"/>
  <agent start_id="107" goal_id="156"/>
  <agent start_id="116" goal_id="144"/>
  <agent start_id="179" goal_id="109"/>
  <agent start_id="57" goal_id="82"/>
  <agent start_id="29" goal_id="4"/>
  <agent start_id="80" goal_id="17"/>
  <agent start_id="187" goal_id="29"/>
  <agent start_id="18" goal_id="80"/>
  <agent start_id="48" goal_id="76"/>
  <agent start_id="124" goal_id="31"/>
  <agent start_id="198" goal_id="105"/>
  <agent start_id="188" goal_id="169"/>
  <agent start_id="165" goal_id="30"/>
  <agent start_id="134" goal_id="99"/>
  <agent start_id="76" goal_id="61"/>
  <agent start_id="11" goal_id="182"/>
  <agent start_id="138" goal_id="65"/>
  <agent start_id="86" goal_id="193"/>
  <agent start_id="8" goal_id="186"/>
  <agent start_id="164" goal_id="59"/>
  <agent start_id="72" goal_id="56"/>
  <agent start_id="52" goal_id="94"/>
  <agent start_id="95" goal_id="139"/>
  <agent start_id="42" goal_id="174"/>
  <agent start_id="154" goal_id="147"/>
  <agent start_id="46" goal_id="114"/>
  <agent start_id="190" goal_id="87"/>
</root>
