<?xml version="1.0" ?>
<root>
  <agent start_id="74" goal_id="22"/>
  <agent start_id="102" goal_id="106"/>
  <agent start_id="39" goal_id="180"/>
  <agent start_id="25" goal_id="166"/>
  <agent start_id="118" goal_id="104"/>
  <agent start_id="149" goal_id="117"/>
  <agent start_id="77" goal_id="177"/>
  <agent start_id="48" goal_id="32"/>
  <agent start_id="5" goal_id="26"/>
  <agent start_id="106" goal_id="95"/>
  <agent start_id="60" goal_id="184"/>
  <agent start_id="41" goal_id="191"/>
  <agent start_id="49" goal_id="112"/>
  <agent start_id="81" goal_id="153"/>
  <agent start_id="123" goal_id="145"/>
  <agent start_id="12" goal_id="80"/>
  <agent start_id="33" goal_id="99"/>
  <agent start_id="110" goal_id="181"/>
  <agent start_id="164" goal_id="101"/>
  <agent start_id="42" goal_id="193"/>
  <agent start_id="140" goal_id="141"/>
  <agent start_id="16" goal_id="151"/>
  <agent start_id="38" goal_id="79"/>
  <agent start_id="59" goal_id="103"/>
  <agent start_id="169" goal_id="198"/>
  <agent start_id="84" goal_id="183"/>
  <agent start_id="158" goal_id="3"/>
  <agent start_id="104" goal_id="8"/>
  <agent start_id="192" goal_id="28"/>
  <agent start_id="26" goal_id="91"/>
  <agent start_id="79" goal_id="46"/>
  <agent start_id="155" goal_id="60"/>
  <agent start_id="99" goal_id="143"/>
  <agent start_id="14" goal_id="10"/>
  <agent start_id="124" goal_id="5"/>
  <agent start_id="52" goal_id="29"/>
  <agent start_id="166" goal_id="73"/>
  <agent start_id="154" goal_id="84"/>
  <agent start_id="45" goal_id="152"/>
  <agent start_id="141" goal_id="111"/>
  <agent start_id="121" goal_id="35"/>
  <agent start_id="188" goal_id="64"/>
  <agent start_id="20" goal_id="137"/>
  <agent start_id="196" goal_id="65"/>
  <agent start_id="161" goal_id="114"/>
  <agent start_id="0" goal_id="126"/>
  <agent start_id="131" goal_id="174"/>
  <agent start_id="113" goal_id="130"/>
  <agent start_id="109" goal_id="128"/>
  <agent start_id="190" goal_id="86"/>
</root>
