<?xml version="1.0" ?>
<root>
  <agent start_id="197" goal_id="105"/>
  <agent start_id="89" goal_id="23"/>
  <agent start_id="183" goal_id="190"/>
  <agent start_id="146" goal_id="51"/>
  <agent start_id="136" goal_id="8"/>
  <agent start_id="178" goal_id="88"/>
  <agent start_id="122" goal_id="37"/>
  <agent start_id="53" goal_id="187"/>
  <agent start_id="61" goal_id="173"/>
  <agent start_id="143" goal_id="138"/>
  <agent start_id="116" goal_id="92"/>
  <agent start_id="127" goal_id="73"/>
  <agent start_id="13" goal_id="20"/>
  <agent start_id="0" goal_id="114"/>
  <agent start_id="52" goal_id="156"/>
  <agent start_id="152" goal_id="12"/>
  <agent start_id="18" goal_id="32"/>
  <agent start_id="84" goal_id="82"/>
  <agent start_id="144" goal_id="198"/>
  <agent start_id="141" goal_id="68"/>
  <agent start_id="46" goal_id="26"/>
  <agent start_id="148" goal_id="58"/>
  <agent start_id="97" goal_id="162"/>
  <agent start_id="77" goal_id="128"/>
  <agent start_id="43" goal_id="149"/>
  <agent start_id="126" goal_id="101"/>
  <agent start_id="4" goal_id="5"/>
  <agent start_id="6" goal_id="142"/>
  <agent start_id="45" goal_id="192"/>
  <agent start_id="107" goal_id="77"/>
  <agent start_id="56" goal_id="13"/>
  <agent start_id="36" goal_id="2"/>
  <agent start_id="101" goal_id="123"/>
  <agent start_id="65" goal_id="143"/>
  <agent start_id="106" goal_id="197"/>
  <agent start_id="68" goal_id="4"/>
  <agent start_id="94" goal_id="107"/>
  <agent start_id="67" goal_id="167"/>
  <agent start_id="20" goal_id="158"/>
  <agent start_id="29" goal_id="181"/>
  <agent start_id="167" goal_id="160"/>
  <agent start_id="162" goal_id="180"/>
  <agent start_id="187" goal_id="41"/>
  <agent start_id="131" goal_id="150"/>
  <agent start_id="196" goal_id="72"/>
  <agent start_id="165" goal_id="95"/>
  <agent start_id="92" goal_id="83"/>
  <agent start_id="8" goal_id="94"/>
  <agent start_id="170" goal_id="10"/>
  <agent start_id="100" goal_id="147"/>
</root>
