<?xml version="1.0" ?>
<root>
  <agent start_id="90" goal_id="64"/>
  <agent start_id="91" goal_id="153"/>
  <agent start_id="195" goal_id="180"/>
  <agent start_id="134" goal_id="5"/>
  <agent start_id="48" goal_id="164"/>
  <agent start_id="87" goal_id="184"/>
  <agent start_id="138" goal_id="100"/>
  <agent start_id="149" goal_id="182"/>
  <agent start_id="70" goal_id="190"/>
  <agent start_id="79" goal_id="142"/>
  <agent start_id="23" goal_id="179"/>
  <agent start_id="71" goal_id="109"/>
  <agent start_id="62" goal_id="33"/>
  <agent start_id="144" goal_id="39"/>
  <agent start_id="83" goal_id="45"/>
  <agent start_id="142" goal_id="38"/>
  <agent start_id="27" goal_id="124"/>
  <agent start_id="111" goal_id="75"/>
  <agent start_id="2" goal_id="50"/>
  <agent start_id="154" goal_id="146"/>
  <agent start_id="36" goal_id="42"/>
  <agent start_id="140" goal_id="137"/>
  <agent start_id="65" goal_id="198"/>
  <agent start_id="179" goal_id="49"/>
  <agent start_id="67" goal_id="113"/>
  <agent start_id="188" goal_id="140"/>
  <agent start_id="31" goal_id="7"/>
  <agent start_id="35" goal_id="21"/>
  <agent start_id="183" goal_id="4"/>
  <agent start_id="167" goal_id="46"/>
  <agent start_id="17" goal_id="35"/>
  <agent start_id="157" goal_id="71"/>
  <agent start_id="16" goal_id="41"/>
  <agent start_id="151" goal_id="192"/>
  <agent start_id="54" goal_id="132"/>
  <agent start_id="119" goal_id="1"/>
  <agent start_id="58" goal_id="128"/>
  <agent start_id="132" goal_id="2"/>
  <agent start_id="197" goal_id="91"/>
  <agent start_id="113" goal_id="9"/>
  <agent start_id="100" goal_id="94"/>
  <agent start_id="97" goal_id="76"/>
  <agent start_id="9" goal_id="116"/>
  <agent start_id="128" goal_id="103"/>
  <agent start_id="143" goal_id="105"/>
  <agent start_id="114" goal_id="126"/>
  <agent start_id="45" goal_id="172"/>
  <agent start_id="102" goal_id="48"/>
  <agent start_id="72" goal_id="158"/>
  <agent start_id="0" goal_id="98"/>
</root>
