<?xml version="1.0" ?>
<root>
  <agent start_id="142" goal_id="177"/>
  <agent start_id="156" goal_id="84"/>
  <agent start_id="190" goal_id="14"/>
  <agent start_id="38" goal_id="143"/>
  <agent start_id="77" goal_id="25"/>
  <agent start_id="161" goal_id="139"/>
  <agent start_id="19" goal_id="166"/>
  <agent start_id="159" goal_id="71"/>
  <agent start_id="15" goal_id="160"/>
  <agent start_id="181" goal_id="191"/>
  <agent start_id="197" goal_id="100"/>
  <agent start_id="168" goal_id="138"/>
  <agent start_id="47" goal_id="95"/>
  <agent start_id="78" goal_id="162"/>
  <agent start_id="149" goal_id="116"/>
  <agent start_id="92" goal_id="131"/>
  <agent start_id="86" goal_id="196"/>
  <agent start_id="153" goal_id="26"/>
  <agent start_id="8" goal_id="8"/>
  <agent start_id="120" goal_id="129"/>
  <agent start_id="91" goal_id="185"/>
  <agent start_id="27" goal_id="76"/>
  <agent start_id="104" goal_id="176"/>
  <agent start_id="12" goal_id="194"/>
  <agent start_id="32" goal_id="134"/>
  <agent start_id="74" goal_id="192"/>
  <agent start_id="188" goal_id="104"/>
  <agent start_id="43" goal_id="189"/>
  <agent start_id="164" goal_id="9"/>
  <agent start_id="185" goal_id="199"/>
  <agent start_id="103" goal_id="187"/>
  <agent start_id="116" goal_id="121"/>
  <agent start_id="54" goal_id="41"/>
  <agent start_id="136" goal_id="39"/>
  <agent start_id="16" goal_id="147"/>
  <agent start_id="59" goal_id="173"/>
  <agent start_id="82" goal_id="49"/>
  <agent start_id="194" goal_id="67"/>
  <agent start_id="85" goal_id="3"/>
  <agent start_id="1" goal_id="125"/>
  <agent start_id="128" goal_id="29"/>
  <agent start_id="199" goal_id="80"/>
  <agent start_id="45" goal_id="43"/>
  <agent start_id="106" goal_id="36"/>
  <agent start_id="109" goal_id="109"/>
  <agent start_id="139" goal_id="6"/>
  <agent start_id="118" goal_id="32"/>
  <agent start_id="60" goal_id="98"/>
  <agent start_id="49" goal_id="182"/>
  <agent start_id="26" goal_id="65"/>
</root>
