<?xml version="1.0" ?>
<root>
  <agent start_id="166" goal_id="5"/>
  <agent start_id="98" goal_id="88"/>
  <agent start_id="179" goal_id="136"/>
  <agent start_id="7" goal_id="185"/>
  <agent start_id="88" goal_id="96"/>
  <agent start_id="42" goal_id="16"/>
  <agent start_id="181" goal_id="181"/>
  <agent start_id="175" goal_id="76"/>
  <agent start_id="34" goal_id="49"/>
  <agent start_id="56" goal_id="94"/>
  <agent start_id="186" goal_id="27"/>
  <agent start_id="138" goal_id="176"/>
  <agent start_id="83" goal_id="169"/>
  <agent start_id="75" goal_id="107"/>
  <agent start_id="191" goal_id="178"/>
  <agent start_id="70" goal_id="57"/>
  <agent start_id="147" goal_id="132"/>
  <agent start_id="15" goal_id="3"/>
  <agent start_id="76" goal_id="2"/>
  <agent start_id="112" goal_id="66"/>
  <agent start_id="182" goal_id="142"/>
  <agent start_id="158" goal_id="119"/>
  <agent start_id="116" goal_id="194"/>
  <agent start_id="71" goal_id="79"/>
  <agent start_id="36" goal_id="141"/>
  <agent start_id="101" goal_id="17"/>
  <agent start_id="155" goal_id="101"/>
  <agent start_id="68" goal_id="45"/>
  <agent start_id="196" goal_id="52"/>
  <agent start_id="187" goal_id="134"/>
  <agent start_id="79" goal_id="73"/>
  <agent start_id="11" goal_id="33"/>
  <agent start_id="119" goal_id="1"/>
  <agent start_id="123" goal_id="196"/>
  <agent start_id="65" goal_id="20"/>
  <agent start_id="141" goal_id="110"/>
  <agent start_id="176" goal_id="189"/>
  <agent start_id="163" goal_id="188"/>
  <agent start_id="55" goal_id="4"/>
  <agent start_id="127" goal_id="41"/>
  <agent start_id="177" goal_id="125"/>
  <agent start_id="120" goal_id="128"/>
  <agent start_id="139" goal_id="54"/>
  <agent start_id="24" goal_id="36"/>
  <agent start_id="62" goal_id="137"/>
  <agent start_id="0" goal_id="118"/>
  <agent start_id="197" goal_id="157"/>
  <agent start_id="136" goal_id="130"/>
  <agent start_id="152" goal_id="148"/>
  <agent start_id="192" goal_id="18"/>
</root>
