<?xml version="1.0" ?>
<root>
  <agent start_id="11" goal_id="51"/>
  <agent start_id="161" goal_id="149"/>
  <agent start_id="81" goal_id="9"/>
  <agent start_id="185" goal_id="83"/>
  <agent start_id="89" goal_id="188"/>
  <agent start_id="25" goal_id="145"/>
  <agent start_id="140" goal_id="171"/>
  <agent start_id="134" goal_id="94"/>
  <agent start_id="107" goal_id="137"/>
  <agent start_id="160" goal_id="82"/>
  <agent start_id="84" goal_id="28"/>
  <agent start_id="95" goal_id="41"/>
  <agent start_id="55" goal_id="120"/>
  <agent start_id="174" goal_id="196"/>
  <agent start_id="43" goal_id="35"/>
  <agent start_id="137" goal_id="76"/>
  <agent start_id="13" goal_id="157"/>
  <agent start_id="136" goal_id="33"/>
  <agent start_id="61" goal_id="197"/>
  <agent start_id="77" goal_id="30"/>
  <agent start_id="199" goal_id="179"/>
  <agent start_id="75" goal_id="14"/>
  <agent start_id="47" goal_id="115"/>
  <agent start_id="157" goal_id="42"/>
  <agent start_id="21" goal_id="122"/>
  <agent start_id="97" goal_id="32"/>
  <agent start_id="62" goal_id="84"/>
  <agent start_id="1" goal_id="58"/>
  <agent start_id="144" goal_id="59"/>
  <agent start_id="53" goal_id="182"/>
  <agent start_id="78" goal_id="66"/>
  <agent start_id="175" goal_id="186"/>
  <agent start_id="168" goal_id="108"/>
  <agent start_id="106" goal_id="62"/>
  <agent start_id="65" goal_id="100"/>
  <agent start_id="176" goal_id="185"/>
  <agent start_id="158" goal_id="162"/>
  <agent start_id="15" goal_id="170"/>
  <agent start_id="38" goal_id="64"/>
  <agent start_id="46" goal_id="21"/>
  <agent start_id="181" goal_id="101"/>
  <agent start_id="8" goal_id="57"/>
  <agent start_id="194" goal_id="54"/>
  <agent start_id="19" goal_id="70"/>
  <agent start_id="178" goal_id="174"/>
  <agent start_id="111" goal_id="80"/>
  <agent start_id="32" goal_id="63"/>
  <agent start_id="4" goal_id="2"/>
  <agent start_id="45" goal_id="156"/>
  <agent start_id="126" goal_id="160"/>
</root>
