<?xml version="1.0" ?>
<root>
  <agent start_id="40" goal_id="122"/>
  <agent start_id="109" goal_id="158"/>
  <agent start_id="30" goal_id="196"/>
  <agent start_id="173" goal_id="21"/>
  <agent start_id="43" goal_id="50"/>
  <agent start_id="9" goal_id="84"/>
  <agent start_id="83" goal_id="190"/>
  <agent start_id="134" goal_id="185"/>
  <agent start_id="58" goal_id="184"/>
  <agent start_id="174" goal_id="150"/>
  <agent start_id="22" goal_id="15"/>
  <agent start_id="79" goal_id="32"/>
  <agent start_id="11" goal_id="73"/>
  <agent start_id="133" goal_id="113"/>
  <agent start_id="93" goal_id="95"/>
  <agent start_id="177" goal_id="120"/>
  <agent start_id="4" goal_id="64"/>
  <agent start_id="71" goal_id="128"/>
  <agent start_id="1" goal_id="194"/>
  <agent start_id="116" goal_id="51"/>
  <agent start_id="141" goal_id="100"/>
  <agent start_id="98" goal_id="2"/>
  <agent start_id="8" goal_id="116"/>
  <agent start_id="33" goal_id="86"/>
  <agent start_id="61" goal_id="124"/>
  <agent start_id="124" goal_id="183"/>
  <agent start_id="59" goal_id="62"/>
  <agent start_id="137" goal_id="102"/>
  <agent start_id="18" goal_id="33"/>
  <agent start_id="110" goal_id="36"/>
  <agent start_id="115" goal_id="118"/>
  <agent start_id="42" goal_id="174"/>
  <agent start_id="20" goal_id="167"/>
  <agent start_id="161" goal_id="147"/>
  <agent start_id="148" goal_id="7"/>
  <agent start_id="70" goal_id="148"/>
  <agent start_id="130" goal_id="4"/>
  <agent start_id="117" goal_id="107"/>
  <agent start_id="127" goal_id="139"/>
  <agent start_id="84" goal_id="48"/>
  <agent start_id="64" goal_id="153"/>
  <agent start_id="185" goal_id="159"/>
  <agent start_id="47" goal_id="181"/>
  <agent start_id="90" goal_id="45"/>
  <agent start_id="155" goal_id="16"/>
  <agent start_id="132" goal_id="164"/>
  <agent start_id="82" goal_id="197"/>
  <agent start_id="99" goal_id="162"/>
  <agent start_id="5" goal_id="43"/>
  <agent start_id="140" goal_id="57"/>
</root>
