<?xml version="1.0" ?>
<root>
  <agent start_id="178" goal_id="10"/>
  <agent start_id="45" goal_id="184"/>
  <agent start_id="17" goal_id="146"/>
  <agent start_id="3" goal_id="33"/>
  <agent start_id="90" goal_id="0"/>
  <agent start_id="62" goal_id="193"/>
  <agent start_id="199" goal_id="157"/>
  <agent start_id="151" goal_id="141"/>
  <agent start_id="33" goal_id="23"/>
  <agent start_id="140" goal_id="71"/>
  <agent start_id="40" goal_id="60"/>
  <agent start_id="72" goal_id="176"/>
  <agent start_id="67" goal_id="105"/>
  <agent start_id="21" goal_id="187"/>
  <agent start_id="180" goal_id="185"/>
  <agent start_id="89" goal_id="116"/>
  <agent start_id="175" goal_id="152"/>
  <agent start_id="127" goal_id="87"/>
  <agent start_id="116" goal_id="59"/>
  <agent start_id="43" goal_id="154"/>
  <agent start_id="157" goal_id="171"/>
  <agent start_id="148" goal_id="101"/>
  <agent start_id="47" goal_id="160"/>
  <agent start_id="2" goal_id="75"/>
  <agent start_id="68" goal_id="85"/>
  <agent start_id="63" goal_id="68"/>
  <agent start_id="93" goal_id="144"/>
  <agent start_id="195" goal_id="183"/>
  <agent start_id="137" goal_id="175"/>
  <agent start_id="126" goal_id="77"/>
  <agent start_id="94" goal_id="27"/>
  <agent start_id="101" goal_id="94"/>
  <agent start_id="108" goal_id="29"/>
  <agent start_id="55" goal_id="148"/>
  <agent start_id="106" goal_id="115"/>
  <agent start_id="75" goal_id="56"/>
  <agent start_id="115" goal_id="48"/>
  <agent start_id="192" goal_id="120"/>
  <agent start_id="172" goal_id="67"/>
  <agent start_id="166" goal_id="58"/>
  <agent start_id="112" goal_id="44"/>
  <agent start_id="122" goal_id="112"/>
  <agent start_id="52" goal_id="65"/>
  <agent start_id="99" goal_id="130"/>
  <agent start_id="187" goal_id="107"/>
  <agent start_id="162" goal_id="118"/>
  <agent start_id="143" goal_id="123"/>
  <agent start_id="16" goal_id="84"/>
  <agent start_id="159" goal_id="102"/>
  <agent start_id="9" goal_id="135"/>
</root>
