<?xml version="1.0" ?>
<root>
  <agent start_id="104" goal_id="162"/>
  <agent start_id="64" goal_id="193"/>
  <agent start_id="164" goal_id="172"/>
  <agent start_id="10" goal_id="140"/>
  <agent start_id="145" goal_id="144"/>
  <agent start_id="76" goal_id="103"/>
  <agent start_id="90" goal_id="11"/>
  <agent start_id="68" goal_id="53"/>
  <agent start_id="147" goal_id="134"/>
  <agent start_id="72" goal_id="133"/>
  <agent start_id="106" goal_id="119"/>
  <agent start_id="172" goal_id="120"/>
  <agent start_id="36" goal_id="198"/>
  <agent start_id="29" goal_id="84"/>
  <agent start_id="57" goal_id="16"/>
  <agent start_id="191" goal_id="182"/>
  <agent start_id="192" goal_id="39"/>
  <agent start_id="171" goal_id="86"/>
  <agent start_id="45" goal_id="146"/>
  <agent start_id="86" goal_id="191"/>
  <agent start_id="159" goal_id="63"/>
  <agent start_id="186" goal_id="117"/>
  <agent start_id="177" goal_id="88"/>
  <agent start_id="7" goal_id="76"/>
  <agent start_id="88" goal_id="149"/>
  <agent start_id="37" goal_id="157"/>
  <agent start_id="123" goal_id="179"/>
  <agent start_id="52" goal_id="137"/>
  <agent start_id="3" goal_id="65"/>
  <agent start_id="174" goal_id="58"/>
  <agent start_id="163" goal_id="112"/>
  <agent start_id="49" goal_id="164"/>
  <agent start_id="131" goal_id="15"/>
  <agent start_id="144" goal_id="195"/>
  <agent start_id="193" goal_id="67"/>
  <agent start_id="183" goal_id="197"/>
  <agent start_id="199" goal_id="181"/>
  <agent start_id="138" goal_id="106"/>
  <agent start_id="82" goal_id="113"/>
  <agent start_id="41" goal_id="186"/>
  <agent start_id="117" goal_id="71"/>
  <agent start_id="39" goal_id="122"/>
  <agent start_id="31" goal_id="26"/>
  <agent start_id="28" goal_id="74"/>
  <agent start_id="133" goal_id="184"/>
  <agent start_id="9" goal_id="100"/>
  <agent start_id="79" goal_id="174"/>
  <agent start_id="0" goal_id="110"/>
  <agent start_id="110" goal_id="18"/>
  <agent start_id="129" goal_id="90"/>
</root>
