<?xml version="1.0" ?>
<root>
  <agent start_id="70" goal_id="91"/>
  <agent start_id="133" goal_id="175"/>
  <agent start_id="4" goal_id="113"/>
  <agent start_id="157" goal_id="152"/>
  <agent start_id="188" goal_id="11"/>
  <agent start_id="130" goal_id="111"/>
  <agent start_id="68" goal_id="25"/>
  <agent start_id="23" goal_id="29"/>
  <agent start_id="118" goal_id="54"/>
  <agent start_id="160" goal_id="141"/>
  <agent start_id="198" goal_id="71"/>
  <agent start_id="163" goal_id="44"/>
  <agent start_id="189" goal_id="63"/>
  <agent start_id="166" goal_id="14"/>
  <agent start_id="41" goal_id="196"/>
  <agent start_id="104" goal_id="17"/>
  <agent start_id="172" goal_id="105"/>
  <agent start_id="77" goal_id="15"/>
  <agent start_id="156" goal_id="88"/>
  <agent start_id="18" goal_id="84"/>
  <agent start_id="92" goal_id="109"/>
  <agent start_id="162" goal_id="99"/>
  <agent start_id="1" goal_id="191"/>
  <agent start_id="179" goal_id="189"/>
  <agent start_id="27" goal_id="18"/>
  <agent start_id="7" goal_id="158"/>
  <agent start_id="11" goal_id="184"/>
  <agent start_id="65" goal_id="82"/>
  <agent start_id="199" goal_id="166"/>
  <agent start_id="183" goal_id="96"/>
  <agent start_id="108" goal_id="32"/>
  <agent start_id="59" goal_id="194"/>
  <agent start_id="82" goal_id="41"/>
  <agent start_id="100" goal_id="23"/>
  <agent start_id="102" goal_id="146"/>
  <agent start_id="135" goal_id="66"/>
  <agent start_id="141" goal_id="183"/>
  <agent start_id="29" goal_id="187"/>
  <agent start_id="140" goal_id="42"/>
  <agent start_id="56" goal_id="198"/>
  <agent start_id="105" goal_id="59"/>
  <agent start_id="94" goal_id="138"/>
  <agent start_id="128" goal_id="40"/>
  <agent start_id="44" goal_id="182"/>
  <agent start_id="83" goal_id="101"/>
  <agent start_id="9" goal_id="123"/>
  <agent start_id="2" goal_id="6"/>
  <agent start_id="123" goal_id="132"/>
  <agent start_id="76" goal_id="19"/>
  <agent start_id="91" goal_id="10"/>
</root>
