<?xml version="1.0" ?>
<root>
  <agent start_id="165" goal_id="138"/>
  <agent start_id="170" goal_id="20"/>
  <agent start_id="126" goal_id="56"/>
  <agent start_id="14" goal_id="185"/>
  <agent start_id="81" goal_id="176"/>
  <agent start_id="54" goal_id="101"/>
  <agent start_id="75" goal_id="164"/>
  <agent start_id="152" goal_id="189"/>
  <agent start_id="38" goal_id="17"/>
  <agent start_id="114" goal_id="71"/>
  <agent start_id="1" goal_id="199"/>
  <agent start_id="77" goal_id="133"/>
  <agent start_id="128" goal_id="112"/>
  <agent start_id="155" goal_id="129"/>
  <agent start_id="85" goal_id="23"/>
  <agent start_id="132" goal_id="60"/>
  <agent start_id="79" goal_id="103"/>
  <agent start_id="107" goal_id="47"/>
  <agent start_id="19" goal_id="160"/>
  <agent start_id="25" goal_id="197"/>
  <agent start_id="161" goal_id="165"/>
  <agent start_id="142" goal_id="39"/>
  <agent start_id="148" goal_id="136"/>
  <agent start_id="192" goal_id="8"/>
  <agent start_id="52" goal_id="25"/>
  <agent start_id="94" goal_id="14"/>
  <agent start_id="41" goal_id="184"/>
  <agent start_id="102" goal_id="172"/>
  <agent start_id="179" goal_id="76"/>
  <agent start_id="164" goal_id="33"/>
  <agent start_id="90" goal_id="65"/>
  <agent start_id="97" goal_id="111"/>
  <agent start_id="29" goal_id="140"/>
  <agent start_id="197" goal_id="53"/>
  <agent start_id="135" goal_id="42"/>
  <agent start_id="3" goal_id="192"/>
  <agent start_id="166" goal_id="143"/>
  <agent start_id="17" goal_id="155"/>
  <agent start_id="168" goal_id="35"/>
  <agent start_id="116" goal_id="78"/>
  <agent start_id="87" goal_id="82"/>
  <agent start_id="156" goal_id="198"/>
  <agent start_id="73" goal_id="26"/>
  <agent start_id="159" goal_id="80"/>
  <agent start_id="62" goal_id="91"/>
  <agent start_id="46" goal_id="194"/>
  <agent start_id="195" goal_id="19"/>
  <agent start_id="2" goal_id="58"/>
  <agent start_id="70" goal_id="124"/>
  <agent start_id="105" goal_id="153"/>
</root>
