<?xml version="1.0" ?>
<root>
  <agent start_id="107" goal_id="160"/>
  <agent start_id="147" goal_id="186"/>
  <agent start_id="28" goal_id="120"/>
  <agent start_id="34" goal_id="13"/>
  <agent start_id="192" goal_id="170"/>
  <agent start_id="172" goal_id="15"/>
  <agent start_id="94" goal_id="34"/>
  <agent start_id="6" goal_id="84"/>
  <agent start_id="166" goal_id="150"/>
  <agent start_id="155" goal_id="63"/>
  <agent start_id="91" goal_id="78"/>
  <agent start_id="142" goal_id="177"/>
  <agent start_id="39" goal_id="103"/>
  <agent start_id="77" goal_id="118"/>
  <agent start_id="71" goal_id="145"/>
  <agent start_id="177" goal_id="108"/>
  <agent start_id="158" goal_id="117"/>
  <agent start_id="63" goal_id="16"/>
  <agent start_id="29" goal_id="153"/>
  <agent start_id="49" goal_id="134"/>
  <agent start_id="1" goal_id="38"/>
  <agent start_id="84" goal_id="91"/>
  <agent start_id="87" goal_id="43"/>
  <agent start_id="75" goal_id="42"/>
  <agent start_id="82" goal_id="76"/>
  <agent start_id="115" goal_id="41"/>
  <agent start_id="121" goal_id="57"/>
  <agent start_id="165" goal_id="178"/>
  <agent start_id="80" goal_id="77"/>
  <agent start_id="139" goal_id="196"/>
  <agent start_id="153" goal_id="8"/>
  <agent start_id="123" goal_id="127"/>
  <agent start_id="64" goal_id="152"/>
  <agent start_id="133" goal_id="132"/>
  <agent start_id="59" goal_id="182"/>
  <agent start_id="25" goal_id="168"/>
  <agent start_id="35" goal_id="25"/>
  <agent start_id="194" goal_id="48"/>
  <agent start_id="26" goal_id="165"/>
  <agent start_id="129" goal_id="54"/>
  <agent start_id="109" goal_id="143"/>
  <agent start_id="149" goal_id="70"/>
  <agent start_id="45" goal_id="4"/>
  <agent start_id="69" goal_id="171"/>
  <agent start_id="32" goal_id="193"/>
  <agent start_id="37" goal_id="69"/>
  <agent start_id="2" goal_id="194"/>
  <agent start_id="186" goal_id="115"/>
  <agent start_id="189" goal_id="17"/>
  <agent start_id="136" goal_id="29"/>
</root>
