<?xml version="1.0" ?>
<root>
  <agent start_id="81" goal_id="2"/>
  <agent start_id="125" goal_id="164"/>
  <agent start_id="191" goal_id="143"/>
  <agent start_id="95" goal_id="104"/>
  <agent start_id="160" goal_id="176"/>
  <agent start_id="7" goal_id="59"/>
  <agent start_id="188" goal_id="183"/>
  <agent start_id="169" goal_id="72"/>
  <agent start_id="8" goal_id="116"/>
  <agent start_id="17" goal_id="73"/>
  <agent start_id="168" goal_id="151"/>
  <agent start_id="27" goal_id="35"/>
  <agent start_id="163" goal_id="19"/>
  <agent start_id="187" goal_id="139"/>
  <agent start_id="79" goal_id="26"/>
  <agent start_id="69" goal_id="126"/>
  <agent start_id="2" goal_id="124"/>
  <agent start_id="170" goal_id="117"/>
  <agent start_id="26" goal_id="131"/>
  <agent start_id="62" goal_id="42"/>
  <agent start_id="121" goal_id="86"/>
  <agent start_id="118" goal_id="23"/>
  <agent start_id="75" goal_id="81"/>
  <agent start_id="197" goal_id="79"/>
  <agent start_id="93" goal_id="179"/>
  <agent start_id="90" goal_id="76"/>
  <agent start_id="113" goal_id="95"/>
  <agent start_id="98" goal_id="144"/>
  <agent start_id="63" goal_id="178"/>
  <agent start_id="21" goal_id="112"/>
  <agent start_id="66" goal_id="184"/>
  <agent start_id="122" goal_id="173"/>
  <agent start_id="10" goal_id="70"/>
  <agent start_id="89" goal_id="102"/>
  <agent start_id="123" goal_id="98"/>
  <agent start_id="117" goal_id="120"/>
  <agent start_id="20" goal_id="44"/>
  <agent start_id="30" goal_id="128"/>
  <agent start_id="60" goal_id="177"/>
  <agent start_id="91" goal_id="188"/>
  <agent start_id="179" goal_id="91"/>
  <agent start_id="71" goal_id="192"/>
  <agent start_id="103" goal_id="69"/>
  <agent start_id="34" goal_id="74"/>
  <agent start_id="177" goal_id="152"/>
  <agent start_id="161" goal_id="99"/>
  <agent start_id="32" goal_id="77"/>
  <agent start_id="142" goal_id="33"/>
  <agent start_id="184" goal_id="14"/>
  <agent start_id="31" goal_id="147"/>
</root>
