<?xml version="1.0" ?>
<root>
  <agent start_id="1" goal_id="43"/>
  <agent start_id="24" goal_id="198"/>
  <agent start_id="189" goal_id="141"/>
  <agent start_id="28" goal_id="161"/>
  <agent start_id="25" goal_id="108"/>
  <agent start_id="163" goal_id="77"/>
  <agent start_id="88" goal_id="25"/>
  <agent start_id="177" goal_id="168"/>
  <agent start_id="118" goal_id="92"/>
  <agent start_id="63" goal_id="133"/>
  <agent start_id="33" goal_id="4"/>
  <agent start_id="131" goal_id="56"/>
  <agent start_id="34" goal_id="172"/>
  <agent start_id="102" goal_id="13"/>
  <agent start_id="10" goal_id="193"/>
  <agent start_id="23" goal_id="134"/>
  <agent start_id="54" goal_id="19"/>
  <agent start_id="50" goal_id="190"/>
  <agent start_id="87" goal_id="0"/>
  <agent start_id="184" goal_id="89"/>
  <agent start_id="179" goal_id="67"/>
  <agent start_id="192" goal_id="125"/>
  <agent start_id="38" goal_id="117"/>
  <agent start_id="113" goal_id="61"/>
  <agent start_id="78" goal_id="102"/>
  <agent start_id="101" goal_id="123"/>
  <agent start_id="112" goal_id="155"/>
  <agent start_id="193" goal_id="121"/>
  <agent start_id="186" goal_id="153"/>
  <agent start_id="53" goal_id="16"/>
  <agent start_id="90" goal_id="120"/>
  <agent start_id="126" goal_id="177"/>
  <agent start_id="16" goal_id="72"/>
  <agent start_id="8" goal_id="49"/>
  <agent start_id="92" goal_id="28"/>
  <agent start_id="55" goal_id="46"/>
  <agent start_id="147" goal_id="31"/>
  <agent start_id="14" goal_id="29"/>
  <agent start_id="81" goal_id="194"/>
  <agent start_id="153" goal_id="127"/>
  <agent start_id="59" goal_id="174"/>
  <agent start_id="128" goal_id="87"/>
  <agent start_id="194" goal_id="195"/>
  <agent start_id="4" goal_id="75"/>
  <agent start_id="139" goal_id="86"/>
  <agent start_id="41" goal_id="156"/>
  <agent start_id="196" goal_id="105"/>
  <agent start_id="111" goal_id="150"/>
  <agent start_id="141" goal_id="55"/>
  <agent start_id="116" goal_id="73"/>
</root>
