<?xml version="1.0" ?>
<root>
  <agent start_id="165" goal_id="178"/>
  <agent start_id="132" goal_id="117"/>
  <agent start_id="107" goal_id="165"/>
  <agent start_id="84" goal_id="37"/>
  <agent start_id="69" goal_id="139"/>
  <agent start_id="101" goal_id="90"/>
  <agent start_id="31" goal_id="123"/>
  <agent start_id="6" goal_id="104"/>
  <agent start_id="0" goal_id="143"/>
  <agent start_id="49" goal_id="151"/>
  <agent start_id="129" goal_id="115"/>
  <agent start_id="112" goal_id="11"/>
  <agent start_id="56" goal_id="44"/>
  <agent start_id="134" goal_id="187"/>
  <agent start_id="170" goal_id="8"/>
  <agent start_id="145" goal_id="142"/>
  <agent start_id="83" goal_id="171"/>
  <agent start_id="154" goal_id="32"/>
  <agent start_id="23" goal_id="121"/>
  <agent start_id="137" goal_id="196"/>
  <agent start_id="37" goal_id="140"/>
  <agent start_id="76" goal_id="77"/>
  <agent start_id="148" goal_id="135"/>
  <agent start_id="40" goal_id="45"/>
  <agent start_id="172" goal_id="168"/>
  <agent start_id="181" goal_id="176"/>
  <agent start_id="109" goal_id="161"/>
  <agent start_id="176" goal_id="30"/>
  <agent start_id="13" goal_id="7"/>
  <agent start_id="32" goal_id="189"/>
  <agent start_id="124" goal_id="138"/>
  <agent start_id="87" goal_id="64"/>
  <agent start_id="11" goal_id="120"/>
  <agent start_id="15" goal_id="160"/>
  <agent start_id="34" goal_id="131"/>
  <agent start_id="54" goal_id="92"/>
  <agent start_id="119" goal_id="129"/>
  <agent start_id="7" goal_id="126"/>
  <agent start_id="158" goal_id="145"/>
  <agent start_id="36" goal_id="22"/>
  <agent start_id="33" goal_id="5"/>
  <agent start_id="50" goal_id="192"/>
  <agent start_id="102" goal_id="55"/>
  <agent start_id="159" goal_id="71"/>
  <agent start_id="193" goal_id="199"/>
  <agent start_id="64" goal_id="197"/>
  <agent start_id="77" goal_id="152"/>
  <agent start_id="89" goal_id="194"/>
  <agent start_id="60" goal_id="134"/>
  <agent start_id="175" goal_id="9"/>
</root>
