<?xml version="1.0" ?>
<root>
  <agent start_id="132" goal_id="91"/>
  <agent start_id="51" goal_id="167"/>
  <agent start_id="111" goal_id="127"/>
  <agent start_id="72" goal_id="11"/>
  <agent start_id="184" goal_id="41"/>
  <agent start_id="98" goal_id="2"/>
  <agent start_id="63" goal_id="12"/>
  <agent start_id="29" goal_id="176"/>
  <agent start_id="101" goal_id="102"/>
  <agent start_id="5" goal_id="43"/>
  <agent start_id="28" goal_id="67"/>
  <agent start_id="195" goal_id="105"/>
  <agent start_id="64" goal_id="192"/>
  <agent start_id="131" goal_id="160"/>
  <agent start_id="166" goal_id="56"/>
  <agent start_id="84" goal_id="34"/>
  <agent start_id="54" goal_id="100"/>
  <agent start_id="181" goal_id="33"/>
  <agent start_id="52" goal_id="161"/>
  <agent start_id="172" goal_id="75"/>
  <agent start_id="16" goal_id="19"/>
  <agent start_id="102" goal_id="87"/>
  <agent start_id="8" goal_id="131"/>
  <agent start_id="2" goal_id="26"/>
  <agent start_id="42" goal_id="51"/>
  <agent start_id="97" goal_id="197"/>
  <agent start_id="89" goal_id="113"/>
  <agent start_id="137" goal_id="98"/>
  <agent start_id="140" goal_id="7"/>
  <agent start_id="17" goal_id="159"/>
  <agent start_id="141" goal_id="125"/>
  <agent start_id="125" goal_id="53"/>
  <agent start_id="154" goal_id="173"/>
  <agent start_id="86" goal_id="80"/>
  <agent start_id="74" goal_id="119"/>
  <agent start_id="11" goal_id="130"/>
  <agent start_id="187" goal_id="40"/>
  <agent start_id="126" goal_id="10"/>
  <agent start_id="94" goal_id="188"/>
  <agent start_id="85" goal_id="138"/>
  <agent start_id="67" goal_id="61"/>
  <agent start_id="20" goal_id="148"/>
  <agent start_id="36" goal_id="27"/>
  <agent start_id="150" goal_id="190"/>
  <agent start_id="92" goal_id="186"/>
  <agent start_id="38" goal_id="101"/>
  <agent start_id="104" goal_id="85"/>
  <agent start_id="70" goal_id="183"/>
  <agent start_id="157" goal_id="104"/>
  <agent start_id="182" goal_id="182"/>
</root>
