<?xml version="1.0" ?>
<root>
  <agent start_id="61" goal_id="129"/>
  <agent start_id="11" goal_id="124"/>
  <agent start_id="162" goal_id="44"/>
  <agent start_id="75" goal_id="41"/>
  <agent start_id="135" goal_id="120"/>
  <agent start_id="174" goal_id="92"/>
  <agent start_id="18" goal_id="171"/>
  <agent start_id="7" goal_id="158"/>
  <agent start_id="134" goal_id="144"/>
  <agent start_id="139" goal_id="55"/>
  <agent start_id="1" goal_id="3"/>
  <agent start_id="63" goal_id="36"/>
  <agent start_id="20" goal_id="77"/>
  <agent start_id="16" goal_id="40"/>
  <agent start_id="86" goal_id="149"/>
  <agent start_id="133" goal_id="145"/>
  <agent start_id="120" goal_id="164"/>
  <agent start_id="5" goal_id="68"/>
  <agent start_id="156" goal_id="6"/>
  <agent start_id="147" goal_id="162"/>
  <agent start_id="73" goal_id="137"/>
  <agent start_id="189" goal_id="42"/>
  <agent start_id="170" goal_id="140"/>
  <agent start_id="145" goal_id="99"/>
  <agent start_id="85" goal_id="54"/>
  <agent start_id="35" goal_id="176"/>
  <agent start_id="130" goal_id="18"/>
  <agent start_id="101" goal_id="80"/>
  <agent start_id="27" goal_id="153"/>
  <agent start_id="98" goal_id="19"/>
  <agent start_id="181" goal_id="169"/>
  <agent start_id="49" goal_id="37"/>
  <agent start_id="31" goal_id="73"/>
  <agent start_id="47" goal_id="4"/>
  <agent start_id="6" goal_id="193"/>
  <agent start_id="175" goal_id="156"/>
  <agent start_id="141" goal_id="74"/>
  <agent start_id="102" goal_id="46"/>
  <agent start_id="12" goal_id="69"/>
  <agent start_id="59" goal_id="165"/>
  <agent start_id="114" goal_id="86"/>
  <agent start_id="128" goal_id="85"/>
  <agent start_id="186" goal_id="82"/>
  <agent start_id="15" goal_id="113"/>
  <agent start_id="116" goal_id="103"/>
  <agent start_id="34" goal_id="9"/>
  <agent start_id="60" goal_id="132"/>
  <agent start_id="53" goal_id="185"/>
  <agent start_id="109" goal_id="159"/>
  <agent start_id="71" goal_id="112"/>
</root>
