<?xml version="1.0" ?>
<root>
  <agent start_id="64" goal_id="62"/>
  <agent start_id="22" goal_id="154"/>
  <agent start_id="151" goal_id="171"/>
  <agent start_id="192" goal_id="8"/>
  <agent start_id="169" goal_id="129"/>
  <agent start_id="165" goal_id="30"/>
  <agent start_id="26" goal_id="94"/>
  <agent start_id="139" goal_id="78"/>
  <agent start_id="152" goal_id="59"/>
  <agent start_id="50" goal_id="167"/>
  <agent start_id="112" goal_id="172"/>
  <agent start_id="47" goal_id="157"/>
  <agent start_id="67" goal_id="5"/>
  <agent start_id="77" goal_id="58"/>
  <agent start_id="87" goal_id="191"/>
  <agent start_id="166" goal_id="74"/>
  <agent start_id="128" goal_id="186"/>
  <agent start_id="54" goal_id="41"/>
  <agent start_id="82" goal_id="184"/>
  <agent start_id="18" goal_id="188"/>
  <agent start_id="155" goal_id="159"/>
  <agent start_id="176" goal_id="93"/>
  <agent start_id="99" goal_id="180"/>
  <agent start_id="5" goal_id="121"/>
  <agent start_id="86" goal_id="136"/>
  <agent start_id="156" goal_id="79"/>
  <agent start_id="61" goal_id="57"/>
  <agent start_id="179" goal_id="35"/>
  <agent start_id="122" goal_id="108"/>
  <agent start_id="74" goal_id="117"/>
  <agent start_id="159" goal_id="120"/>
  <agent start_id="170" goal_id="55"/>
  <agent start_id="197" goal_id="133"/>
  <agent start_id="2" goal_id="45"/>
  <agent start_id="8" goal_id="91"/>
  <agent start_id="19" goal_id="105"/>
  <agent start_id="145" goal_id="126"/>
  <agent start_id="40" goal_id="178"/>
  <agent start_id="101" goal_id="1"/>
  <agent start_id="115" goal_id="10"/>
  <agent start_id="129" goal_id="47"/>
  <agent start_id="104" goal_id="87"/>
  <agent start_id="148" goal_id="24"/>
  <agent start_id="31" goal_id="11"/>
  <agent start_id="38" goal_id="49"/>
  <agent start_id="48" goal_id="163"/>
  <agent start_id="55" goal_id="34"/>
  <agent start_id="3" goal_id="118"/>
  <agent start_id="125" goal_id="162"/>
  <agent start_id="137" goal_id="61"/>
</root>
