<?xml version="1.0" ?>
<root>
  <agent start_id="132" goal_id="121"/>
  <agent start_id="178" goal_id="159"/>
  <agent start_id="85" goal_id="72"/>
  <agent start_id="71" goal_id="129"/>
  <agent start_id="21" goal_id="155"/>
  <agent start_id="141" goal_id="30"/>
  <agent start_id="16" goal_id="165"/>
  <agent start_id="128" goal_id="125"/>
  <agent start_id="156" goal_id="97"/>
  <agent start_id="3" goal_id="177"/>
  <agent start_id="82" goal_id="143"/>
  <agent start_id="73" goal_id="2"/>
  <agent start_id="184" goal_id="154"/>
  <agent start_id="198" goal_id="15"/>
  <agent start_id="173" goal_id="145"/>
  <agent start_id="83" goal_id="59"/>
  <agent start_id="5" goal_id="103"/>
  <agent start_id="144" goal_id="43"/>
  <agent start_id="185" goal_id="190"/>
  <agent start_id="118" goal_id="84"/>
  <agent start_id="117" goal_id="57"/>
  <agent start_id="192" goal_id="55"/>
  <agent start_id="109" goal_id="13"/>
  <agent start_id="151" goal_id="133"/>
  <agent start_id="114" goal_id="49"/>
  <agent start_id="10" goal_id="120"/>
  <agent start_id="142" goal_id="173"/>
  <agent start_id="153" goal_id="5"/>
  <agent start_id="155" goal_id="150"/>
  <agent start_id="66" goal_id="111"/>
  <agent start_id="120" goal_id="9"/>
  <agent start_id="11" goal_id="148"/>
  <agent start_id="45" goal_id="22"/>
  <agent start_id="148" goal_id="8"/>
  <agent start_id="26" goal_id="160"/>
  <agent start_id="13" goal_id="166"/>
  <agent start_id="30" goal_id="179"/>
  <agent start_id="64" goal_id="144"/>
  <agent start_id="34" goal_id="52"/>
  <agent start_id="36" goal_id="136"/>
  <agent start_id="113" goal_id="27"/>
  <agent start_id="47" goal_id="139"/>
  <agent start_id="24" goal_id="184"/>
  <agent start_id="154" goal_id="196"/>
  <agent start_id="79" goal_id="127"/>
  <agent start_id="152" goal_id="152"/>
  <agent start_id="181" goal_id="64"/>
  <agent start_id="60" goal_id="74"/>
  <agent start_id="122" goal_id="192"/>
  <agent start_id="111" goal_id="102"/>
</root>
