<?xml version="1.0" ?>
<root>
  <agent start_id="38" goal_id="173"/>
  <agent start_id="64" goal_id="68"/>
  <agent start_id="90" goal_id="107"/>
  <agent start_id="169" goal_id="79"/>
  <agent start_id="105" goal_id="198"/>
  <agent start_id="100" goal_id="4"/>
  <agent start_id="152" goal_id="142"/>
  <agent start_id="126" goal_id="55"/>
  <agent start_id="135" goal_id="160"/>
  <agent start_id="102" goal_id="112"/>
  <agent start_id="45" goal_id="127"/>
  <agent start_id="176" goal_id="195"/>
  <agent start_id="191" goal_id="19"/>
  <agent start_id="67" goal_id="75"/>
  <agent start_id="150" goal_id="77"/>
  <agent start_id="41" goal_id="9"/>
  <agent start_id="159" goal_id="190"/>
  <agent start_id="28" goal_id="96"/>
  <agent start_id="16" goal_id="138"/>
  <agent start_id="136" goal_id="88"/>
  <agent start_id="121" goal_id="5"/>
  <agent start_id="56" goal_id="81"/>
  <agent start_id="142" goal_id="131"/>
  <agent start_id="183" goal_id="145"/>
  <agent start_id="61" goal_id="134"/>
  <agent start_id="4" goal_id="60"/>
  <agent start_id="185" goal_id="192"/>
  <agent start_id="71" goal_id="11"/>
  <agent start_id="145" goal_id="54"/>
  <agent start_id="108" goal_id="94"/>
  <agent start_id="123" goal_id="136"/>
  <agent start_id="29" goal_id="122"/>
  <agent start_id="131" goal_id="148"/>
  <agent start_id="57" goal_id="133"/>
  <agent start_id="156" goal_id="93"/>
  <agent start_id="54" goal_id="15"/>
  <agent start_id="52" goal_id="117"/>
  <agent start_id="25" goal_id="151"/>
  <agent start_id="171" goal_id="128"/>
  <agent start_id="7" goal_id="164"/>
  <agent start_id="69" goal_id="184"/>
  <agent start_id="87" goal_id="118"/>
  <agent start_id="48" goal_id="70"/>
  <agent start_id="15" goal_id="132"/>
  <agent start_id="62" goal_id="157"/>
  <agent start_id="31" goal_id="58"/>
  <agent start_id="50" goal_id="156"/>
  <agent start_id="58" goal_id="69"/>
  <agent start_id="186" goal_id="191"/>
  <agent start_id="115" goal_id="20"/>
</root>
