<?xml version="1.0" ?>
<root>
  <agent start_id="3" goal_id="161"/>
  <agent start_id="119" goal_id="34"/>
  <agent start_id="156" goal_id="139"/>
  <agent start_id="27" goal_id="115"/>
  <agent start_id="117" goal_id="84"/>
  <agent start_id="132" goal_id="33"/>
  <agent start_id="12" goal_id="121"/>
  <agent start_id="137" goal_id="167"/>
  <agent start_id="10" goal_id="175"/>
  <agent start_id="24" goal_id="2"/>
  <agent start_id="149" goal_id="1"/>
  <agent start_id="187" goal_id="57"/>
  <agent start_id="59" goal_id="100"/>
  <agent start_id="33" goal_id="65"/>
  <agent start_id="151" goal_id="120"/>
  <agent start_id="160" goal_id="8"/>
  <agent start_id="183" goal_id="58"/>
  <agent start_id="167" goal_id="12"/>
  <agent start_id="179" goal_id="126"/>
  <agent start_id="29" goal_id="107"/>
  <agent start_id="101" goal_id="81"/>
  <agent start_id="188" goal_id="26"/>
  <agent start_id="77" goal_id="124"/>
  <agent start_id="139" goal_id="147"/>
  <agent start_id="163" goal_id="99"/>
  <agent start_id="60" goal_id="73"/>
  <agent start_id="82" goal_id="15"/>
  <agent start_id="141" goal_id="27"/>
  <agent start_id="104" goal_id="194"/>
  <agent start_id="91" goal_id="171"/>
  <agent start_id="142" goal_id="36"/>
  <agent start_id="129" goal_id="50"/>
  <agent start_id="105" goal_id="78"/>
  <agent start_id="38" goal_id="63"/>
  <agent start_id="76" goal_id="185"/>
  <agent start_id="51" goal_id="20"/>
  <agent start_id="166" goal_id="197"/>
  <agent start_id="158" goal_id="68"/>
  <agent start_id="67" goal_id="128"/>
  <agent start_id="66" goal_id="69"/>
  <agent start_id="197" goal_id="180"/>
  <agent start_id="199" goal_id="133"/>
  <agent start_id="45" goal_id="142"/>
  <agent start_id="186" goal_id="30"/>
  <agent start_id="185" goal_id="199"/>
  <agent start_id="81" goal_id="149"/>
  <agent start_id="148" goal_id="122"/>
  <agent start_id="17" goal_id="19"/>
  <agent start_id="178" goal_id="86"/>
  <agent start_id="55" goal_id="168"/>
</root>
