<?xml version="1.0" ?>
<root>
  <agent start_id="15" goal_id="113"/>
  <agent start_id="5" goal_id="41"/>
  <agent start_id="64" goal_id="115"/>
  <agent start_id="100" goal_id="48"/>
  <agent start_id="90" goal_id="188"/>
  <agent start_id="94" goal_id="20"/>
  <agent start_id="38" goal_id="179"/>
  <agent start_id="10" goal_id="1"/>
  <agent start_id="108" goal_id="154"/>
  <agent start_id="130" goal_id="18"/>
  <agent start_id="110" goal_id="46"/>
  <agent start_id="27" goal_id="198"/>
  <agent start_id="95" goal_id="68"/>
  <agent start_id="97" goal_id="57"/>
  <agent start_id="128" goal_id="146"/>
  <agent start_id="120" goal_id="183"/>
  <agent start_id="142" goal_id="60"/>
  <agent start_id="39" goal_id="106"/>
  <agent start_id="54" goal_id="131"/>
  <agent start_id="33" goal_id="120"/>
  <agent start_id="180" goal_id="69"/>
  <agent start_id="106" goal_id="136"/>
  <agent start_id="49" goal_id="9"/>
  <agent start_id="60" goal_id="8"/>
  <agent start_id="12" goal_id="142"/>
  <agent start_id="9" goal_id="76"/>
  <agent start_id="191" goal_id="173"/>
  <agent start_id="147" goal_id="58"/>
  <agent start_id="91" goal_id="97"/>
  <agent start_id="62" goal_id="75"/>
  <agent start_id="155" goal_id="157"/>
  <agent start_id="194" goal_id="153"/>
  <agent start_id="165" goal_id="13"/>
  <agent start_id="55" goal_id="118"/>
  <agent start_id="193" goal_id="108"/>
  <agent start_id="71" goal_id="27"/>
  <agent start_id="196" goal_id="163"/>
  <agent start_id="8" goal_id="152"/>
  <agent start_id="136" goal_id="195"/>
  <agent start_id="157" goal_id="49"/>
  <agent start_id="140" goal_id="192"/>
  <agent start_id="183" goal_id="140"/>
  <agent start_id="125" goal_id="102"/>
  <agent start_id="88" goal_id="199"/>
  <agent start_id="153" goal_id="175"/>
  <agent start_id="14" goal_id="150"/>
  <agent start_id="134" goal_id="72"/>
  <agent start_id="126" goal_id="25"/>
  <agent start_id="0" goal_id="170"/>
  <agent start_id="141" goal_id="10"/>
</root>
