<?xml version="1.0" ?>
<root>
  <agent start_id="55" goal_id="130"/>
  <agent start_id="176" goal_id="174"/>
  <agent start_id="180" goal_id="117"/>
  <agent start_id="70" goal_id="70"/>
  <agent start_id="121" goal_id="113"/>
  <agent start_id="73" goal_id="38"/>
  <agent start_id="81" goal_id="196"/>
  <agent start_id="64" goal_id="116"/>
  <agent start_id="139" goal_id="80"/>
  <agent start_id="125" goal_id="106"/>
  <agent start_id="92" goal_id="33"/>
  <agent start_id="123" goal_id="184"/>
  <agent start_id="97" goal_id="2"/>
  <agent start_id="153" goal_id="26"/>
  <agent start_id="9" goal_id="156"/>
  <agent start_id="110" goal_id="141"/>
  <agent start_id="165" goal_id="3"/>
  <agent start_id="89" goal_id="168"/>
  <agent start_id="138" goal_id="7"/>
  <agent start_id="78" goal_id="148"/>
  <agent start_id="108" goal_id="75"/>
  <agent start_id="102" goal_id="65"/>
  <agent start_id="126" goal_id="151"/>
  <agent start_id="150" goal_id="139"/>
  <agent start_id="42" goal_id="186"/>
  <agent start_id="134" goal_id="166"/>
  <agent start_id="58" goal_id="35"/>
  <agent start_id="17" goal_id="17"/>
  <agent start_id="140" goal_id="140"/>
  <agent start_id="106" goal_id="199"/>
  <agent start_id="76" goal_id="155"/>
  <agent start_id="129" goal_id="48"/>
  <agent start_id="63" goal_id="24"/>
  <agent start_id="47" goal_id="162"/>
  <agent start_id="49" goal_id="51"/>
  <agent start_id="169" goal_id="9"/>
  <agent start_id="88" goal_id="142"/>
  <agent start_id="191" goal_id="49"/>
  <agent start_id="19" goal_id="56"/>
  <agent start_id="6" goal_id="111"/>
  <agent start_id="1" goal_id="191"/>
  <agent start_id="163" goal_id="53"/>
  <agent start_id="36" goal_id="13"/>
  <agent start_id="40" goal_id="180"/>
  <agent start_id="33" goal_id="154"/>
  <agent start_id="189" goal_id="85"/>
  <agent start_id="167" goal_id="89"/>
  <agent start_id="80" goal_id="79"/>
  <agent start_id="186" goal_id="192"/>
  <agent start_id="135" goal_id="68"/>
</root>
