<?xml version="1.0" ?>
<root>
  <agent start_id="49" goal_id="173"/>
  <agent start_id="115" goal_id="159"/>
  <agent start_id="20" goal_id="91"/>
  <agent start_id="123" goal_id="46"/>
  <agent start_id="136" goal_id="59"/>
  <agent start_id="104" goal_id="151"/>
  <agent start_id="87" goal_id="92"/>
  <agent start_id="171" goal_id="80"/>
  <agent start_id="111" goal_id="141"/>
  <agent start_id="154" goal_id="75"/>
  <agent start_id="159" goal_id="69"/>
  <agent start_id="138" goal_id="99"/>
  <agent start_id="33" goal_id="16"/>
  <agent start_id="42" goal_id="88"/>
  <agent start_id="73" goal_id="186"/>
  <agent start_id="189" goal_id="7"/>
  <agent start_id="193" goal_id="5"/>
  <agent start_id="90" goal_id="2"/>
  <agent start_id="70" goal_id="43"/>
  <agent start_id="126" goal_id="82"/>
  <agent start_id="52" goal_id="144"/>
  <agent start_id="168" goal_id="124"/>
  <agent start_id="78" goal_id="0"/>
  <agent start_id="133" goal_id="196"/>
  <agent start_id="69" goal_id="147"/>
  <agent start_id="0" goal_id="83"/>
  <agent start_id="140" goal_id="198"/>
  <agent start_id="99" goal_id="96"/>
  <agent start_id="22" goal_id="161"/>
  <agent start_id="14" goal_id="107"/>
  <agent start_id="48" goal_id="23"/>
  <agent start_id="139" goal_id="15"/>
  <agent start_id="26" goal_id="146"/>
  <agent start_id="5" goal_id="63"/>
  <agent start_id="13" goal_id="38"/>
  <agent start_id="76" goal_id="199"/>
  <agent start_id="165" goal_id="48"/>
  <agent start_id="118" goal_id="9"/>
  <agent start_id="80" goal_id="111"/>
  <agent start_id="122" goal_id="154"/>
  <agent start_id="131" goal_id="164"/>
  <agent start_id="93" goal_id="117"/>
  <agent start_id="125" goal_id="33"/>
  <agent start_id="121" goal_id="60"/>
  <agent start_id="195" goal_id="104"/>
  <agent start_id="7" goal_id="178"/>
  <agent start_id="164" goal_id="39"/>
  <agent start_id="81" goal_id="137"/>
  <agent start_id="101" goal_id="11"/>
  <agent start_id="85" goal_id="131"/>
</root>
