<?xml version="1.0" ?>
<root>
  <agent start_id="100" goal_id="65"/>
  <agent start_id="74" goal_id="151"/>
  <agent start_id="81" goal_id="138"/>
  <agent start_id="148" goal_id="73"/>
  <agent start_id="10" goal_id="130"/>
  <agent start_id="127" goal_id="43"/>
  <agent start_id="173" goal_id="156"/>
  <agent start_id="24" goal_id="9"/>
  <agent start_id="191" goal_id="30"/>
  <agent start_id="70" goal_id="194"/>
  <agent start_id="17" goal_id="153"/>
  <agent start_id="59" goal_id="128"/>
  <agent start_id="169" goal_id="66"/>
  <agent start_id="71" goal_id="142"/>
  <agent start_id="158" goal_id="133"/>
  <agent start_id="193" goal_id="114"/>
  <agent start_id="15" goal_id="17"/>
  <agent start_id="113" goal_id="177"/>
  <agent start_id="37" goal_id="51"/>
  <agent start_id="163" goal_id="120"/>
  <agent start_id="38" goal_id="160"/>
  <agent start_id="51" goal_id="8"/>
  <agent start_id="9" goal_id="71"/>
  <agent start_id="12" goal_id="69"/>
  <agent start_id="152" goal_id="188"/>
  <agent start_id="181" goal_id="21"/>
  <agent start_id="94" goal_id="141"/>
  <agent start_id="160" goal_id="46"/>
  <agent start_id="167" goal_id="41"/>
  <agent start_id="46" goal_id="175"/>
  <agent start_id="54" goal_id="94"/>
  <agent start_id="88" goal_id="3"/>
  <agent start_id="164" goal_id="199"/>
  <agent start_id="131" goal_id="174"/>
  <agent start_id="123" goal_id="15"/>
  <agent start_id="176" goal_id="158"/>
  <agent start_id="179" goal_id="105"/>
  <agent start_id="182" goal_id="49"/>
  <agent start_id="82" goal_id="111"/>
  <agent start_id="68" goal_id="82"/>
  <agent start_id="22" goal_id="31"/>
  <agent start_id="168" goal_id="169"/>
  <agent start_id="77" goal_id="75"/>
  <agent start_id="50" goal_id="101"/>
  <agent start_id="117" goal_id="54"/>
  <agent start_id="36" goal_id="166"/>
  <agent start_id="53" goal_id="7"/>
  <agent start_id="103" goal_id="190"/>
  <agent start_id="125" goal_id="191"/>
  <agent start_id="102" goal_id="47"/>
</root>
