<?xml version="1.0" ?>
<root>
  <agent start_id="76" goal_id="96"/>
  <agent start_id="83" goal_id="48"/>
  <agent start_id="35" goal_id="55"/>
  <agent start_id="135" goal_id="181"/>
  <agent start_id="44" goal_id="16"/>
  <agent start_id="2" goal_id="125"/>
  <agent start_id="192" goal_id="62"/>
  <agent start_id="160" goal_id="149"/>
  <agent start_id="181" goal_id="53"/>
  <agent start_id="186" goal_id="131"/>
  <agent start_id="153" goal_id="183"/>
  <agent start_id="69" goal_id="38"/>
  <agent start_id="152" goal_id="81"/>
  <agent start_id="15" goal_id="95"/>
  <agent start_id="104" goal_id="198"/>
  <agent start_id="102" goal_id="11"/>
  <agent start_id="41" goal_id="7"/>
  <agent start_id="144" goal_id="29"/>
  <agent start_id="1" goal_id="4"/>
  <agent start_id="20" goal_id="21"/>
  <agent start_id="198" goal_id="119"/>
  <agent start_id="103" goal_id="182"/>
  <agent start_id="86" goal_id="14"/>
  <agent start_id="61" goal_id="143"/>
  <agent start_id="146" goal_id="121"/>
  <agent start_id="183" goal_id="42"/>
  <agent start_id="176" goal_id="47"/>
  <agent start_id="33" goal_id="49"/>
  <agent start_id="119" goal_id="155"/>
  <agent start_id="26" goal_id="194"/>
  <agent start_id="111" goal_id="94"/>
  <agent start_id="173" goal_id="154"/>
  <agent start_id="188" goal_id="134"/>
  <agent start_id="50" goal_id="140"/>
  <agent start_id="174" goal_id="83"/>
  <agent start_id="59" goal_id="70"/>
  <agent start_id="179" goal_id="177"/>
  <agent start_id="88" goal_id="78"/>
  <agent start_id="79" goal_id="147"/>
  <agent start_id="75" goal_id="189"/>
  <agent start_id="195" goal_id="151"/>
  <agent start_id="155" goal_id="56"/>
  <agent start_id="38" goal_id="92"/>
  <agent start_id="147" goal_id="25"/>
  <agent start_id="43" goal_id="130"/>
  <agent start_id="49" goal_id="6"/>
  <agent start_id="199" goal_id="179"/>
  <agent start_id="167" goal_id="156"/>
  <agent start_id="65" goal_id="115"/>
  <agent start_id="29" goal_id="138"/>
</root>
