<?xml version="1.0" ?>
<root>
  <agent start_id="147" goal_id="9"/>
  <agent start_id="30" goal_id="27"/>
  <agent start_id="25" goal_id="196"/>
  <agent start_id="109" goal_id="1"/>
  <agent start_id="50" goal_id="71"/>
  <agent start_id="44" goal_id="173"/>
  <agent start_id="68" goal_id="95"/>
  <agent start_id="99" goal_id="81"/>
  <agent start_id="175" goal_id="38"/>
  <agent start_id="47" goal_id="194"/>
  <agent start_id="119" goal_id="190"/>
  <agent start_id="161" goal_id="159"/>
  <agent start_id="101" goal_id="168"/>
  <agent start_id="142" goal_id="59"/>
  <agent start_id="43" goal_id="142"/>
  <agent start_id="110" goal_id="195"/>
  <agent start_id="190" goal_id="79"/>
  <agent start_id="104" goal_id="67"/>
  <agent start_id="121" goal_id="22"/>
  <agent start_id="151" goal_id="199"/>
  <agent start_id="195" goal_id="191"/>
  <agent start_id="31" goal_id="51"/>
  <agent start_id="134" goal_id="87"/>
  <agent start_id="12" goal_id="34"/>
  <agent start_id="197" goal_id="74"/>
  <agent start_id="188" goal_id="65"/>
  <agent start_id="53" goal_id="110"/>
  <agent start_id="153" goal_id="96"/>
  <agent start_id="127" goal_id="128"/>
  <agent start_id="91" goal_id="155"/>
  <agent start_id="117" goal_id="19"/>
  <agent start_id="6" goal_id="2"/>
  <agent start_id="19" goal_id="134"/>
  <agent start_id="82" goal_id="140"/>
  <agent start_id="156" goal_id="41"/>
  <agent start_id="32" goal_id="35"/>
  <agent start_id="185" goal_id="78"/>
  <agent start_id="93" goal_id="60"/>
  <agent start_id="46" goal_id="186"/>
  <agent start_id="177" goal_id="146"/>
  <agent start_id="171" goal_id="7"/>
  <agent start_id="16" goal_id="183"/>
  <agent start_id="74" goal_id="131"/>
  <agent start_id="130" goal_id="56"/>
  <agent start_id="138" goal_id="57"/>
  <agent start_id="125" goal_id="53"/>
  <agent start_id="77" goal_id="37"/>
  <agent start_id="65" goal_id="42"/>
  <agent start_id="54" goal_id="13"/>
  <agent start_id="182" goal_id="31"/>
</root>
