<?xml version="1.0" ?>
<root>
  <agent start_id="133" goal_id="22"/>
  <agent start_id="72" goal_id="9"/>
  <agent start_id="11" goal_id="104"/>
  <agent start_id="65" goal_id="169"/>
  <agent start_id="47" goal_id="33"/>
  <agent start_id="16" goal_id="23"/>
  <agent start_id="161" goal_id="156"/>
  <agent start_id="114" goal_id="99"/>
  <agent start_id="22" goal_id="81"/>
  <agent start_id="142" goal_id="77"/>
  <agent start_id="105" goal_id="158"/>
  <agent start_id="169" goal_id="117"/>
  <agent start_id="10" goal_id="68"/>
  <agent start_id="171" goal_id="65"/>
  <agent start_id="26" goal_id="125"/>
  <agent start_id="2" goal_id="123"/>
  <agent start_id="23" goal_id="36"/>
  <agent start_id="155" goal_id="188"/>
  <agent start_id="61" goal_id="106"/>
  <agent start_id="63" goal_id="92"/>
  <agent start_id="163" goal_id="26"/>
  <agent start_id="55" goal_id="31"/>
  <agent start_id="59" goal_id="193"/>
  <agent start_id="84" goal_id="78"/>
  <agent start_id="83" goal_id="15"/>
  <agent start_id="168" goal_id="74"/>
  <agent start_id="117" goal_id="79"/>
  <agent start_id="77" goal_id="147"/>
  <agent start_id="27" goal_id="96"/>
  <agent start_id="103" goal_id="199"/>
  <agent start_id="42" goal_id="87"/>
  <agent start_id="74" goal_id="63"/>
  <agent start_id="9" goal_id="88"/>
  <agent start_id="192" goal_id="67"/>
  <agent start_id="158" goal_id="75"/>
  <agent start_id="37" goal_id="168"/>
  <agent start_id="197" goal_id="192"/>
  <agent start_id="7" goal_id="103"/>
  <agent start_id="125" goal_id="5"/>
  <agent start_id="196" goal_id="40"/>
  <agent start_id="167" goal_id="97"/>
  <agent start_id="32" goal_id="187"/>
  <agent start_id="127" goal_id="182"/>
  <agent start_id="120" goal_id="186"/>
  <agent start_id="44" goal_id="49"/>
  <agent start_id="5" goal_id="108"/>
  <agent start_id="88" goal_id="183"/>
  <agent start_id="187" goal_id="51"/>
  <agent start_id="66" goal_id="0"/>
  <agent start_id="130" goal_id="93"/>
</root>
