<?xml version="1.0" ?>
<root>
  <agent start_id="155" goal_id="168"/>
  <agent start_id="22" goal_id="90"/>
  <agent start_id="112" goal_id="32"/>
  <agent start_id="48" goal_id="74"/>
  <agent start_id="144" goal_id="17"/>
  <agent start_id="83" goal_id="111"/>
  <agent start_id="78" goal_id="141"/>
  <agent start_id="140" goal_id="41"/>
  <agent start_id="103" goal_id="156"/>
  <agent start_id="169" goal_id="24"/>
  <agent start_id="156" goal_id="127"/>
  <agent start_id="132" goal_id="180"/>
  <agent start_id="89" goal_id="187"/>
  <agent start_id="95" goal_id="18"/>
  <agent start_id="69" goal_id="43"/>
  <agent start_id="99" goal_id="30"/>
  <agent start_id="75" goal_id="23"/>
  <agent start_id="131" goal_id="184"/>
  <agent start_id="114" goal_id="82"/>
  <agent start_id="15" goal_id="38"/>
  <agent start_id="38" goal_id="14"/>
  <agent start_id="76" goal_id="133"/>
  <agent start_id="42" goal_id="134"/>
  <agent start_id="39" goal_id="34"/>
  <agent start_id="182" goal_id="181"/>
  <agent start_id="91" goal_id="55"/>
  <agent start_id="57" goal_id="146"/>
  <agent start_id="3" goal_id="157"/>
  <agent start_id="186" goal_id="100"/>
  <agent start_id="33" goal_id="62"/>
  <agent start_id="125" goal_id="58"/>
  <agent start_id="138" goal_id="68"/>
  <agent start_id="195" goal_id="64"/>
  <agent start_id="11" goal_id="158"/>
  <agent start_id="193" goal_id="20"/>
  <agent start_id="107" goal_id="53"/>
  <agent start_id="80" goal_id="166"/>
  <agent start_id="25" goal_id="99"/>
  <agent start_id="165" goal_id="130"/>
  <agent start_id="177" goal_id="9"/>
  <agent start_id="65" goal_id="36"/>
  <agent start_id="190" goal_id="195"/>
  <agent start_id="44" goal_id="171"/>
  <agent start_id="106" goal_id="151"/>
  <agent start_id="121" goal_id="150"/>
  <agent start_id="118" goal_id="69"/>
  <agent start_id="12" goal_id="115"/>
  <agent start_id="163" goal_id="79"/>
  <agent start_id="43" goal_id="148"/>
  <agent start_id="59" goal_id="124"/>
</root>
