<?xml version="1.0" ?>
<root>
  <agent start_id="153" goal_id="75"/>
  <agent start_id="172" goal_id="148"/>
  <agent start_id="191" goal_id="101"/>
  <agent start_id="48" goal_id="119"/>
  <agent start_id="133" goal_id="181"/>
  <agent start_id="18" goal_id="122"/>
  <agent start_id="107" goal_id="169"/>
  <agent start_id="86" goal_id="82"/>
  <agent start_id="42" goal_id="30"/>
  <agent start_id="25" goal_id="5"/>
  <agent start_id="112" goal_id="150"/>
  <agent start_id="147" goal_id="163"/>
  <agent start_id="68" goal_id="105"/>
  <agent start_id="51" goal_id="171"/>
  <agent start_id="143" goal_id="38"/>
  <agent start_id="88" goal_id="29"/>
  <agent start_id="170" goal_id="17"/>
  <agent start_id="80" goal_id="157"/>
  <agent start_id="145" goal_id="172"/>
  <agent start_id="156" goal_id="73"/>
  <agent start_id="134" goal_id="173"/>
  <agent start_id="167" goal_id="35"/>
  <agent start_id="55" goal_id="124"/>
  <agent start_id="74" goal_id="180"/>
  <agent start_id="163" goal_id="199"/>
  <agent start_id="141" goal_id="103"/>
  <agent start_id="92" goal_id="192"/>
  <agent start_id="97" goal_id="165"/>
  <agent start_id="72" goal_id="116"/>
  <agent start_id="37" goal_id="154"/>
  <agent start_id="138" goal_id="162"/>
  <agent start_id="161" goal_id="80"/>
  <agent start_id="187" goal_id="146"/>
  <agent start_id="136" goal_id="194"/>
  <agent start_id="110" goal_id="152"/>
  <agent start_id="23" goal_id="23"/>
  <agent start_id="20" goal_id="98"/>
  <agent start_id="195" goal_id="191"/>
  <agent start_id="79" goal_id="68"/>
  <agent start_id="103" goal_id="27"/>
  <agent start_id="85" goal_id="107"/>
  <agent start_id="101" goal_id="99"/>
  <agent start_id="69" goal_id="21"/>
  <agent start_id="77" goal_id="8"/>
  <agent start_id="194" goal_id="65"/>
  <agent start_id="24" goal_id="43"/>
  <agent start_id="165" goal_id="67"/>
  <agent start_id="35" goal_id="143"/>
  <agent start_id="120" goal_id="46"/>
  <agent start_id="180" goal_id="132"/>
</root>
