<?xml version="1.0" ?>
<root>
  <agent start_id="90" goal_id="119"/>
  <agent start_id="93" goal_id="29"/>
  <agent start_id="174" goal_id="106"/>
  <agent start_id="158" goal_id="92"/>
  <agent start_id="2" goal_id="110"/>
  <agent start_id="117" goal_id="74"/>
  <agent start_id="107" goal_id="46"/>
  <agent start_id="168" goal_id="172"/>
  <agent start_id="124" goal_id="146"/>
  <agent start_id="145" goal_id="11"/>
  <agent start_id="16" goal_id="143"/>
  <agent start_id="15" goal_id="155"/>
  <agent start_id="60" goal_id="57"/>
  <agent start_id="7" goal_id="96"/>
  <agent start_id="25" goal_id="154"/>
  <agent start_id="66" goal_id="61"/>
  <agent start_id="115" goal_id="38"/>
  <agent start_id="196" goal_id="184"/>
  <agent start_id="126" goal_id="160"/>
  <agent start_id="42" goal_id="113"/>
  <agent start_id="197" goal_id="78"/>
  <agent start_id="43" goal_id="125"/>
  <agent start_id="142" goal_id="131"/>
  <agent start_id="39" goal_id="69"/>
  <agent start_id="33" goal_id="0"/>
  <agent start_id="27" goal_id="165"/>
  <agent start_id="97" goal_id="175"/>
  <agent start_id="133" goal_id="64"/>
  <agent start_id="173" goal_id="193"/>
  <agent start_id="121" goal_id="82"/>
  <agent start_id="95" goal_id="129"/>
  <agent start_id="151" goal_id="66"/>
  <agent start_id="37" goal_id="121"/>
  <agent start_id="192" goal_id="23"/>
  <agent start_id="51" goal_id="138"/>
  <agent start_id="187" goal_id="132"/>
  <agent start_id="35" goal_id="191"/>
  <agent start_id="46" goal_id="44"/>
  <agent start_id="82" goal_id="148"/>
  <agent start_id="188" goal_id="26"/>
  <agent start_id="62" goal_id="32"/>
  <agent start_id="23" goal_id="141"/>
  <agent start_id="41" goal_id="42"/>
  <agent start_id="112" goal_id="2"/>
  <agent start_id="194" goal_id="62"/>
  <agent start_id="30" goal_id="116"/>
  <agent start_id="18" goal_id="196"/>
  <agent start_id="184" goal_id="14"/>
  <agent start_id="52" goal_id="84"/>
  <agent start_id="161" goal_id="151"/>
</root>
