<?xml version="1.0" ?>
<root>
  <agent start_id="183" goal_id="89"/>
  <agent start_id="141" goal_id="129"/>
  <agent start_id="169" goal_id="26"/>
  <agent start_id="34" goal_id="51"/>
  <agent start_id="2" goal_id="151"/>
  <agent start_id="1" goal_id="99"/>
  <agent start_id="124" goal_id="165"/>
  <agent start_id="50" goal_id="172"/>
  <agent start_id="151" goal_id="58"/>
  <agent start_id="129" goal_id="67"/>
  <agent start_id="142" goal_id="124"/>
  <agent start_id="178" goal_id="171"/>
  <agent start_id="4" goal_id="132"/>
  <agent start_id="147" goal_id="110"/>
  <agent start_id="75" goal_id="157"/>
  <agent start_id="116" goal_id="155"/>
  <agent start_id="123" goal_id="97"/>
  <agent start_id="100" goal_id="38"/>
  <agent start_id="72" goal_id="17"/>
  <agent start_id="150" goal_id="47"/>
  <agent start_id="77" goal_id="111"/>
  <agent start_id="20" goal_id="29"/>
  <agent start_id="21" goal_id="34"/>
  <agent start_id="11" goal_id="68"/>
  <agent start_id="127" goal_id="46"/>
  <agent start_id="197" goal_id="159"/>
  <agent start_id="159" goal_id="27"/>
  <agent start_id="136" goal_id="149"/>
  <agent start_id="68" goal_id="113"/>
  <agent start_id="173" goal_id="75"/>
  <agent start_id="97" goal_id="122"/>
  <agent start_id="78" goal_id="190"/>
  <agent start_id="128" goal_id="52"/>
  <agent start_id="153" goal_id="186"/>
  <agent start_id="58" goal_id="125"/>
  <agent start_id="45" goal_id="22"/>
  <agent start_id="56" goal_id="8"/>
  <agent start_id="69" goal_id="138"/>
  <agent start_id="8" goal_id="5"/>
  <agent start_id="108" goal_id="126"/>
  <agent start_id="13" goal_id="181"/>
  <agent start_id="80" goal_id="106"/>
  <agent start_id="164" goal_id="82"/>
  <agent start_id="156" goal_id="37"/>
  <agent start_id="57" goal_id="92"/>
  <agent start_id="92" goal_id="62"/>
  <agent start_id="38" goal_id="116"/>
  <agent start_id="42" goal_id="176"/>
  <agent start_id="112" goal_id="60"/>
  <agent start_id="24" goal_id="168"/>
</root>
