<?xml version="1.0" ?>
<root>
  <agent start_id="184" goal_id="155"/>
  <agent start_id="42" goal_id="65"/>
  <agent start_id="169" goal_id="56"/>
  <agent start_id="124" goal_id="191"/>
  <agent start_id="96" goal_id="7"/>
  <agent start_id="19" goal_id="115"/>
  <agent start_id="87" goal_id="174"/>
  <agent start_id="123" goal_id="73"/>
  <agent start_id="17" goal_id="127"/>
  <agent start_id="137" goal_id="79"/>
  <agent start_id="25" goal_id="92"/>
  <agent start_id="31" goal_id="137"/>
  <agent start_id="100" goal_id="50"/>
  <agent start_id="40" goal_id="103"/>
  <agent start_id="81" goal_id="176"/>
  <agent start_id="71" goal_id="25"/>
  <agent start_id="161" goal_id="179"/>
  <agent start_id="53" goal_id="162"/>
  <agent start_id="189" goal_id="170"/>
  <agent start_id="46" goal_id="187"/>
  <agent start_id="106" goal_id="105"/>
  <agent start_id="154" goal_id="63"/>
  <agent start_id="85" goal_id="75"/>
  <agent start_id="140" goal_id="21"/>
  <agent start_id="171" goal_id="186"/>
  <agent start_id="151" goal_id="121"/>
  <agent start_id="134" goal_id="87"/>
  <agent start_id="79" goal_id="148"/>
  <agent start_id="65" goal_id="16"/>
  <agent start_id="125" goal_id="85"/>
  <agent start_id="136" goal_id="57"/>
  <agent start_id="57" goal_id="189"/>
  <agent start_id="14" goal_id="190"/>
  <agent start_id="196" goal_id="150"/>
  <agent start_id="5" goal_id="194"/>
  <agent start_id="47" goal_id="134"/>
  <agent start_id="51" goal_id="169"/>
  <agent start_id="147" goal_id="86"/>
  <agent start_id="164" goal_id="111"/>
  <agent start_id="128" goal_id="78"/>
  <agent start_id="91" goal_id="130"/>
  <agent start_id="15" goal_id="100"/>
  <agent start_id="33" goal_id="31"/>
  <agent start_id="77" goal_id="80"/>
  <agent start_id="7" goal_id="32"/>
  <agent start_id="104" goal_id="48"/>
  <agent start_id="4" goal_id="166"/>
  <agent start_id="44" goal_id="141"/>
  <agent start_id="11" goal_id="53"/>
  <agent start_id="54" goal_id="83"/>
</root>
