<?xml version="1.0" ?>
<root>
  <agent start_id="76" goal_id="140"/>
  <agent start_id="107" goal_id="196"/>
  <agent start_id="44" goal_id="151"/>
  <agent start_id="74" goal_id="4"/>
  <agent start_id="95" goal_id="34"/>
  <agent start_id="59" goal_id="113"/>
  <agent start_id="80" goal_id="182"/>
  <agent start_id="177" goal_id="136"/>
  <agent start_id="3" goal_id="131"/>
  <agent start_id="133" goal_id="68"/>
  <agent start_id="13" goal_id="111"/>
  <agent start_id="72" goal_id="83"/>
  <agent start_id="21" goal_id="170"/>
  <agent start_id="70" goal_id="107"/>
  <agent start_id="25" goal_id="47"/>
  <agent start_id="32" goal_id="63"/>
  <agent start_id="110" goal_id="173"/>
  <agent start_id="196" goal_id="147"/>
  <agent start_id="148" goal_id="82"/>
  <agent start_id="55" goal_id="28"/>
  <agent start_id="19" goal_id="66"/>
  <agent start_id="119" goal_id="114"/>
  <agent start_id="199" goal_id="81"/>
  <agent start_id="88" goal_id="189"/>
  <agent start_id="139" goal_id="148"/>
  <agent start_id="123" goal_id="162"/>
  <agent start_id="142" goal_id="41"/>
  <agent start_id="111" goal_id="44"/>
  <agent start_id="2" goal_id="128"/>
  <agent start_id="163" goal_id="192"/>
  <agent start_id="154" goal_id="161"/>
  <agent start_id="54" goal_id="175"/>
  <agent start_id="146" goal_id="105"/>
  <agent start_id="104" goal_id="52"/>
  <agent start_id="112" goal_id="87"/>
  <agent start_id="51" goal_id="12"/>
  <agent start_id="69" goal_id="118"/>
  <agent start_id="79" goal_id="181"/>
  <agent start_id="174" goal_id="158"/>
  <agent start_id="64" goal_id="70"/>
  <agent start_id="116" goal_id="18"/>
  <agent start_id="1" goal_id="6"/>
  <agent start_id="147" goal_id="117"/>
  <agent start_id="29" goal_id="84"/>
  <agent start_id="42" goal_id="98"/>
  <agent start_id="182" goal_id="15"/>
  <agent start_id="180" goal_id="36"/>
  <agent start_id="58" goal_id="193"/>
  <agent start_id="67" goal_id="183"/>
  <agent start_id="135" goal_id="155"/>
</root>
