<?xml version="1.0" ?>
<root>
  <agent start_id="145" goal_id="72"/>
  <agent start_id="147" goal_id="40"/>
  <agent start_id="35" goal_id="184"/>
  <agent start_id="183" goal_id="81"/>
  <agent start_id="157" goal_id="62"/>
  <agent start_id="22" goal_id="112"/>
  <agent start_id="51" goal_id="77"/>
  <agent start_id="150" goal_id="117"/>
  <agent start_id="193" goal_id="23"/>
  <agent start_id="0" goal_id="98"/>
  <agent start_id="132" goal_id="56"/>
  <agent start_id="144" goal_id="74"/>
  <agent start_id="17" goal_id="68"/>
  <agent start_id="25" goal_id="134"/>
  <agent start_id="198" goal_id="28"/>
  <agent start_id="101" goal_id="76"/>
  <agent start_id="18" goal_id="181"/>
  <agent start_id="15" goal_id="125"/>
  <agent start_id="111" goal_id="108"/>
  <agent start_id="68" goal_id="188"/>
  <agent start_id="40" goal_id="73"/>
  <agent start_id="9" goal_id="186"/>
  <agent start_id="158" goal_id="138"/>
  <agent start_id="169" goal_id="103"/>
  <agent start_id="77" goal_id="123"/>
  <agent start_id="182" goal_id="151"/>
  <agent start_id="56" goal_id="1"/>
  <agent start_id="167" goal_id="155"/>
  <agent start_id="61" goal_id="18"/>
  <agent start_id="130" goal_id="179"/>
  <agent start_id="126" goal_id="120"/>
  <agent start_id="102" goal_id="97"/>
  <agent start_id="52" goal_id="59"/>
  <agent start_id="177" goal_id="129"/>
  <agent start_id="118" goal_id="172"/>
  <agent start_id="113" goal_id="24"/>
  <agent start_id="89" goal_id="14"/>
  <agent start_id="30" goal_id="142"/>
  <agent start_id="173" goal_id="36"/>
  <agent start_id="159" goal_id="111"/>
  <agent start_id="103" goal_id="67"/>
  <agent start_id="115" goal_id="158"/>
  <agent start_id="179" goal_id="160"/>
  <agent start_id="106" goal_id="51"/>
  <agent start_id="60" goal_id="46"/>
  <agent start_id="54" goal_id="193"/>
  <agent start_id="73" goal_id="95"/>
  <agent start_id="83" goal_id="64"/>
  <agent start_id="63" goal_id="21"/>
  <agent start_id="34" goal_id="118"/>
</root>
