<?xml version="1.0" ?>
<root>
  <agent start_id="75" goal_id="190"/>
  <agent start_id="122" goal_id="68"/>
  <agent start_id="13" goal_id="102"/>
  <agent start_id="27" goal_id="198"/>
  <agent start_id="93" goal_id="168"/>
  <agent start_id="1" goal_id="124"/>
  <agent start_id="162" goal_id="123"/>
  <agent start_id="177" goal_id="71"/>
  <agent start_id="63" goal_id="194"/>
  <agent start_id="86" goal_id="59"/>
  <agent start_id="8" goal_id="144"/>
  <agent start_id="110" goal_id="199"/>
  <agent start_id="152" goal_id="165"/>
  <agent start_id="53" goal_id="73"/>
  <agent start_id="126" goal_id="167"/>
  <agent start_id="37" goal_id="15"/>
  <agent start_id="88" goal_id="127"/>
  <agent start_id="154" goal_id="28"/>
  <agent start_id="156" goal_id="65"/>
  <agent start_id="186" goal_id="36"/>
  <agent start_id="26" goal_id="5"/>
  <agent start_id="194" goal_id="34"/>
  <agent start_id="113" goal_id="172"/>
  <agent start_id="101" goal_id="116"/>
  <agent start_id="66" goal_id="25"/>
  <agent start_id="20" goal_id="94"/>
  <agent start_id="114" goal_id="193"/>
  <agent start_id="71" goal_id="22"/>
  <agent start_id="182" goal_id="181"/>
  <agent start_id="15" goal_id="61"/>
  <agent start_id="96" goal_id="196"/>
  <agent start_id="181" goal_id="143"/>
  <agent start_id="52" goal_id="176"/>
  <agent start_id="130" goal_id="9"/>
  <agent start_id="136" goal_id="62"/>
  <agent start_id="60" goal_id="93"/>
  <agent start_id="41" goal_id="87"/>
  <agent start_id="18" goal_id="37"/>
  <agent start_id="119" goal_id="63"/>
  <agent start_id="85" goal_id="178"/>
  <agent start_id="187" goal_id="110"/>
  <agent start_id="135" goal_id="131"/>
  <agent start_id="77" goal_id="58"/>
  <agent start_id="44" goal_id="141"/>
  <agent start_id="49" goal_id="185"/>
  <agent start_id="43" goal_id="152"/>
  <agent start_id="61" goal_id="33"/>
  <agent start_id="103" goal_id="101"/>
  <agent start_id="179" goal_id="147"/>
  <agent start_id="70" goal_id="43"/>
</root>
