<?xml version="1.0" ?>
<root>
  <agent start_id="112" goal_id="117"/>
  <agent start_id="78" goal_id="45"/>
  <agent start_id="87" goal_id="80"/>
  <agent start_id="167" goal_id="136"/>
  <agent start_id="145" goal_id="189"/>
  <agent start_id="118" goal_id="46"/>
  <agent start_id="183" goal_id="64"/>
  <agent start_id="28" goal_id="50"/>
  <agent start_id="31" goal_id="133"/>
  <agent start_id="95" goal_id="109"/>
  <agent start_id="97" goal_id="76"/>
  <agent start_id="182" goal_id="188"/>
  <agent start_id="16" goal_id="97"/>
  <agent start_id="143" goal_id="161"/>
  <agent start_id="7" goal_id="42"/>
  <agent start_id="93" goal_id="195"/>
  <agent start_id="96" goal_id="194"/>
  <agent start_id="10" goal_id="66"/>
  <agent start_id="29" goal_id="181"/>
  <agent start_id="43" goal_id="159"/>
  <agent start_id="174" goal_id="119"/>
  <agent start_id="47" goal_id="41"/>
  <agent start_id="65" goal_id="6"/>
  <agent start_id="14" goal_id="132"/>
  <agent start_id="156" goal_id="13"/>
  <agent start_id="69" goal_id="62"/>
  <agent start_id="168" goal_id="98"/>
  <agent start_id="189" goal_id="157"/>
  <agent start_id="129" goal_id="179"/>
  <agent start_id="111" goal_id="54"/>
  <agent start_id="89" goal_id="32"/>
  <agent start_id="102" goal_id="79"/>
  <agent start_id="53" goal_id="115"/>
  <agent start_id="150" goal_id="129"/>
  <agent start_id="22" goal_id="17"/>
  <agent start_id="91" goal_id="10"/>
  <agent start_id="1" goal_id="160"/>
  <agent start_id="152" goal_id="154"/>
  <agent start_id="148" goal_id="199"/>
  <agent start_id="60" goal_id="82"/>
  <agent start_id="176" goal_id="182"/>
  <agent start_id="90" goal_id="163"/>
  <agent start_id="56" goal_id="122"/>
  <agent start_id="48" goal_id="68"/>
  <agent start_id="37" goal_id="193"/>
  <agent start_id="133" goal_id="55"/>
  <agent start_id="40" goal_id="142"/>
  <agent start_id="161" goal_id="77"/>
  <agent start_id="84" goal_id="101"/>
  <agent start_id="141" goal_id="19"/>
</root>
