<?xml version="1.0" ?>
<root>
  <agent start_id="98" goal_id="168"/>
  <agent start_id="38" goal_id="50"/>
  <agent start_id="41" goal_id="166"/>
  <agent start_id="12" goal_id="139"/>
  <agent start_id="5" goal_id="12"/>
  <agent start_id="8" goal_id="5"/>
  <agent start_id="117" goal_id="93"/>
  <agent start_id="172" goal_id="145"/>
  <agent start_id="130" goal_id="53"/>
  <agent start_id="114" goal_id="177"/>
  <agent start_id="150" goal_id="88"/>
  <agent start_id="88" goal_id="83"/>
  <agent start_id="133" goal_id="199"/>
  <agent start_id="104" goal_id="180"/>
  <agent start_id="121" goal_id="170"/>
  <agent start_id="109" goal_id="101"/>
  <agent start_id="159" goal_id="161"/>
  <agent start_id="90" goal_id="79"/>
  <agent start_id="183" goal_id="31"/>
  <agent start_id="76" goal_id="179"/>
  <agent start_id="53" goal_id="130"/>
  <agent start_id="92" goal_id="58"/>
  <agent start_id="132" goal_id="114"/>
  <agent start_id="24" goal_id="127"/>
  <agent start_id="77" goal_id="82"/>
  <agent start_id="79" goal_id="160"/>
  <agent start_id="188" goal_id="52"/>
  <agent start_id="153" goal_id="25"/>
  <agent start_id="11" goal_id="11"/>
  <agent start_id="91" goal_id="194"/>
  <agent start_id="100" goal_id="55"/>
  <agent start_id="116" goal_id="189"/>
  <agent start_id="185" goal_id="33"/>
  <agent start_id="111" goal_id="182"/>
  <agent start_id="129" goal_id="133"/>
  <agent start_id="10" goal_id="2"/>
  <agent start_id="189" goal_id="123"/>
  <agent start_id="193" goal_id="43"/>
  <agent start_id="42" goal_id="140"/>
  <agent start_id="23" goal_id="192"/>
  <agent start_id="40" goal_id="116"/>
  <agent start_id="192" goal_id="142"/>
  <agent start_id="37" goal_id="134"/>
  <agent start_id="138" goal_id="60"/>
  <agent start_id="1" goal_id="185"/>
  <agent start_id="135" goal_id="183"/>
  <agent start_id="69" goal_id="19"/>
  <agent start_id="145" goal_id="121"/>
  <agent start_id="82" goal_id="196"/>
  <agent start_id="74" goal_id="46"/>
</root>
