<?xml version="1.0" ?>
<root>
  <agent start_id="104" goal_id="132"/>
  <agent start_id="5" goal_id="95"/>
  <agent start_id="79" goal_id="100"/>
  <agent start_id="61" goal_id="37"/>
  <agent start_id="30" goal_id="49"/>
  <agent start_id="134" goal_id="32"/>
  <agent start_id="74" goal_id="96"/>
  <agent start_id="139" goal_id="186"/>
  <agent start_id="3" goal_id="25"/>
  <agent start_id="127" goal_id="139"/>
  <agent start_id="67" goal_id="74"/>
  <agent start_id="165" goal_id="192"/>
  <agent start_id="120" goal_id="165"/>
  <agent start_id="43" goal_id="58"/>
  <agent start_id="47" goal_id="161"/>
  <agent start_id="89" goal_id="160"/>
  <agent start_id="195" goal_id="5"/>
  <agent start_id="141" goal_id="183"/>
  <agent start_id="76" goal_id="178"/>
  <agent start_id="179" goal_id="7"/>
  <agent start_id="169" goal_id="193"/>
  <agent start_id="148" goal_id="66"/>
  <agent start_id="68" goal_id="175"/>
  <agent start_id="48" goal_id="127"/>
  <agent start_id="182" goal_id="123"/>
  <agent start_id="116" goal_id="104"/>
  <agent start_id="100" goal_id="80"/>
  <agent start_id="98" goal_id="181"/>
  <agent start_id="82" goal_id="194"/>
  <agent start_id="118" goal_id="62"/>
  <agent start_id="70" goal_id="2"/>
  <agent start_id="7" goal_id="136"/>
  <agent start_id="38" goal_id="172"/>
  <agent start_id="52" goal_id="72"/>
  <agent start_id="187" goal_id="125"/>
  <agent start_id="186" goal_id="23"/>
  <agent start_id="143" goal_id="151"/>
  <agent start_id="56" goal_id="28"/>
  <agent start_id="157" goal_id="41"/>
  <agent start_id="24" goal_id="0"/>
  <agent start_id="16" goal_id="16"/>
  <agent start_id="10" goal_id="70"/>
  <agent start_id="125" goal_id="20"/>
  <agent start_id="54" goal_id="18"/>
  <agent start_id="14" goal_id="11"/>
  <agent start_id="191" goal_id="199"/>
  <agent start_id="35" goal_id="135"/>
  <agent start_id="41" goal_id="124"/>
  <agent start_id="158" goal_id="155"/>
  <agent start_id="176" goal_id="56"/>
</root>
