<?xml version="1.0" ?>
<root>
  <agent start_id="115" goal_id="12"/>
  <agent start_id="120" goal_id="101"/>
  <agent start_id="44" goal_id="148"/>
  <agent start_id="151" goal_id="25"/>
  <agent start_id="50" goal_id="107"/>
  <agent start_id="72" goal_id="137"/>
  <agent start_id="77" goal_id="26"/>
  <agent start_id="91" goal_id="72"/>
  <agent start_id="95" goal_id="32"/>
  <agent start_id="181" goal_id="130"/>
  <agent start_id="164" goal_id="178"/>
  <agent start_id="173" goal_id="179"/>
  <agent start_id="159" goal_id="155"/>
  <agent start_id="199" goal_id="153"/>
  <agent start_id="130" goal_id="84"/>
  <agent start_id="79" goal_id="55"/>
  <agent start_id="163" goal_id="81"/>
  <agent start_id="156" goal_id="119"/>
  <agent start_id="165" goal_id="49"/>
  <agent start_id="183" goal_id="159"/>
  <agent start_id="113" goal_id="144"/>
  <agent start_id="9" goal_id="162"/>
  <agent start_id="191" goal_id="53"/>
  <agent start_id="129" goal_id="100"/>
  <agent start_id="92" goal_id="62"/>
  <agent start_id="154" goal_id="19"/>
  <agent start_id="169" goal_id="184"/>
  <agent start_id="139" goal_id="188"/>
  <agent start_id="149" goal_id="168"/>
  <agent start_id="20" goal_id="113"/>
  <agent start_id="22" goal_id="75"/>
  <agent start_id="161" goal_id="87"/>
  <agent start_id="97" goal_id="14"/>
  <agent start_id="41" goal_id="97"/>
  <agent start_id="123" goal_id="69"/>
  <agent start_id="157" goal_id="160"/>
  <agent start_id="15" goal_id="17"/>
  <agent start_id="73" goal_id="196"/>
  <agent start_id="63" goal_id="117"/>
  <agent start_id="18" goal_id="48"/>
  <agent start_id="186" goal_id="79"/>
  <agent start_id="5" goal_id="42"/>
  <agent start_id="47" goal_id="70"/>
  <agent start_id="179" goal_id="166"/>
  <agent start_id="13" goal_id="136"/>
  <agent start_id="125" goal_id="128"/>
  <agent start_id="60" goal_id="9"/>
  <agent start_id="65" goal_id="126"/>
  <agent start_id="32" goal_id="92"/>
  <agent start_id="166" goal_id="34"/>
</root>
