<?xml version="1.0" ?>
<root>
  <agent start_id="23" goal_id="85"/>
  <agent start_id="190" goal_id="74"/>
  <agent start_id="197" goal_id="182"/>
  <agent start_id="128" goal_id="117"/>
  <agent start_id="73" goal_id="63"/>
  <agent start_id="181" goal_id="135"/>
  <agent start_id="143" goal_id="183"/>
  <agent start_id="84" goal_id="190"/>
  <agent start_id="105" goal_id="52"/>
  <agent start_id="59" goal_id="155"/>
  <agent start_id="187" goal_id="189"/>
  <agent start_id="158" goal_id="57"/>
  <agent start_id="184" goal_id="165"/>
  <agent start_id="156" goal_id="116"/>
  <agent start_id="10" goal_id="172"/>
  <agent start_id="48" goal_id="24"/>
  <agent start_id="169" goal_id="2"/>
  <agent start_id="20" goal_id="81"/>
  <agent start_id="31" goal_id="17"/>
  <agent start_id="42" goal_id="104"/>
  <agent start_id="37" goal_id="144"/>
  <agent start_id="198" goal_id="153"/>
  <agent start_id="100" goal_id="127"/>
  <agent start_id="65" goal_id="108"/>
  <agent start_id="7" goal_id="142"/>
  <agent start_id="97" goal_id="44"/>
  <agent start_id="133" goal_id="49"/>
  <agent start_id="185" goal_id="94"/>
  <agent start_id="134" goal_id="154"/>
  <agent start_id="83" goal_id="79"/>
  <agent start_id="94" goal_id="20"/>
  <agent start_id="174" goal_id="31"/>
  <agent start_id="91" goal_id="132"/>
  <agent start_id="108" goal_id="28"/>
  <agent start_id="179" goal_id="77"/>
  <agent start_id="164" goal_id="101"/>
  <agent start_id="111" goal_id="113"/>
  <agent start_id="148" goal_id="193"/>
  <agent start_id="180" goal_id="67"/>
  <agent start_id="93" goal_id="22"/>
  <agent start_id="4" goal_id="158"/>
  <agent start_id="52" goal_id="62"/>
  <agent start_id="99" goal_id="6"/>
  <agent start_id="85" goal_id="25"/>
  <agent start_id="39" goal_id="29"/>
  <agent start_id="13" goal_id="83"/>
  <agent start_id="150" goal_id="97"/>
  <agent start_id="58" goal_id="157"/>
  <agent start_id="195" goal_id="194"/>
  <agent start_id="191" goal_id="55"/>
</root>
