<?xml version="1.0" ?>
<root>
  <agent start_id="116" goal_id="80"/>
  <agent start_id="103" goal_id="4"/>
  <agent start_id="21" goal_id="79"/>
  <agent start_id="97" goal_id="77"/>
  <agent start_id="99" goal_id="95"/>
  <agent start_id="161" goal_id="195"/>
  <agent start_id="74" goal_id="69"/>
  <agent start_id="177" goal_id="194"/>
  <agent start_id="2" goal_id="21"/>
  <agent start_id="39" goal_id="8"/>
  <agent start_id="75" goal_id="114"/>
  <agent start_id="149" goal_id="61"/>
  <agent start_id="162" goal_id="66"/>
  <agent start_id="8" goal_id="151"/>
  <agent start_id="192" goal_id="65"/>
  <agent start_id="24" goal_id="174"/>
  <agent start_id="158" goal_id="129"/>
  <agent start_id="123" goal_id="97"/>
  <agent start_id="18" goal_id="27"/>
  <agent start_id="190" goal_id="180"/>
  <agent start_id="163" goal_id="87"/>
  <agent start_id="117" goal_id="175"/>
  <agent start_id="38" goal_id="148"/>
  <agent start_id="85" goal_id="68"/>
  <agent start_id="170" goal_id="133"/>
  <agent start_id="172" goal_id="158"/>
  <agent start_id="108" goal_id="30"/>
  <agent start_id="32" goal_id="76"/>
  <agent start_id="96" goal_id="139"/>
  <agent start_id="144" goal_id="121"/>
  <agent start_id="169" goal_id="178"/>
  <agent start_id="105" goal_id="190"/>
  <agent start_id="93" goal_id="176"/>
  <agent start_id="70" goal_id="59"/>
  <agent start_id="121" goal_id="127"/>
  <agent start_id="132" goal_id="171"/>
  <agent start_id="179" goal_id="38"/>
  <agent start_id="152" goal_id="160"/>
  <agent start_id="47" goal_id="154"/>
  <agent start_id="154" goal_id="103"/>
  <agent start_id="43" goal_id="112"/>
  <agent start_id="87" goal_id="22"/>
  <agent start_id="186" goal_id="193"/>
  <agent start_id="142" goal_id="184"/>
  <agent start_id="146" goal_id="197"/>
  <agent start_id="102" goal_id="17"/>
  <agent start_id="53" goal_id="101"/>
  <agent start_id="138" goal_id="102"/>
  <agent start_id="156" goal_id="179"/>
  <agent start_id="72" goal_id="136"/>
</root>
