<?xml version="1.0" ?>
<root>
  <agent start_id="196" goal_id="137"/>
  <agent start_id="118" goal_id="53"/>
  <agent start_id="34" goal_id="58"/>
  <agent start_id="97" goal_id="125"/>
  <agent start_id="128" goal_id="189"/>
  <agent start_id="0" goal_id="13"/>
  <agent start_id="141" goal_id="27"/>
  <agent start_id="157" goal_id="55"/>
  <agent start_id="166" goal_id="141"/>
  <agent start_id="5" goal_id="124"/>
  <agent start_id="87" goal_id="82"/>
  <agent start_id="193" goal_id="115"/>
  <agent start_id="50" goal_id="31"/>
  <agent start_id="59" goal_id="103"/>
  <agent start_id="106" goal_id="16"/>
  <agent start_id="48" goal_id="166"/>
  <agent start_id="99" goal_id="132"/>
  <agent start_id="169" goal_id="171"/>
  <agent start_id="10" goal_id="39"/>
  <agent start_id="159" goal_id="47"/>
  <agent start_id="153" goal_id="99"/>
  <agent start_id="53" goal_id="40"/>
  <agent start_id="101" goal_id="68"/>
  <agent start_id="126" goal_id="110"/>
  <agent start_id="199" goal_id="187"/>
  <agent start_id="78" goal_id="86"/>
  <agent start_id="188" goal_id="157"/>
  <agent start_id="19" goal_id="87"/>
  <agent start_id="156" goal_id="167"/>
  <agent start_id="64" goal_id="164"/>
  <agent start_id="26" goal_id="142"/>
  <agent start_id="178" goal_id="98"/>
  <agent start_id="29" goal_id="49"/>
  <agent start_id="21" goal_id="190"/>
  <agent start_id="49" goal_id="32"/>
  <agent start_id="135" goal_id="170"/>
  <agent start_id="149" goal_id="89"/>
  <agent start_id="151" goal_id="24"/>
  <agent start_id="130" goal_id="108"/>
  <agent start_id="144" goal_id="28"/>
  <agent start_id="138" goal_id="181"/>
  <agent start_id="40" goal_id="44"/>
  <agent start_id="72" goal_id="94"/>
  <agent start_id="13" goal_id="175"/>
  <agent start_id="89" goal_id="5"/>
  <agent start_id="147" goal_id="156"/>
  <agent start_id="132" goal_id="15"/>
  <agent start_id="32" goal_id="183"/>
  <agent start_id="154" goal_id="135"/>
  <agent start_id="23" goal_id="144"/>
</root>
