<?xml version="1.0" ?>
<root>
  <agent start_id="105" goal_id="165"/>
  <agent start_id="166" goal_id="156"/>
  <agent start_id="160" goal_id="6"/>
  <agent start_id="98" goal_id="78"/>
  <agent start_id="134" goal_id="160"/>
  <agent start_id="51" goal_id="53"/>
  <agent start_id="146" goal_id="84"/>
  <agent start_id="96" goal_id="116"/>
  <agent start_id="148" goal_id="169"/>
  <agent start_id="42" goal_id="11"/>
  <agent start_id="78" goal_id="154"/>
  <agent start_id="23" goal_id="83"/>
  <agent start_id="88" goal_id="80"/>
  <agent start_id="50" goal_id="125"/>
  <agent start_id="99" goal_id="121"/>
  <agent start_id="188" goal_id="183"/>
  <agent start_id="149" goal_id="137"/>
  <agent start_id="11" goal_id="172"/>
  <agent start_id="47" goal_id="42"/>
  <agent start_id="122" goal_id="195"/>
  <agent start_id="8" goal_id="46"/>
  <agent start_id="55" goal_id="36"/>
  <agent start_id="138" goal_id="122"/>
  <agent start_id="198" goal_id="108"/>
  <agent start_id="16" goal_id="132"/>
  <agent start_id="137" goal_id="70"/>
  <agent start_id="7" goal_id="95"/>
  <agent start_id="197" goal_id="181"/>
  <agent start_id="80" goal_id="32"/>
  <agent start_id="191" goal_id="93"/>
  <agent start_id="75" goal_id="63"/>
  <agent start_id="91" goal_id="192"/>
  <agent start_id="41" goal_id="69"/>
  <agent start_id="84" goal_id="117"/>
  <agent start_id="44" goal_id="41"/>
  <agent start_id="48" goal_id="167"/>
  <agent start_id="15" goal_id="127"/>
  <agent start_id="116" goal_id="0"/>
  <agent start_id="155" goal_id="50"/>
  <agent start_id="158" goal_id="68"/>
  <agent start_id="110" goal_id="64"/>
  <agent start_id="65" goal_id="159"/>
  <agent start_id="118" goal_id="37"/>
  <agent start_id="162" goal_id="166"/>
  <agent start_id="6" goal_id="178"/>
  <agent start_id="2" goal_id="72"/>
  <agent start_id="112" goal_id="12"/>
  <agent start_id="4" goal_id="19"/>
  <agent start_id="92" goal_id="98"/>
  <agent start_id="106" goal_id="86"/>
</root>
