<?xml version="1.0" ?>
<root>
  <agent start_id="154" goal_id="108"/>
  <agent start_id="22" goal_id="31"/>
  <agent start_id="50" goal_id="48"/>
  <agent start_id="117" goal_id="19"/>
  <agent start_id="150" goal_id="180"/>
  <agent start_id="191" goal_id="184"/>
  <agent start_id="20" goal_id="179"/>
  <agent start_id="7" goal_id="56"/>
  <agent start_id="79" goal_id="33"/>
  <agent start_id="13" goal_id="130"/>
  <agent start_id="3" goal_id="192"/>
  <agent start_id="184" goal_id="134"/>
  <agent start_id="103" goal_id="0"/>
  <agent start_id="29" goal_id="87"/>
  <agent start_id="8" goal_id="110"/>
  <agent start_id="94" goal_id="29"/>
  <agent start_id="93" goal_id="14"/>
  <agent start_id="178" goal_id="160"/>
  <agent start_id="166" goal_id="174"/>
  <agent start_id="62" goal_id="122"/>
  <agent start_id="65" goal_id="15"/>
  <agent start_id="48" goal_id="104"/>
  <agent start_id="142" goal_id="154"/>
  <agent start_id="177" goal_id="83"/>
  <agent start_id="38" goal_id="119"/>
  <agent start_id="89" goal_id="99"/>
  <agent start_id="55" goal_id="10"/>
  <agent start_id="87" goal_id="32"/>
  <agent start_id="5" goal_id="25"/>
  <agent start_id="140" goal_id="151"/>
  <agent start_id="11" goal_id="195"/>
  <agent start_id="186" goal_id="111"/>
  <agent start_id="149" goal_id="42"/>
  <agent start_id="17" goal_id="158"/>
  <agent start_id="179" goal_id="188"/>
  <agent start_id="138" goal_id="132"/>
  <agent start_id="165" goal_id="117"/>
  <agent start_id="58" goal_id="77"/>
  <agent start_id="141" goal_id="126"/>
  <agent start_id="182" goal_id="144"/>
  <agent start_id="37" goal_id="168"/>
  <agent start_id="77" goal_id="102"/>
  <agent start_id="162" goal_id="124"/>
  <agent start_id="126" goal_id="185"/>
  <agent start_id="95" goal_id="75"/>
  <agent start_id="163" goal_id="106"/>
  <agent start_id="59" goal_id="51"/>
  <agent start_id="101" goal_id="181"/>
  <agent start_id="43" goal_id="24"/>
  <agent start_id="106" goal_id="86"/>
</root>
