<?xml version="1.0" ?>
<root>
  <agent start_id="40" goal_id="27"/>
  <agent start_id="89" goal_id="44"/>
  <agent start_id="139" goal_id="24"/>
  <agent start_id="54" goal_id="154"/>
  <agent start_id="41" goal_id="194"/>
  <agent start_id="37" goal_id="98"/>
  <agent start_id="127" goal_id="52"/>
  <agent start_id="110" goal_id="0"/>
  <agent start_id="164" goal_id="149"/>
  <agent start_id="23" goal_id="6"/>
  <agent start_id="150" goal_id="158"/>
  <agent start_id="102" goal_id="199"/>
  <agent start_id="88" goal_id="182"/>
  <agent start_id="138" goal_id="164"/>
  <agent start_id="0" goal_id="197"/>
  <agent start_id="117" goal_id="103"/>
  <agent start_id="64" goal_id="25"/>
  <agent start_id="177" goal_id="91"/>
  <agent start_id="175" goal_id="129"/>
  <agent start_id="10" goal_id="58"/>
  <agent start_id="48" goal_id="86"/>
  <agent start_id="180" goal_id="30"/>
  <agent start_id="152" goal_id="12"/>
  <agent start_id="67" goal_id="73"/>
  <agent start_id="183" goal_id="161"/>
  <agent start_id="26" goal_id="34"/>
  <agent start_id="76" goal_id="49"/>
  <agent start_id="94" goal_id="32"/>
  <agent start_id="96" goal_id="94"/>
  <agent start_id="160" goal_id="70"/>
  <agent start_id="120" goal_id="26"/>
  <agent start_id="189" goal_id="61"/>
  <agent start_id="133" goal_id="189"/>
  <agent start_id="103" goal_id="138"/>
  <agent start_id="169" goal_id="47"/>
  <agent start_id="91" goal_id="19"/>
  <agent start_id="173" goal_id="101"/>
  <agent start_id="80" goal_id="45"/>
  <agent start_id="141" goal_id="160"/>
  <agent start_id="126" goal_id="54"/>
  <agent start_id="86" goal_id="40"/>
  <agent start_id="19" goal_id="130"/>
  <agent start_id="31" goal_id="105"/>
  <agent start_id="156" goal_id="143"/>
  <agent start_id="193" goal_id="100"/>
  <agent start_id="39" goal_id="132"/>
  <agent start_id="191" goal_id="31"/>
  <agent start_id="16" goal_id="170"/>
  <agent start_id="159" goal_id="56"/>
  <agent start_id="145" goal_id="176"/>
</root>
