<?xml version="1.0" ?>
<root>
  <agent start_id="94" goal_id="134"/>
  <agent start_id="48" goal_id="94"/>
  <agent start_id="136" goal_id="172"/>
  <agent start_id="99" goal_id="131"/>
  <agent start_id="32" goal_id="95"/>
  <agent start_id="88" goal_id="76"/>
  <agent start_id="58" goal_id="142"/>
  <agent start_id="24" goal_id="66"/>
  <agent start_id="168" goal_id="187"/>
  <agent start_id="74" goal_id="96"/>
  <agent start_id="199" goal_id="124"/>
  <agent start_id="64" goal_id="166"/>
  <agent start_id="15" goal_id="36"/>
  <agent start_id="125" goal_id="67"/>
  <agent start_id="21" goal_id="92"/>
  <agent start_id="96" goal_id="97"/>
  <agent start_id="47" goal_id="52"/>
  <agent start_id="25" goal_id="190"/>
  <agent start_id="137" goal_id="21"/>
  <agent start_id="69" goal_id="189"/>
  <agent start_id="3" goal_id="30"/>
  <agent start_id="78" goal_id="137"/>
  <agent start_id="52" goal_id="140"/>
  <agent start_id="33" goal_id="128"/>
  <agent start_id="56" goal_id="68"/>
  <agent start_id="102" goal_id="119"/>
  <agent start_id="148" goal_id="159"/>
  <agent start_id="91" goal_id="61"/>
  <agent start_id="154" goal_id="136"/>
  <agent start_id="92" goal_id="170"/>
  <agent start_id="181" goal_id="125"/>
  <agent start_id="34" goal_id="83"/>
  <agent start_id="29" goal_id="77"/>
  <agent start_id="60" goal_id="32"/>
  <agent start_id="112" goal_id="155"/>
  <agent start_id="152" goal_id="70"/>
  <agent start_id="162" goal_id="107"/>
  <agent start_id="66" goal_id="193"/>
  <agent start_id="9" goal_id="19"/>
  <agent start_id="192" goal_id="54"/>
  <agent start_id="146" goal_id="99"/>
  <agent start_id="95" goal_id="130"/>
  <agent start_id="104" goal_id="181"/>
  <agent start_id="85" goal_id="43"/>
  <agent start_id="141" goal_id="4"/>
  <agent start_id="43" goal_id="153"/>
  <agent start_id="22" goal_id="195"/>
  <agent start_id="153" goal_id="33"/>
  <agent start_id="11" goal_id="31"/>
  <agent start_id="144" goal_id="25"/>
</root>
