<?xml version="1.0" ?>
<root>
   <agent start_id="5" goal_id="169"/>
   <agent start_id="134" goal_id="40"/>
   <agent start_id="107" goal_id="128"/>
   <agent start_id="92" goal_id="127"/>
   <agent start_id="51" goal_id="77"/>
   <agent start_id="4" goal_id="82"/>
   <agent start_id="74" goal_id="41"/>
   <agent start_id="71" goal_id="30"/>
   <agent start_id="98" goal_id="133"/>
   <agent start_id="124" goal_id="118"/>
   <agent start_id="16" goal_id="51"/>
   <agent start_id="139" goal_id="4"/>
   <agent start_id="163" goal_id="125"/>
   <agent start_id="89" goal_id="153"/>
   <agent start_id="136" goal_id="2"/>
   <agent start_id="135" goal_id="42"/>
   <agent start_id="32" goal_id="67"/>
   <agent start_id="161" goal_id="27"/>
   <agent start_id="147" goal_id="74"/>
   <agent start_id="106" goal_id="142"/>
   <agent start_id="105" goal_id="162"/>
   <agent start_id="64" goal_id="138"/>
   <agent start_id="23" goal_id="58"/>
   <agent start_id="39" goal_id="101"/>
   <agent start_id="111" goal_id="146"/>
   <agent start_id="70" goal_id="105"/>
   <agent start_id="95" goal_id="91"/>
   <agent start_id="55" goal_id="49"/>
   <agent start_id="13" goal_id="50"/>
   <agent start_id="0" goal_id="35"/>
   <agent start_id="128" goal_id="97"/>
   <agent start_id="20" goal_id="56"/>
   <agent start_id="19" goal_id="15"/>
   <agent start_id="6" goal_id="76"/>
   <agent start_id="133" goal_id="104"/>
   <agent start_id="160" goal_id="25"/>
   <agent start_id="119" goal_id="155"/>
   <agent start_id="11" goal_id="5"/>
   <agent start_id="41" goal_id="0"/>
   <agent start_id="36" goal_id="151"/>
   <agent start_id="27" goal_id="134"/>
   <agent start_id="57" goal_id="78"/>
   <agent start_id="43" goal_id="79"/>
   <agent start_id="100" goal_id="36"/>
   <agent start_id="37" goal_id="73"/>
   <agent start_id="156" goal_id="22"/>
   <agent start_id="88" goal_id="21"/>
   <agent start_id="141" goal_id="7"/>
   <agent start_id="142" goal_id="145"/>
   <agent start_id="18" goal_id="54"/>
   <agent start_id="120" goal_id="156"/>
   <agent start_id="87" goal_id="13"/>
   <agent start_id="30" goal_id="100"/>
   <agent start_id="28" goal_id="19"/>
   <agent start_id="113" goal_id="148"/>
   <agent start_id="66" goal_id="80"/>
   <agent start_id="3" goal_id="64"/>
   <agent start_id="34" goal_id="24"/>
   <agent start_id="49" goal_id="85"/>
   <agent start_id="9" goal_id="44"/>
   <agent start_id="47" goal_id="39"/>
   <agent start_id="166" goal_id="86"/>
   <agent start_id="94" goal_id="149"/>
   <agent start_id="45" goal_id="23"/>
   <agent start_id="68" goal_id="26"/>
   <agent start_id="159" goal_id="45"/>
   <agent start_id="52" goal_id="46"/>
   <agent start_id="155" goal_id="154"/>
   <agent start_id="125" goal_id="161"/>
   <agent start_id="84" goal_id="160"/>
   <agent start_id="151" goal_id="48"/>
   <agent start_id="83" goal_id="140"/>
   <agent start_id="48" goal_id="63"/>
   <agent start_id="164" goal_id="28"/>
   <agent start_id="115" goal_id="52"/>
   <agent start_id="24" goal_id="110"/>
   <agent start_id="33" goal_id="157"/>
   <agent start_id="162" goal_id="168"/>
   <agent start_id="108" goal_id="12"/>
   <agent start_id="54" goal_id="11"/>
   <agent start_id="91" goal_id="68"/>
   <agent start_id="153" goal_id="18"/>
   <agent start_id="154" goal_id="116"/>
   <agent start_id="42" goal_id="89"/>
   <agent start_id="15" goal_id="65"/>
   <agent start_id="144" goal_id="10"/>
   <agent start_id="56" goal_id="96"/>
   <agent start_id="35" goal_id="124"/>
   <agent start_id="102" goal_id="37"/>
   <agent start_id="78" goal_id="150"/>
   <agent start_id="114" goal_id="144"/>
   <agent start_id="169" goal_id="129"/>
   <agent start_id="93" goal_id="92"/>
   <agent start_id="79" goal_id="114"/>
   <agent start_id="145" goal_id="72"/>
   <agent start_id="152" goal_id="99"/>
   <agent start_id="62" goal_id="98"/>
   <agent start_id="65" goal_id="102"/>
   <agent start_id="148" goal_id="119"/>
   <agent start_id="1" goal_id="43"/>
</root>