<?xml version="1.0" ?>
<root>
   <agent start_id="17" goal_id="53"/>
   <agent start_id="80" goal_id="120"/>
   <agent start_id="2" goal_id="38"/>
   <agent start_id="1" goal_id="79"/>
   <agent start_id="69" goal_id="105"/>
   <agent start_id="28" goal_id="167"/>
   <agent start_id="90" goal_id="126"/>
   <agent start_id="49" goal_id="84"/>
   <agent start_id="142" goal_id="138"/>
   <agent start_id="102" goal_id="96"/>
   <agent start_id="122" goal_id="158"/>
   <agent start_id="19" goal_id="13"/>
   <agent start_id="40" goal_id="157"/>
   <agent start_id="78" goal_id="74"/>
   <agent start_id="164" goal_id="30"/>
   <agent start_id="123" goal_id="159"/>
   <agent start_id="25" goal_id="46"/>
   <agent start_id="108" goal_id="127"/>
   <agent start_id="166" goal_id="31"/>
   <agent start_id="124" goal_id="26"/>
   <agent start_id="16" goal_id="52"/>
   <agent start_id="144" goal_id="142"/>
   <agent start_id="145" goal_id="139"/>
   <agent start_id="129" goal_id="98"/>
   <agent start_id="6" goal_id="164"/>
   <agent start_id="20" goal_id="67"/>
   <agent start_id="47" goal_id="1"/>
   <agent start_id="153" goal_id="42"/>
   <agent start_id="161" goal_id="140"/>
   <agent start_id="120" goal_id="156"/>
   <agent start_id="79" goal_id="155"/>
   <agent start_id="168" goal_id="32"/>
   <agent start_id="103" goal_id="73"/>
   <agent start_id="54" goal_id="33"/>
   <agent start_id="107" goal_id="141"/>
   <agent start_id="105" goal_id="12"/>
   <agent start_id="70" goal_id="91"/>
   <agent start_id="117" goal_id="152"/>
   <agent start_id="112" goal_id="104"/>
   <agent start_id="76" goal_id="134"/>
   <agent start_id="60" goal_id="51"/>
   <agent start_id="94" goal_id="87"/>
   <agent start_id="81" goal_id="3"/>
   <agent start_id="27" goal_id="0"/>
   <agent start_id="93" goal_id="59"/>
   <agent start_id="10" goal_id="88"/>
   <agent start_id="140" goal_id="5"/>
   <agent start_id="98" goal_id="6"/>
   <agent start_id="31" goal_id="66"/>
   <agent start_id="160" goal_id="19"/>
   <agent start_id="21" goal_id="10"/>
   <agent start_id="42" goal_id="77"/>
   <agent start_id="0" goal_id="36"/>
   <agent start_id="9" goal_id="165"/>
   <agent start_id="88" goal_id="124"/>
   <agent start_id="116" goal_id="43"/>
   <agent start_id="157" goal_id="149"/>
   <agent start_id="32" goal_id="55"/>
   <agent start_id="18" goal_id="47"/>
   <agent start_id="51" goal_id="116"/>
   <agent start_id="38" goal_id="121"/>
   <agent start_id="163" goal_id="56"/>
   <agent start_id="162" goal_id="135"/>
   <agent start_id="152" goal_id="93"/>
   <agent start_id="137" goal_id="7"/>
   <agent start_id="106" goal_id="2"/>
   <agent start_id="96" goal_id="132"/>
   <agent start_id="55" goal_id="115"/>
   <agent start_id="14" goal_id="50"/>
   <agent start_id="101" goal_id="9"/>
   <agent start_id="62" goal_id="11"/>
   <agent start_id="131" goal_id="76"/>
   <agent start_id="12" goal_id="15"/>
   <agent start_id="77" goal_id="168"/>
   <agent start_id="66" goal_id="102"/>
   <agent start_id="155" goal_id="117"/>
   <agent start_id="7" goal_id="169"/>
   <agent start_id="37" goal_id="94"/>
   <agent start_id="84" goal_id="28"/>
   <agent start_id="130" goal_id="78"/>
   <agent start_id="139" goal_id="100"/>
   <agent start_id="36" goal_id="72"/>
   <agent start_id="56" goal_id="63"/>
   <agent start_id="115" goal_id="22"/>
   <agent start_id="150" goal_id="151"/>
   <agent start_id="135" goal_id="58"/>
   <agent start_id="95" goal_id="131"/>
   <agent start_id="121" goal_id="86"/>
   <agent start_id="46" goal_id="39"/>
   <agent start_id="61" goal_id="25"/>
   <agent start_id="23" goal_id="45"/>
   <agent start_id="138" goal_id="114"/>
   <agent start_id="58" goal_id="106"/>
   <agent start_id="92" goal_id="80"/>
   <agent start_id="126" goal_id="154"/>
   <agent start_id="111" goal_id="49"/>
   <agent start_id="35" goal_id="133"/>
   <agent start_id="52" goal_id="145"/>
   <agent start_id="128" goal_id="111"/>
   <agent start_id="87" goal_id="81"/>
</root>