<?xml version="1.0" ?>
<root>
   <agent start_id="143" goal_id="49"/>
   <agent start_id="169" goal_id="164"/>
   <agent start_id="60" goal_id="137"/>
   <agent start_id="150" goal_id="96"/>
   <agent start_id="46" goal_id="55"/>
   <agent start_id="5" goal_id="41"/>
   <agent start_id="4" goal_id="128"/>
   <agent start_id="66" goal_id="102"/>
   <agent start_id="91" goal_id="127"/>
   <agent start_id="92" goal_id="86"/>
   <agent start_id="112" goal_id="68"/>
   <agent start_id="26" goal_id="62"/>
   <agent start_id="134" goal_id="169"/>
   <agent start_id="57" goal_id="78"/>
   <agent start_id="41" goal_id="72"/>
   <agent start_id="1" goal_id="36"/>
   <agent start_id="129" goal_id="63"/>
   <agent start_id="74" goal_id="152"/>
   <agent start_id="42" goal_id="155"/>
   <agent start_id="73" goal_id="109"/>
   <agent start_id="59" goal_id="53"/>
   <agent start_id="158" goal_id="94"/>
   <agent start_id="17" goal_id="12"/>
   <agent start_id="18" goal_id="39"/>
   <agent start_id="105" goal_id="126"/>
   <agent start_id="90" goal_id="82"/>
   <agent start_id="88" goal_id="120"/>
   <agent start_id="151" goal_id="17"/>
   <agent start_id="110" goal_id="146"/>
   <agent start_id="97" goal_id="132"/>
   <agent start_id="28" goal_id="91"/>
   <agent start_id="15" goal_id="50"/>
   <agent start_id="153" goal_id="4"/>
   <agent start_id="137" goal_id="25"/>
   <agent start_id="87" goal_id="61"/>
   <agent start_id="114" goal_id="149"/>
   <agent start_id="72" goal_id="122"/>
   <agent start_id="139" goal_id="108"/>
   <agent start_id="48" goal_id="67"/>
   <agent start_id="160" goal_id="26"/>
   <agent start_id="157" goal_id="150"/>
   <agent start_id="118" goal_id="0"/>
   <agent start_id="135" goal_id="1"/>
   <agent start_id="156" goal_id="21"/>
   <agent start_id="80" goal_id="38"/>
   <agent start_id="163" goal_id="119"/>
   <agent start_id="37" goal_id="64"/>
   <agent start_id="27" goal_id="110"/>
   <agent start_id="116" goal_id="166"/>
   <agent start_id="13" goal_id="48"/>
   <agent start_id="115" goal_id="136"/>
   <agent start_id="85" goal_id="95"/>
   <agent start_id="161" goal_id="156"/>
   <agent start_id="45" goal_id="142"/>
   <agent start_id="107" goal_id="106"/>
   <agent start_id="65" goal_id="101"/>
   <agent start_id="131" goal_id="28"/>
   <agent start_id="8" goal_id="18"/>
   <agent start_id="70" goal_id="98"/>
   <agent start_id="104" goal_id="24"/>
   <agent start_id="108" goal_id="51"/>
   <agent start_id="0" goal_id="35"/>
   <agent start_id="68" goal_id="157"/>
   <agent start_id="123" goal_id="159"/>
   <agent start_id="86" goal_id="123"/>
   <agent start_id="102" goal_id="6"/>
   <agent start_id="138" goal_id="76"/>
   <agent start_id="30" goal_id="23"/>
   <agent start_id="79" goal_id="52"/>
   <agent start_id="146" goal_id="11"/>
   <agent start_id="166" goal_id="31"/>
   <agent start_id="12" goal_id="87"/>
   <agent start_id="119" goal_id="81"/>
   <agent start_id="98" goal_id="145"/>
   <agent start_id="136" goal_id="2"/>
   <agent start_id="142" goal_id="131"/>
   <agent start_id="53" goal_id="89"/>
   <agent start_id="113" goal_id="151"/>
   <agent start_id="101" goal_id="121"/>
   <agent start_id="124" goal_id="3"/>
   <agent start_id="32" goal_id="34"/>
   <agent start_id="20" goal_id="54"/>
   <agent start_id="44" goal_id="79"/>
   <agent start_id="168" goal_id="42"/>
   <agent start_id="132" goal_id="124"/>
   <agent start_id="51" goal_id="160"/>
   <agent start_id="9" goal_id="66"/>
   <agent start_id="111" goal_id="117"/>
   <agent start_id="133" goal_id="5"/>
   <agent start_id="130" goal_id="16"/>
   <agent start_id="125" goal_id="103"/>
   <agent start_id="6" goal_id="144"/>
   <agent start_id="34" goal_id="37"/>
   <agent start_id="25" goal_id="60"/>
   <agent start_id="145" goal_id="20"/>
   <agent start_id="100" goal_id="113"/>
   <agent start_id="58" goal_id="162"/>
   <agent start_id="148" goal_id="111"/>
   <agent start_id="7" goal_id="43"/>
   <agent start_id="99" goal_id="135"/>
</root>