<?xml version="1.0" ?>
<root>
   <agent start_id="103" goal_id="138"/>
   <agent start_id="88" goal_id="123"/>
   <agent start_id="21" goal_id="56"/>
   <agent start_id="149" goal_id="15"/>
   <agent start_id="32" goal_id="1"/>
   <agent start_id="135" goal_id="0"/>
   <agent start_id="94" goal_id="129"/>
   <agent start_id="120" goal_id="114"/>
   <agent start_id="64" goal_id="142"/>
   <agent start_id="65" goal_id="59"/>
   <agent start_id="23" goal_id="33"/>
   <agent start_id="126" goal_id="161"/>
   <agent start_id="43" goal_id="121"/>
   <agent start_id="2" goal_id="38"/>
   <agent start_id="69" goal_id="65"/>
   <agent start_id="55" goal_id="90"/>
   <agent start_id="16" goal_id="9"/>
   <agent start_id="116" goal_id="110"/>
   <agent start_id="75" goal_id="111"/>
   <agent start_id="61" goal_id="55"/>
   <agent start_id="20" goal_id="64"/>
   <agent start_id="19" goal_id="50"/>
   <agent start_id="86" goal_id="14"/>
   <agent start_id="39" goal_id="75"/>
   <agent start_id="40" goal_id="168"/>
   <agent start_id="51" goal_id="61"/>
   <agent start_id="113" goal_id="149"/>
   <agent start_id="6" goal_id="20"/>
   <agent start_id="93" goal_id="30"/>
   <agent start_id="52" goal_id="88"/>
   <agent start_id="124" goal_id="118"/>
   <agent start_id="82" goal_id="117"/>
   <agent start_id="131" goal_id="77"/>
   <agent start_id="129" goal_id="165"/>
   <agent start_id="130" goal_id="22"/>
   <agent start_id="155" goal_id="21"/>
   <agent start_id="139" goal_id="42"/>
   <agent start_id="92" goal_id="41"/>
   <agent start_id="33" goal_id="160"/>
   <agent start_id="147" goal_id="54"/>
   <agent start_id="80" goal_id="8"/>
   <agent start_id="38" goal_id="74"/>
   <agent start_id="63" goal_id="99"/>
   <agent start_id="90" goal_id="146"/>
   <agent start_id="152" goal_id="34"/>
   <agent start_id="30" goal_id="91"/>
   <agent start_id="14" goal_id="116"/>
   <agent start_id="102" goal_id="37"/>
   <agent start_id="37" goal_id="97"/>
   <agent start_id="70" goal_id="63"/>
   <agent start_id="148" goal_id="137"/>
   <agent start_id="67" goal_id="7"/>
   <agent start_id="160" goal_id="154"/>
   <agent start_id="78" goal_id="113"/>
   <agent start_id="35" goal_id="25"/>
   <agent start_id="36" goal_id="71"/>
   <agent start_id="25" goal_id="164"/>
   <agent start_id="84" goal_id="120"/>
   <agent start_id="111" goal_id="52"/>
   <agent start_id="109" goal_id="119"/>
   <agent start_id="42" goal_id="69"/>
   <agent start_id="153" goal_id="166"/>
   <agent start_id="110" goal_id="130"/>
   <agent start_id="15" goal_id="78"/>
   <agent start_id="138" goal_id="95"/>
   <agent start_id="136" goal_id="159"/>
   <agent start_id="34" goal_id="53"/>
   <agent start_id="18" goal_id="26"/>
   <agent start_id="137" goal_id="36"/>
   <agent start_id="66" goal_id="73"/>
   <agent start_id="167" goal_id="100"/>
   <agent start_id="50" goal_id="86"/>
   <agent start_id="59" goal_id="76"/>
   <agent start_id="3" goal_id="144"/>
   <agent start_id="159" goal_id="24"/>
   <agent start_id="24" goal_id="60"/>
   <agent start_id="117" goal_id="125"/>
   <agent start_id="0" goal_id="35"/>
   <agent start_id="164" goal_id="29"/>
   <agent start_id="28" goal_id="51"/>
   <agent start_id="45" goal_id="81"/>
   <agent start_id="46" goal_id="67"/>
   <agent start_id="123" goal_id="127"/>
   <agent start_id="118" goal_id="126"/>
   <agent start_id="11" goal_id="46"/>
   <agent start_id="104" goal_id="96"/>
   <agent start_id="166" goal_id="6"/>
   <agent start_id="150" goal_id="17"/>
   <agent start_id="83" goal_id="136"/>
   <agent start_id="121" goal_id="135"/>
   <agent start_id="17" goal_id="32"/>
   <agent start_id="125" goal_id="141"/>
   <agent start_id="98" goal_id="11"/>
   <agent start_id="74" goal_id="3"/>
   <agent start_id="132" goal_id="124"/>
   <agent start_id="100" goal_id="94"/>
   <agent start_id="119" goal_id="162"/>
   <agent start_id="96" goal_id="39"/>
   <agent start_id="91" goal_id="45"/>
   <agent start_id="31" goal_id="79"/>
</root>