<?xml version="1.0" ?>
<root>
   <agent start_id="15" goal_id="50"/>
   <agent start_id="8" goal_id="75"/>
   <agent start_id="40" goal_id="76"/>
   <agent start_id="169" goal_id="96"/>
   <agent start_id="88" goal_id="124"/>
   <agent start_id="114" goal_id="149"/>
   <agent start_id="46" goal_id="143"/>
   <agent start_id="26" goal_id="62"/>
   <agent start_id="164" goal_id="61"/>
   <agent start_id="155" goal_id="10"/>
   <agent start_id="78" goal_id="114"/>
   <agent start_id="37" goal_id="73"/>
   <agent start_id="126" goal_id="58"/>
   <agent start_id="84" goal_id="57"/>
   <agent start_id="151" goal_id="16"/>
   <agent start_id="43" goal_id="64"/>
   <agent start_id="27" goal_id="23"/>
   <agent start_id="12" goal_id="94"/>
   <agent start_id="75" goal_id="6"/>
   <agent start_id="59" goal_id="137"/>
   <agent start_id="127" goal_id="121"/>
   <agent start_id="44" goal_id="80"/>
   <agent start_id="80" goal_id="115"/>
   <agent start_id="3" goal_id="39"/>
   <agent start_id="92" goal_id="86"/>
   <agent start_id="24" goal_id="60"/>
   <agent start_id="10" goal_id="71"/>
   <agent start_id="9" goal_id="111"/>
   <agent start_id="97" goal_id="132"/>
   <agent start_id="160" goal_id="51"/>
   <agent start_id="149" goal_id="15"/>
   <agent start_id="108" goal_id="144"/>
   <agent start_id="67" goal_id="9"/>
   <agent start_id="124" goal_id="116"/>
   <agent start_id="154" goal_id="152"/>
   <agent start_id="73" goal_id="109"/>
   <agent start_id="41" goal_id="36"/>
   <agent start_id="28" goal_id="63"/>
   <agent start_id="120" goal_id="156"/>
   <agent start_id="57" goal_id="11"/>
   <agent start_id="146" goal_id="12"/>
   <agent start_id="145" goal_id="139"/>
   <agent start_id="104" goal_id="99"/>
   <agent start_id="49" goal_id="17"/>
   <agent start_id="90" goal_id="119"/>
   <agent start_id="110" goal_id="145"/>
   <agent start_id="137" goal_id="140"/>
   <agent start_id="107" goal_id="126"/>
   <agent start_id="157" goal_id="54"/>
   <agent start_id="101" goal_id="46"/>
   <agent start_id="61" goal_id="104"/>
   <agent start_id="125" goal_id="136"/>
   <agent start_id="45" goal_id="110"/>
   <agent start_id="136" goal_id="146"/>
   <agent start_id="31" goal_id="66"/>
   <agent start_id="30" goal_id="154"/>
   <agent start_id="119" goal_id="40"/>
   <agent start_id="36" goal_id="72"/>
   <agent start_id="161" goal_id="31"/>
   <agent start_id="106" goal_id="92"/>
   <agent start_id="20" goal_id="93"/>
   <agent start_id="82" goal_id="7"/>
   <agent start_id="0" goal_id="163"/>
   <agent start_id="129" goal_id="103"/>
   <agent start_id="117" goal_id="47"/>
   <agent start_id="140" goal_id="5"/>
   <agent start_id="141" goal_id="49"/>
   <agent start_id="98" goal_id="134"/>
   <agent start_id="99" goal_id="53"/>
   <agent start_id="52" goal_id="29"/>
   <agent start_id="105" goal_id="141"/>
   <agent start_id="63" goal_id="151"/>
   <agent start_id="93" goal_id="161"/>
   <agent start_id="55" goal_id="44"/>
   <agent start_id="42" goal_id="3"/>
   <agent start_id="96" goal_id="157"/>
   <agent start_id="95" goal_id="117"/>
   <agent start_id="122" goal_id="158"/>
   <agent start_id="81" goal_id="106"/>
   <agent start_id="13" goal_id="83"/>
   <agent start_id="138" goal_id="159"/>
   <agent start_id="58" goal_id="148"/>
   <agent start_id="152" goal_id="82"/>
   <agent start_id="25" goal_id="102"/>
   <agent start_id="51" goal_id="43"/>
   <agent start_id="113" goal_id="55"/>
   <agent start_id="118" goal_id="113"/>
   <agent start_id="103" goal_id="138"/>
   <agent start_id="128" goal_id="98"/>
   <agent start_id="21" goal_id="97"/>
   <agent start_id="53" goal_id="8"/>
   <agent start_id="2" goal_id="125"/>
   <agent start_id="94" goal_id="166"/>
   <agent start_id="163" goal_id="0"/>
   <agent start_id="79" goal_id="160"/>
   <agent start_id="143" goal_id="95"/>
   <agent start_id="39" goal_id="27"/>
   <agent start_id="162" goal_id="34"/>
   <agent start_id="166" goal_id="155"/>
   <agent start_id="60" goal_id="167"/>
</root>