<?xml version="1.0" ?>
<root>
   <agent start_id="75" goal_id="69"/>
   <agent start_id="122" goal_id="157"/>
   <agent start_id="28" goal_id="125"/>
   <agent start_id="142" goal_id="8"/>
   <agent start_id="81" goal_id="102"/>
   <agent start_id="106" goal_id="141"/>
   <agent start_id="167" goal_id="60"/>
   <agent start_id="153" goal_id="19"/>
   <agent start_id="152" goal_id="18"/>
   <agent start_id="74" goal_id="66"/>
   <agent start_id="30" goal_id="107"/>
   <agent start_id="97" goal_id="132"/>
   <agent start_id="118" goal_id="92"/>
   <agent start_id="85" goal_id="153"/>
   <agent start_id="41" goal_id="148"/>
   <agent start_id="93" goal_id="129"/>
   <agent start_id="160" goal_id="26"/>
   <agent start_id="149" goal_id="15"/>
   <agent start_id="20" goal_id="77"/>
   <agent start_id="135" goal_id="1"/>
   <agent start_id="134" goal_id="0"/>
   <agent start_id="40" goal_id="151"/>
   <agent start_id="146" goal_id="74"/>
   <agent start_id="6" goal_id="73"/>
   <agent start_id="99" goal_id="31"/>
   <agent start_id="166" goal_id="32"/>
   <agent start_id="110" goal_id="146"/>
   <agent start_id="111" goal_id="71"/>
   <agent start_id="1" goal_id="37"/>
   <agent start_id="2" goal_id="90"/>
   <agent start_id="13" goal_id="23"/>
   <agent start_id="49" goal_id="137"/>
   <agent start_id="100" goal_id="79"/>
   <agent start_id="123" goal_id="158"/>
   <agent start_id="157" goal_id="47"/>
   <agent start_id="50" goal_id="13"/>
   <agent start_id="133" goal_id="169"/>
   <agent start_id="24" goal_id="168"/>
   <agent start_id="39" goal_id="144"/>
   <agent start_id="78" goal_id="113"/>
   <agent start_id="72" goal_id="4"/>
   <agent start_id="31" goal_id="133"/>
   <agent start_id="16" goal_id="25"/>
   <agent start_id="83" goal_id="118"/>
   <agent start_id="0" goal_id="30"/>
   <agent start_id="144" goal_id="9"/>
   <agent start_id="98" goal_id="35"/>
   <agent start_id="61" goal_id="21"/>
   <agent start_id="88" goal_id="123"/>
   <agent start_id="113" goal_id="109"/>
   <agent start_id="73" goal_id="27"/>
   <agent start_id="162" goal_id="33"/>
   <agent start_id="79" goal_id="115"/>
   <agent start_id="158" goal_id="56"/>
   <agent start_id="37" goal_id="28"/>
   <agent start_id="121" goal_id="29"/>
   <agent start_id="63" goal_id="99"/>
   <agent start_id="46" goal_id="163"/>
   <agent start_id="137" goal_id="3"/>
   <agent start_id="77" goal_id="2"/>
   <agent start_id="55" goal_id="64"/>
   <agent start_id="90" goal_id="83"/>
   <agent start_id="143" goal_id="76"/>
   <agent start_id="155" goal_id="82"/>
   <agent start_id="126" goal_id="88"/>
   <agent start_id="7" goal_id="103"/>
   <agent start_id="60" goal_id="165"/>
   <agent start_id="45" goal_id="112"/>
   <agent start_id="65" goal_id="41"/>
   <agent start_id="119" goal_id="116"/>
   <agent start_id="165" goal_id="45"/>
   <agent start_id="154" goal_id="40"/>
   <agent start_id="68" goal_id="104"/>
   <agent start_id="67" goal_id="156"/>
   <agent start_id="27" goal_id="62"/>
   <agent start_id="48" goal_id="145"/>
   <agent start_id="47" goal_id="48"/>
   <agent start_id="125" goal_id="161"/>
   <agent start_id="58" goal_id="108"/>
   <agent start_id="156" goal_id="16"/>
   <agent start_id="148" goal_id="100"/>
   <agent start_id="59" goal_id="70"/>
   <agent start_id="23" goal_id="59"/>
   <agent start_id="19" goal_id="58"/>
   <agent start_id="124" goal_id="43"/>
   <agent start_id="159" goal_id="152"/>
   <agent start_id="95" goal_id="142"/>
   <agent start_id="14" goal_id="50"/>
   <agent start_id="91" goal_id="84"/>
   <agent start_id="131" goal_id="119"/>
   <agent start_id="56" goal_id="114"/>
   <agent start_id="87" goal_id="91"/>
   <agent start_id="150" goal_id="106"/>
   <agent start_id="11" goal_id="44"/>
   <agent start_id="92" goal_id="155"/>
   <agent start_id="51" goal_id="87"/>
   <agent start_id="10" goal_id="67"/>
   <agent start_id="94" goal_id="5"/>
   <agent start_id="36" goal_id="97"/>
   <agent start_id="21" goal_id="89"/>
</root>