<?xml version="1.0" ?>
<root>
  <agent start_id="13" goal_id="16"/>
  <agent start_id="91" goal_id="31"/>
  <agent start_id="53" goal_id="27"/>
  <agent start_id="35" goal_id="167"/>
  <agent start_id="68" goal_id="86"/>
  <agent start_id="119" goal_id="154"/>
  <agent start_id="135" goal_id="196"/>
  <agent start_id="180" goal_id="189"/>
  <agent start_id="102" goal_id="131"/>
  <agent start_id="152" goal_id="124"/>
  <agent start_id="10" goal_id="13"/>
  <agent start_id="98" goal_id="55"/>
  <agent start_id="70" goal_id="133"/>
  <agent start_id="94" goal_id="148"/>
  <agent start_id="19" goal_id="160"/>
  <agent start_id="11" goal_id="71"/>
  <agent start_id="126" goal_id="163"/>
  <agent start_id="161" goal_id="82"/>
  <agent start_id="123" goal_id="84"/>
  <agent start_id="55" goal_id="101"/>
  <agent start_id="171" goal_id="122"/>
  <agent start_id="8" goal_id="195"/>
  <agent start_id="58" goal_id="61"/>
  <agent start_id="125" goal_id="10"/>
  <agent start_id="22" goal_id="193"/>
  <agent start_id="146" goal_id="130"/>
  <agent start_id="159" goal_id="182"/>
  <agent start_id="157" goal_id="112"/>
  <agent start_id="17" goal_id="66"/>
  <agent start_id="50" goal_id="144"/>
  <agent start_id="178" goal_id="94"/>
  <agent start_id="131" goal_id="9"/>
  <agent start_id="74" goal_id="26"/>
  <agent start_id="86" goal_id="70"/>
  <agent start_id="87" goal_id="1"/>
  <agent start_id="30" goal_id="114"/>
  <agent start_id="67" goal_id="103"/>
  <agent start_id="174" goal_id="49"/>
  <agent start_id="129" goal_id="19"/>
  <agent start_id="105" goal_id="119"/>
  <agent start_id="79" goal_id="134"/>
  <agent start_id="176" goal_id="20"/>
  <agent start_id="140" goal_id="68"/>
  <agent start_id="183" goal_id="41"/>
  <agent start_id="150" goal_id="48"/>
  <agent start_id="136" goal_id="15"/>
  <agent start_id="199" goal_id="116"/>
  <agent start_id="139" goal_id="177"/>
  <agent start_id="188" goal_id="30"/>
  <agent start_id="190" goal_id="72"/>
</root>
