<?xml version="1.0" ?>
<root>
  <agent start_id="24" goal_id="104"/>
  <agent start_id="173" goal_id="10"/>
  <agent start_id="99" goal_id="179"/>
  <agent start_id="135" goal_id="79"/>
  <agent start_id="125" goal_id="14"/>
  <agent start_id="185" goal_id="173"/>
  <agent start_id="54" goal_id="11"/>
  <agent start_id="180" goal_id="156"/>
  <agent start_id="96" goal_id="151"/>
  <agent start_id="119" goal_id="1"/>
  <agent start_id="28" goal_id="0"/>
  <agent start_id="150" goal_id="189"/>
  <agent start_id="78" goal_id="197"/>
  <agent start_id="195" goal_id="4"/>
  <agent start_id="89" goal_id="162"/>
  <agent start_id="31" goal_id="124"/>
  <agent start_id="188" goal_id="174"/>
  <agent start_id="122" goal_id="38"/>
  <agent start_id="18" goal_id="152"/>
  <agent start_id="114" goal_id="88"/>
  <agent start_id="38" goal_id="87"/>
  <agent start_id="84" goal_id="187"/>
  <agent start_id="132" goal_id="9"/>
  <agent start_id="48" goal_id="147"/>
  <agent start_id="26" goal_id="170"/>
  <agent start_id="14" goal_id="183"/>
  <agent start_id="10" goal_id="41"/>
  <agent start_id="56" goal_id="134"/>
  <agent start_id="120" goal_id="112"/>
  <agent start_id="76" goal_id="76"/>
  <agent start_id="81" goal_id="46"/>
  <agent start_id="192" goal_id="108"/>
  <agent start_id="49" goal_id="63"/>
  <agent start_id="87" goal_id="111"/>
  <agent start_id="101" goal_id="82"/>
  <agent start_id="91" goal_id="137"/>
  <agent start_id="11" goal_id="23"/>
  <agent start_id="7" goal_id="5"/>
  <agent start_id="137" goal_id="61"/>
  <agent start_id="198" goal_id="198"/>
  <agent start_id="106" goal_id="142"/>
  <agent start_id="94" goal_id="3"/>
  <agent start_id="64" goal_id="27"/>
  <agent start_id="71" goal_id="117"/>
  <agent start_id="17" goal_id="19"/>
  <agent start_id="35" goal_id="86"/>
  <agent start_id="57" goal_id="154"/>
  <agent start_id="12" goal_id="49"/>
  <agent start_id="52" goal_id="116"/>
  <agent start_id="46" goal_id="181"/>
</root>
