<?xml version="1.0" ?>
<root>
  <agent start_id="76" goal_id="153"/>
  <agent start_id="61" goal_id="150"/>
  <agent start_id="134" goal_id="96"/>
  <agent start_id="4" goal_id="128"/>
  <agent start_id="72" goal_id="52"/>
  <agent start_id="88" goal_id="103"/>
  <agent start_id="81" goal_id="159"/>
  <agent start_id="80" goal_id="82"/>
  <agent start_id="161" goal_id="2"/>
  <agent start_id="62" goal_id="99"/>
  <agent start_id="69" goal_id="196"/>
  <agent start_id="172" goal_id="155"/>
  <agent start_id="193" goal_id="14"/>
  <agent start_id="165" goal_id="173"/>
  <agent start_id="123" goal_id="81"/>
  <agent start_id="109" goal_id="75"/>
  <agent start_id="50" goal_id="77"/>
  <agent start_id="100" goal_id="108"/>
  <agent start_id="64" goal_id="114"/>
  <agent start_id="141" goal_id="64"/>
  <agent start_id="111" goal_id="178"/>
  <agent start_id="139" goal_id="106"/>
  <agent start_id="154" goal_id="18"/>
  <agent start_id="40" goal_id="45"/>
  <agent start_id="169" goal_id="125"/>
  <agent start_id="79" goal_id="156"/>
  <agent start_id="9" goal_id="8"/>
  <agent start_id="137" goal_id="101"/>
  <agent start_id="66" goal_id="26"/>
  <agent start_id="23" goal_id="58"/>
  <agent start_id="115" goal_id="49"/>
  <agent start_id="162" goal_id="170"/>
  <agent start_id="194" goal_id="69"/>
  <agent start_id="125" goal_id="27"/>
  <agent start_id="16" goal_id="140"/>
  <agent start_id="2" goal_id="20"/>
  <agent start_id="43" goal_id="94"/>
  <agent start_id="177" goal_id="151"/>
  <agent start_id="75" goal_id="122"/>
  <agent start_id="196" goal_id="19"/>
  <agent start_id="198" goal_id="147"/>
  <agent start_id="131" goal_id="70"/>
  <agent start_id="183" goal_id="165"/>
  <agent start_id="74" goal_id="46"/>
  <agent start_id="12" goal_id="92"/>
  <agent start_id="38" goal_id="124"/>
  <agent start_id="159" goal_id="191"/>
  <agent start_id="104" goal_id="186"/>
  <agent start_id="187" goal_id="190"/>
  <agent start_id="199" goal_id="139"/>
</root>
