<?xml version="1.0" ?>
<root>
  <agent start_id="30" goal_id="98"/>
  <agent start_id="14" goal_id="94"/>
  <agent start_id="57" goal_id="194"/>
  <agent start_id="193" goal_id="172"/>
  <agent start_id="159" goal_id="4"/>
  <agent start_id="99" goal_id="57"/>
  <agent start_id="20" goal_id="97"/>
  <agent start_id="2" goal_id="195"/>
  <agent start_id="140" goal_id="88"/>
  <agent start_id="70" goal_id="145"/>
  <agent start_id="149" goal_id="151"/>
  <agent start_id="18" goal_id="15"/>
  <agent start_id="168" goal_id="161"/>
  <agent start_id="109" goal_id="85"/>
  <agent start_id="53" goal_id="148"/>
  <agent start_id="37" goal_id="48"/>
  <agent start_id="120" goal_id="87"/>
  <agent start_id="60" goal_id="177"/>
  <agent start_id="44" goal_id="181"/>
  <agent start_id="91" goal_id="40"/>
  <agent start_id="22" goal_id="86"/>
  <agent start_id="177" goal_id="92"/>
  <agent start_id="170" goal_id="43"/>
  <agent start_id="74" goal_id="81"/>
  <agent start_id="176" goal_id="191"/>
  <agent start_id="35" goal_id="27"/>
  <agent start_id="92" goal_id="78"/>
  <agent start_id="105" goal_id="164"/>
  <agent start_id="132" goal_id="8"/>
  <agent start_id="117" goal_id="1"/>
  <agent start_id="67" goal_id="130"/>
  <agent start_id="28" goal_id="166"/>
  <agent start_id="153" goal_id="157"/>
  <agent start_id="89" goal_id="154"/>
  <agent start_id="195" goal_id="135"/>
  <agent start_id="9" goal_id="99"/>
  <agent start_id="69" goal_id="32"/>
  <agent start_id="187" goal_id="6"/>
  <agent start_id="72" goal_id="189"/>
  <agent start_id="172" goal_id="139"/>
  <agent start_id="166" goal_id="80"/>
  <agent start_id="171" goal_id="50"/>
  <agent start_id="49" goal_id="71"/>
  <agent start_id="1" goal_id="18"/>
  <agent start_id="86" goal_id="12"/>
  <agent start_id="142" goal_id="183"/>
  <agent start_id="180" goal_id="162"/>
  <agent start_id="175" goal_id="67"/>
  <agent start_id="125" goal_id="55"/>
  <agent start_id="130" goal_id="29"/>
</root>
