<?xml version="1.0" ?>
<root>
  <agent start_id="166" goal_id="50"/>
  <agent start_id="31" goal_id="16"/>
  <agent start_id="55" goal_id="163"/>
  <agent start_id="176" goal_id="5"/>
  <agent start_id="15" goal_id="152"/>
  <agent start_id="97" goal_id="33"/>
  <agent start_id="48" goal_id="63"/>
  <agent start_id="137" goal_id="102"/>
  <agent start_id="100" goal_id="161"/>
  <agent start_id="173" goal_id="151"/>
  <agent start_id="196" goal_id="47"/>
  <agent start_id="5" goal_id="96"/>
  <agent start_id="175" goal_id="58"/>
  <agent start_id="133" goal_id="88"/>
  <agent start_id="88" goal_id="53"/>
  <agent start_id="14" goal_id="111"/>
  <agent start_id="69" goal_id="192"/>
  <agent start_id="63" goal_id="113"/>
  <agent start_id="21" goal_id="91"/>
  <agent start_id="75" goal_id="184"/>
  <agent start_id="57" goal_id="126"/>
  <agent start_id="91" goal_id="194"/>
  <agent start_id="148" goal_id="124"/>
  <agent start_id="94" goal_id="135"/>
  <agent start_id="179" goal_id="81"/>
  <agent start_id="86" goal_id="109"/>
  <agent start_id="53" goal_id="180"/>
  <agent start_id="106" goal_id="60"/>
  <agent start_id="41" goal_id="121"/>
  <agent start_id="163" goal_id="24"/>
  <agent start_id="1" goal_id="56"/>
  <agent start_id="3" goal_id="15"/>
  <agent start_id="42" goal_id="175"/>
  <agent start_id="182" goal_id="176"/>
  <agent start_id="125" goal_id="0"/>
  <agent start_id="131" goal_id="2"/>
  <agent start_id="108" goal_id="132"/>
  <agent start_id="82" goal_id="119"/>
  <agent start_id="99" goal_id="14"/>
  <agent start_id="130" goal_id="172"/>
  <agent start_id="96" goal_id="78"/>
  <agent start_id="37" goal_id="169"/>
  <agent start_id="25" goal_id="74"/>
  <agent start_id="110" goal_id="7"/>
  <agent start_id="11" goal_id="17"/>
  <agent start_id="18" goal_id="86"/>
  <agent start_id="64" goal_id="59"/>
  <agent start_id="104" goal_id="129"/>
  <agent start_id="120" goal_id="62"/>
  <agent start_id="26" goal_id="125"/>
</root>
