<?xml version="1.0" ?>
<root>
  <agent start_id="116" goal_id="55"/>
  <agent start_id="134" goal_id="118"/>
  <agent start_id="55" goal_id="85"/>
  <agent start_id="174" goal_id="143"/>
  <agent start_id="126" goal_id="101"/>
  <agent start_id="73" goal_id="139"/>
  <agent start_id="25" goal_id="150"/>
  <agent start_id="108" goal_id="8"/>
  <agent start_id="168" goal_id="137"/>
  <agent start_id="119" goal_id="79"/>
  <agent start_id="72" goal_id="128"/>
  <agent start_id="18" goal_id="174"/>
  <agent start_id="31" goal_id="12"/>
  <agent start_id="138" goal_id="66"/>
  <agent start_id="35" goal_id="154"/>
  <agent start_id="149" goal_id="135"/>
  <agent start_id="5" goal_id="140"/>
  <agent start_id="62" goal_id="4"/>
  <agent start_id="29" goal_id="177"/>
  <agent start_id="186" goal_id="180"/>
  <agent start_id="184" goal_id="97"/>
  <agent start_id="157" goal_id="162"/>
  <agent start_id="199" goal_id="80"/>
  <agent start_id="67" goal_id="147"/>
  <agent start_id="68" goal_id="141"/>
  <agent start_id="22" goal_id="35"/>
  <agent start_id="130" goal_id="47"/>
  <agent start_id="170" goal_id="28"/>
  <agent start_id="102" goal_id="45"/>
  <agent start_id="46" goal_id="116"/>
  <agent start_id="23" goal_id="33"/>
  <agent start_id="61" goal_id="5"/>
  <agent start_id="165" goal_id="18"/>
  <agent start_id="10" goal_id="88"/>
  <agent start_id="89" goal_id="82"/>
  <agent start_id="39" goal_id="190"/>
  <agent start_id="180" goal_id="172"/>
  <agent start_id="26" goal_id="58"/>
  <agent start_id="114" goal_id="127"/>
  <agent start_id="57" goal_id="132"/>
  <agent start_id="143" goal_id="120"/>
  <agent start_id="172" goal_id="189"/>
  <agent start_id="65" goal_id="20"/>
  <agent start_id="135" goal_id="39"/>
  <agent start_id="177" goal_id="112"/>
  <agent start_id="83" goal_id="1"/>
  <agent start_id="34" goal_id="17"/>
  <agent start_id="105" goal_id="105"/>
  <agent start_id="160" goal_id="133"/>
  <agent start_id="13" goal_id="184"/>
</root>
