<?xml version="1.0" ?>
<root>
  <agent start_id="84" goal_id="138"/>
  <agent start_id="187" goal_id="56"/>
  <agent start_id="199" goal_id="31"/>
  <agent start_id="16" goal_id="27"/>
  <agent start_id="123" goal_id="139"/>
  <agent start_id="46" goal_id="111"/>
  <agent start_id="41" goal_id="98"/>
  <agent start_id="115" goal_id="72"/>
  <agent start_id="134" goal_id="10"/>
  <agent start_id="142" goal_id="186"/>
  <agent start_id="111" goal_id="57"/>
  <agent start_id="192" goal_id="162"/>
  <agent start_id="149" goal_id="18"/>
  <agent start_id="52" goal_id="185"/>
  <agent start_id="132" goal_id="16"/>
  <agent start_id="155" goal_id="142"/>
  <agent start_id="190" goal_id="89"/>
  <agent start_id="176" goal_id="173"/>
  <agent start_id="102" goal_id="106"/>
  <agent start_id="180" goal_id="73"/>
  <agent start_id="179" goal_id="75"/>
  <agent start_id="152" goal_id="155"/>
  <agent start_id="98" goal_id="84"/>
  <agent start_id="99" goal_id="182"/>
  <agent start_id="185" goal_id="141"/>
  <agent start_id="89" goal_id="171"/>
  <agent start_id="14" goal_id="85"/>
  <agent start_id="124" goal_id="39"/>
  <agent start_id="121" goal_id="174"/>
  <agent start_id="20" goal_id="69"/>
  <agent start_id="127" goal_id="11"/>
  <agent start_id="33" goal_id="25"/>
  <agent start_id="189" goal_id="168"/>
  <agent start_id="28" goal_id="15"/>
  <agent start_id="3" goal_id="115"/>
  <agent start_id="71" goal_id="66"/>
  <agent start_id="159" goal_id="164"/>
  <agent start_id="40" goal_id="128"/>
  <agent start_id="39" goal_id="112"/>
  <agent start_id="181" goal_id="24"/>
  <agent start_id="109" goal_id="49"/>
  <agent start_id="59" goal_id="4"/>
  <agent start_id="77" goal_id="103"/>
  <agent start_id="1" goal_id="1"/>
  <agent start_id="75" goal_id="79"/>
  <agent start_id="164" goal_id="97"/>
  <agent start_id="78" goal_id="32"/>
  <agent start_id="112" goal_id="87"/>
  <agent start_id="94" goal_id="17"/>
  <agent start_id="158" goal_id="133"/>
</root>
