<?xml version="1.0" ?>
<root>
  <agent start_id="74" goal_id="114"/>
  <agent start_id="80" goal_id="60"/>
  <agent start_id="115" goal_id="7"/>
  <agent start_id="134" goal_id="187"/>
  <agent start_id="118" goal_id="16"/>
  <agent start_id="92" goal_id="174"/>
  <agent start_id="11" goal_id="97"/>
  <agent start_id="63" goal_id="42"/>
  <agent start_id="103" goal_id="162"/>
  <agent start_id="79" goal_id="157"/>
  <agent start_id="178" goal_id="87"/>
  <agent start_id="1" goal_id="39"/>
  <agent start_id="120" goal_id="146"/>
  <agent start_id="157" goal_id="149"/>
  <agent start_id="45" goal_id="184"/>
  <agent start_id="170" goal_id="74"/>
  <agent start_id="30" goal_id="165"/>
  <agent start_id="145" goal_id="0"/>
  <agent start_id="105" goal_id="89"/>
  <agent start_id="87" goal_id="151"/>
  <agent start_id="167" goal_id="58"/>
  <agent start_id="86" goal_id="75"/>
  <agent start_id="173" goal_id="68"/>
  <agent start_id="62" goal_id="147"/>
  <agent start_id="13" goal_id="29"/>
  <agent start_id="3" goal_id="44"/>
  <agent start_id="129" goal_id="118"/>
  <agent start_id="174" goal_id="107"/>
  <agent start_id="68" goal_id="144"/>
  <agent start_id="141" goal_id="155"/>
  <agent start_id="24" goal_id="199"/>
  <agent start_id="139" goal_id="50"/>
  <agent start_id="104" goal_id="102"/>
  <agent start_id="188" goal_id="183"/>
  <agent start_id="189" goal_id="90"/>
  <agent start_id="185" goal_id="185"/>
  <agent start_id="156" goal_id="101"/>
  <agent start_id="18" goal_id="177"/>
  <agent start_id="158" goal_id="32"/>
  <agent start_id="97" goal_id="33"/>
  <agent start_id="95" goal_id="141"/>
  <agent start_id="34" goal_id="139"/>
  <agent start_id="121" goal_id="79"/>
  <agent start_id="21" goal_id="1"/>
  <agent start_id="71" goal_id="10"/>
  <agent start_id="199" goal_id="28"/>
  <agent start_id="26" goal_id="190"/>
  <agent start_id="88" goal_id="127"/>
  <agent start_id="85" goal_id="197"/>
  <agent start_id="58" goal_id="158"/>
</root>
