<?xml version="1.0" ?>
<root>
  <agent start_id="156" goal_id="94"/>
  <agent start_id="138" goal_id="54"/>
  <agent start_id="72" goal_id="100"/>
  <agent start_id="165" goal_id="56"/>
  <agent start_id="188" goal_id="178"/>
  <agent start_id="88" goal_id="13"/>
  <agent start_id="73" goal_id="40"/>
  <agent start_id="57" goal_id="7"/>
  <agent start_id="27" goal_id="150"/>
  <agent start_id="145" goal_id="181"/>
  <agent start_id="162" goal_id="197"/>
  <agent start_id="196" goal_id="109"/>
  <agent start_id="13" goal_id="160"/>
  <agent start_id="80" goal_id="175"/>
  <agent start_id="7" goal_id="129"/>
  <agent start_id="32" goal_id="133"/>
  <agent start_id="77" goal_id="9"/>
  <agent start_id="48" goal_id="110"/>
  <agent start_id="87" goal_id="172"/>
  <agent start_id="63" goal_id="116"/>
  <agent start_id="81" goal_id="46"/>
  <agent start_id="79" goal_id="5"/>
  <agent start_id="59" goal_id="79"/>
  <agent start_id="127" goal_id="50"/>
  <agent start_id="111" goal_id="101"/>
  <agent start_id="71" goal_id="75"/>
  <agent start_id="67" goal_id="8"/>
  <agent start_id="33" goal_id="199"/>
  <agent start_id="0" goal_id="130"/>
  <agent start_id="62" goal_id="81"/>
  <agent start_id="148" goal_id="49"/>
  <agent start_id="135" goal_id="96"/>
  <agent start_id="154" goal_id="62"/>
  <agent start_id="146" goal_id="171"/>
  <agent start_id="24" goal_id="11"/>
  <agent start_id="38" goal_id="194"/>
  <agent start_id="40" goal_id="193"/>
  <agent start_id="159" goal_id="183"/>
  <agent start_id="116" goal_id="59"/>
  <agent start_id="147" goal_id="2"/>
  <agent start_id="43" goal_id="119"/>
  <agent start_id="176" goal_id="20"/>
  <agent start_id="50" goal_id="58"/>
  <agent start_id="181" goal_id="27"/>
  <agent start_id="5" goal_id="86"/>
  <agent start_id="177" goal_id="112"/>
  <agent start_id="164" goal_id="135"/>
  <agent start_id="26" goal_id="70"/>
  <agent start_id="4" goal_id="132"/>
  <agent start_id="143" goal_id="126"/>
</root>
