<?xml version="1.0" ?>
<root>
  <agent start_id="92" goal_id="92"/>
  <agent start_id="84" goal_id="167"/>
  <agent start_id="161" goal_id="7"/>
  <agent start_id="186" goal_id="107"/>
  <agent start_id="39" goal_id="5"/>
  <agent start_id="112" goal_id="119"/>
  <agent start_id="71" goal_id="127"/>
  <agent start_id="77" goal_id="147"/>
  <agent start_id="134" goal_id="34"/>
  <agent start_id="105" goal_id="60"/>
  <agent start_id="28" goal_id="67"/>
  <agent start_id="87" goal_id="117"/>
  <agent start_id="1" goal_id="100"/>
  <agent start_id="46" goal_id="146"/>
  <agent start_id="42" goal_id="91"/>
  <agent start_id="17" goal_id="53"/>
  <agent start_id="81" goal_id="104"/>
  <agent start_id="12" goal_id="143"/>
  <agent start_id="58" goal_id="108"/>
  <agent start_id="44" goal_id="36"/>
  <agent start_id="184" goal_id="181"/>
  <agent start_id="60" goal_id="157"/>
  <agent start_id="95" goal_id="184"/>
  <agent start_id="148" goal_id="30"/>
  <agent start_id="185" goal_id="26"/>
  <agent start_id="15" goal_id="57"/>
  <agent start_id="125" goal_id="71"/>
  <agent start_id="173" goal_id="133"/>
  <agent start_id="66" goal_id="28"/>
  <agent start_id="103" goal_id="106"/>
  <agent start_id="50" goal_id="78"/>
  <agent start_id="176" goal_id="177"/>
  <agent start_id="96" goal_id="65"/>
  <agent start_id="56" goal_id="161"/>
  <agent start_id="110" goal_id="13"/>
  <agent start_id="6" goal_id="191"/>
  <agent start_id="102" goal_id="94"/>
  <agent start_id="47" goal_id="197"/>
  <agent start_id="104" goal_id="166"/>
  <agent start_id="11" goal_id="101"/>
  <agent start_id="174" goal_id="102"/>
  <agent start_id="91" goal_id="183"/>
  <agent start_id="190" goal_id="163"/>
  <agent start_id="142" goal_id="171"/>
  <agent start_id="68" goal_id="125"/>
  <agent start_id="30" goal_id="50"/>
  <agent start_id="130" goal_id="56"/>
  <agent start_id="179" goal_id="111"/>
  <agent start_id="36" goal_id="158"/>
  <agent start_id="147" goal_id="96"/>
</root>
