<?xml version="1.0" ?>
<root>
  <agent start_id="36" goal_id="52"/>
  <agent start_id="88" goal_id="190"/>
  <agent start_id="72" goal_id="21"/>
  <agent start_id="78" goal_id="84"/>
  <agent start_id="147" goal_id="107"/>
  <agent start_id="143" goal_id="109"/>
  <agent start_id="62" goal_id="136"/>
  <agent start_id="154" goal_id="18"/>
  <agent start_id="159" goal_id="130"/>
  <agent start_id="195" goal_id="86"/>
  <agent start_id="184" goal_id="160"/>
  <agent start_id="95" goal_id="182"/>
  <agent start_id="185" goal_id="91"/>
  <agent start_id="92" goal_id="142"/>
  <agent start_id="91" goal_id="99"/>
  <agent start_id="127" goal_id="27"/>
  <agent start_id="101" goal_id="16"/>
  <agent start_id="34" goal_id="117"/>
  <agent start_id="111" goal_id="39"/>
  <agent start_id="198" goal_id="146"/>
  <agent start_id="74" goal_id="167"/>
  <agent start_id="53" goal_id="61"/>
  <agent start_id="11" goal_id="49"/>
  <agent start_id="29" goal_id="184"/>
  <agent start_id="58" goal_id="110"/>
  <agent start_id="10" goal_id="74"/>
  <agent start_id="181" goal_id="131"/>
  <agent start_id="27" goal_id="35"/>
  <agent start_id="8" goal_id="40"/>
  <agent start_id="116" goal_id="48"/>
  <agent start_id="169" goal_id="38"/>
  <agent start_id="196" goal_id="22"/>
  <agent start_id="21" goal_id="19"/>
  <agent start_id="44" goal_id="96"/>
  <agent start_id="152" goal_id="25"/>
  <agent start_id="45" goal_id="62"/>
  <agent start_id="161" goal_id="188"/>
  <agent start_id="114" goal_id="28"/>
  <agent start_id="46" goal_id="87"/>
  <agent start_id="118" goal_id="175"/>
  <agent start_id="65" goal_id="72"/>
  <agent start_id="194" goal_id="102"/>
  <agent start_id="112" goal_id="47"/>
  <agent start_id="32" goal_id="164"/>
  <agent start_id="55" goal_id="36"/>
  <agent start_id="48" goal_id="88"/>
  <agent start_id="120" goal_id="141"/>
  <agent start_id="104" goal_id="54"/>
  <agent start_id="77" goal_id="139"/>
  <agent start_id="12" goal_id="124"/>
</root>
