<?xml version="1.0" ?>
<root>
  <agent start_id="93" goal_id="171"/>
  <agent start_id="111" goal_id="62"/>
  <agent start_id="11" goal_id="73"/>
  <agent start_id="0" goal_id="118"/>
  <agent start_id="8" goal_id="81"/>
  <agent start_id="156" goal_id="197"/>
  <agent start_id="173" goal_id="189"/>
  <agent start_id="86" goal_id="97"/>
  <agent start_id="26" goal_id="60"/>
  <agent start_id="158" goal_id="52"/>
  <agent start_id="73" goal_id="1"/>
  <agent start_id="40" goal_id="125"/>
  <agent start_id="75" goal_id="195"/>
  <agent start_id="37" goal_id="40"/>
  <agent start_id="80" goal_id="14"/>
  <agent start_id="143" goal_id="183"/>
  <agent start_id="126" goal_id="187"/>
  <agent start_id="46" goal_id="49"/>
  <agent start_id="177" goal_id="104"/>
  <agent start_id="13" goal_id="66"/>
  <agent start_id="150" goal_id="124"/>
  <agent start_id="53" goal_id="161"/>
  <agent start_id="1" goal_id="46"/>
  <agent start_id="59" goal_id="33"/>
  <agent start_id="180" goal_id="176"/>
  <agent start_id="92" goal_id="7"/>
  <agent start_id="190" goal_id="145"/>
  <agent start_id="198" goal_id="20"/>
  <agent start_id="61" goal_id="99"/>
  <agent start_id="25" goal_id="106"/>
  <agent start_id="141" goal_id="108"/>
  <agent start_id="52" goal_id="55"/>
  <agent start_id="54" goal_id="74"/>
  <agent start_id="129" goal_id="16"/>
  <agent start_id="56" goal_id="70"/>
  <agent start_id="32" goal_id="196"/>
  <agent start_id="145" goal_id="156"/>
  <agent start_id="188" goal_id="35"/>
  <agent start_id="4" goal_id="37"/>
  <agent start_id="109" goal_id="179"/>
  <agent start_id="98" goal_id="140"/>
  <agent start_id="65" goal_id="80"/>
  <agent start_id="199" goal_id="19"/>
  <agent start_id="14" goal_id="114"/>
  <agent start_id="119" goal_id="168"/>
  <agent start_id="42" goal_id="116"/>
  <agent start_id="117" goal_id="163"/>
  <agent start_id="166" goal_id="13"/>
  <agent start_id="160" goal_id="165"/>
  <agent start_id="116" goal_id="182"/>
</root>
