<?xml version="1.0" ?>
<root>
  <agent start_id="134" goal_id="155"/>
  <agent start_id="113" goal_id="58"/>
  <agent start_id="177" goal_id="173"/>
  <agent start_id="117" goal_id="119"/>
  <agent start_id="196" goal_id="71"/>
  <agent start_id="67" goal_id="122"/>
  <agent start_id="69" goal_id="187"/>
  <agent start_id="87" goal_id="182"/>
  <agent start_id="179" goal_id="128"/>
  <agent start_id="186" goal_id="189"/>
  <agent start_id="182" goal_id="165"/>
  <agent start_id="94" goal_id="196"/>
  <agent start_id="139" goal_id="149"/>
  <agent start_id="100" goal_id="108"/>
  <agent start_id="183" goal_id="87"/>
  <agent start_id="114" goal_id="160"/>
  <agent start_id="148" goal_id="89"/>
  <agent start_id="33" goal_id="178"/>
  <agent start_id="149" goal_id="191"/>
  <agent start_id="143" goal_id="53"/>
  <agent start_id="98" goal_id="86"/>
  <agent start_id="51" goal_id="147"/>
  <agent start_id="126" goal_id="76"/>
  <agent start_id="26" goal_id="137"/>
  <agent start_id="91" goal_id="26"/>
  <agent start_id="55" goal_id="49"/>
  <agent start_id="44" goal_id="192"/>
  <agent start_id="170" goal_id="78"/>
  <agent start_id="5" goal_id="136"/>
  <agent start_id="46" goal_id="6"/>
  <agent start_id="131" goal_id="23"/>
  <agent start_id="40" goal_id="163"/>
  <agent start_id="119" goal_id="186"/>
  <agent start_id="75" goal_id="115"/>
  <agent start_id="95" goal_id="28"/>
  <agent start_id="74" goal_id="180"/>
  <agent start_id="72" goal_id="110"/>
  <agent start_id="8" goal_id="69"/>
  <agent start_id="185" goal_id="133"/>
  <agent start_id="56" goal_id="22"/>
  <agent start_id="15" goal_id="2"/>
  <agent start_id="96" goal_id="9"/>
  <agent start_id="178" goal_id="139"/>
  <agent start_id="38" goal_id="35"/>
  <agent start_id="154" goal_id="148"/>
  <agent start_id="11" goal_id="84"/>
  <agent start_id="193" goal_id="113"/>
  <agent start_id="92" goal_id="159"/>
  <agent start_id="120" goal_id="92"/>
  <agent start_id="45" goal_id="198"/>
</root>
