<?xml version="1.0" ?>
<root>
  <agent start_id="19" goal_id="191"/>
  <agent start_id="162" goal_id="66"/>
  <agent start_id="141" goal_id="196"/>
  <agent start_id="184" goal_id="16"/>
  <agent start_id="3" goal_id="57"/>
  <agent start_id="108" goal_id="167"/>
  <agent start_id="104" goal_id="116"/>
  <agent start_id="0" goal_id="39"/>
  <agent start_id="59" goal_id="61"/>
  <agent start_id="150" goal_id="42"/>
  <agent start_id="195" goal_id="150"/>
  <agent start_id="132" goal_id="195"/>
  <agent start_id="34" goal_id="193"/>
  <agent start_id="134" goal_id="91"/>
  <agent start_id="191" goal_id="119"/>
  <agent start_id="193" goal_id="142"/>
  <agent start_id="57" goal_id="41"/>
  <agent start_id="187" goal_id="192"/>
  <agent start_id="4" goal_id="199"/>
  <agent start_id="138" goal_id="85"/>
  <agent start_id="32" goal_id="76"/>
  <agent start_id="77" goal_id="198"/>
  <agent start_id="148" goal_id="99"/>
  <agent start_id="120" goal_id="152"/>
  <agent start_id="196" goal_id="106"/>
  <agent start_id="61" goal_id="15"/>
  <agent start_id="79" goal_id="168"/>
  <agent start_id="119" goal_id="48"/>
  <agent start_id="160" goal_id="108"/>
  <agent start_id="70" goal_id="82"/>
  <agent start_id="175" goal_id="2"/>
  <agent start_id="117" goal_id="101"/>
  <agent start_id="145" goal_id="56"/>
  <agent start_id="179" goal_id="133"/>
  <agent start_id="96" goal_id="166"/>
  <agent start_id="173" goal_id="31"/>
  <agent start_id="18" goal_id="46"/>
  <agent start_id="144" goal_id="140"/>
  <agent start_id="8" goal_id="188"/>
  <agent start_id="168" goal_id="156"/>
  <agent start_id="62" goal_id="184"/>
  <agent start_id="125" goal_id="123"/>
  <agent start_id="64" goal_id="100"/>
  <agent start_id="84" goal_id="18"/>
  <agent start_id="111" goal_id="126"/>
  <agent start_id="63" goal_id="49"/>
  <agent start_id="142" goal_id="52"/>
  <agent start_id="121" goal_id="92"/>
  <agent start_id="100" goal_id="107"/>
  <agent start_id="27" goal_id="4"/>
</root>
