<?xml version="1.0" ?>
<root>
  <agent start_id="194" goal_id="66"/>
  <agent start_id="4" goal_id="132"/>
  <agent start_id="69" goal_id="108"/>
  <agent start_id="114" goal_id="110"/>
  <agent start_id="46" goal_id="6"/>
  <agent start_id="60" goal_id="70"/>
  <agent start_id="77" goal_id="102"/>
  <agent start_id="104" goal_id="193"/>
  <agent start_id="32" goal_id="107"/>
  <agent start_id="140" goal_id="157"/>
  <agent start_id="173" goal_id="104"/>
  <agent start_id="41" goal_id="126"/>
  <agent start_id="75" goal_id="175"/>
  <agent start_id="127" goal_id="149"/>
  <agent start_id="190" goal_id="106"/>
  <agent start_id="53" goal_id="22"/>
  <agent start_id="188" goal_id="154"/>
  <agent start_id="12" goal_id="190"/>
  <agent start_id="130" goal_id="134"/>
  <agent start_id="45" goal_id="162"/>
  <agent start_id="168" goal_id="64"/>
  <agent start_id="111" goal_id="56"/>
  <agent start_id="28" goal_id="153"/>
  <agent start_id="8" goal_id="138"/>
  <agent start_id="18" goal_id="141"/>
  <agent start_id="156" goal_id="0"/>
  <agent start_id="151" goal_id="115"/>
  <agent start_id="29" goal_id="136"/>
  <agent start_id="15" goal_id="91"/>
  <agent start_id="10" goal_id="58"/>
  <agent start_id="193" goal_id="117"/>
  <agent start_id="106" goal_id="71"/>
  <agent start_id="196" goal_id="144"/>
  <agent start_id="100" goal_id="17"/>
  <agent start_id="101" goal_id="15"/>
  <agent start_id="98" goal_id="96"/>
  <agent start_id="33" goal_id="39"/>
  <agent start_id="78" goal_id="98"/>
  <agent start_id="153" goal_id="142"/>
  <agent start_id="20" goal_id="120"/>
  <agent start_id="195" goal_id="95"/>
  <agent start_id="84" goal_id="121"/>
  <agent start_id="1" goal_id="37"/>
  <agent start_id="119" goal_id="145"/>
  <agent start_id="113" goal_id="18"/>
  <agent start_id="126" goal_id="9"/>
  <agent start_id="166" goal_id="169"/>
  <agent start_id="92" goal_id="41"/>
  <agent start_id="90" goal_id="84"/>
  <agent start_id="124" goal_id="168"/>
</root>
