<?xml version="1.0" ?>
<root>
  <agent start_id="135" goal_id="189"/>
  <agent start_id="2" goal_id="53"/>
  <agent start_id="115" goal_id="116"/>
  <agent start_id="47" goal_id="156"/>
  <agent start_id="45" goal_id="190"/>
  <agent start_id="125" goal_id="120"/>
  <agent start_id="62" goal_id="33"/>
  <agent start_id="107" goal_id="167"/>
  <agent start_id="168" goal_id="129"/>
  <agent start_id="56" goal_id="66"/>
  <agent start_id="4" goal_id="94"/>
  <agent start_id="87" goal_id="153"/>
  <agent start_id="175" goal_id="144"/>
  <agent start_id="141" goal_id="134"/>
  <agent start_id="93" goal_id="83"/>
  <agent start_id="61" goal_id="105"/>
  <agent start_id="101" goal_id="177"/>
  <agent start_id="12" goal_id="112"/>
  <agent start_id="185" goal_id="43"/>
  <agent start_id="57" goal_id="72"/>
  <agent start_id="178" goal_id="196"/>
  <agent start_id="80" goal_id="17"/>
  <agent start_id="25" goal_id="175"/>
  <agent start_id="50" goal_id="40"/>
  <agent start_id="3" goal_id="51"/>
  <agent start_id="74" goal_id="118"/>
  <agent start_id="127" goal_id="115"/>
  <agent start_id="165" goal_id="49"/>
  <agent start_id="29" goal_id="160"/>
  <agent start_id="179" goal_id="27"/>
  <agent start_id="95" goal_id="127"/>
  <agent start_id="189" goal_id="30"/>
  <agent start_id="124" goal_id="56"/>
  <agent start_id="195" goal_id="89"/>
  <agent start_id="24" goal_id="90"/>
  <agent start_id="110" goal_id="108"/>
  <agent start_id="181" goal_id="164"/>
  <agent start_id="37" goal_id="136"/>
  <agent start_id="21" goal_id="122"/>
  <agent start_id="130" goal_id="45"/>
  <agent start_id="132" goal_id="55"/>
  <agent start_id="163" goal_id="16"/>
  <agent start_id="105" goal_id="101"/>
  <agent start_id="108" goal_id="95"/>
  <agent start_id="120" goal_id="44"/>
  <agent start_id="0" goal_id="194"/>
  <agent start_id="8" goal_id="18"/>
  <agent start_id="69" goal_id="76"/>
  <agent start_id="139" goal_id="168"/>
  <agent start_id="38" goal_id="193"/>
</root>
