<?xml version="1.0" ?>
<root>
  <agent start_id="141" goal_id="87"/>
  <agent start_id="198" goal_id="22"/>
  <agent start_id="74" goal_id="20"/>
  <agent start_id="186" goal_id="126"/>
  <agent start_id="183" goal_id="198"/>
  <agent start_id="45" goal_id="153"/>
  <agent start_id="12" goal_id="66"/>
  <agent start_id="28" goal_id="27"/>
  <agent start_id="84" goal_id="179"/>
  <agent start_id="156" goal_id="32"/>
  <agent start_id="158" goal_id="84"/>
  <agent start_id="75" goal_id="25"/>
  <agent start_id="3" goal_id="81"/>
  <agent start_id="20" goal_id="144"/>
  <agent start_id="118" goal_id="118"/>
  <agent start_id="6" goal_id="11"/>
  <agent start_id="49" goal_id="114"/>
  <agent start_id="116" goal_id="17"/>
  <agent start_id="181" goal_id="78"/>
  <agent start_id="168" goal_id="195"/>
  <agent start_id="92" goal_id="148"/>
  <agent start_id="188" goal_id="182"/>
  <agent start_id="146" goal_id="45"/>
  <agent start_id="191" goal_id="111"/>
  <agent start_id="105" goal_id="19"/>
  <agent start_id="62" goal_id="13"/>
  <agent start_id="46" goal_id="80"/>
  <agent start_id="103" goal_id="34"/>
  <agent start_id="129" goal_id="116"/>
  <agent start_id="55" goal_id="69"/>
  <agent start_id="29" goal_id="166"/>
  <agent start_id="58" goal_id="55"/>
  <agent start_id="25" goal_id="97"/>
  <agent start_id="97" goal_id="31"/>
  <agent start_id="19" goal_id="176"/>
  <agent start_id="194" goal_id="130"/>
  <agent start_id="167" goal_id="156"/>
  <agent start_id="27" goal_id="193"/>
  <agent start_id="34" goal_id="2"/>
  <agent start_id="82" goal_id="24"/>
  <agent start_id="56" goal_id="38"/>
  <agent start_id="121" goal_id="73"/>
  <agent start_id="176" goal_id="141"/>
  <agent start_id="71" goal_id="94"/>
  <agent start_id="109" goal_id="52"/>
  <agent start_id="153" goal_id="157"/>
  <agent start_id="69" goal_id="168"/>
  <agent start_id="9" goal_id="194"/>
  <agent start_id="159" goal_id="107"/>
  <agent start_id="132" goal_id="170"/>
</root>
