<?xml version="1.0" ?>
<root>
  <agent start_id="155" goal_id="126"/>
  <agent start_id="84" goal_id="101"/>
  <agent start_id="25" goal_id="35"/>
  <agent start_id="23" goal_id="182"/>
  <agent start_id="67" goal_id="128"/>
  <agent start_id="51" goal_id="125"/>
  <agent start_id="144" goal_id="115"/>
  <agent start_id="80" goal_id="138"/>
  <agent start_id="43" goal_id="135"/>
  <agent start_id="8" goal_id="32"/>
  <agent start_id="100" goal_id="137"/>
  <agent start_id="18" goal_id="124"/>
  <agent start_id="12" goal_id="48"/>
  <agent start_id="139" goal_id="57"/>
  <agent start_id="137" goal_id="196"/>
  <agent start_id="1" goal_id="103"/>
  <agent start_id="74" goal_id="99"/>
  <agent start_id="40" goal_id="110"/>
  <agent start_id="163" goal_id="86"/>
  <agent start_id="47" goal_id="63"/>
  <agent start_id="108" goal_id="183"/>
  <agent start_id="150" goal_id="33"/>
  <agent start_id="60" goal_id="151"/>
  <agent start_id="29" goal_id="65"/>
  <agent start_id="91" goal_id="69"/>
  <agent start_id="30" goal_id="37"/>
  <agent start_id="77" goal_id="142"/>
  <agent start_id="102" goal_id="53"/>
  <agent start_id="81" goal_id="159"/>
  <agent start_id="68" goal_id="100"/>
  <agent start_id="161" goal_id="114"/>
  <agent start_id="110" goal_id="108"/>
  <agent start_id="39" goal_id="44"/>
  <agent start_id="175" goal_id="34"/>
  <agent start_id="156" goal_id="19"/>
  <agent start_id="188" goal_id="41"/>
  <agent start_id="49" goal_id="26"/>
  <agent start_id="45" goal_id="20"/>
  <agent start_id="70" goal_id="174"/>
  <agent start_id="129" goal_id="29"/>
  <agent start_id="98" goal_id="22"/>
  <agent start_id="185" goal_id="158"/>
  <agent start_id="107" goal_id="62"/>
  <agent start_id="35" goal_id="178"/>
  <agent start_id="191" goal_id="117"/>
  <agent start_id="72" goal_id="95"/>
  <agent start_id="34" goal_id="187"/>
  <agent start_id="105" goal_id="75"/>
  <agent start_id="131" goal_id="31"/>
  <agent start_id="16" goal_id="192"/>
</root>
