<?xml version="1.0" ?>
<root>
  <agent start_id="111" goal_id="87"/>
  <agent start_id="181" goal_id="175"/>
  <agent start_id="195" goal_id="140"/>
  <agent start_id="42" goal_id="119"/>
  <agent start_id="165" goal_id="79"/>
  <agent start_id="139" goal_id="98"/>
  <agent start_id="54" goal_id="3"/>
  <agent start_id="93" goal_id="118"/>
  <agent start_id="187" goal_id="120"/>
  <agent start_id="49" goal_id="191"/>
  <agent start_id="56" goal_id="45"/>
  <agent start_id="26" goal_id="36"/>
  <agent start_id="67" goal_id="165"/>
  <agent start_id="153" goal_id="113"/>
  <agent start_id="51" goal_id="101"/>
  <agent start_id="14" goal_id="152"/>
  <agent start_id="126" goal_id="104"/>
  <agent start_id="72" goal_id="154"/>
  <agent start_id="69" goal_id="143"/>
  <agent start_id="21" goal_id="38"/>
  <agent start_id="176" goal_id="177"/>
  <agent start_id="44" goal_id="66"/>
  <agent start_id="190" goal_id="109"/>
  <agent start_id="192" goal_id="52"/>
  <agent start_id="28" goal_id="67"/>
  <agent start_id="29" goal_id="41"/>
  <agent start_id="174" goal_id="46"/>
  <agent start_id="13" goal_id="105"/>
  <agent start_id="88" goal_id="170"/>
  <agent start_id="83" goal_id="9"/>
  <agent start_id="20" goal_id="157"/>
  <agent start_id="87" goal_id="1"/>
  <agent start_id="10" goal_id="49"/>
  <agent start_id="145" goal_id="35"/>
  <agent start_id="4" goal_id="121"/>
  <agent start_id="124" goal_id="198"/>
  <agent start_id="122" goal_id="33"/>
  <agent start_id="159" goal_id="23"/>
  <agent start_id="85" goal_id="150"/>
  <agent start_id="146" goal_id="5"/>
  <agent start_id="129" goal_id="34"/>
  <agent start_id="80" goal_id="56"/>
  <agent start_id="144" goal_id="182"/>
  <agent start_id="189" goal_id="22"/>
  <agent start_id="155" goal_id="147"/>
  <agent start_id="16" goal_id="189"/>
  <agent start_id="11" goal_id="122"/>
  <agent start_id="110" goal_id="151"/>
  <agent start_id="2" goal_id="161"/>
  <agent start_id="30" goal_id="185"/>
</root>
