<?xml version="1.0" ?>
<root>
  <agent start_id="176" goal_id="129"/>
  <agent start_id="18" goal_id="53"/>
  <agent start_id="108" goal_id="188"/>
  <agent start_id="151" goal_id="75"/>
  <agent start_id="164" goal_id="160"/>
  <agent start_id="105" goal_id="144"/>
  <agent start_id="119" goal_id="190"/>
  <agent start_id="5" goal_id="9"/>
  <agent start_id="41" goal_id="175"/>
  <agent start_id="193" goal_id="149"/>
  <agent start_id="113" goal_id="104"/>
  <agent start_id="199" goal_id="57"/>
  <agent start_id="183" goal_id="121"/>
  <agent start_id="59" goal_id="8"/>
  <agent start_id="54" goal_id="73"/>
  <agent start_id="77" goal_id="63"/>
  <agent start_id="132" goal_id="196"/>
  <agent start_id="147" goal_id="112"/>
  <agent start_id="38" goal_id="0"/>
  <agent start_id="26" goal_id="45"/>
  <agent start_id="17" goal_id="192"/>
  <agent start_id="97" goal_id="18"/>
  <agent start_id="86" goal_id="34"/>
  <agent start_id="74" goal_id="80"/>
  <agent start_id="157" goal_id="22"/>
  <agent start_id="141" goal_id="145"/>
  <agent start_id="6" goal_id="173"/>
  <agent start_id="83" goal_id="93"/>
  <agent start_id="107" goal_id="186"/>
  <agent start_id="137" goal_id="180"/>
  <agent start_id="50" goal_id="51"/>
  <agent start_id="69" goal_id="84"/>
  <agent start_id="122" goal_id="71"/>
  <agent start_id="190" goal_id="114"/>
  <agent start_id="120" goal_id="165"/>
  <agent start_id="60" goal_id="25"/>
  <agent start_id="76" goal_id="100"/>
  <agent start_id="109" goal_id="193"/>
  <agent start_id="9" goal_id="79"/>
  <agent start_id="53" goal_id="40"/>
  <agent start_id="156" goal_id="171"/>
  <agent start_id="117" goal_id="184"/>
  <agent start_id="125" goal_id="49"/>
  <agent start_id="185" goal_id="157"/>
  <agent start_id="14" goal_id="124"/>
  <agent start_id="124" goal_id="151"/>
  <agent start_id="67" goal_id="47"/>
  <agent start_id="196" goal_id="55"/>
  <agent start_id="31" goal_id="116"/>
  <agent start_id="48" goal_id="14"/>
</root>
