<?xml version="1.0" ?>
<root>
  <agent start_id="152" goal_id="92"/>
  <agent start_id="122" goal_id="192"/>
  <agent start_id="189" goal_id="63"/>
  <agent start_id="180" goal_id="73"/>
  <agent start_id="162" goal_id="39"/>
  <agent start_id="183" goal_id="112"/>
  <agent start_id="30" goal_id="128"/>
  <agent start_id="34" goal_id="135"/>
  <agent start_id="49" goal_id="185"/>
  <agent start_id="168" goal_id="66"/>
  <agent start_id="22" goal_id="175"/>
  <agent start_id="3" goal_id="114"/>
  <agent start_id="15" goal_id="40"/>
  <agent start_id="129" goal_id="122"/>
  <agent start_id="146" goal_id="190"/>
  <agent start_id="18" goal_id="69"/>
  <agent start_id="173" goal_id="18"/>
  <agent start_id="26" goal_id="31"/>
  <agent start_id="52" goal_id="16"/>
  <agent start_id="134" goal_id="85"/>
  <agent start_id="37" goal_id="157"/>
  <agent start_id="159" goal_id="173"/>
  <agent start_id="127" goal_id="12"/>
  <agent start_id="85" goal_id="179"/>
  <agent start_id="70" goal_id="34"/>
  <agent start_id="57" goal_id="26"/>
  <agent start_id="59" goal_id="74"/>
  <agent start_id="33" goal_id="123"/>
  <agent start_id="143" goal_id="21"/>
  <agent start_id="53" goal_id="48"/>
  <agent start_id="185" goal_id="167"/>
  <agent start_id="1" goal_id="109"/>
  <agent start_id="103" goal_id="138"/>
  <agent start_id="109" goal_id="99"/>
  <agent start_id="44" goal_id="88"/>
  <agent start_id="87" goal_id="44"/>
  <agent start_id="104" goal_id="137"/>
  <agent start_id="4" goal_id="29"/>
  <agent start_id="149" goal_id="197"/>
  <agent start_id="20" goal_id="178"/>
  <agent start_id="177" goal_id="103"/>
  <agent start_id="170" goal_id="198"/>
  <agent start_id="74" goal_id="136"/>
  <agent start_id="95" goal_id="78"/>
  <agent start_id="126" goal_id="116"/>
  <agent start_id="160" goal_id="163"/>
  <agent start_id="79" goal_id="56"/>
  <agent start_id="66" goal_id="186"/>
  <agent start_id="96" goal_id="126"/>
  <agent start_id="16" goal_id="42"/>
</root>
