<?xml version="1.0" ?>
<root>
  <agent start_id="19" goal_id="28"/>
  <agent start_id="190" goal_id="29"/>
  <agent start_id="71" goal_id="157"/>
  <agent start_id="162" goal_id="44"/>
  <agent start_id="172" goal_id="155"/>
  <agent start_id="24" goal_id="86"/>
  <agent start_id="14" goal_id="83"/>
  <agent start_id="46" goal_id="37"/>
  <agent start_id="154" goal_id="137"/>
  <agent start_id="187" goal_id="89"/>
  <agent start_id="150" goal_id="148"/>
  <agent start_id="7" goal_id="181"/>
  <agent start_id="36" goal_id="120"/>
  <agent start_id="185" goal_id="85"/>
  <agent start_id="99" goal_id="196"/>
  <agent start_id="0" goal_id="15"/>
  <agent start_id="32" goal_id="52"/>
  <agent start_id="90" goal_id="135"/>
  <agent start_id="64" goal_id="62"/>
  <agent start_id="34" goal_id="73"/>
  <agent start_id="122" goal_id="187"/>
  <agent start_id="49" goal_id="42"/>
  <agent start_id="130" goal_id="56"/>
  <agent start_id="66" goal_id="121"/>
  <agent start_id="157" goal_id="49"/>
  <agent start_id="101" goal_id="136"/>
  <agent start_id="131" goal_id="5"/>
  <agent start_id="192" goal_id="16"/>
  <agent start_id="3" goal_id="75"/>
  <agent start_id="109" goal_id="188"/>
  <agent start_id="133" goal_id="51"/>
  <agent start_id="127" goal_id="18"/>
  <agent start_id="58" goal_id="71"/>
  <agent start_id="135" goal_id="171"/>
  <agent start_id="12" goal_id="138"/>
  <agent start_id="42" goal_id="80"/>
  <agent start_id="121" goal_id="156"/>
  <agent start_id="158" goal_id="88"/>
  <agent start_id="37" goal_id="10"/>
  <agent start_id="65" goal_id="126"/>
  <agent start_id="169" goal_id="4"/>
  <agent start_id="171" goal_id="68"/>
  <agent start_id="176" goal_id="199"/>
  <agent start_id="196" goal_id="169"/>
  <agent start_id="35" goal_id="0"/>
  <agent start_id="180" goal_id="166"/>
  <agent start_id="141" goal_id="45"/>
  <agent start_id="80" goal_id="190"/>
  <agent start_id="26" goal_id="82"/>
  <agent start_id="85" goal_id="107"/>
</root>
