<?xml version="1.0" ?>
<root>
  <agent start_id="187" goal_id="20"/>
  <agent start_id="63" goal_id="108"/>
  <agent start_id="22" goal_id="65"/>
  <agent start_id="122" goal_id="185"/>
  <agent start_id="2" goal_id="98"/>
  <agent start_id="73" goal_id="149"/>
  <agent start_id="51" goal_id="79"/>
  <agent start_id="96" goal_id="96"/>
  <agent start_id="131" goal_id="47"/>
  <agent start_id="64" goal_id="84"/>
  <agent start_id="109" goal_id="150"/>
  <agent start_id="85" goal_id="136"/>
  <agent start_id="155" goal_id="105"/>
  <agent start_id="157" goal_id="66"/>
  <agent start_id="66" goal_id="129"/>
  <agent start_id="144" goal_id="60"/>
  <agent start_id="106" goal_id="126"/>
  <agent start_id="28" goal_id="24"/>
  <agent start_id="136" goal_id="153"/>
  <agent start_id="35" goal_id="198"/>
  <agent start_id="81" goal_id="159"/>
  <agent start_id="173" goal_id="49"/>
  <agent start_id="50" goal_id="94"/>
  <agent start_id="184" goal_id="113"/>
  <agent start_id="149" goal_id="143"/>
  <agent start_id="56" goal_id="138"/>
  <agent start_id="176" goal_id="101"/>
  <agent start_id="160" goal_id="59"/>
  <agent start_id="13" goal_id="115"/>
  <agent start_id="125" goal_id="12"/>
  <agent start_id="114" goal_id="92"/>
  <agent start_id="52" goal_id="8"/>
  <agent start_id="39" goal_id="135"/>
  <agent start_id="98" goal_id="1"/>
  <agent start_id="90" goal_id="99"/>
  <agent start_id="164" goal_id="42"/>
  <agent start_id="142" goal_id="88"/>
  <agent start_id="11" goal_id="130"/>
  <agent start_id="44" goal_id="180"/>
  <agent start_id="181" goal_id="52"/>
  <agent start_id="133" goal_id="17"/>
  <agent start_id="34" goal_id="131"/>
  <agent start_id="115" goal_id="120"/>
  <agent start_id="168" goal_id="77"/>
  <agent start_id="128" goal_id="18"/>
  <agent start_id="146" goal_id="103"/>
  <agent start_id="127" goal_id="195"/>
  <agent start_id="107" goal_id="91"/>
  <agent start_id="46" goal_id="170"/>
  <agent start_id="171" goal_id="112"/>
</root>
