<?xml version="1.0" ?>
<root>
  <agent start_id="199" goal_id="15"/>
  <agent start_id="64" goal_id="82"/>
  <agent start_id="39" goal_id="22"/>
  <agent start_id="194" goal_id="115"/>
  <agent start_id="190" goal_id="154"/>
  <agent start_id="109" goal_id="1"/>
  <agent start_id="141" goal_id="149"/>
  <agent start_id="5" goal_id="24"/>
  <agent start_id="71" goal_id="100"/>
  <agent start_id="76" goal_id="112"/>
  <agent start_id="188" goal_id="87"/>
  <agent start_id="67" goal_id="42"/>
  <agent start_id="146" goal_id="57"/>
  <agent start_id="172" goal_id="121"/>
  <agent start_id="83" goal_id="124"/>
  <agent start_id="101" goal_id="95"/>
  <agent start_id="37" goal_id="110"/>
  <agent start_id="133" goal_id="86"/>
  <agent start_id="189" goal_id="128"/>
  <agent start_id="184" goal_id="113"/>
  <agent start_id="154" goal_id="163"/>
  <agent start_id="10" goal_id="13"/>
  <agent start_id="23" goal_id="130"/>
  <agent start_id="105" goal_id="187"/>
  <agent start_id="88" goal_id="197"/>
  <agent start_id="25" goal_id="133"/>
  <agent start_id="170" goal_id="54"/>
  <agent start_id="111" goal_id="41"/>
  <agent start_id="50" goal_id="65"/>
  <agent start_id="20" goal_id="92"/>
  <agent start_id="96" goal_id="126"/>
  <agent start_id="112" goal_id="5"/>
  <agent start_id="162" goal_id="68"/>
  <agent start_id="55" goal_id="31"/>
  <agent start_id="124" goal_id="59"/>
  <agent start_id="11" goal_id="98"/>
  <agent start_id="118" goal_id="46"/>
  <agent start_id="99" goal_id="55"/>
  <agent start_id="75" goal_id="190"/>
  <agent start_id="158" goal_id="184"/>
  <agent start_id="61" goal_id="77"/>
  <agent start_id="143" goal_id="9"/>
  <agent start_id="187" goal_id="140"/>
  <agent start_id="30" goal_id="173"/>
  <agent start_id="36" goal_id="7"/>
  <agent start_id="57" goal_id="147"/>
  <agent start_id="9" goal_id="141"/>
  <agent start_id="161" goal_id="199"/>
  <agent start_id="169" goal_id="146"/>
  <agent start_id="197" goal_id="122"/>
</root>
