<?xml version="1.0" ?>
<root>
  <agent start_id="144" goal_id="134"/>
  <agent start_id="63" goal_id="154"/>
  <agent start_id="150" goal_id="13"/>
  <agent start_id="51" goal_id="176"/>
  <agent start_id="86" goal_id="15"/>
  <agent start_id="73" goal_id="68"/>
  <agent start_id="75" goal_id="12"/>
  <agent start_id="151" goal_id="84"/>
  <agent start_id="65" goal_id="61"/>
  <agent start_id="40" goal_id="89"/>
  <agent start_id="29" goal_id="113"/>
  <agent start_id="141" goal_id="171"/>
  <agent start_id="119" goal_id="152"/>
  <agent start_id="1" goal_id="162"/>
  <agent start_id="175" goal_id="111"/>
  <agent start_id="179" goal_id="115"/>
  <agent start_id="27" goal_id="165"/>
  <agent start_id="42" goal_id="100"/>
  <agent start_id="126" goal_id="149"/>
  <agent start_id="94" goal_id="93"/>
  <agent start_id="9" goal_id="116"/>
  <agent start_id="37" goal_id="34"/>
  <agent start_id="82" goal_id="140"/>
  <agent start_id="177" goal_id="17"/>
  <agent start_id="156" goal_id="55"/>
  <agent start_id="163" goal_id="58"/>
  <agent start_id="60" goal_id="47"/>
  <agent start_id="158" goal_id="66"/>
  <agent start_id="20" goal_id="74"/>
  <agent start_id="192" goal_id="81"/>
  <agent start_id="36" goal_id="9"/>
  <agent start_id="152" goal_id="173"/>
  <agent start_id="72" goal_id="97"/>
  <agent start_id="91" goal_id="180"/>
  <agent start_id="127" goal_id="32"/>
  <agent start_id="49" goal_id="31"/>
  <agent start_id="12" goal_id="125"/>
  <agent start_id="149" goal_id="51"/>
  <agent start_id="189" goal_id="139"/>
  <agent start_id="84" goal_id="28"/>
  <agent start_id="117" goal_id="178"/>
  <agent start_id="182" goal_id="188"/>
  <agent start_id="172" goal_id="137"/>
  <agent start_id="24" goal_id="157"/>
  <agent start_id="124" goal_id="10"/>
  <agent start_id="145" goal_id="142"/>
  <agent start_id="99" goal_id="92"/>
  <agent start_id="23" goal_id="5"/>
  <agent start_id="140" goal_id="196"/>
  <agent start_id="154" goal_id="27"/>
</root>
