<?xml version="1.0" ?>
<root>
  <agent start_id="178" goal_id="150"/>
  <agent start_id="8" goal_id="39"/>
  <agent start_id="134" goal_id="61"/>
  <agent start_id="76" goal_id="115"/>
  <agent start_id="55" goal_id="104"/>
  <agent start_id="58" goal_id="2"/>
  <agent start_id="110" goal_id="136"/>
  <agent start_id="73" goal_id="80"/>
  <agent start_id="181" goal_id="147"/>
  <agent start_id="6" goal_id="156"/>
  <agent start_id="79" goal_id="193"/>
  <agent start_id="81" goal_id="76"/>
  <agent start_id="188" goal_id="97"/>
  <agent start_id="157" goal_id="148"/>
  <agent start_id="7" goal_id="83"/>
  <agent start_id="86" goal_id="56"/>
  <agent start_id="30" goal_id="47"/>
  <agent start_id="88" goal_id="153"/>
  <agent start_id="115" goal_id="164"/>
  <agent start_id="195" goal_id="29"/>
  <agent start_id="49" goal_id="123"/>
  <agent start_id="89" goal_id="121"/>
  <agent start_id="102" goal_id="119"/>
  <agent start_id="32" goal_id="105"/>
  <agent start_id="25" goal_id="179"/>
  <agent start_id="80" goal_id="13"/>
  <agent start_id="180" goal_id="111"/>
  <agent start_id="10" goal_id="154"/>
  <agent start_id="19" goal_id="110"/>
  <agent start_id="66" goal_id="103"/>
  <agent start_id="124" goal_id="170"/>
  <agent start_id="33" goal_id="12"/>
  <agent start_id="47" goal_id="58"/>
  <agent start_id="150" goal_id="176"/>
  <agent start_id="149" goal_id="122"/>
  <agent start_id="112" goal_id="67"/>
  <agent start_id="153" goal_id="184"/>
  <agent start_id="167" goal_id="27"/>
  <agent start_id="169" goal_id="6"/>
  <agent start_id="11" goal_id="181"/>
  <agent start_id="159" goal_id="74"/>
  <agent start_id="62" goal_id="98"/>
  <agent start_id="131" goal_id="118"/>
  <agent start_id="91" goal_id="50"/>
  <agent start_id="14" goal_id="174"/>
  <agent start_id="152" goal_id="196"/>
  <agent start_id="34" goal_id="24"/>
  <agent start_id="139" goal_id="185"/>
  <agent start_id="114" goal_id="134"/>
  <agent start_id="36" goal_id="93"/>
</root>
