<?xml version="1.0" ?>
<root>
  <agent start_id="11" goal_id="136"/>
  <agent start_id="112" goal_id="28"/>
  <agent start_id="44" goal_id="164"/>
  <agent start_id="28" goal_id="192"/>
  <agent start_id="130" goal_id="169"/>
  <agent start_id="126" goal_id="79"/>
  <agent start_id="9" goal_id="25"/>
  <agent start_id="98" goal_id="175"/>
  <agent start_id="173" goal_id="197"/>
  <agent start_id="120" goal_id="48"/>
  <agent start_id="32" goal_id="41"/>
  <agent start_id="124" goal_id="190"/>
  <agent start_id="189" goal_id="35"/>
  <agent start_id="194" goal_id="20"/>
  <agent start_id="197" goal_id="157"/>
  <agent start_id="17" goal_id="131"/>
  <agent start_id="73" goal_id="124"/>
  <agent start_id="157" goal_id="142"/>
  <agent start_id="83" goal_id="6"/>
  <agent start_id="50" goal_id="68"/>
  <agent start_id="15" goal_id="167"/>
  <agent start_id="34" goal_id="22"/>
  <agent start_id="185" goal_id="96"/>
  <agent start_id="88" goal_id="171"/>
  <agent start_id="96" goal_id="193"/>
  <agent start_id="147" goal_id="44"/>
  <agent start_id="149" goal_id="92"/>
  <agent start_id="77" goal_id="70"/>
  <agent start_id="58" goal_id="3"/>
  <agent start_id="155" goal_id="127"/>
  <agent start_id="116" goal_id="102"/>
  <agent start_id="138" goal_id="63"/>
  <agent start_id="123" goal_id="106"/>
  <agent start_id="136" goal_id="87"/>
  <agent start_id="42" goal_id="118"/>
  <agent start_id="142" goal_id="119"/>
  <agent start_id="187" goal_id="72"/>
  <agent start_id="151" goal_id="64"/>
  <agent start_id="46" goal_id="104"/>
  <agent start_id="196" goal_id="27"/>
  <agent start_id="48" goal_id="186"/>
  <agent start_id="66" goal_id="81"/>
  <agent start_id="163" goal_id="30"/>
  <agent start_id="117" goal_id="53"/>
  <agent start_id="24" goal_id="17"/>
  <agent start_id="127" goal_id="23"/>
  <agent start_id="108" goal_id="4"/>
  <agent start_id="104" goal_id="75"/>
  <agent start_id="10" goal_id="179"/>
  <agent start_id="125" goal_id="120"/>
</root>
