<?xml version="1.0" ?>
<root>
  <agent start_id="171" goal_id="78"/>
  <agent start_id="133" goal_id="23"/>
  <agent start_id="33" goal_id="90"/>
  <agent start_id="122" goal_id="30"/>
  <agent start_id="170" goal_id="2"/>
  <agent start_id="141" goal_id="114"/>
  <agent start_id="0" goal_id="69"/>
  <agent start_id="64" goal_id="172"/>
  <agent start_id="110" goal_id="9"/>
  <agent start_id="14" goal_id="106"/>
  <agent start_id="157" goal_id="164"/>
  <agent start_id="32" goal_id="112"/>
  <agent start_id="96" goal_id="43"/>
  <agent start_id="60" goal_id="105"/>
  <agent start_id="81" goal_id="11"/>
  <agent start_id="22" goal_id="56"/>
  <agent start_id="1" goal_id="184"/>
  <agent start_id="119" goal_id="15"/>
  <agent start_id="5" goal_id="34"/>
  <agent start_id="21" goal_id="74"/>
  <agent start_id="139" goal_id="73"/>
  <agent start_id="70" goal_id="177"/>
  <agent start_id="16" goal_id="80"/>
  <agent start_id="162" goal_id="0"/>
  <agent start_id="168" goal_id="118"/>
  <agent start_id="86" goal_id="140"/>
  <agent start_id="183" goal_id="123"/>
  <agent start_id="197" goal_id="25"/>
  <agent start_id="149" goal_id="82"/>
  <agent start_id="140" goal_id="20"/>
  <agent start_id="135" goal_id="35"/>
  <agent start_id="124" goal_id="135"/>
  <agent start_id="107" goal_id="46"/>
  <agent start_id="36" goal_id="153"/>
  <agent start_id="37" goal_id="138"/>
  <agent start_id="150" goal_id="16"/>
  <agent start_id="10" goal_id="64"/>
  <agent start_id="155" goal_id="38"/>
  <agent start_id="153" goal_id="6"/>
  <agent start_id="9" goal_id="88"/>
  <agent start_id="131" goal_id="176"/>
  <agent start_id="199" goal_id="198"/>
  <agent start_id="152" goal_id="101"/>
  <agent start_id="128" goal_id="185"/>
  <agent start_id="49" goal_id="13"/>
  <agent start_id="71" goal_id="166"/>
  <agent start_id="72" goal_id="195"/>
  <agent start_id="27" goal_id="189"/>
  <agent start_id="25" goal_id="121"/>
  <agent start_id="59" goal_id="29"/>
</root>
