<?xml version="1.0" ?>
<root>
  <agent start_id="79" goal_id="34"/>
  <agent start_id="101" goal_id="102"/>
  <agent start_id="160" goal_id="53"/>
  <agent start_id="6" goal_id="143"/>
  <agent start_id="122" goal_id="46"/>
  <agent start_id="13" goal_id="10"/>
  <agent start_id="155" goal_id="78"/>
  <agent start_id="144" goal_id="175"/>
  <agent start_id="47" goal_id="116"/>
  <agent start_id="92" goal_id="26"/>
  <agent start_id="128" goal_id="72"/>
  <agent start_id="191" goal_id="140"/>
  <agent start_id="40" goal_id="115"/>
  <agent start_id="104" goal_id="101"/>
  <agent start_id="15" goal_id="152"/>
  <agent start_id="105" goal_id="127"/>
  <agent start_id="173" goal_id="156"/>
  <agent start_id="109" goal_id="185"/>
  <agent start_id="186" goal_id="17"/>
  <agent start_id="167" goal_id="99"/>
  <agent start_id="158" goal_id="70"/>
  <agent start_id="96" goal_id="169"/>
  <agent start_id="195" goal_id="158"/>
  <agent start_id="68" goal_id="161"/>
  <agent start_id="163" goal_id="172"/>
  <agent start_id="62" goal_id="12"/>
  <agent start_id="35" goal_id="154"/>
  <agent start_id="133" goal_id="0"/>
  <agent start_id="74" goal_id="114"/>
  <agent start_id="78" goal_id="103"/>
  <agent start_id="19" goal_id="41"/>
  <agent start_id="112" goal_id="29"/>
  <agent start_id="190" goal_id="25"/>
  <agent start_id="16" goal_id="162"/>
  <agent start_id="93" goal_id="44"/>
  <agent start_id="69" goal_id="188"/>
  <agent start_id="100" goal_id="120"/>
  <agent start_id="176" goal_id="69"/>
  <agent start_id="181" goal_id="94"/>
  <agent start_id="171" goal_id="87"/>
  <agent start_id="140" goal_id="60"/>
  <agent start_id="82" goal_id="93"/>
  <agent start_id="48" goal_id="139"/>
  <agent start_id="108" goal_id="105"/>
  <agent start_id="153" goal_id="149"/>
  <agent start_id="37" goal_id="68"/>
  <agent start_id="150" goal_id="97"/>
  <agent start_id="110" goal_id="147"/>
  <agent start_id="117" goal_id="8"/>
  <agent start_id="12" goal_id="194"/>
</root>
