<?xml version="1.0" ?>
<root>
  <agent start_id="191" goal_id="176"/>
  <agent start_id="196" goal_id="9"/>
  <agent start_id="164" goal_id="137"/>
  <agent start_id="22" goal_id="150"/>
  <agent start_id="93" goal_id="110"/>
  <agent start_id="155" goal_id="96"/>
  <agent start_id="182" goal_id="154"/>
  <agent start_id="100" goal_id="107"/>
  <agent start_id="19" goal_id="196"/>
  <agent start_id="65" goal_id="182"/>
  <agent start_id="76" goal_id="0"/>
  <agent start_id="186" goal_id="14"/>
  <agent start_id="14" goal_id="117"/>
  <agent start_id="138" goal_id="158"/>
  <agent start_id="9" goal_id="33"/>
  <agent start_id="46" goal_id="34"/>
  <agent start_id="1" goal_id="38"/>
  <agent start_id="146" goal_id="85"/>
  <agent start_id="142" goal_id="43"/>
  <agent start_id="86" goal_id="179"/>
  <agent start_id="105" goal_id="189"/>
  <agent start_id="33" goal_id="103"/>
  <agent start_id="75" goal_id="12"/>
  <agent start_id="124" goal_id="61"/>
  <agent start_id="97" goal_id="142"/>
  <agent start_id="194" goal_id="2"/>
  <agent start_id="110" goal_id="102"/>
  <agent start_id="199" goal_id="153"/>
  <agent start_id="168" goal_id="47"/>
  <agent start_id="41" goal_id="73"/>
  <agent start_id="107" goal_id="18"/>
  <agent start_id="57" goal_id="191"/>
  <agent start_id="48" goal_id="99"/>
  <agent start_id="98" goal_id="163"/>
  <agent start_id="123" goal_id="160"/>
  <agent start_id="141" goal_id="84"/>
  <agent start_id="156" goal_id="128"/>
  <agent start_id="173" goal_id="178"/>
  <agent start_id="111" goal_id="21"/>
  <agent start_id="38" goal_id="88"/>
  <agent start_id="63" goal_id="135"/>
  <agent start_id="74" goal_id="72"/>
  <agent start_id="95" goal_id="7"/>
  <agent start_id="79" goal_id="166"/>
  <agent start_id="3" goal_id="123"/>
  <agent start_id="180" goal_id="133"/>
  <agent start_id="129" goal_id="169"/>
  <agent start_id="179" goal_id="104"/>
  <agent start_id="32" goal_id="105"/>
  <agent start_id="136" goal_id="119"/>
</root>
