<?xml version="1.0" ?>
<root>
  <agent start_id="191" goal_id="128"/>
  <agent start_id="177" goal_id="139"/>
  <agent start_id="183" goal_id="42"/>
  <agent start_id="5" goal_id="56"/>
  <agent start_id="59" goal_id="4"/>
  <agent start_id="120" goal_id="33"/>
  <agent start_id="117" goal_id="23"/>
  <agent start_id="129" goal_id="138"/>
  <agent start_id="92" goal_id="194"/>
  <agent start_id="55" goal_id="64"/>
  <agent start_id="86" goal_id="197"/>
  <agent start_id="61" goal_id="37"/>
  <agent start_id="113" goal_id="48"/>
  <agent start_id="26" goal_id="124"/>
  <agent start_id="110" goal_id="188"/>
  <agent start_id="146" goal_id="164"/>
  <agent start_id="150" goal_id="163"/>
  <agent start_id="185" goal_id="85"/>
  <agent start_id="106" goal_id="142"/>
  <agent start_id="151" goal_id="1"/>
  <agent start_id="100" goal_id="192"/>
  <agent start_id="81" goal_id="153"/>
  <agent start_id="172" goal_id="168"/>
  <agent start_id="6" goal_id="7"/>
  <agent start_id="11" goal_id="135"/>
  <agent start_id="91" goal_id="132"/>
  <agent start_id="17" goal_id="174"/>
  <agent start_id="160" goal_id="79"/>
  <agent start_id="47" goal_id="198"/>
  <agent start_id="34" goal_id="28"/>
  <agent start_id="56" goal_id="107"/>
  <agent start_id="57" goal_id="22"/>
  <agent start_id="79" goal_id="43"/>
  <agent start_id="33" goal_id="94"/>
  <agent start_id="115" goal_id="86"/>
  <agent start_id="22" goal_id="10"/>
  <agent start_id="122" goal_id="88"/>
  <agent start_id="74" goal_id="82"/>
  <agent start_id="184" goal_id="25"/>
  <agent start_id="134" goal_id="45"/>
  <agent start_id="53" goal_id="40"/>
  <agent start_id="60" goal_id="113"/>
  <agent start_id="132" goal_id="151"/>
  <agent start_id="104" goal_id="11"/>
  <agent start_id="138" goal_id="189"/>
  <agent start_id="75" goal_id="9"/>
  <agent start_id="73" goal_id="112"/>
  <agent start_id="2" goal_id="97"/>
  <agent start_id="19" goal_id="150"/>
  <agent start_id="179" goal_id="186"/>
</root>
