<?xml version="1.0" ?>
<root>
  <agent start_id="199" goal_id="94"/>
  <agent start_id="75" goal_id="79"/>
  <agent start_id="25" goal_id="174"/>
  <agent start_id="96" goal_id="1"/>
  <agent start_id="173" goal_id="34"/>
  <agent start_id="136" goal_id="81"/>
  <agent start_id="134" goal_id="66"/>
  <agent start_id="172" goal_id="63"/>
  <agent start_id="123" goal_id="198"/>
  <agent start_id="98" goal_id="163"/>
  <agent start_id="55" goal_id="146"/>
  <agent start_id="130" goal_id="106"/>
  <agent start_id="182" goal_id="117"/>
  <agent start_id="35" goal_id="95"/>
  <agent start_id="74" goal_id="40"/>
  <agent start_id="92" goal_id="42"/>
  <agent start_id="102" goal_id="54"/>
  <agent start_id="141" goal_id="56"/>
  <agent start_id="21" goal_id="187"/>
  <agent start_id="11" goal_id="83"/>
  <agent start_id="168" goal_id="85"/>
  <agent start_id="100" goal_id="33"/>
  <agent start_id="139" goal_id="135"/>
  <agent start_id="135" goal_id="169"/>
  <agent start_id="66" goal_id="142"/>
  <agent start_id="147" goal_id="12"/>
  <agent start_id="91" goal_id="123"/>
  <agent start_id="149" goal_id="98"/>
  <agent start_id="144" goal_id="110"/>
  <agent start_id="117" goal_id="48"/>
  <agent start_id="43" goal_id="6"/>
  <agent start_id="170" goal_id="114"/>
  <agent start_id="133" goal_id="47"/>
  <agent start_id="87" goal_id="197"/>
  <agent start_id="104" goal_id="16"/>
  <agent start_id="110" goal_id="82"/>
  <agent start_id="65" goal_id="170"/>
  <agent start_id="101" goal_id="71"/>
  <agent start_id="167" goal_id="108"/>
  <agent start_id="60" goal_id="52"/>
  <agent start_id="83" goal_id="59"/>
  <agent start_id="61" goal_id="7"/>
  <agent start_id="181" goal_id="36"/>
  <agent start_id="44" goal_id="195"/>
  <agent start_id="47" goal_id="75"/>
  <agent start_id="88" goal_id="191"/>
  <agent start_id="59" goal_id="68"/>
  <agent start_id="178" goal_id="92"/>
  <agent start_id="38" goal_id="136"/>
  <agent start_id="52" goal_id="90"/>
</root>
