<?xml version="1.0" ?>
<root>
  <agent start_id="78" goal_id="188"/>
  <agent start_id="85" goal_id="65"/>
  <agent start_id="139" goal_id="22"/>
  <agent start_id="119" goal_id="164"/>
  <agent start_id="159" goal_id="59"/>
  <agent start_id="65" goal_id="41"/>
  <agent start_id="101" goal_id="92"/>
  <agent start_id="107" goal_id="10"/>
  <agent start_id="183" goal_id="89"/>
  <agent start_id="188" goal_id="93"/>
  <agent start_id="14" goal_id="195"/>
  <agent start_id="100" goal_id="35"/>
  <agent start_id="112" goal_id="127"/>
  <agent start_id="104" goal_id="88"/>
  <agent start_id="66" goal_id="161"/>
  <agent start_id="9" goal_id="155"/>
  <agent start_id="87" goal_id="143"/>
  <agent start_id="70" goal_id="186"/>
  <agent start_id="171" goal_id="1"/>
  <agent start_id="138" goal_id="48"/>
  <agent start_id="47" goal_id="153"/>
  <agent start_id="11" goal_id="15"/>
  <agent start_id="125" goal_id="145"/>
  <agent start_id="5" goal_id="61"/>
  <agent start_id="15" goal_id="29"/>
  <agent start_id="75" goal_id="171"/>
  <agent start_id="95" goal_id="165"/>
  <agent start_id="168" goal_id="104"/>
  <agent start_id="54" goal_id="190"/>
  <agent start_id="177" goal_id="159"/>
  <agent start_id="160" goal_id="189"/>
  <agent start_id="48" goal_id="23"/>
  <agent start_id="198" goal_id="20"/>
  <agent start_id="73" goal_id="191"/>
  <agent start_id="61" goal_id="27"/>
  <agent start_id="63" goal_id="147"/>
  <agent start_id="17" goal_id="38"/>
  <agent start_id="133" goal_id="130"/>
  <agent start_id="39" goal_id="17"/>
  <agent start_id="68" goal_id="49"/>
  <agent start_id="144" goal_id="167"/>
  <agent start_id="45" goal_id="139"/>
  <agent start_id="108" goal_id="135"/>
  <agent start_id="41" goal_id="45"/>
  <agent start_id="156" goal_id="123"/>
  <agent start_id="127" goal_id="55"/>
  <agent start_id="130" goal_id="99"/>
  <agent start_id="143" goal_id="158"/>
  <agent start_id="26" goal_id="174"/>
  <agent start_id="179" goal_id="184"/>
</root>
