<?xml version="1.0" ?>
<root>
  <agent start_id="141" goal_id="50"/>
  <agent start_id="75" goal_id="164"/>
  <agent start_id="29" goal_id="191"/>
  <agent start_id="32" goal_id="100"/>
  <agent start_id="104" goal_id="150"/>
  <agent start_id="76" goal_id="141"/>
  <agent start_id="99" goal_id="136"/>
  <agent start_id="126" goal_id="108"/>
  <agent start_id="193" goal_id="86"/>
  <agent start_id="114" goal_id="129"/>
  <agent start_id="41" goal_id="135"/>
  <agent start_id="178" goal_id="132"/>
  <agent start_id="154" goal_id="103"/>
  <agent start_id="181" goal_id="49"/>
  <agent start_id="3" goal_id="6"/>
  <agent start_id="28" goal_id="28"/>
  <agent start_id="196" goal_id="176"/>
  <agent start_id="158" goal_id="53"/>
  <agent start_id="173" goal_id="35"/>
  <agent start_id="109" goal_id="85"/>
  <agent start_id="144" goal_id="39"/>
  <agent start_id="88" goal_id="59"/>
  <agent start_id="30" goal_id="51"/>
  <agent start_id="13" goal_id="198"/>
  <agent start_id="86" goal_id="81"/>
  <agent start_id="107" goal_id="158"/>
  <agent start_id="0" goal_id="139"/>
  <agent start_id="11" goal_id="57"/>
  <agent start_id="156" goal_id="66"/>
  <agent start_id="185" goal_id="45"/>
  <agent start_id="19" goal_id="69"/>
  <agent start_id="164" goal_id="130"/>
  <agent start_id="50" goal_id="142"/>
  <agent start_id="142" goal_id="188"/>
  <agent start_id="42" goal_id="145"/>
  <agent start_id="123" goal_id="60"/>
  <agent start_id="176" goal_id="80"/>
  <agent start_id="182" goal_id="175"/>
  <agent start_id="63" goal_id="128"/>
  <agent start_id="77" goal_id="178"/>
  <agent start_id="47" goal_id="183"/>
  <agent start_id="21" goal_id="106"/>
  <agent start_id="120" goal_id="127"/>
  <agent start_id="8" goal_id="116"/>
  <agent start_id="71" goal_id="123"/>
  <agent start_id="184" goal_id="193"/>
  <agent start_id="16" goal_id="31"/>
  <agent start_id="69" goal_id="3"/>
  <agent start_id="49" goal_id="133"/>
  <agent start_id="160" goal_id="195"/>
</root>
