<?xml version="1.0" ?>
<root>
  <agent start_id="26" goal_id="67"/>
  <agent start_id="117" goal_id="91"/>
  <agent start_id="61" goal_id="57"/>
  <agent start_id="44" goal_id="58"/>
  <agent start_id="80" goal_id="54"/>
  <agent start_id="166" goal_id="150"/>
  <agent start_id="173" goal_id="181"/>
  <agent start_id="71" goal_id="110"/>
  <agent start_id="143" goal_id="132"/>
  <agent start_id="168" goal_id="42"/>
  <agent start_id="35" goal_id="134"/>
  <agent start_id="65" goal_id="3"/>
  <agent start_id="74" goal_id="47"/>
  <agent start_id="31" goal_id="123"/>
  <agent start_id="177" goal_id="146"/>
  <agent start_id="0" goal_id="113"/>
  <agent start_id="6" goal_id="139"/>
  <agent start_id="69" goal_id="156"/>
  <agent start_id="21" goal_id="12"/>
  <agent start_id="136" goal_id="147"/>
  <agent start_id="113" goal_id="187"/>
  <agent start_id="144" goal_id="138"/>
  <agent start_id="43" goal_id="114"/>
  <agent start_id="169" goal_id="45"/>
  <agent start_id="29" goal_id="175"/>
  <agent start_id="24" goal_id="78"/>
  <agent start_id="138" goal_id="127"/>
  <agent start_id="199" goal_id="4"/>
  <agent start_id="18" goal_id="122"/>
  <agent start_id="3" goal_id="46"/>
  <agent start_id="184" goal_id="61"/>
  <agent start_id="181" goal_id="39"/>
  <agent start_id="140" goal_id="152"/>
  <agent start_id="110" goal_id="29"/>
  <agent start_id="134" goal_id="103"/>
  <agent start_id="89" goal_id="190"/>
  <agent start_id="180" goal_id="124"/>
  <agent start_id="132" goal_id="196"/>
  <agent start_id="152" goal_id="98"/>
  <agent start_id="19" goal_id="35"/>
  <agent start_id="63" goal_id="164"/>
  <agent start_id="76" goal_id="21"/>
  <agent start_id="99" goal_id="125"/>
  <agent start_id="10" goal_id="195"/>
  <agent start_id="109" goal_id="64"/>
  <agent start_id="12" goal_id="179"/>
  <agent start_id="77" goal_id="153"/>
  <agent start_id="192" goal_id="79"/>
  <agent start_id="25" goal_id="93"/>
  <agent start_id="52" goal_id="106"/>
</root>
