<?xml version="1.0" ?>
<root>
  <agent start_id="72" goal_id="107"/>
  <agent start_id="61" goal_id="177"/>
  <agent start_id="93" goal_id="16"/>
  <agent start_id="139" goal_id="58"/>
  <agent start_id="16" goal_id="47"/>
  <agent start_id="92" goal_id="141"/>
  <agent start_id="189" goal_id="103"/>
  <agent start_id="188" goal_id="17"/>
  <agent start_id="118" goal_id="13"/>
  <agent start_id="150" goal_id="46"/>
  <agent start_id="99" goal_id="130"/>
  <agent start_id="183" goal_id="164"/>
  <agent start_id="160" goal_id="193"/>
  <agent start_id="140" goal_id="144"/>
  <agent start_id="0" goal_id="29"/>
  <agent start_id="45" goal_id="137"/>
  <agent start_id="107" goal_id="186"/>
  <agent start_id="142" goal_id="6"/>
  <agent start_id="66" goal_id="97"/>
  <agent start_id="46" goal_id="45"/>
  <agent start_id="166" goal_id="59"/>
  <agent start_id="126" goal_id="176"/>
  <agent start_id="33" goal_id="69"/>
  <agent start_id="197" goal_id="109"/>
  <agent start_id="50" goal_id="114"/>
  <agent start_id="191" goal_id="198"/>
  <agent start_id="156" goal_id="142"/>
  <agent start_id="3" goal_id="0"/>
  <agent start_id="125" goal_id="128"/>
  <agent start_id="96" goal_id="76"/>
  <agent start_id="17" goal_id="84"/>
  <agent start_id="192" goal_id="88"/>
  <agent start_id="86" goal_id="64"/>
  <agent start_id="43" goal_id="113"/>
  <agent start_id="53" goal_id="184"/>
  <agent start_id="55" goal_id="179"/>
  <agent start_id="148" goal_id="37"/>
  <agent start_id="132" goal_id="83"/>
  <agent start_id="151" goal_id="100"/>
  <agent start_id="97" goal_id="156"/>
  <agent start_id="63" goal_id="175"/>
  <agent start_id="21" goal_id="31"/>
  <agent start_id="135" goal_id="78"/>
  <agent start_id="102" goal_id="127"/>
  <agent start_id="15" goal_id="168"/>
  <agent start_id="75" goal_id="160"/>
  <agent start_id="129" goal_id="24"/>
  <agent start_id="116" goal_id="11"/>
  <agent start_id="37" goal_id="135"/>
  <agent start_id="134" goal_id="21"/>
</root>
