<?xml version="1.0" ?>
<root>
  <agent start_id="82" goal_id="163"/>
  <agent start_id="121" goal_id="70"/>
  <agent start_id="68" goal_id="175"/>
  <agent start_id="12" goal_id="133"/>
  <agent start_id="27" goal_id="121"/>
  <agent start_id="53" goal_id="66"/>
  <agent start_id="195" goal_id="41"/>
  <agent start_id="87" goal_id="82"/>
  <agent start_id="161" goal_id="22"/>
  <agent start_id="191" goal_id="156"/>
  <agent start_id="153" goal_id="80"/>
  <agent start_id="56" goal_id="12"/>
  <agent start_id="123" goal_id="140"/>
  <agent start_id="76" goal_id="166"/>
  <agent start_id="17" goal_id="78"/>
  <agent start_id="58" goal_id="114"/>
  <agent start_id="147" goal_id="151"/>
  <agent start_id="197" goal_id="51"/>
  <agent start_id="39" goal_id="59"/>
  <agent start_id="71" goal_id="187"/>
  <agent start_id="136" goal_id="49"/>
  <agent start_id="129" goal_id="142"/>
  <agent start_id="85" goal_id="172"/>
  <agent start_id="14" goal_id="1"/>
  <agent start_id="148" goal_id="76"/>
  <agent start_id="125" goal_id="60"/>
  <agent start_id="178" goal_id="75"/>
  <agent start_id="189" goal_id="84"/>
  <agent start_id="67" goal_id="132"/>
  <agent start_id="77" goal_id="18"/>
  <agent start_id="104" goal_id="117"/>
  <agent start_id="144" goal_id="99"/>
  <agent start_id="97" goal_id="196"/>
  <agent start_id="4" goal_id="165"/>
  <agent start_id="72" goal_id="14"/>
  <agent start_id="118" goal_id="128"/>
  <agent start_id="21" goal_id="39"/>
  <agent start_id="35" goal_id="155"/>
  <agent start_id="3" goal_id="46"/>
  <agent start_id="36" goal_id="195"/>
  <agent start_id="20" goal_id="38"/>
  <agent start_id="151" goal_id="139"/>
  <agent start_id="119" goal_id="5"/>
  <agent start_id="18" goal_id="85"/>
  <agent start_id="114" goal_id="32"/>
  <agent start_id="59" goal_id="181"/>
  <agent start_id="1" goal_id="28"/>
  <agent start_id="187" goal_id="106"/>
  <agent start_id="168" goal_id="113"/>
  <agent start_id="8" goal_id="10"/>
</root>
