<?xml version="1.0" ?>
<root>
  <agent start_id="110" goal_id="62"/>
  <agent start_id="69" goal_id="195"/>
  <agent start_id="196" goal_id="74"/>
  <agent start_id="93" goal_id="130"/>
  <agent start_id="62" goal_id="60"/>
  <agent start_id="11" goal_id="6"/>
  <agent start_id="187" goal_id="21"/>
  <agent start_id="50" goal_id="124"/>
  <agent start_id="189" goal_id="37"/>
  <agent start_id="120" goal_id="112"/>
  <agent start_id="76" goal_id="142"/>
  <agent start_id="115" goal_id="11"/>
  <agent start_id="4" goal_id="26"/>
  <agent start_id="165" goal_id="47"/>
  <agent start_id="106" goal_id="43"/>
  <agent start_id="37" goal_id="167"/>
  <agent start_id="98" goal_id="57"/>
  <agent start_id="135" goal_id="178"/>
  <agent start_id="176" goal_id="103"/>
  <agent start_id="60" goal_id="104"/>
  <agent start_id="152" goal_id="147"/>
  <agent start_id="43" goal_id="139"/>
  <agent start_id="16" goal_id="146"/>
  <agent start_id="182" goal_id="190"/>
  <agent start_id="171" goal_id="184"/>
  <agent start_id="160" goal_id="20"/>
  <agent start_id="32" goal_id="10"/>
  <agent start_id="28" goal_id="31"/>
  <agent start_id="79" goal_id="173"/>
  <agent start_id="51" goal_id="72"/>
  <agent start_id="195" goal_id="59"/>
  <agent start_id="100" goal_id="69"/>
  <agent start_id="44" goal_id="17"/>
  <agent start_id="1" goal_id="88"/>
  <agent start_id="174" goal_id="160"/>
  <agent start_id="81" goal_id="163"/>
  <agent start_id="3" goal_id="101"/>
  <agent start_id="84" goal_id="55"/>
  <agent start_id="168" goal_id="2"/>
  <agent start_id="162" goal_id="78"/>
  <agent start_id="105" goal_id="192"/>
  <agent start_id="39" goal_id="82"/>
  <agent start_id="13" goal_id="93"/>
  <agent start_id="180" goal_id="150"/>
  <agent start_id="177" goal_id="171"/>
  <agent start_id="137" goal_id="165"/>
  <agent start_id="85" goal_id="115"/>
  <agent start_id="143" goal_id="156"/>
  <agent start_id="25" goal_id="53"/>
  <agent start_id="103" goal_id="118"/>
</root>
