<?xml version="1.0" ?>
<root>
  <agent start_id="142" goal_id="47"/>
  <agent start_id="86" goal_id="110"/>
  <agent start_id="94" goal_id="118"/>
  <agent start_id="124" goal_id="97"/>
  <agent start_id="156" goal_id="115"/>
  <agent start_id="73" goal_id="5"/>
  <agent start_id="111" goal_id="148"/>
  <agent start_id="24" goal_id="154"/>
  <agent start_id="55" goal_id="90"/>
  <agent start_id="199" goal_id="112"/>
  <agent start_id="47" goal_id="0"/>
  <agent start_id="121" goal_id="195"/>
  <agent start_id="105" goal_id="70"/>
  <agent start_id="20" goal_id="141"/>
  <agent start_id="109" goal_id="199"/>
  <agent start_id="10" goal_id="93"/>
  <agent start_id="77" goal_id="86"/>
  <agent start_id="186" goal_id="182"/>
  <agent start_id="128" goal_id="151"/>
  <agent start_id="39" goal_id="25"/>
  <agent start_id="163" goal_id="129"/>
  <agent start_id="99" goal_id="12"/>
  <agent start_id="27" goal_id="50"/>
  <agent start_id="15" goal_id="197"/>
  <agent start_id="192" goal_id="146"/>
  <agent start_id="174" goal_id="111"/>
  <agent start_id="91" goal_id="87"/>
  <agent start_id="18" goal_id="156"/>
  <agent start_id="147" goal_id="198"/>
  <agent start_id="97" goal_id="180"/>
  <agent start_id="71" goal_id="155"/>
  <agent start_id="176" goal_id="3"/>
  <agent start_id="193" goal_id="82"/>
  <agent start_id="118" goal_id="76"/>
  <agent start_id="57" goal_id="144"/>
  <agent start_id="36" goal_id="108"/>
  <agent start_id="80" goal_id="106"/>
  <agent start_id="32" goal_id="84"/>
  <agent start_id="115" goal_id="179"/>
  <agent start_id="75" goal_id="91"/>
  <agent start_id="112" goal_id="65"/>
  <agent start_id="103" goal_id="8"/>
  <agent start_id="54" goal_id="71"/>
  <agent start_id="5" goal_id="127"/>
  <agent start_id="13" goal_id="38"/>
  <agent start_id="62" goal_id="68"/>
  <agent start_id="90" goal_id="142"/>
  <agent start_id="177" goal_id="94"/>
  <agent start_id="195" goal_id="192"/>
  <agent start_id="37" goal_id="134"/>
</root>
