<?xml version="1.0" ?>
<root>
  <agent start_id="18" goal_id="164"/>
  <agent start_id="193" goal_id="101"/>
  <agent start_id="82" goal_id="179"/>
  <agent start_id="65" goal_id="10"/>
  <agent start_id="116" goal_id="30"/>
  <agent start_id="46" goal_id="176"/>
  <agent start_id="119" goal_id="160"/>
  <agent start_id="9" goal_id="18"/>
  <agent start_id="42" goal_id="85"/>
  <agent start_id="78" goal_id="188"/>
  <agent start_id="183" goal_id="63"/>
  <agent start_id="109" goal_id="115"/>
  <agent start_id="62" goal_id="93"/>
  <agent start_id="194" goal_id="58"/>
  <agent start_id="2" goal_id="156"/>
  <agent start_id="91" goal_id="113"/>
  <agent start_id="20" goal_id="149"/>
  <agent start_id="107" goal_id="153"/>
  <agent start_id="80" goal_id="91"/>
  <agent start_id="142" goal_id="35"/>
  <agent start_id="57" goal_id="76"/>
  <agent start_id="123" goal_id="137"/>
  <agent start_id="86" goal_id="189"/>
  <agent start_id="29" goal_id="78"/>
  <agent start_id="161" goal_id="81"/>
  <agent start_id="146" goal_id="127"/>
  <agent start_id="187" goal_id="27"/>
  <agent start_id="192" goal_id="111"/>
  <agent start_id="84" goal_id="14"/>
  <agent start_id="168" goal_id="25"/>
  <agent start_id="149" goal_id="70"/>
  <agent start_id="129" goal_id="99"/>
  <agent start_id="176" goal_id="52"/>
  <agent start_id="60" goal_id="46"/>
  <agent start_id="75" goal_id="170"/>
  <agent start_id="30" goal_id="198"/>
  <agent start_id="101" goal_id="44"/>
  <agent start_id="179" goal_id="53"/>
  <agent start_id="19" goal_id="132"/>
  <agent start_id="4" goal_id="104"/>
  <agent start_id="136" goal_id="96"/>
  <agent start_id="59" goal_id="152"/>
  <agent start_id="185" goal_id="8"/>
  <agent start_id="36" goal_id="118"/>
  <agent start_id="6" goal_id="120"/>
  <agent start_id="190" goal_id="162"/>
  <agent start_id="1" goal_id="24"/>
  <agent start_id="23" goal_id="1"/>
  <agent start_id="147" goal_id="2"/>
  <agent start_id="27" goal_id="60"/>
</root>
