<?xml version="1.0" ?>
<root>
  <agent start_id="51" goal_id="70"/>
  <agent start_id="10" goal_id="99"/>
  <agent start_id="28" goal_id="171"/>
  <agent start_id="114" goal_id="85"/>
  <agent start_id="69" goal_id="116"/>
  <agent start_id="53" goal_id="61"/>
  <agent start_id="190" goal_id="184"/>
  <agent start_id="30" goal_id="32"/>
  <agent start_id="63" goal_id="187"/>
  <agent start_id="142" goal_id="45"/>
  <agent start_id="194" goal_id="88"/>
  <agent start_id="154" goal_id="190"/>
  <agent start_id="1" goal_id="163"/>
  <agent start_id="3" goal_id="119"/>
  <agent start_id="15" goal_id="139"/>
  <agent start_id="33" goal_id="78"/>
  <agent start_id="137" goal_id="102"/>
  <agent start_id="181" goal_id="54"/>
  <agent start_id="193" goal_id="58"/>
  <agent start_id="176" goal_id="72"/>
  <agent start_id="94" goal_id="42"/>
  <agent start_id="21" goal_id="73"/>
  <agent start_id="121" goal_id="51"/>
  <agent start_id="199" goal_id="5"/>
  <agent start_id="91" goal_id="50"/>
  <agent start_id="20" goal_id="48"/>
  <agent start_id="117" goal_id="20"/>
  <agent start_id="144" goal_id="134"/>
  <agent start_id="135" goal_id="80"/>
  <agent start_id="36" goal_id="131"/>
  <agent start_id="45" goal_id="108"/>
  <agent start_id="125" goal_id="43"/>
  <agent start_id="119" goal_id="196"/>
  <agent start_id="73" goal_id="150"/>
  <agent start_id="80" goal_id="182"/>
  <agent start_id="185" goal_id="155"/>
  <agent start_id="107" goal_id="33"/>
  <agent start_id="100" goal_id="66"/>
  <agent start_id="172" goal_id="31"/>
  <agent start_id="99" goal_id="37"/>
  <agent start_id="103" goal_id="176"/>
  <agent start_id="160" goal_id="168"/>
  <agent start_id="4" goal_id="115"/>
  <agent start_id="130" goal_id="90"/>
  <agent start_id="165" goal_id="107"/>
  <agent start_id="66" goal_id="46"/>
  <agent start_id="118" goal_id="65"/>
  <agent start_id="35" goal_id="160"/>
  <agent start_id="197" goal_id="101"/>
  <agent start_id="131" goal_id="173"/>
</root>
