<?xml version="1.0" ?>
<root>
  <agent start_id="16" goal_id="72"/>
  <agent start_id="172" goal_id="26"/>
  <agent start_id="191" goal_id="133"/>
  <agent start_id="82" goal_id="111"/>
  <agent start_id="12" goal_id="8"/>
  <agent start_id="102" goal_id="190"/>
  <agent start_id="10" goal_id="98"/>
  <agent start_id="136" goal_id="89"/>
  <agent start_id="44" goal_id="137"/>
  <agent start_id="124" goal_id="135"/>
  <agent start_id="105" goal_id="117"/>
  <agent start_id="163" goal_id="20"/>
  <agent start_id="28" goal_id="50"/>
  <agent start_id="21" goal_id="187"/>
  <agent start_id="67" goal_id="184"/>
  <agent start_id="0" goal_id="150"/>
  <agent start_id="94" goal_id="27"/>
  <agent start_id="58" goal_id="29"/>
  <agent start_id="109" goal_id="1"/>
  <agent start_id="157" goal_id="167"/>
  <agent start_id="145" goal_id="65"/>
  <agent start_id="70" goal_id="95"/>
  <agent start_id="144" goal_id="188"/>
  <agent start_id="194" goal_id="175"/>
  <agent start_id="128" goal_id="123"/>
  <agent start_id="53" goal_id="142"/>
  <agent start_id="69" goal_id="197"/>
  <agent start_id="96" goal_id="81"/>
  <agent start_id="176" goal_id="171"/>
  <agent start_id="3" goal_id="161"/>
  <agent start_id="25" goal_id="85"/>
  <agent start_id="48" goal_id="11"/>
  <agent start_id="188" goal_id="13"/>
  <agent start_id="167" goal_id="33"/>
  <agent start_id="150" goal_id="10"/>
  <agent start_id="132" goal_id="121"/>
  <agent start_id="156" goal_id="160"/>
  <agent start_id="100" goal_id="16"/>
  <agent start_id="1" goal_id="153"/>
  <agent start_id="170" goal_id="5"/>
  <agent start_id="46" goal_id="122"/>
  <agent start_id="59" goal_id="148"/>
  <agent start_id="85" goal_id="43"/>
  <agent start_id="185" goal_id="48"/>
  <agent start_id="55" goal_id="3"/>
  <agent start_id="63" goal_id="120"/>
  <agent start_id="99" goal_id="129"/>
  <agent start_id="131" goal_id="67"/>
  <agent start_id="159" goal_id="140"/>
  <agent start_id="35" goal_id="173"/>
</root>
