<?xml version="1.0" ?>
<root>
  <agent start_id="16" goal_id="130"/>
  <agent start_id="88" goal_id="96"/>
  <agent start_id="169" goal_id="170"/>
  <agent start_id="185" goal_id="188"/>
  <agent start_id="151" goal_id="12"/>
  <agent start_id="69" goal_id="166"/>
  <agent start_id="106" goal_id="34"/>
  <agent start_id="119" goal_id="99"/>
  <agent start_id="104" goal_id="137"/>
  <agent start_id="187" goal_id="17"/>
  <agent start_id="23" goal_id="147"/>
  <agent start_id="178" goal_id="106"/>
  <agent start_id="86" goal_id="161"/>
  <agent start_id="182" goal_id="152"/>
  <agent start_id="24" goal_id="114"/>
  <agent start_id="5" goal_id="61"/>
  <agent start_id="118" goal_id="24"/>
  <agent start_id="68" goal_id="73"/>
  <agent start_id="195" goal_id="43"/>
  <agent start_id="97" goal_id="27"/>
  <agent start_id="191" goal_id="77"/>
  <agent start_id="49" goal_id="123"/>
  <agent start_id="18" goal_id="23"/>
  <agent start_id="7" goal_id="169"/>
  <agent start_id="46" goal_id="191"/>
  <agent start_id="135" goal_id="193"/>
  <agent start_id="82" goal_id="133"/>
  <agent start_id="84" goal_id="45"/>
  <agent start_id="130" goal_id="153"/>
  <agent start_id="41" goal_id="8"/>
  <agent start_id="155" goal_id="74"/>
  <agent start_id="73" goal_id="30"/>
  <agent start_id="152" goal_id="91"/>
  <agent start_id="95" goal_id="129"/>
  <agent start_id="108" goal_id="72"/>
  <agent start_id="61" goal_id="66"/>
  <agent start_id="75" goal_id="112"/>
  <agent start_id="19" goal_id="156"/>
  <agent start_id="45" goal_id="90"/>
  <agent start_id="40" goal_id="75"/>
  <agent start_id="122" goal_id="174"/>
  <agent start_id="179" goal_id="56"/>
  <agent start_id="72" goal_id="197"/>
  <agent start_id="28" goal_id="48"/>
  <agent start_id="176" goal_id="178"/>
  <agent start_id="148" goal_id="1"/>
  <agent start_id="139" goal_id="184"/>
  <agent start_id="173" goal_id="20"/>
  <agent start_id="22" goal_id="64"/>
  <agent start_id="37" goal_id="149"/>
</root>
