<?xml version="1.0" ?>
<root>
  <agent start_id="29" goal_id="177"/>
  <agent start_id="153" goal_id="40"/>
  <agent start_id="60" goal_id="127"/>
  <agent start_id="79" goal_id="72"/>
  <agent start_id="119" goal_id="182"/>
  <agent start_id="152" goal_id="78"/>
  <agent start_id="168" goal_id="65"/>
  <agent start_id="42" goal_id="27"/>
  <agent start_id="15" goal_id="83"/>
  <agent start_id="40" goal_id="54"/>
  <agent start_id="181" goal_id="104"/>
  <agent start_id="112" goal_id="154"/>
  <agent start_id="104" goal_id="50"/>
  <agent start_id="149" goal_id="168"/>
  <agent start_id="170" goal_id="81"/>
  <agent start_id="131" goal_id="126"/>
  <agent start_id="120" goal_id="163"/>
  <agent start_id="163" goal_id="42"/>
  <agent start_id="70" goal_id="70"/>
  <agent start_id="174" goal_id="76"/>
  <agent start_id="34" goal_id="194"/>
  <agent start_id="113" goal_id="150"/>
  <agent start_id="114" goal_id="105"/>
  <agent start_id="109" goal_id="106"/>
  <agent start_id="140" goal_id="97"/>
  <agent start_id="171" goal_id="170"/>
  <agent start_id="199" goal_id="189"/>
  <agent start_id="175" goal_id="25"/>
  <agent start_id="23" goal_id="15"/>
  <agent start_id="183" goal_id="95"/>
  <agent start_id="2" goal_id="103"/>
  <agent start_id="77" goal_id="91"/>
  <agent start_id="116" goal_id="0"/>
  <agent start_id="10" goal_id="108"/>
  <agent start_id="145" goal_id="6"/>
  <agent start_id="133" goal_id="111"/>
  <agent start_id="19" goal_id="69"/>
  <agent start_id="72" goal_id="166"/>
  <agent start_id="8" goal_id="139"/>
  <agent start_id="139" goal_id="109"/>
  <agent start_id="91" goal_id="62"/>
  <agent start_id="39" goal_id="100"/>
  <agent start_id="127" goal_id="18"/>
  <agent start_id="178" goal_id="2"/>
  <agent start_id="160" goal_id="99"/>
  <agent start_id="108" goal_id="46"/>
  <agent start_id="172" goal_id="101"/>
  <agent start_id="130" goal_id="11"/>
  <agent start_id="53" goal_id="67"/>
  <agent start_id="75" goal_id="155"/>
</root>
