<?xml version="1.0" ?>
<root>
  <agent start_id="51" goal_id="6"/>
  <agent start_id="172" goal_id="26"/>
  <agent start_id="19" goal_id="101"/>
  <agent start_id="188" goal_id="187"/>
  <agent start_id="112" goal_id="91"/>
  <agent start_id="73" goal_id="41"/>
  <agent start_id="4" goal_id="89"/>
  <agent start_id="161" goal_id="65"/>
  <agent start_id="179" goal_id="72"/>
  <agent start_id="151" goal_id="29"/>
  <agent start_id="103" goal_id="168"/>
  <agent start_id="155" goal_id="36"/>
  <agent start_id="79" goal_id="68"/>
  <agent start_id="102" goal_id="180"/>
  <agent start_id="72" goal_id="145"/>
  <agent start_id="197" goal_id="0"/>
  <agent start_id="158" goal_id="57"/>
  <agent start_id="53" goal_id="75"/>
  <agent start_id="74" goal_id="82"/>
  <agent start_id="186" goal_id="144"/>
  <agent start_id="152" goal_id="156"/>
  <agent start_id="167" goal_id="98"/>
  <agent start_id="118" goal_id="146"/>
  <agent start_id="42" goal_id="107"/>
  <agent start_id="86" goal_id="177"/>
  <agent start_id="126" goal_id="159"/>
  <agent start_id="135" goal_id="132"/>
  <agent start_id="48" goal_id="116"/>
  <agent start_id="123" goal_id="158"/>
  <agent start_id="191" goal_id="84"/>
  <agent start_id="33" goal_id="108"/>
  <agent start_id="114" goal_id="52"/>
  <agent start_id="142" goal_id="93"/>
  <agent start_id="124" goal_id="20"/>
  <agent start_id="171" goal_id="15"/>
  <agent start_id="76" goal_id="198"/>
  <agent start_id="154" goal_id="110"/>
  <agent start_id="61" goal_id="162"/>
  <agent start_id="138" goal_id="25"/>
  <agent start_id="105" goal_id="61"/>
  <agent start_id="62" goal_id="140"/>
  <agent start_id="47" goal_id="40"/>
  <agent start_id="23" goal_id="105"/>
  <agent start_id="65" goal_id="150"/>
  <agent start_id="133" goal_id="152"/>
  <agent start_id="100" goal_id="122"/>
  <agent start_id="24" goal_id="18"/>
  <agent start_id="58" goal_id="78"/>
  <agent start_id="70" goal_id="11"/>
  <agent start_id="121" goal_id="66"/>
</root>
