<?xml version="1.0" ?>
<root>
  <agent start_id="25" goal_id="61"/>
  <agent start_id="166" goal_id="136"/>
  <agent start_id="154" goal_id="24"/>
  <agent start_id="181" goal_id="97"/>
  <agent start_id="152" goal_id="185"/>
  <agent start_id="170" goal_id="127"/>
  <agent start_id="119" goal_id="9"/>
  <agent start_id="195" goal_id="23"/>
  <agent start_id="44" goal_id="40"/>
  <agent start_id="145" goal_id="0"/>
  <agent start_id="64" goal_id="4"/>
  <agent start_id="0" goal_id="101"/>
  <agent start_id="38" goal_id="126"/>
  <agent start_id="74" goal_id="145"/>
  <agent start_id="100" goal_id="57"/>
  <agent start_id="137" goal_id="180"/>
  <agent start_id="176" goal_id="146"/>
  <agent start_id="32" goal_id="169"/>
  <agent start_id="40" goal_id="87"/>
  <agent start_id="155" goal_id="14"/>
  <agent start_id="59" goal_id="158"/>
  <agent start_id="52" goal_id="150"/>
  <agent start_id="184" goal_id="53"/>
  <agent start_id="185" goal_id="152"/>
  <agent start_id="88" goal_id="164"/>
  <agent start_id="33" goal_id="184"/>
  <agent start_id="85" goal_id="80"/>
  <agent start_id="148" goal_id="82"/>
  <agent start_id="56" goal_id="192"/>
  <agent start_id="51" goal_id="111"/>
  <agent start_id="111" goal_id="179"/>
  <agent start_id="69" goal_id="77"/>
  <agent start_id="47" goal_id="69"/>
  <agent start_id="67" goal_id="104"/>
  <agent start_id="194" goal_id="195"/>
  <agent start_id="99" goal_id="199"/>
  <agent start_id="71" goal_id="188"/>
  <agent start_id="93" goal_id="190"/>
  <agent start_id="49" goal_id="6"/>
  <agent start_id="106" goal_id="137"/>
  <agent start_id="11" goal_id="35"/>
  <agent start_id="6" goal_id="142"/>
  <agent start_id="141" goal_id="123"/>
  <agent start_id="30" goal_id="151"/>
  <agent start_id="12" goal_id="73"/>
  <agent start_id="21" goal_id="115"/>
  <agent start_id="121" goal_id="75"/>
  <agent start_id="9" goal_id="59"/>
  <agent start_id="13" goal_id="16"/>
  <agent start_id="3" goal_id="37"/>
</root>
