<?xml version="1.0" ?>
<root>
  <agent start_id="35" goal_id="166"/>
  <agent start_id="72" goal_id="136"/>
  <agent start_id="161" goal_id="1"/>
  <agent start_id="149" goal_id="188"/>
  <agent start_id="126" goal_id="41"/>
  <agent start_id="97" goal_id="71"/>
  <agent start_id="154" goal_id="35"/>
  <agent start_id="166" goal_id="22"/>
  <agent start_id="44" goal_id="85"/>
  <agent start_id="122" goal_id="9"/>
  <agent start_id="180" goal_id="89"/>
  <agent start_id="99" goal_id="39"/>
  <agent start_id="65" goal_id="148"/>
  <agent start_id="33" goal_id="164"/>
  <agent start_id="129" goal_id="20"/>
  <agent start_id="134" goal_id="30"/>
  <agent start_id="91" goal_id="192"/>
  <agent start_id="41" goal_id="158"/>
  <agent start_id="88" goal_id="4"/>
  <agent start_id="85" goal_id="170"/>
  <agent start_id="8" goal_id="175"/>
  <agent start_id="5" goal_id="27"/>
  <agent start_id="30" goal_id="70"/>
  <agent start_id="31" goal_id="80"/>
  <agent start_id="49" goal_id="51"/>
  <agent start_id="114" goal_id="125"/>
  <agent start_id="15" goal_id="90"/>
  <agent start_id="118" goal_id="145"/>
  <agent start_id="28" goal_id="177"/>
  <agent start_id="196" goal_id="3"/>
  <agent start_id="140" goal_id="36"/>
  <agent start_id="53" goal_id="32"/>
  <agent start_id="68" goal_id="68"/>
  <agent start_id="36" goal_id="56"/>
  <agent start_id="83" goal_id="60"/>
  <agent start_id="40" goal_id="92"/>
  <agent start_id="110" goal_id="116"/>
  <agent start_id="199" goal_id="152"/>
  <agent start_id="175" goal_id="109"/>
  <agent start_id="24" goal_id="123"/>
  <agent start_id="167" goal_id="108"/>
  <agent start_id="183" goal_id="63"/>
  <agent start_id="87" goal_id="101"/>
  <agent start_id="70" goal_id="122"/>
  <agent start_id="19" goal_id="17"/>
  <agent start_id="130" goal_id="103"/>
  <agent start_id="20" goal_id="12"/>
  <agent start_id="151" goal_id="174"/>
  <agent start_id="182" goal_id="23"/>
  <agent start_id="159" goal_id="173"/>
</root>
