<?xml version="1.0" ?>
<root>
  <agent start_id="84" goal_id="177"/>
  <agent start_id="31" goal_id="166"/>
  <agent start_id="80" goal_id="31"/>
  <agent start_id="197" goal_id="135"/>
  <agent start_id="75" goal_id="26"/>
  <agent start_id="69" goal_id="176"/>
  <agent start_id="123" goal_id="94"/>
  <agent start_id="149" goal_id="137"/>
  <agent start_id="0" goal_id="24"/>
  <agent start_id="68" goal_id="96"/>
  <agent start_id="22" goal_id="175"/>
  <agent start_id="101" goal_id="56"/>
  <agent start_id="170" goal_id="124"/>
  <agent start_id="49" goal_id="132"/>
  <agent start_id="142" goal_id="141"/>
  <agent start_id="56" goal_id="40"/>
  <agent start_id="102" goal_id="149"/>
  <agent start_id="16" goal_id="3"/>
  <agent start_id="183" goal_id="108"/>
  <agent start_id="135" goal_id="75"/>
  <agent start_id="161" goal_id="13"/>
  <agent start_id="163" goal_id="73"/>
  <agent start_id="88" goal_id="122"/>
  <agent start_id="172" goal_id="121"/>
  <agent start_id="196" goal_id="169"/>
  <agent start_id="87" goal_id="49"/>
  <agent start_id="117" goal_id="99"/>
  <agent start_id="62" goal_id="85"/>
  <agent start_id="112" goal_id="59"/>
  <agent start_id="128" goal_id="133"/>
  <agent start_id="76" goal_id="23"/>
  <agent start_id="176" goal_id="87"/>
  <agent start_id="5" goal_id="27"/>
  <agent start_id="190" goal_id="80"/>
  <agent start_id="39" goal_id="97"/>
  <agent start_id="187" goal_id="159"/>
  <agent start_id="37" goal_id="118"/>
  <agent start_id="24" goal_id="143"/>
  <agent start_id="144" goal_id="8"/>
  <agent start_id="186" goal_id="152"/>
  <agent start_id="40" goal_id="12"/>
  <agent start_id="73" goal_id="70"/>
  <agent start_id="167" goal_id="34"/>
  <agent start_id="72" goal_id="33"/>
  <agent start_id="30" goal_id="163"/>
  <agent start_id="64" goal_id="21"/>
  <agent start_id="14" goal_id="48"/>
  <agent start_id="119" goal_id="123"/>
  <agent start_id="96" goal_id="71"/>
  <agent start_id="154" goal_id="197"/>
</root>
