<?xml version="1.0" ?>
<root>
  <agent start_id="114" goal_id="118"/>
  <agent start_id="0" goal_id="18"/>
  <agent start_id="131" goal_id="13"/>
  <agent start_id="155" goal_id="184"/>
  <agent start_id="144" goal_id="145"/>
  <agent start_id="129" goal_id="46"/>
  <agent start_id="104" goal_id="21"/>
  <agent start_id="40" goal_id="155"/>
  <agent start_id="35" goal_id="186"/>
  <agent start_id="180" goal_id="99"/>
  <agent start_id="175" goal_id="148"/>
  <agent start_id="163" goal_id="171"/>
  <agent start_id="51" goal_id="173"/>
  <agent start_id="71" goal_id="88"/>
  <agent start_id="32" goal_id="41"/>
  <agent start_id="99" goal_id="87"/>
  <agent start_id="94" goal_id="174"/>
  <agent start_id="192" goal_id="191"/>
  <agent start_id="170" goal_id="71"/>
  <agent start_id="181" goal_id="81"/>
  <agent start_id="73" goal_id="158"/>
  <agent start_id="101" goal_id="2"/>
  <agent start_id="46" goal_id="80"/>
  <agent start_id="116" goal_id="104"/>
  <agent start_id="102" goal_id="115"/>
  <agent start_id="2" goal_id="47"/>
  <agent start_id="98" goal_id="44"/>
  <agent start_id="125" goal_id="55"/>
  <agent start_id="89" goal_id="139"/>
  <agent start_id="9" goal_id="73"/>
  <agent start_id="113" goal_id="140"/>
  <agent start_id="140" goal_id="122"/>
  <agent start_id="17" goal_id="109"/>
  <agent start_id="176" goal_id="141"/>
  <agent start_id="199" goal_id="126"/>
  <agent start_id="157" goal_id="92"/>
  <agent start_id="36" goal_id="130"/>
  <agent start_id="23" goal_id="77"/>
  <agent start_id="168" goal_id="4"/>
  <agent start_id="178" goal_id="11"/>
  <agent start_id="91" goal_id="78"/>
  <agent start_id="194" goal_id="25"/>
  <agent start_id="86" goal_id="53"/>
  <agent start_id="162" goal_id="111"/>
  <agent start_id="63" goal_id="61"/>
  <agent start_id="56" goal_id="182"/>
  <agent start_id="135" goal_id="170"/>
  <agent start_id="149" goal_id="110"/>
  <agent start_id="188" goal_id="6"/>
  <agent start_id="25" goal_id="133"/>
</root>
