<?xml version="1.0" ?>
<root>
  <agent start_id="39" goal_id="46"/>
  <agent start_id="184" goal_id="167"/>
  <agent start_id="78" goal_id="137"/>
  <agent start_id="22" goal_id="36"/>
  <agent start_id="57" goal_id="21"/>
  <agent start_id="79" goal_id="65"/>
  <agent start_id="133" goal_id="106"/>
  <agent start_id="67" goal_id="150"/>
  <agent start_id="37" goal_id="39"/>
  <agent start_id="191" goal_id="87"/>
  <agent start_id="176" goal_id="197"/>
  <agent start_id="55" goal_id="49"/>
  <agent start_id="40" goal_id="98"/>
  <agent start_id="147" goal_id="194"/>
  <agent start_id="24" goal_id="196"/>
  <agent start_id="58" goal_id="6"/>
  <agent start_id="195" goal_id="17"/>
  <agent start_id="52" goal_id="69"/>
  <agent start_id="25" goal_id="42"/>
  <agent start_id="47" goal_id="140"/>
  <agent start_id="80" goal_id="14"/>
  <agent start_id="69" goal_id="28"/>
  <agent start_id="182" goal_id="92"/>
  <agent start_id="20" goal_id="189"/>
  <agent start_id="198" goal_id="11"/>
  <agent start_id="169" goal_id="18"/>
  <agent start_id="29" goal_id="101"/>
  <agent start_id="135" goal_id="88"/>
  <agent start_id="102" goal_id="78"/>
  <agent start_id="120" goal_id="123"/>
  <agent start_id="159" goal_id="143"/>
  <agent start_id="111" goal_id="125"/>
  <agent start_id="7" goal_id="115"/>
  <agent start_id="34" goal_id="57"/>
  <agent start_id="103" goal_id="45"/>
  <agent start_id="164" goal_id="155"/>
  <agent start_id="199" goal_id="30"/>
  <agent start_id="23" goal_id="41"/>
  <agent start_id="161" goal_id="162"/>
  <agent start_id="130" goal_id="130"/>
  <agent start_id="93" goal_id="43"/>
  <agent start_id="65" goal_id="103"/>
  <agent start_id="156" goal_id="9"/>
  <agent start_id="42" goal_id="0"/>
  <agent start_id="185" goal_id="172"/>
  <agent start_id="190" goal_id="187"/>
  <agent start_id="6" goal_id="38"/>
  <agent start_id="54" goal_id="195"/>
  <agent start_id="131" goal_id="179"/>
  <agent start_id="88" goal_id="164"/>
</root>
