<?xml version="1.0" ?>
<root>
  <agent start_id="10" goal_id="118"/>
  <agent start_id="29" goal_id="116"/>
  <agent start_id="67" goal_id="132"/>
  <agent start_id="58" goal_id="163"/>
  <agent start_id="50" goal_id="8"/>
  <agent start_id="168" goal_id="141"/>
  <agent start_id="32" goal_id="105"/>
  <agent start_id="75" goal_id="96"/>
  <agent start_id="79" goal_id="22"/>
  <agent start_id="194" goal_id="147"/>
  <agent start_id="93" goal_id="181"/>
  <agent start_id="35" goal_id="140"/>
  <agent start_id="190" goal_id="127"/>
  <agent start_id="122" goal_id="146"/>
  <agent start_id="161" goal_id="160"/>
  <agent start_id="170" goal_id="90"/>
  <agent start_id="17" goal_id="124"/>
  <agent start_id="103" goal_id="31"/>
  <agent start_id="11" goal_id="123"/>
  <agent start_id="127" goal_id="156"/>
  <agent start_id="119" goal_id="72"/>
  <agent start_id="89" goal_id="155"/>
  <agent start_id="38" goal_id="169"/>
  <agent start_id="182" goal_id="170"/>
  <agent start_id="157" goal_id="185"/>
  <agent start_id="13" goal_id="48"/>
  <agent start_id="183" goal_id="27"/>
  <agent start_id="40" goal_id="158"/>
  <agent start_id="85" goal_id="125"/>
  <agent start_id="76" goal_id="47"/>
  <agent start_id="3" goal_id="152"/>
  <agent start_id="92" goal_id="62"/>
  <agent start_id="73" goal_id="100"/>
  <agent start_id="193" goal_id="40"/>
  <agent start_id="174" goal_id="188"/>
  <agent start_id="33" goal_id="36"/>
  <agent start_id="84" goal_id="193"/>
  <agent start_id="18" goal_id="18"/>
  <agent start_id="146" goal_id="81"/>
  <agent start_id="199" goal_id="119"/>
  <agent start_id="100" goal_id="51"/>
  <agent start_id="165" goal_id="113"/>
  <agent start_id="96" goal_id="107"/>
  <agent start_id="125" goal_id="30"/>
  <agent start_id="153" goal_id="95"/>
  <agent start_id="44" goal_id="24"/>
  <agent start_id="54" goal_id="136"/>
  <agent start_id="51" goal_id="63"/>
  <agent start_id="41" goal_id="154"/>
  <agent start_id="68" goal_id="171"/>
</root>
