<?xml version="1.0" ?>
<root>
  <agent start_id="150" goal_id="33"/>
  <agent start_id="78" goal_id="148"/>
  <agent start_id="37" goal_id="108"/>
  <agent start_id="158" goal_id="166"/>
  <agent start_id="146" goal_id="167"/>
  <agent start_id="57" goal_id="42"/>
  <agent start_id="26" goal_id="21"/>
  <agent start_id="185" goal_id="67"/>
  <agent start_id="20" goal_id="2"/>
  <agent start_id="131" goal_id="158"/>
  <agent start_id="155" goal_id="49"/>
  <agent start_id="162" goal_id="41"/>
  <agent start_id="74" goal_id="73"/>
  <agent start_id="189" goal_id="111"/>
  <agent start_id="60" goal_id="83"/>
  <agent start_id="104" goal_id="142"/>
  <agent start_id="107" goal_id="179"/>
  <agent start_id="55" goal_id="43"/>
  <agent start_id="99" goal_id="97"/>
  <agent start_id="197" goal_id="66"/>
  <agent start_id="115" goal_id="15"/>
  <agent start_id="73" goal_id="169"/>
  <agent start_id="87" goal_id="174"/>
  <agent start_id="193" goal_id="126"/>
  <agent start_id="85" goal_id="100"/>
  <agent start_id="39" goal_id="193"/>
  <agent start_id="145" goal_id="163"/>
  <agent start_id="151" goal_id="9"/>
  <agent start_id="154" goal_id="150"/>
  <agent start_id="88" goal_id="29"/>
  <agent start_id="29" goal_id="40"/>
  <agent start_id="27" goal_id="70"/>
  <agent start_id="163" goal_id="189"/>
  <agent start_id="169" goal_id="183"/>
  <agent start_id="62" goal_id="145"/>
  <agent start_id="184" goal_id="75"/>
  <agent start_id="195" goal_id="6"/>
  <agent start_id="83" goal_id="116"/>
  <agent start_id="160" goal_id="47"/>
  <agent start_id="92" goal_id="95"/>
  <agent start_id="161" goal_id="17"/>
  <agent start_id="44" goal_id="124"/>
  <agent start_id="50" goal_id="120"/>
  <agent start_id="190" goal_id="72"/>
  <agent start_id="34" goal_id="180"/>
  <agent start_id="63" goal_id="135"/>
  <agent start_id="176" goal_id="182"/>
  <agent start_id="95" goal_id="123"/>
  <agent start_id="124" goal_id="152"/>
  <agent start_id="98" goal_id="30"/>
</root>
