<?xml version="1.0" ?>
<root>
  <agent start_id="111" goal_id="26"/>
  <agent start_id="162" goal_id="128"/>
  <agent start_id="39" goal_id="18"/>
  <agent start_id="169" goal_id="70"/>
  <agent start_id="74" goal_id="181"/>
  <agent start_id="129" goal_id="100"/>
  <agent start_id="99" goal_id="161"/>
  <agent start_id="109" goal_id="157"/>
  <agent start_id="70" goal_id="196"/>
  <agent start_id="171" goal_id="46"/>
  <agent start_id="96" goal_id="57"/>
  <agent start_id="66" goal_id="4"/>
  <agent start_id="106" goal_id="79"/>
  <agent start_id="103" goal_id="56"/>
  <agent start_id="44" goal_id="15"/>
  <agent start_id="95" goal_id="68"/>
  <agent start_id="126" goal_id="179"/>
  <agent start_id="32" goal_id="31"/>
  <agent start_id="9" goal_id="76"/>
  <agent start_id="117" goal_id="93"/>
  <agent start_id="30" goal_id="140"/>
  <agent start_id="28" goal_id="133"/>
  <agent start_id="67" goal_id="186"/>
  <agent start_id="101" goal_id="173"/>
  <agent start_id="125" goal_id="170"/>
  <agent start_id="180" goal_id="66"/>
  <agent start_id="172" goal_id="174"/>
  <agent start_id="121" goal_id="61"/>
  <agent start_id="8" goal_id="127"/>
  <agent start_id="147" goal_id="40"/>
  <agent start_id="193" goal_id="134"/>
  <agent start_id="135" goal_id="125"/>
  <agent start_id="184" goal_id="10"/>
  <agent start_id="31" goal_id="162"/>
  <agent start_id="195" goal_id="5"/>
  <agent start_id="80" goal_id="150"/>
  <agent start_id="60" goal_id="48"/>
  <agent start_id="148" goal_id="59"/>
  <agent start_id="198" goal_id="155"/>
  <agent start_id="37" goal_id="167"/>
  <agent start_id="1" goal_id="49"/>
  <agent start_id="119" goal_id="154"/>
  <agent start_id="52" goal_id="62"/>
  <agent start_id="124" goal_id="94"/>
  <agent start_id="150" goal_id="34"/>
  <agent start_id="75" goal_id="122"/>
  <agent start_id="157" goal_id="13"/>
  <agent start_id="118" goal_id="132"/>
  <agent start_id="24" goal_id="1"/>
  <agent start_id="167" goal_id="35"/>
</root>
