<?xml version="1.0" ?>
<root>
  <agent start_id="155" goal_id="188"/>
  <agent start_id="115" goal_id="167"/>
  <agent start_id="193" goal_id="128"/>
  <agent start_id="5" goal_id="25"/>
  <agent start_id="67" goal_id="39"/>
  <agent start_id="177" goal_id="99"/>
  <agent start_id="73" goal_id="136"/>
  <agent start_id="51" goal_id="19"/>
  <agent start_id="138" goal_id="88"/>
  <agent start_id="61" goal_id="31"/>
  <agent start_id="166" goal_id="155"/>
  <agent start_id="95" goal_id="41"/>
  <agent start_id="174" goal_id="26"/>
  <agent start_id="192" goal_id="151"/>
  <agent start_id="162" goal_id="146"/>
  <agent start_id="136" goal_id="42"/>
  <agent start_id="22" goal_id="177"/>
  <agent start_id="183" goal_id="110"/>
  <agent start_id="84" goal_id="169"/>
  <agent start_id="186" goal_id="92"/>
  <agent start_id="35" goal_id="182"/>
  <agent start_id="59" goal_id="23"/>
  <agent start_id="181" goal_id="168"/>
  <agent start_id="137" goal_id="84"/>
  <agent start_id="75" goal_id="30"/>
  <agent start_id="188" goal_id="28"/>
  <agent start_id="195" goal_id="161"/>
  <agent start_id="3" goal_id="6"/>
  <agent start_id="143" goal_id="82"/>
  <agent start_id="145" goal_id="85"/>
  <agent start_id="32" goal_id="34"/>
  <agent start_id="12" goal_id="74"/>
  <agent start_id="171" goal_id="154"/>
  <agent start_id="191" goal_id="106"/>
  <agent start_id="90" goal_id="21"/>
  <agent start_id="39" goal_id="164"/>
  <agent start_id="121" goal_id="198"/>
  <agent start_id="8" goal_id="43"/>
  <agent start_id="164" goal_id="119"/>
  <agent start_id="65" goal_id="16"/>
  <agent start_id="7" goal_id="36"/>
  <agent start_id="44" goal_id="68"/>
  <agent start_id="77" goal_id="44"/>
  <agent start_id="132" goal_id="40"/>
  <agent start_id="97" goal_id="14"/>
  <agent start_id="16" goal_id="180"/>
  <agent start_id="133" goal_id="91"/>
  <agent start_id="141" goal_id="197"/>
  <agent start_id="197" goal_id="13"/>
  <agent start_id="139" goal_id="62"/>
</root>
