<?xml version="1.0" ?>
<root>
  <agent start_id="121" goal_id="28"/>
  <agent start_id="93" goal_id="0"/>
  <agent start_id="97" goal_id="140"/>
  <agent start_id="70" goal_id="144"/>
  <agent start_id="82" goal_id="172"/>
  <agent start_id="27" goal_id="71"/>
  <agent start_id="19" goal_id="127"/>
  <agent start_id="22" goal_id="77"/>
  <agent start_id="113" goal_id="139"/>
  <agent start_id="51" goal_id="189"/>
  <agent start_id="48" goal_id="121"/>
  <agent start_id="185" goal_id="29"/>
  <agent start_id="66" goal_id="3"/>
  <agent start_id="133" goal_id="113"/>
  <agent start_id="13" goal_id="192"/>
  <agent start_id="101" goal_id="80"/>
  <agent start_id="67" goal_id="152"/>
  <agent start_id="138" goal_id="197"/>
  <agent start_id="6" goal_id="195"/>
  <agent start_id="178" goal_id="191"/>
  <agent start_id="140" goal_id="166"/>
  <agent start_id="68" goal_id="68"/>
  <agent start_id="107" goal_id="67"/>
  <agent start_id="173" goal_id="60"/>
  <agent start_id="188" goal_id="158"/>
  <agent start_id="190" goal_id="34"/>
  <agent start_id="167" goal_id="83"/>
  <agent start_id="8" goal_id="128"/>
  <agent start_id="46" goal_id="163"/>
  <agent start_id="123" goal_id="41"/>
  <agent start_id="147" goal_id="188"/>
  <agent start_id="50" goal_id="159"/>
  <agent start_id="199" goal_id="23"/>
  <agent start_id="134" goal_id="75"/>
  <agent start_id="165" goal_id="182"/>
  <agent start_id="196" goal_id="102"/>
  <agent start_id="54" goal_id="157"/>
  <agent start_id="111" goal_id="31"/>
  <agent start_id="16" goal_id="181"/>
  <agent start_id="38" goal_id="143"/>
  <agent start_id="132" goal_id="154"/>
  <agent start_id="58" goal_id="17"/>
  <agent start_id="20" goal_id="33"/>
  <agent start_id="41" goal_id="173"/>
  <agent start_id="198" goal_id="65"/>
  <agent start_id="12" goal_id="20"/>
  <agent start_id="126" goal_id="69"/>
  <agent start_id="128" goal_id="53"/>
  <agent start_id="88" goal_id="155"/>
  <agent start_id="189" goal_id="19"/>
</root>
