<?xml version="1.0" ?>
<root>
  <agent start_id="176" goal_id="34"/>
  <agent start_id="116" goal_id="146"/>
  <agent start_id="192" goal_id="33"/>
  <agent start_id="26" goal_id="183"/>
  <agent start_id="85" goal_id="35"/>
  <agent start_id="66" goal_id="132"/>
  <agent start_id="22" goal_id="75"/>
  <agent start_id="46" goal_id="175"/>
  <agent start_id="105" goal_id="11"/>
  <agent start_id="55" goal_id="55"/>
  <agent start_id="37" goal_id="185"/>
  <agent start_id="193" goal_id="139"/>
  <agent start_id="107" goal_id="46"/>
  <agent start_id="78" goal_id="181"/>
  <agent start_id="28" goal_id="85"/>
  <agent start_id="24" goal_id="80"/>
  <agent start_id="199" goal_id="131"/>
  <agent start_id="30" goal_id="48"/>
  <agent start_id="155" goal_id="141"/>
  <agent start_id="169" goal_id="9"/>
  <agent start_id="131" goal_id="188"/>
  <agent start_id="139" goal_id="169"/>
  <agent start_id="119" goal_id="73"/>
  <agent start_id="80" goal_id="79"/>
  <agent start_id="64" goal_id="130"/>
  <agent start_id="191" goal_id="121"/>
  <agent start_id="140" goal_id="56"/>
  <agent start_id="146" goal_id="145"/>
  <agent start_id="114" goal_id="60"/>
  <agent start_id="133" goal_id="98"/>
  <agent start_id="35" goal_id="136"/>
  <agent start_id="157" goal_id="191"/>
  <agent start_id="100" goal_id="101"/>
  <agent start_id="162" goal_id="182"/>
  <agent start_id="144" goal_id="1"/>
  <agent start_id="49" goal_id="117"/>
  <agent start_id="195" goal_id="31"/>
  <agent start_id="32" goal_id="104"/>
  <agent start_id="53" goal_id="128"/>
  <agent start_id="86" goal_id="57"/>
  <agent start_id="188" goal_id="69"/>
  <agent start_id="70" goal_id="125"/>
  <agent start_id="69" goal_id="24"/>
  <agent start_id="159" goal_id="133"/>
  <agent start_id="82" goal_id="59"/>
  <agent start_id="158" goal_id="127"/>
  <agent start_id="58" goal_id="96"/>
  <agent start_id="25" goal_id="17"/>
  <agent start_id="61" goal_id="58"/>
  <agent start_id="112" goal_id="163"/>
</root>
