<?xml version="1.0" ?>
<root>
  <agent start_id="177" goal_id="7"/>
  <agent start_id="165" goal_id="105"/>
  <agent start_id="25" goal_id="137"/>
  <agent start_id="103" goal_id="103"/>
  <agent start_id="39" goal_id="36"/>
  <agent start_id="166" goal_id="39"/>
  <agent start_id="15" goal_id="154"/>
  <agent start_id="131" goal_id="182"/>
  <agent start_id="34" goal_id="78"/>
  <agent start_id="113" goal_id="194"/>
  <agent start_id="40" goal_id="58"/>
  <agent start_id="152" goal_id="79"/>
  <agent start_id="110" goal_id="2"/>
  <agent start_id="33" goal_id="28"/>
  <agent start_id="129" goal_id="129"/>
  <agent start_id="30" goal_id="55"/>
  <agent start_id="48" goal_id="173"/>
  <agent start_id="64" goal_id="69"/>
  <agent start_id="14" goal_id="150"/>
  <agent start_id="139" goal_id="75"/>
  <agent start_id="4" goal_id="16"/>
  <agent start_id="91" goal_id="68"/>
  <agent start_id="84" goal_id="1"/>
  <agent start_id="107" goal_id="175"/>
  <agent start_id="57" goal_id="183"/>
  <agent start_id="76" goal_id="149"/>
  <agent start_id="3" goal_id="188"/>
  <agent start_id="75" goal_id="29"/>
  <agent start_id="118" goal_id="54"/>
  <agent start_id="114" goal_id="128"/>
  <agent start_id="41" goal_id="176"/>
  <agent start_id="38" goal_id="132"/>
  <agent start_id="73" goal_id="76"/>
  <agent start_id="198" goal_id="118"/>
  <agent start_id="6" goal_id="178"/>
  <agent start_id="26" goal_id="155"/>
  <agent start_id="156" goal_id="81"/>
  <agent start_id="105" goal_id="3"/>
  <agent start_id="1" goal_id="157"/>
  <agent start_id="83" goal_id="40"/>
  <agent start_id="179" goal_id="160"/>
  <agent start_id="52" goal_id="114"/>
  <agent start_id="147" goal_id="140"/>
  <agent start_id="195" goal_id="32"/>
  <agent start_id="87" goal_id="112"/>
  <agent start_id="120" goal_id="124"/>
  <agent start_id="185" goal_id="145"/>
  <agent start_id="168" goal_id="98"/>
  <agent start_id="71" goal_id="60"/>
  <agent start_id="11" goal_id="72"/>
</root>
