<?xml version="1.0" ?>
<root>
  <agent start_id="103" goal_id="92"/>
  <agent start_id="100" goal_id="81"/>
  <agent start_id="66" goal_id="93"/>
  <agent start_id="101" goal_id="71"/>
  <agent start_id="185" goal_id="68"/>
  <agent start_id="181" goal_id="161"/>
  <agent start_id="139" goal_id="168"/>
  <agent start_id="22" goal_id="110"/>
  <agent start_id="32" goal_id="113"/>
  <agent start_id="125" goal_id="4"/>
  <agent start_id="43" goal_id="193"/>
  <agent start_id="193" goal_id="47"/>
  <agent start_id="121" goal_id="63"/>
  <agent start_id="70" goal_id="0"/>
  <agent start_id="114" goal_id="87"/>
  <agent start_id="57" goal_id="157"/>
  <agent start_id="93" goal_id="32"/>
  <agent start_id="106" goal_id="179"/>
  <agent start_id="115" goal_id="19"/>
  <agent start_id="138" goal_id="94"/>
  <agent start_id="81" goal_id="64"/>
  <agent start_id="180" goal_id="55"/>
  <agent start_id="8" goal_id="58"/>
  <agent start_id="112" goal_id="6"/>
  <agent start_id="149" goal_id="57"/>
  <agent start_id="133" goal_id="30"/>
  <agent start_id="130" goal_id="190"/>
  <agent start_id="164" goal_id="15"/>
  <agent start_id="91" goal_id="51"/>
  <agent start_id="154" goal_id="119"/>
  <agent start_id="119" goal_id="83"/>
  <agent start_id="183" goal_id="17"/>
  <agent start_id="196" goal_id="100"/>
  <agent start_id="140" goal_id="22"/>
  <agent start_id="155" goal_id="150"/>
  <agent start_id="176" goal_id="174"/>
  <agent start_id="25" goal_id="40"/>
  <agent start_id="174" goal_id="7"/>
  <agent start_id="55" goal_id="25"/>
  <agent start_id="17" goal_id="131"/>
  <agent start_id="111" goal_id="152"/>
  <agent start_id="68" goal_id="62"/>
  <agent start_id="179" goal_id="50"/>
  <agent start_id="15" goal_id="103"/>
  <agent start_id="191" goal_id="136"/>
  <agent start_id="188" goal_id="176"/>
  <agent start_id="178" goal_id="101"/>
  <agent start_id="197" goal_id="140"/>
  <agent start_id="122" goal_id="99"/>
  <agent start_id="13" goal_id="135"/>
</root>
