<?xml version="1.0" ?>
<root>
  <agent start_id="42" goal_id="113"/>
  <agent start_id="71" goal_id="122"/>
  <agent start_id="89" goal_id="115"/>
  <agent start_id="85" goal_id="24"/>
  <agent start_id="41" goal_id="98"/>
  <agent start_id="97" goal_id="112"/>
  <agent start_id="51" goal_id="29"/>
  <agent start_id="118" goal_id="168"/>
  <agent start_id="174" goal_id="1"/>
  <agent start_id="34" goal_id="197"/>
  <agent start_id="53" goal_id="114"/>
  <agent start_id="163" goal_id="181"/>
  <agent start_id="40" goal_id="57"/>
  <agent start_id="145" goal_id="7"/>
  <agent start_id="46" goal_id="152"/>
  <agent start_id="140" goal_id="182"/>
  <agent start_id="199" goal_id="163"/>
  <agent start_id="107" goal_id="167"/>
  <agent start_id="139" goal_id="69"/>
  <agent start_id="24" goal_id="104"/>
  <agent start_id="63" goal_id="14"/>
  <agent start_id="54" goal_id="79"/>
  <agent start_id="57" goal_id="129"/>
  <agent start_id="185" goal_id="190"/>
  <agent start_id="165" goal_id="78"/>
  <agent start_id="148" goal_id="119"/>
  <agent start_id="126" goal_id="142"/>
  <agent start_id="32" goal_id="146"/>
  <agent start_id="156" goal_id="40"/>
  <agent start_id="111" goal_id="186"/>
  <agent start_id="73" goal_id="89"/>
  <agent start_id="77" goal_id="147"/>
  <agent start_id="100" goal_id="170"/>
  <agent start_id="155" goal_id="174"/>
  <agent start_id="36" goal_id="136"/>
  <agent start_id="72" goal_id="188"/>
  <agent start_id="90" goal_id="158"/>
  <agent start_id="177" goal_id="39"/>
  <agent start_id="6" goal_id="145"/>
  <agent start_id="14" goal_id="12"/>
  <agent start_id="179" goal_id="80"/>
  <agent start_id="194" goal_id="55"/>
  <agent start_id="86" goal_id="160"/>
  <agent start_id="17" goal_id="116"/>
  <agent start_id="60" goal_id="196"/>
  <agent start_id="167" goal_id="185"/>
  <agent start_id="154" goal_id="96"/>
  <agent start_id="191" goal_id="52"/>
  <agent start_id="83" goal_id="132"/>
  <agent start_id="170" goal_id="44"/>
</root>
