<?xml version="1.0" ?>
<root>
  <agent start_id="181" goal_id="96"/>
  <agent start_id="142" goal_id="170"/>
  <agent start_id="55" goal_id="6"/>
  <agent start_id="109" goal_id="39"/>
  <agent start_id="88" goal_id="65"/>
  <agent start_id="124" goal_id="195"/>
  <agent start_id="192" goal_id="78"/>
  <agent start_id="51" goal_id="124"/>
  <agent start_id="93" goal_id="67"/>
  <agent start_id="82" goal_id="186"/>
  <agent start_id="84" goal_id="55"/>
  <agent start_id="67" goal_id="9"/>
  <agent start_id="154" goal_id="25"/>
  <agent start_id="95" goal_id="107"/>
  <agent start_id="54" goal_id="154"/>
  <agent start_id="17" goal_id="194"/>
  <agent start_id="160" goal_id="102"/>
  <agent start_id="80" goal_id="7"/>
  <agent start_id="14" goal_id="99"/>
  <agent start_id="28" goal_id="77"/>
  <agent start_id="11" goal_id="92"/>
  <agent start_id="111" goal_id="135"/>
  <agent start_id="98" goal_id="111"/>
  <agent start_id="185" goal_id="160"/>
  <agent start_id="63" goal_id="38"/>
  <agent start_id="92" goal_id="168"/>
  <agent start_id="107" goal_id="189"/>
  <agent start_id="29" goal_id="167"/>
  <agent start_id="102" goal_id="146"/>
  <agent start_id="60" goal_id="23"/>
  <agent start_id="83" goal_id="49"/>
  <agent start_id="197" goal_id="198"/>
  <agent start_id="12" goal_id="79"/>
  <agent start_id="106" goal_id="153"/>
  <agent start_id="150" goal_id="125"/>
  <agent start_id="169" goal_id="166"/>
  <agent start_id="86" goal_id="10"/>
  <agent start_id="20" goal_id="21"/>
  <agent start_id="21" goal_id="184"/>
  <agent start_id="22" goal_id="117"/>
  <agent start_id="44" goal_id="149"/>
  <agent start_id="172" goal_id="53"/>
  <agent start_id="178" goal_id="0"/>
  <agent start_id="129" goal_id="136"/>
  <agent start_id="117" goal_id="147"/>
  <agent start_id="27" goal_id="141"/>
  <agent start_id="148" goal_id="129"/>
  <agent start_id="61" goal_id="162"/>
  <agent start_id="182" goal_id="73"/>
  <agent start_id="70" goal_id="174"/>
</root>
