<?xml version="1.0" ?>
<root>
  <agent start_id="89" goal_id="88"/>
  <agent start_id="194" goal_id="87"/>
  <agent start_id="100" goal_id="108"/>
  <agent start_id="86" goal_id="17"/>
  <agent start_id="6" goal_id="168"/>
  <agent start_id="141" goal_id="116"/>
  <agent start_id="17" goal_id="80"/>
  <agent start_id="103" goal_id="79"/>
  <agent start_id="147" goal_id="107"/>
  <agent start_id="199" goal_id="0"/>
  <agent start_id="16" goal_id="10"/>
  <agent start_id="178" goal_id="198"/>
  <agent start_id="31" goal_id="177"/>
  <agent start_id="58" goal_id="180"/>
  <agent start_id="142" goal_id="124"/>
  <agent start_id="10" goal_id="97"/>
  <agent start_id="12" goal_id="160"/>
  <agent start_id="184" goal_id="94"/>
  <agent start_id="180" goal_id="86"/>
  <agent start_id="125" goal_id="93"/>
  <agent start_id="151" goal_id="183"/>
  <agent start_id="169" goal_id="123"/>
  <agent start_id="81" goal_id="75"/>
  <agent start_id="19" goal_id="173"/>
  <agent start_id="111" goal_id="30"/>
  <agent start_id="121" goal_id="49"/>
  <agent start_id="97" goal_id="76"/>
  <agent start_id="173" goal_id="61"/>
  <agent start_id="192" goal_id="181"/>
  <agent start_id="149" goal_id="151"/>
  <agent start_id="67" goal_id="144"/>
  <agent start_id="138" goal_id="57"/>
  <agent start_id="77" goal_id="53"/>
  <agent start_id="131" goal_id="84"/>
  <agent start_id="155" goal_id="14"/>
  <agent start_id="79" goal_id="26"/>
  <agent start_id="143" goal_id="174"/>
  <agent start_id="182" goal_id="121"/>
  <agent start_id="69" goal_id="47"/>
  <agent start_id="91" goal_id="171"/>
  <agent start_id="164" goal_id="188"/>
  <agent start_id="118" goal_id="43"/>
  <agent start_id="60" goal_id="16"/>
  <agent start_id="74" goal_id="21"/>
  <agent start_id="176" goal_id="163"/>
  <agent start_id="39" goal_id="131"/>
  <agent start_id="132" goal_id="165"/>
  <agent start_id="4" goal_id="142"/>
  <agent start_id="32" goal_id="110"/>
  <agent start_id="7" goal_id="176"/>
</root>
