<?xml version="1.0" ?>
<root>
  <agent start_id="118" goal_id="57"/>
  <agent start_id="36" goal_id="144"/>
  <agent start_id="140" goal_id="66"/>
  <agent start_id="172" goal_id="91"/>
  <agent start_id="70" goal_id="72"/>
  <agent start_id="189" goal_id="108"/>
  <agent start_id="49" goal_id="178"/>
  <agent start_id="104" goal_id="111"/>
  <agent start_id="47" goal_id="102"/>
  <agent start_id="27" goal_id="124"/>
  <agent start_id="92" goal_id="166"/>
  <agent start_id="51" goal_id="6"/>
  <agent start_id="163" goal_id="27"/>
  <agent start_id="164" goal_id="49"/>
  <agent start_id="191" goal_id="133"/>
  <agent start_id="180" goal_id="121"/>
  <agent start_id="161" goal_id="73"/>
  <agent start_id="122" goal_id="147"/>
  <agent start_id="78" goal_id="107"/>
  <agent start_id="19" goal_id="173"/>
  <agent start_id="147" goal_id="71"/>
  <agent start_id="12" goal_id="10"/>
  <agent start_id="1" goal_id="34"/>
  <agent start_id="17" goal_id="182"/>
  <agent start_id="63" goal_id="176"/>
  <agent start_id="151" goal_id="47"/>
  <agent start_id="95" goal_id="84"/>
  <agent start_id="81" goal_id="17"/>
  <agent start_id="88" goal_id="148"/>
  <agent start_id="175" goal_id="39"/>
  <agent start_id="24" goal_id="81"/>
  <agent start_id="7" goal_id="116"/>
  <agent start_id="79" goal_id="69"/>
  <agent start_id="45" goal_id="50"/>
  <agent start_id="199" goal_id="181"/>
  <agent start_id="11" goal_id="18"/>
  <agent start_id="138" goal_id="152"/>
  <agent start_id="4" goal_id="194"/>
  <agent start_id="135" goal_id="90"/>
  <agent start_id="170" goal_id="191"/>
  <agent start_id="141" goal_id="156"/>
  <agent start_id="195" goal_id="196"/>
  <agent start_id="39" goal_id="61"/>
  <agent start_id="8" goal_id="188"/>
  <agent start_id="60" goal_id="24"/>
  <agent start_id="184" goal_id="145"/>
  <agent start_id="68" goal_id="184"/>
  <agent start_id="187" goal_id="109"/>
  <agent start_id="74" goal_id="77"/>
  <agent start_id="100" goal_id="92"/>
</root>
