<?xml version="1.0" ?>
<root>
  <agent start_id="48" goal_id="84"/>
  <agent start_id="16" goal_id="103"/>
  <agent start_id="107" goal_id="120"/>
  <agent start_id="189" goal_id="50"/>
  <agent start_id="109" goal_id="75"/>
  <agent start_id="130" goal_id="58"/>
  <agent start_id="190" goal_id="155"/>
  <agent start_id="138" goal_id="30"/>
  <agent start_id="84" goal_id="60"/>
  <agent start_id="78" goal_id="67"/>
  <agent start_id="36" goal_id="138"/>
  <agent start_id="13" goal_id="152"/>
  <agent start_id="89" goal_id="53"/>
  <agent start_id="75" goal_id="109"/>
  <agent start_id="0" goal_id="191"/>
  <agent start_id="143" goal_id="196"/>
  <agent start_id="160" goal_id="99"/>
  <agent start_id="60" goal_id="100"/>
  <agent start_id="15" goal_id="65"/>
  <agent start_id="118" goal_id="175"/>
  <agent start_id="192" goal_id="94"/>
  <agent start_id="124" goal_id="83"/>
  <agent start_id="196" goal_id="182"/>
  <agent start_id="199" goal_id="115"/>
  <agent start_id="180" goal_id="78"/>
  <agent start_id="46" goal_id="121"/>
  <agent start_id="50" goal_id="130"/>
  <agent start_id="34" goal_id="1"/>
  <agent start_id="173" goal_id="54"/>
  <agent start_id="135" goal_id="23"/>
  <agent start_id="140" goal_id="148"/>
  <agent start_id="63" goal_id="149"/>
  <agent start_id="68" goal_id="111"/>
  <agent start_id="55" goal_id="0"/>
  <agent start_id="32" goal_id="36"/>
  <agent start_id="81" goal_id="86"/>
  <agent start_id="142" goal_id="181"/>
  <agent start_id="128" goal_id="11"/>
  <agent start_id="185" goal_id="56"/>
  <agent start_id="117" goal_id="96"/>
  <agent start_id="97" goal_id="22"/>
  <agent start_id="103" goal_id="18"/>
  <agent start_id="176" goal_id="144"/>
  <agent start_id="43" goal_id="179"/>
  <agent start_id="62" goal_id="113"/>
  <agent start_id="112" goal_id="134"/>
  <agent start_id="52" goal_id="116"/>
  <agent start_id="178" goal_id="172"/>
  <agent start_id="159" goal_id="159"/>
  <agent start_id="154" goal_id="69"/>
</root>
