<?xml version="1.0" ?>
<root>
  <agent start_id="76" goal_id="146"/>
  <agent start_id="62" goal_id="56"/>
  <agent start_id="194" goal_id="36"/>
  <agent start_id="28" goal_id="6"/>
  <agent start_id="96" goal_id="9"/>
  <agent start_id="9" goal_id="196"/>
  <agent start_id="45" goal_id="94"/>
  <agent start_id="20" goal_id="16"/>
  <agent start_id="172" goal_id="45"/>
  <agent start_id="68" goal_id="103"/>
  <agent start_id="3" goal_id="135"/>
  <agent start_id="18" goal_id="27"/>
  <agent start_id="118" goal_id="134"/>
  <agent start_id="58" goal_id="98"/>
  <agent start_id="127" goal_id="21"/>
  <agent start_id="168" goal_id="35"/>
  <agent start_id="89" goal_id="73"/>
  <agent start_id="130" goal_id="33"/>
  <agent start_id="113" goal_id="81"/>
  <agent start_id="160" goal_id="101"/>
  <agent start_id="122" goal_id="136"/>
  <agent start_id="177" goal_id="156"/>
  <agent start_id="85" goal_id="58"/>
  <agent start_id="156" goal_id="153"/>
  <agent start_id="13" goal_id="165"/>
  <agent start_id="110" goal_id="192"/>
  <agent start_id="161" goal_id="59"/>
  <agent start_id="75" goal_id="110"/>
  <agent start_id="188" goal_id="84"/>
  <agent start_id="144" goal_id="138"/>
  <agent start_id="120" goal_id="177"/>
  <agent start_id="52" goal_id="124"/>
  <agent start_id="131" goal_id="109"/>
  <agent start_id="1" goal_id="189"/>
  <agent start_id="178" goal_id="43"/>
  <agent start_id="17" goal_id="34"/>
  <agent start_id="193" goal_id="170"/>
  <agent start_id="11" goal_id="123"/>
  <agent start_id="151" goal_id="3"/>
  <agent start_id="61" goal_id="120"/>
  <agent start_id="108" goal_id="144"/>
  <agent start_id="71" goal_id="93"/>
  <agent start_id="66" goal_id="48"/>
  <agent start_id="0" goal_id="194"/>
  <agent start_id="92" goal_id="178"/>
  <agent start_id="186" goal_id="176"/>
  <agent start_id="44" goal_id="52"/>
  <agent start_id="183" goal_id="25"/>
  <agent start_id="115" goal_id="87"/>
  <agent start_id="109" goal_id="162"/>
</root>
