<?xml version="1.0" ?>
<root>
  <agent start_id="17" goal_id="121"/>
  <agent start_id="165" goal_id="146"/>
  <agent start_id="20" goal_id="151"/>
  <agent start_id="130" goal_id="181"/>
  <agent start_id="161" goal_id="162"/>
  <agent start_id="106" goal_id="129"/>
  <agent start_id="4" goal_id="95"/>
  <agent start_id="156" goal_id="10"/>
  <agent start_id="42" goal_id="38"/>
  <agent start_id="134" goal_id="131"/>
  <agent start_id="74" goal_id="25"/>
  <agent start_id="76" goal_id="71"/>
  <agent start_id="69" goal_id="176"/>
  <agent start_id="93" goal_id="112"/>
  <agent start_id="194" goal_id="92"/>
  <agent start_id="173" goal_id="43"/>
  <agent start_id="146" goal_id="119"/>
  <agent start_id="196" goal_id="62"/>
  <agent start_id="43" goal_id="63"/>
  <agent start_id="19" goal_id="150"/>
  <agent start_id="137" goal_id="141"/>
  <agent start_id="56" goal_id="48"/>
  <agent start_id="178" goal_id="67"/>
  <agent start_id="28" goal_id="168"/>
  <agent start_id="97" goal_id="154"/>
  <agent start_id="100" goal_id="142"/>
  <agent start_id="112" goal_id="143"/>
  <agent start_id="174" goal_id="160"/>
  <agent start_id="138" goal_id="132"/>
  <agent start_id="123" goal_id="28"/>
  <agent start_id="45" goal_id="79"/>
  <agent start_id="132" goal_id="76"/>
  <agent start_id="142" goal_id="106"/>
  <agent start_id="41" goal_id="6"/>
  <agent start_id="183" goal_id="65"/>
  <agent start_id="180" goal_id="44"/>
  <agent start_id="135" goal_id="66"/>
  <agent start_id="104" goal_id="118"/>
  <agent start_id="48" goal_id="97"/>
  <agent start_id="67" goal_id="155"/>
  <agent start_id="181" goal_id="107"/>
  <agent start_id="148" goal_id="173"/>
  <agent start_id="151" goal_id="85"/>
  <agent start_id="88" goal_id="187"/>
  <agent start_id="188" goal_id="109"/>
  <agent start_id="71" goal_id="103"/>
  <agent start_id="13" goal_id="93"/>
  <agent start_id="102" goal_id="17"/>
  <agent start_id="149" goal_id="13"/>
  <agent start_id="187" goal_id="18"/>
</root>
