<?xml version="1.0" ?>
<root>
  <agent start_id="2" goal_id="194"/>
  <agent start_id="110" goal_id="179"/>
  <agent start_id="77" goal_id="117"/>
  <agent start_id="79" goal_id="162"/>
  <agent start_id="97" goal_id="141"/>
  <agent start_id="161" goal_id="68"/>
  <agent start_id="145" goal_id="114"/>
  <agent start_id="37" goal_id="159"/>
  <agent start_id="124" goal_id="89"/>
  <agent start_id="4" goal_id="91"/>
  <agent start_id="152" goal_id="14"/>
  <agent start_id="172" goal_id="155"/>
  <agent start_id="34" goal_id="126"/>
  <agent start_id="166" goal_id="90"/>
  <agent start_id="56" goal_id="93"/>
  <agent start_id="30" goal_id="58"/>
  <agent start_id="23" goal_id="174"/>
  <agent start_id="116" goal_id="129"/>
  <agent start_id="41" goal_id="169"/>
  <agent start_id="183" goal_id="187"/>
  <agent start_id="135" goal_id="196"/>
  <agent start_id="131" goal_id="8"/>
  <agent start_id="121" goal_id="60"/>
  <agent start_id="187" goal_id="153"/>
  <agent start_id="192" goal_id="173"/>
  <agent start_id="84" goal_id="1"/>
  <agent start_id="157" goal_id="3"/>
  <agent start_id="118" goal_id="76"/>
  <agent start_id="81" goal_id="143"/>
  <agent start_id="146" goal_id="45"/>
  <agent start_id="76" goal_id="22"/>
  <agent start_id="8" goal_id="103"/>
  <agent start_id="13" goal_id="166"/>
  <agent start_id="91" goal_id="118"/>
  <agent start_id="171" goal_id="145"/>
  <agent start_id="188" goal_id="94"/>
  <agent start_id="197" goal_id="53"/>
  <agent start_id="14" goal_id="18"/>
  <agent start_id="67" goal_id="32"/>
  <agent start_id="176" goal_id="43"/>
  <agent start_id="72" goal_id="12"/>
  <agent start_id="69" goal_id="41"/>
  <agent start_id="27" goal_id="35"/>
  <agent start_id="46" goal_id="42"/>
  <agent start_id="129" goal_id="0"/>
  <agent start_id="175" goal_id="24"/>
  <agent start_id="113" goal_id="180"/>
  <agent start_id="64" goal_id="69"/>
  <agent start_id="44" goal_id="64"/>
  <agent start_id="100" goal_id="160"/>
</root>
