<?xml version="1.0" ?>
<root>
  <agent start_id="112" goal_id="157"/>
  <agent start_id="180" goal_id="65"/>
  <agent start_id="162" goal_id="143"/>
  <agent start_id="121" goal_id="51"/>
  <agent start_id="181" goal_id="177"/>
  <agent start_id="35" goal_id="106"/>
  <agent start_id="21" goal_id="132"/>
  <agent start_id="149" goal_id="111"/>
  <agent start_id="75" goal_id="57"/>
  <agent start_id="68" goal_id="47"/>
  <agent start_id="41" goal_id="90"/>
  <agent start_id="135" goal_id="193"/>
  <agent start_id="161" goal_id="139"/>
  <agent start_id="15" goal_id="102"/>
  <agent start_id="83" goal_id="169"/>
  <agent start_id="110" goal_id="178"/>
  <agent start_id="37" goal_id="19"/>
  <agent start_id="114" goal_id="85"/>
  <agent start_id="172" goal_id="118"/>
  <agent start_id="49" goal_id="29"/>
  <agent start_id="148" goal_id="45"/>
  <agent start_id="9" goal_id="103"/>
  <agent start_id="119" goal_id="64"/>
  <agent start_id="116" goal_id="121"/>
  <agent start_id="109" goal_id="50"/>
  <agent start_id="59" goal_id="182"/>
  <agent start_id="78" goal_id="42"/>
  <agent start_id="120" goal_id="48"/>
  <agent start_id="3" goal_id="25"/>
  <agent start_id="189" goal_id="21"/>
  <agent start_id="138" goal_id="171"/>
  <agent start_id="13" goal_id="123"/>
  <agent start_id="160" goal_id="26"/>
  <agent start_id="171" goal_id="165"/>
  <agent start_id="72" goal_id="14"/>
  <agent start_id="39" goal_id="16"/>
  <agent start_id="178" goal_id="114"/>
  <agent start_id="74" goal_id="107"/>
  <agent start_id="157" goal_id="125"/>
  <agent start_id="26" goal_id="9"/>
  <agent start_id="4" goal_id="88"/>
  <agent start_id="34" goal_id="75"/>
  <agent start_id="22" goal_id="119"/>
  <agent start_id="86" goal_id="190"/>
  <agent start_id="158" goal_id="55"/>
  <agent start_id="93" goal_id="4"/>
  <agent start_id="147" goal_id="135"/>
  <agent start_id="73" goal_id="148"/>
  <agent start_id="89" goal_id="136"/>
  <agent start_id="146" goal_id="160"/>
</root>
