<?xml version="1.0" ?>
<root>
  <agent start_id="27" goal_id="195"/>
  <agent start_id="1" goal_id="17"/>
  <agent start_id="195" goal_id="88"/>
  <agent start_id="149" goal_id="194"/>
  <agent start_id="13" goal_id="130"/>
  <agent start_id="68" goal_id="138"/>
  <agent start_id="19" goal_id="187"/>
  <agent start_id="146" goal_id="167"/>
  <agent start_id="87" goal_id="104"/>
  <agent start_id="169" goal_id="13"/>
  <agent start_id="17" goal_id="31"/>
  <agent start_id="132" goal_id="45"/>
  <agent start_id="108" goal_id="111"/>
  <agent start_id="178" goal_id="80"/>
  <agent start_id="50" goal_id="188"/>
  <agent start_id="107" goal_id="180"/>
  <agent start_id="79" goal_id="181"/>
  <agent start_id="100" goal_id="121"/>
  <agent start_id="32" goal_id="151"/>
  <agent start_id="47" goal_id="112"/>
  <agent start_id="181" goal_id="125"/>
  <agent start_id="60" goal_id="92"/>
  <agent start_id="143" goal_id="21"/>
  <agent start_id="61" goal_id="26"/>
  <agent start_id="37" goal_id="27"/>
  <agent start_id="147" goal_id="127"/>
  <agent start_id="34" goal_id="141"/>
  <agent start_id="25" goal_id="50"/>
  <agent start_id="93" goal_id="150"/>
  <agent start_id="197" goal_id="117"/>
  <agent start_id="89" goal_id="87"/>
  <agent start_id="194" goal_id="98"/>
  <agent start_id="41" goal_id="136"/>
  <agent start_id="158" goal_id="79"/>
  <agent start_id="49" goal_id="114"/>
  <agent start_id="166" goal_id="145"/>
  <agent start_id="90" goal_id="118"/>
  <agent start_id="7" goal_id="66"/>
  <agent start_id="142" goal_id="3"/>
  <agent start_id="105" goal_id="173"/>
  <agent start_id="187" goal_id="56"/>
  <agent start_id="121" goal_id="198"/>
  <agent start_id="14" goal_id="90"/>
  <agent start_id="3" goal_id="184"/>
  <agent start_id="193" goal_id="158"/>
  <agent start_id="140" goal_id="49"/>
  <agent start_id="176" goal_id="96"/>
  <agent start_id="119" goal_id="15"/>
  <agent start_id="51" goal_id="140"/>
  <agent start_id="22" goal_id="163"/>
</root>
