<?xml version="1.0" ?>
<root>
  <agent start_id="100" goal_id="192"/>
  <agent start_id="55" goal_id="136"/>
  <agent start_id="137" goal_id="81"/>
  <agent start_id="149" goal_id="187"/>
  <agent start_id="2" goal_id="7"/>
  <agent start_id="53" goal_id="4"/>
  <agent start_id="79" goal_id="54"/>
  <agent start_id="102" goal_id="27"/>
  <agent start_id="65" goal_id="157"/>
  <agent start_id="110" goal_id="138"/>
  <agent start_id="140" goal_id="94"/>
  <agent start_id="94" goal_id="129"/>
  <agent start_id="35" goal_id="146"/>
  <agent start_id="19" goal_id="189"/>
  <agent start_id="125" goal_id="190"/>
  <agent start_id="164" goal_id="37"/>
  <agent start_id="179" goal_id="77"/>
  <agent start_id="62" goal_id="91"/>
  <agent start_id="87" goal_id="73"/>
  <agent start_id="22" goal_id="191"/>
  <agent start_id="180" goal_id="105"/>
  <agent start_id="67" goal_id="144"/>
  <agent start_id="60" goal_id="79"/>
  <agent start_id="154" goal_id="82"/>
  <agent start_id="44" goal_id="21"/>
  <agent start_id="84" goal_id="185"/>
  <agent start_id="86" goal_id="175"/>
  <agent start_id="7" goal_id="181"/>
  <agent start_id="111" goal_id="89"/>
  <agent start_id="123" goal_id="107"/>
  <agent start_id="5" goal_id="44"/>
  <agent start_id="77" goal_id="180"/>
  <agent start_id="54" goal_id="9"/>
  <agent start_id="74" goal_id="23"/>
  <agent start_id="9" goal_id="150"/>
  <agent start_id="168" goal_id="90"/>
  <agent start_id="49" goal_id="66"/>
  <agent start_id="68" goal_id="183"/>
  <agent start_id="18" goal_id="29"/>
  <agent start_id="14" goal_id="8"/>
  <agent start_id="151" goal_id="1"/>
  <agent start_id="38" goal_id="159"/>
  <agent start_id="153" goal_id="14"/>
  <agent start_id="116" goal_id="68"/>
  <agent start_id="85" goal_id="108"/>
  <agent start_id="161" goal_id="104"/>
  <agent start_id="26" goal_id="30"/>
  <agent start_id="198" goal_id="39"/>
  <agent start_id="120" goal_id="173"/>
  <agent start_id="119" goal_id="134"/>
</root>
