<?xml version="1.0" ?>
<root>
  <agent start_id="86" goal_id="116"/>
  <agent start_id="141" goal_id="89"/>
  <agent start_id="136" goal_id="167"/>
  <agent start_id="126" goal_id="5"/>
  <agent start_id="79" goal_id="137"/>
  <agent start_id="48" goal_id="66"/>
  <agent start_id="34" goal_id="142"/>
  <agent start_id="99" goal_id="1"/>
  <agent start_id="83" goal_id="26"/>
  <agent start_id="198" goal_id="103"/>
  <agent start_id="15" goal_id="150"/>
  <agent start_id="132" goal_id="174"/>
  <agent start_id="134" goal_id="117"/>
  <agent start_id="56" goal_id="94"/>
  <agent start_id="115" goal_id="130"/>
  <agent start_id="31" goal_id="11"/>
  <agent start_id="46" goal_id="21"/>
  <agent start_id="124" goal_id="186"/>
  <agent start_id="150" goal_id="180"/>
  <agent start_id="67" goal_id="189"/>
  <agent start_id="96" goal_id="40"/>
  <agent start_id="140" goal_id="196"/>
  <agent start_id="158" goal_id="192"/>
  <agent start_id="8" goal_id="85"/>
  <agent start_id="176" goal_id="120"/>
  <agent start_id="68" goal_id="44"/>
  <agent start_id="183" goal_id="131"/>
  <agent start_id="165" goal_id="155"/>
  <agent start_id="104" goal_id="56"/>
  <agent start_id="102" goal_id="74"/>
  <agent start_id="40" goal_id="46"/>
  <agent start_id="199" goal_id="99"/>
  <agent start_id="190" goal_id="17"/>
  <agent start_id="131" goal_id="8"/>
  <agent start_id="47" goal_id="32"/>
  <agent start_id="118" goal_id="165"/>
  <agent start_id="62" goal_id="86"/>
  <agent start_id="182" goal_id="109"/>
  <agent start_id="145" goal_id="125"/>
  <agent start_id="26" goal_id="133"/>
  <agent start_id="20" goal_id="53"/>
  <agent start_id="50" goal_id="119"/>
  <agent start_id="5" goal_id="50"/>
  <agent start_id="45" goal_id="84"/>
  <agent start_id="110" goal_id="12"/>
  <agent start_id="163" goal_id="146"/>
  <agent start_id="153" goal_id="79"/>
  <agent start_id="21" goal_id="181"/>
  <agent start_id="58" goal_id="33"/>
  <agent start_id="192" goal_id="123"/>
</root>
