<?xml version="1.0" ?>
<root>
  <agent start_id="34" goal_id="67"/>
  <agent start_id="84" goal_id="133"/>
  <agent start_id="54" goal_id="121"/>
  <agent start_id="44" goal_id="86"/>
  <agent start_id="108" goal_id="141"/>
  <agent start_id="39" goal_id="2"/>
  <agent start_id="70" goal_id="75"/>
  <agent start_id="49" goal_id="123"/>
  <agent start_id="102" goal_id="132"/>
  <agent start_id="98" goal_id="41"/>
  <agent start_id="169" goal_id="109"/>
  <agent start_id="135" goal_id="57"/>
  <agent start_id="196" goal_id="59"/>
  <agent start_id="25" goal_id="39"/>
  <agent start_id="189" goal_id="50"/>
  <agent start_id="60" goal_id="1"/>
  <agent start_id="6" goal_id="196"/>
  <agent start_id="146" goal_id="195"/>
  <agent start_id="160" goal_id="25"/>
  <agent start_id="21" goal_id="160"/>
  <agent start_id="179" goal_id="163"/>
  <agent start_id="119" goal_id="119"/>
  <agent start_id="38" goal_id="82"/>
  <agent start_id="96" goal_id="120"/>
  <agent start_id="125" goal_id="150"/>
  <agent start_id="168" goal_id="188"/>
  <agent start_id="148" goal_id="122"/>
  <agent start_id="12" goal_id="186"/>
  <agent start_id="117" goal_id="44"/>
  <agent start_id="111" goal_id="6"/>
  <agent start_id="20" goal_id="61"/>
  <agent start_id="56" goal_id="40"/>
  <agent start_id="191" goal_id="106"/>
  <agent start_id="43" goal_id="144"/>
  <agent start_id="1" goal_id="31"/>
  <agent start_id="114" goal_id="71"/>
  <agent start_id="132" goal_id="20"/>
  <agent start_id="45" goal_id="167"/>
  <agent start_id="106" goal_id="112"/>
  <agent start_id="157" goal_id="48"/>
  <agent start_id="109" goal_id="63"/>
  <agent start_id="88" goal_id="118"/>
  <agent start_id="53" goal_id="47"/>
  <agent start_id="29" goal_id="170"/>
  <agent start_id="63" goal_id="134"/>
  <agent start_id="142" goal_id="117"/>
  <agent start_id="86" goal_id="35"/>
  <agent start_id="71" goal_id="108"/>
  <agent start_id="173" goal_id="12"/>
  <agent start_id="175" goal_id="115"/>
</root>
