<?xml version="1.0" ?>
<root>
  <agent start_id="1" goal_id="21"/>
  <agent start_id="33" goal_id="80"/>
  <agent start_id="5" goal_id="179"/>
  <agent start_id="104" goal_id="52"/>
  <agent start_id="142" goal_id="6"/>
  <agent start_id="180" goal_id="84"/>
  <agent start_id="98" goal_id="64"/>
  <agent start_id="73" goal_id="45"/>
  <agent start_id="82" goal_id="95"/>
  <agent start_id="136" goal_id="150"/>
  <agent start_id="85" goal_id="141"/>
  <agent start_id="195" goal_id="27"/>
  <agent start_id="194" goal_id="145"/>
  <agent start_id="94" goal_id="169"/>
  <agent start_id="117" goal_id="173"/>
  <agent start_id="99" goal_id="143"/>
  <agent start_id="2" goal_id="48"/>
  <agent start_id="122" goal_id="19"/>
  <agent start_id="198" goal_id="56"/>
  <agent start_id="30" goal_id="59"/>
  <agent start_id="46" goal_id="18"/>
  <agent start_id="8" goal_id="78"/>
  <agent start_id="43" goal_id="102"/>
  <agent start_id="123" goal_id="132"/>
  <agent start_id="63" goal_id="114"/>
  <agent start_id="192" goal_id="172"/>
  <agent start_id="167" goal_id="96"/>
  <agent start_id="147" goal_id="38"/>
  <agent start_id="91" goal_id="185"/>
  <agent start_id="58" goal_id="61"/>
  <agent start_id="52" goal_id="69"/>
  <agent start_id="7" goal_id="4"/>
  <agent start_id="107" goal_id="177"/>
  <agent start_id="159" goal_id="139"/>
  <agent start_id="28" goal_id="46"/>
  <agent start_id="110" goal_id="117"/>
  <agent start_id="158" goal_id="147"/>
  <agent start_id="183" goal_id="130"/>
  <agent start_id="181" goal_id="154"/>
  <agent start_id="22" goal_id="29"/>
  <agent start_id="134" goal_id="176"/>
  <agent start_id="50" goal_id="113"/>
  <agent start_id="45" goal_id="11"/>
  <agent start_id="144" goal_id="66"/>
  <agent start_id="108" goal_id="85"/>
  <agent start_id="75" goal_id="25"/>
  <agent start_id="11" goal_id="191"/>
  <agent start_id="96" goal_id="156"/>
  <agent start_id="137" goal_id="184"/>
  <agent start_id="90" goal_id="14"/>
</root>
