<?xml version="1.0" ?>
<root>
  <agent start_id="158" goal_id="20"/>
  <agent start_id="146" goal_id="144"/>
  <agent start_id="79" goal_id="185"/>
  <agent start_id="123" goal_id="99"/>
  <agent start_id="95" goal_id="160"/>
  <agent start_id="132" goal_id="161"/>
  <agent start_id="23" goal_id="88"/>
  <agent start_id="51" goal_id="82"/>
  <agent start_id="149" goal_id="50"/>
  <agent start_id="50" goal_id="66"/>
  <agent start_id="183" goal_id="121"/>
  <agent start_id="175" goal_id="114"/>
  <agent start_id="17" goal_id="113"/>
  <agent start_id="65" goal_id="81"/>
  <agent start_id="128" goal_id="53"/>
  <agent start_id="140" goal_id="166"/>
  <agent start_id="124" goal_id="100"/>
  <agent start_id="97" goal_id="70"/>
  <agent start_id="170" goal_id="106"/>
  <agent start_id="29" goal_id="136"/>
  <agent start_id="81" goal_id="47"/>
  <agent start_id="115" goal_id="29"/>
  <agent start_id="103" goal_id="63"/>
  <agent start_id="46" goal_id="18"/>
  <agent start_id="195" goal_id="41"/>
  <agent start_id="197" goal_id="189"/>
  <agent start_id="188" goal_id="182"/>
  <agent start_id="106" goal_id="112"/>
  <agent start_id="105" goal_id="129"/>
  <agent start_id="67" goal_id="147"/>
  <agent start_id="69" goal_id="78"/>
  <agent start_id="165" goal_id="195"/>
  <agent start_id="59" goal_id="105"/>
  <agent start_id="190" goal_id="75"/>
  <agent start_id="13" goal_id="138"/>
  <agent start_id="73" goal_id="11"/>
  <agent start_id="157" goal_id="146"/>
  <agent start_id="83" goal_id="85"/>
  <agent start_id="181" goal_id="76"/>
  <agent start_id="39" goal_id="87"/>
  <agent start_id="4" goal_id="109"/>
  <agent start_id="174" goal_id="176"/>
  <agent start_id="179" goal_id="97"/>
  <agent start_id="110" goal_id="21"/>
  <agent start_id="55" goal_id="74"/>
  <agent start_id="113" goal_id="31"/>
  <agent start_id="142" goal_id="39"/>
  <agent start_id="86" goal_id="16"/>
  <agent start_id="178" goal_id="131"/>
  <agent start_id="70" goal_id="108"/>
</root>
