<?xml version="1.0" ?>
<root>
  <agent start_id="4" goal_id="80"/>
  <agent start_id="155" goal_id="13"/>
  <agent start_id="195" goal_id="150"/>
  <agent start_id="94" goal_id="45"/>
  <agent start_id="60" goal_id="26"/>
  <agent start_id="111" goal_id="188"/>
  <agent start_id="179" goal_id="172"/>
  <agent start_id="112" goal_id="49"/>
  <agent start_id="52" goal_id="72"/>
  <agent start_id="105" goal_id="106"/>
  <agent start_id="37" goal_id="28"/>
  <agent start_id="185" goal_id="98"/>
  <agent start_id="133" goal_id="108"/>
  <agent start_id="114" goal_id="194"/>
  <agent start_id="178" goal_id="57"/>
  <agent start_id="180" goal_id="160"/>
  <agent start_id="99" goal_id="74"/>
  <agent start_id="62" goal_id="75"/>
  <agent start_id="43" goal_id="197"/>
  <agent start_id="147" goal_id="122"/>
  <agent start_id="122" goal_id="90"/>
  <agent start_id="30" goal_id="42"/>
  <agent start_id="118" goal_id="127"/>
  <agent start_id="70" goal_id="116"/>
  <agent start_id="186" goal_id="54"/>
  <agent start_id="47" goal_id="88"/>
  <agent start_id="10" goal_id="163"/>
  <agent start_id="82" goal_id="187"/>
  <agent start_id="159" goal_id="121"/>
  <agent start_id="101" goal_id="156"/>
  <agent start_id="26" goal_id="145"/>
  <agent start_id="124" goal_id="103"/>
  <agent start_id="56" goal_id="76"/>
  <agent start_id="181" goal_id="58"/>
  <agent start_id="14" goal_id="198"/>
  <agent start_id="168" goal_id="142"/>
  <agent start_id="97" goal_id="174"/>
  <agent start_id="16" goal_id="135"/>
  <agent start_id="90" goal_id="85"/>
  <agent start_id="166" goal_id="97"/>
  <agent start_id="109" goal_id="131"/>
  <agent start_id="15" goal_id="111"/>
  <agent start_id="48" goal_id="191"/>
  <agent start_id="74" goal_id="69"/>
  <agent start_id="173" goal_id="27"/>
  <agent start_id="39" goal_id="180"/>
  <agent start_id="63" goal_id="186"/>
  <agent start_id="192" goal_id="162"/>
  <agent start_id="6" goal_id="138"/>
  <agent start_id="12" goal_id="173"/>
</root>
