<?xml version="1.0" ?>
<root>
  <agent start_id="199" goal_id="83"/>
  <agent start_id="0" goal_id="9"/>
  <agent start_id="169" goal_id="56"/>
  <agent start_id="174" goal_id="4"/>
  <agent start_id="112" goal_id="95"/>
  <agent start_id="178" goal_id="85"/>
  <agent start_id="197" goal_id="173"/>
  <agent start_id="80" goal_id="42"/>
  <agent start_id="3" goal_id="73"/>
  <agent start_id="162" goal_id="148"/>
  <agent start_id="98" goal_id="33"/>
  <agent start_id="47" goal_id="16"/>
  <agent start_id="61" goal_id="14"/>
  <agent start_id="195" goal_id="59"/>
  <agent start_id="150" goal_id="90"/>
  <agent start_id="32" goal_id="144"/>
  <agent start_id="82" goal_id="80"/>
  <agent start_id="107" goal_id="50"/>
  <agent start_id="168" goal_id="19"/>
  <agent start_id="13" goal_id="45"/>
  <agent start_id="102" goal_id="195"/>
  <agent start_id="2" goal_id="70"/>
  <agent start_id="83" goal_id="135"/>
  <agent start_id="164" goal_id="96"/>
  <agent start_id="187" goal_id="34"/>
  <agent start_id="75" goal_id="100"/>
  <agent start_id="37" goal_id="102"/>
  <agent start_id="86" goal_id="181"/>
  <agent start_id="11" goal_id="130"/>
  <agent start_id="132" goal_id="117"/>
  <agent start_id="70" goal_id="165"/>
  <agent start_id="116" goal_id="169"/>
  <agent start_id="180" goal_id="192"/>
  <agent start_id="35" goal_id="114"/>
  <agent start_id="118" goal_id="65"/>
  <agent start_id="24" goal_id="106"/>
  <agent start_id="36" goal_id="156"/>
  <agent start_id="87" goal_id="66"/>
  <agent start_id="122" goal_id="39"/>
  <agent start_id="136" goal_id="178"/>
  <agent start_id="18" goal_id="121"/>
  <agent start_id="66" goal_id="161"/>
  <agent start_id="171" goal_id="123"/>
  <agent start_id="198" goal_id="125"/>
  <agent start_id="85" goal_id="150"/>
  <agent start_id="74" goal_id="158"/>
  <agent start_id="30" goal_id="172"/>
  <agent start_id="124" goal_id="111"/>
  <agent start_id="49" goal_id="63"/>
  <agent start_id="58" goal_id="109"/>
</root>
