<?xml version="1.0" ?>
<root>
  <agent start_id="76" goal_id="20"/>
  <agent start_id="148" goal_id="106"/>
  <agent start_id="120" goal_id="103"/>
  <agent start_id="8" goal_id="8"/>
  <agent start_id="62" goal_id="51"/>
  <agent start_id="73" goal_id="81"/>
  <agent start_id="174" goal_id="86"/>
  <agent start_id="58" goal_id="196"/>
  <agent start_id="127" goal_id="95"/>
  <agent start_id="163" goal_id="147"/>
  <agent start_id="88" goal_id="25"/>
  <agent start_id="143" goal_id="92"/>
  <agent start_id="132" goal_id="114"/>
  <agent start_id="184" goal_id="17"/>
  <agent start_id="166" goal_id="135"/>
  <agent start_id="85" goal_id="110"/>
  <agent start_id="31" goal_id="138"/>
  <agent start_id="176" goal_id="168"/>
  <agent start_id="172" goal_id="192"/>
  <agent start_id="107" goal_id="61"/>
  <agent start_id="133" goal_id="169"/>
  <agent start_id="195" goal_id="186"/>
  <agent start_id="81" goal_id="177"/>
  <agent start_id="78" goal_id="188"/>
  <agent start_id="82" goal_id="116"/>
  <agent start_id="160" goal_id="4"/>
  <agent start_id="197" goal_id="151"/>
  <agent start_id="86" goal_id="78"/>
  <agent start_id="155" goal_id="102"/>
  <agent start_id="29" goal_id="9"/>
  <agent start_id="186" goal_id="124"/>
  <agent start_id="26" goal_id="63"/>
  <agent start_id="54" goal_id="172"/>
  <agent start_id="117" goal_id="85"/>
  <agent start_id="60" goal_id="34"/>
  <agent start_id="99" goal_id="83"/>
  <agent start_id="43" goal_id="88"/>
  <agent start_id="39" goal_id="163"/>
  <agent start_id="169" goal_id="190"/>
  <agent start_id="141" goal_id="133"/>
  <agent start_id="191" goal_id="141"/>
  <agent start_id="180" goal_id="87"/>
  <agent start_id="32" goal_id="130"/>
  <agent start_id="14" goal_id="111"/>
  <agent start_id="179" goal_id="154"/>
  <agent start_id="153" goal_id="64"/>
  <agent start_id="63" goal_id="70"/>
  <agent start_id="136" goal_id="127"/>
  <agent start_id="108" goal_id="66"/>
  <agent start_id="157" goal_id="46"/>
</root>
