<?xml version="1.0" ?>
<root>
  <agent start_id="69" goal_id="142"/>
  <agent start_id="8" goal_id="19"/>
  <agent start_id="154" goal_id="46"/>
  <agent start_id="114" goal_id="117"/>
  <agent start_id="187" goal_id="83"/>
  <agent start_id="181" goal_id="101"/>
  <agent start_id="10" goal_id="56"/>
  <agent start_id="199" goal_id="98"/>
  <agent start_id="72" goal_id="155"/>
  <agent start_id="32" goal_id="89"/>
  <agent start_id="80" goal_id="55"/>
  <agent start_id="36" goal_id="43"/>
  <agent start_id="128" goal_id="91"/>
  <agent start_id="113" goal_id="145"/>
  <agent start_id="106" goal_id="113"/>
  <agent start_id="149" goal_id="105"/>
  <agent start_id="2" goal_id="196"/>
  <agent start_id="96" goal_id="17"/>
  <agent start_id="190" goal_id="150"/>
  <agent start_id="179" goal_id="165"/>
  <agent start_id="49" goal_id="51"/>
  <agent start_id="143" goal_id="153"/>
  <agent start_id="163" goal_id="125"/>
  <agent start_id="33" goal_id="139"/>
  <agent start_id="46" goal_id="80"/>
  <agent start_id="116" goal_id="76"/>
  <agent start_id="18" goal_id="189"/>
  <agent start_id="84" goal_id="124"/>
  <agent start_id="121" goal_id="79"/>
  <agent start_id="118" goal_id="30"/>
  <agent start_id="139" goal_id="6"/>
  <agent start_id="122" goal_id="157"/>
  <agent start_id="161" goal_id="2"/>
  <agent start_id="94" goal_id="118"/>
  <agent start_id="74" goal_id="70"/>
  <agent start_id="98" goal_id="27"/>
  <agent start_id="95" goal_id="109"/>
  <agent start_id="102" goal_id="163"/>
  <agent start_id="172" goal_id="102"/>
  <agent start_id="177" goal_id="171"/>
  <agent start_id="75" goal_id="128"/>
  <agent start_id="31" goal_id="190"/>
  <agent start_id="186" goal_id="50"/>
  <agent start_id="189" goal_id="73"/>
  <agent start_id="198" goal_id="108"/>
  <agent start_id="37" goal_id="114"/>
  <agent start_id="7" goal_id="185"/>
  <agent start_id="90" goal_id="21"/>
  <agent start_id="63" goal_id="106"/>
  <agent start_id="91" goal_id="174"/>
</root>
