<?xml version="1.0" ?>
<root>
  <agent start_id="119" goal_id="130"/>
  <agent start_id="49" goal_id="28"/>
  <agent start_id="77" goal_id="194"/>
  <agent start_id="36" goal_id="8"/>
  <agent start_id="197" goal_id="73"/>
  <agent start_id="189" goal_id="44"/>
  <agent start_id="196" goal_id="40"/>
  <agent start_id="39" goal_id="88"/>
  <agent start_id="17" goal_id="118"/>
  <agent start_id="137" goal_id="22"/>
  <agent start_id="131" goal_id="155"/>
  <agent start_id="141" goal_id="142"/>
  <agent start_id="109" goal_id="82"/>
  <agent start_id="146" goal_id="124"/>
  <agent start_id="47" goal_id="121"/>
  <agent start_id="194" goal_id="109"/>
  <agent start_id="184" goal_id="147"/>
  <agent start_id="62" goal_id="26"/>
  <agent start_id="158" goal_id="177"/>
  <agent start_id="130" goal_id="104"/>
  <agent start_id="74" goal_id="146"/>
  <agent start_id="113" goal_id="78"/>
  <agent start_id="72" goal_id="153"/>
  <agent start_id="31" goal_id="120"/>
  <agent start_id="114" goal_id="56"/>
  <agent start_id="126" goal_id="23"/>
  <agent start_id="181" goal_id="58"/>
  <agent start_id="64" goal_id="111"/>
  <agent start_id="22" goal_id="100"/>
  <agent start_id="59" goal_id="67"/>
  <agent start_id="10" goal_id="188"/>
  <agent start_id="176" goal_id="18"/>
  <agent start_id="180" goal_id="196"/>
  <agent start_id="191" goal_id="133"/>
  <agent start_id="15" goal_id="41"/>
  <agent start_id="174" goal_id="161"/>
  <agent start_id="34" goal_id="114"/>
  <agent start_id="192" goal_id="176"/>
  <agent start_id="81" goal_id="54"/>
  <agent start_id="50" goal_id="136"/>
  <agent start_id="195" goal_id="50"/>
  <agent start_id="45" goal_id="113"/>
  <agent start_id="97" goal_id="89"/>
  <agent start_id="29" goal_id="61"/>
  <agent start_id="40" goal_id="87"/>
  <agent start_id="92" goal_id="0"/>
  <agent start_id="122" goal_id="6"/>
  <agent start_id="1" goal_id="157"/>
  <agent start_id="161" goal_id="158"/>
  <agent start_id="111" goal_id="169"/>
</root>
