<?xml version="1.0" ?>
<root>
  <agent start_id="68" goal_id="56"/>
  <agent start_id="150" goal_id="82"/>
  <agent start_id="98" goal_id="1"/>
  <agent start_id="198" goal_id="102"/>
  <agent start_id="181" goal_id="71"/>
  <agent start_id="85" goal_id="175"/>
  <agent start_id="188" goal_id="167"/>
  <agent start_id="157" goal_id="172"/>
  <agent start_id="73" goal_id="92"/>
  <agent start_id="167" goal_id="46"/>
  <agent start_id="99" goal_id="173"/>
  <agent start_id="31" goal_id="69"/>
  <agent start_id="146" goal_id="144"/>
  <agent start_id="193" goal_id="37"/>
  <agent start_id="81" goal_id="182"/>
  <agent start_id="161" goal_id="168"/>
  <agent start_id="115" goal_id="113"/>
  <agent start_id="100" goal_id="136"/>
  <agent start_id="32" goal_id="188"/>
  <agent start_id="39" goal_id="51"/>
  <agent start_id="155" goal_id="177"/>
  <agent start_id="27" goal_id="72"/>
  <agent start_id="86" goal_id="129"/>
  <agent start_id="43" goal_id="186"/>
  <agent start_id="29" goal_id="4"/>
  <agent start_id="117" goal_id="176"/>
  <agent start_id="64" goal_id="50"/>
  <agent start_id="67" goal_id="119"/>
  <agent start_id="50" goal_id="117"/>
  <agent start_id="139" goal_id="84"/>
  <agent start_id="46" goal_id="48"/>
  <agent start_id="195" goal_id="45"/>
  <agent start_id="189" goal_id="0"/>
  <agent start_id="173" goal_id="98"/>
  <agent start_id="162" goal_id="11"/>
  <agent start_id="183" goal_id="81"/>
  <agent start_id="134" goal_id="49"/>
  <agent start_id="6" goal_id="22"/>
  <agent start_id="77" goal_id="169"/>
  <agent start_id="112" goal_id="114"/>
  <agent start_id="55" goal_id="67"/>
  <agent start_id="20" goal_id="145"/>
  <agent start_id="13" goal_id="132"/>
  <agent start_id="58" goal_id="99"/>
  <agent start_id="18" goal_id="183"/>
  <agent start_id="168" goal_id="88"/>
  <agent start_id="48" goal_id="41"/>
  <agent start_id="7" goal_id="34"/>
  <agent start_id="156" goal_id="33"/>
  <agent start_id="184" goal_id="149"/>
</root>
