<?xml version="1.0" ?>
<root>
  <agent start_id="139" goal_id="198"/>
  <agent start_id="36" goal_id="121"/>
  <agent start_id="54" goal_id="36"/>
  <agent start_id="106" goal_id="124"/>
  <agent start_id="2" goal_id="189"/>
  <agent start_id="155" goal_id="90"/>
  <agent start_id="52" goal_id="125"/>
  <agent start_id="81" goal_id="156"/>
  <agent start_id="8" goal_id="76"/>
  <agent start_id="137" goal_id="127"/>
  <agent start_id="18" goal_id="177"/>
  <agent start_id="161" goal_id="23"/>
  <agent start_id="16" goal_id="170"/>
  <agent start_id="184" goal_id="191"/>
  <agent start_id="133" goal_id="182"/>
  <agent start_id="40" goal_id="86"/>
  <agent start_id="59" goal_id="129"/>
  <agent start_id="191" goal_id="155"/>
  <agent start_id="167" goal_id="34"/>
  <agent start_id="183" goal_id="39"/>
  <agent start_id="181" goal_id="9"/>
  <agent start_id="79" goal_id="92"/>
  <agent start_id="47" goal_id="24"/>
  <agent start_id="61" goal_id="51"/>
  <agent start_id="114" goal_id="18"/>
  <agent start_id="78" goal_id="168"/>
  <agent start_id="84" goal_id="97"/>
  <agent start_id="145" goal_id="102"/>
  <agent start_id="13" goal_id="5"/>
  <agent start_id="168" goal_id="193"/>
  <agent start_id="10" goal_id="108"/>
  <agent start_id="198" goal_id="15"/>
  <agent start_id="95" goal_id="53"/>
  <agent start_id="76" goal_id="165"/>
  <agent start_id="43" goal_id="12"/>
  <agent start_id="180" goal_id="137"/>
  <agent start_id="4" goal_id="85"/>
  <agent start_id="35" goal_id="142"/>
  <agent start_id="120" goal_id="110"/>
  <agent start_id="11" goal_id="159"/>
  <agent start_id="173" goal_id="107"/>
  <agent start_id="142" goal_id="103"/>
  <agent start_id="87" goal_id="71"/>
  <agent start_id="159" goal_id="99"/>
  <agent start_id="110" goal_id="169"/>
  <agent start_id="131" goal_id="180"/>
  <agent start_id="152" goal_id="194"/>
  <agent start_id="105" goal_id="131"/>
  <agent start_id="129" goal_id="42"/>
  <agent start_id="157" goal_id="67"/>
</root>
