<?xml version="1.0" ?>
<root>
  <agent start_id="44" goal_id="28"/>
  <agent start_id="25" goal_id="195"/>
  <agent start_id="54" goal_id="13"/>
  <agent start_id="193" goal_id="134"/>
  <agent start_id="21" goal_id="177"/>
  <agent start_id="141" goal_id="14"/>
  <agent start_id="123" goal_id="44"/>
  <agent start_id="18" goal_id="86"/>
  <agent start_id="95" goal_id="181"/>
  <agent start_id="77" goal_id="2"/>
  <agent start_id="52" goal_id="169"/>
  <agent start_id="173" goal_id="149"/>
  <agent start_id="166" goal_id="34"/>
  <agent start_id="68" goal_id="81"/>
  <agent start_id="128" goal_id="64"/>
  <agent start_id="139" goal_id="117"/>
  <agent start_id="41" goal_id="132"/>
  <agent start_id="84" goal_id="63"/>
  <agent start_id="183" goal_id="166"/>
  <agent start_id="151" goal_id="25"/>
  <agent start_id="134" goal_id="18"/>
  <agent start_id="121" goal_id="20"/>
  <agent start_id="103" goal_id="109"/>
  <agent start_id="187" goal_id="188"/>
  <agent start_id="57" goal_id="93"/>
  <agent start_id="124" goal_id="50"/>
  <agent start_id="19" goal_id="78"/>
  <agent start_id="119" goal_id="4"/>
  <agent start_id="76" goal_id="26"/>
  <agent start_id="150" goal_id="129"/>
  <agent start_id="30" goal_id="29"/>
  <agent start_id="145" goal_id="76"/>
  <agent start_id="10" goal_id="105"/>
  <agent start_id="67" goal_id="90"/>
  <agent start_id="48" goal_id="69"/>
  <agent start_id="144" goal_id="79"/>
  <agent start_id="116" goal_id="199"/>
  <agent start_id="8" goal_id="123"/>
  <agent start_id="178" goal_id="72"/>
  <agent start_id="175" goal_id="100"/>
  <agent start_id="27" goal_id="111"/>
  <agent start_id="130" goal_id="12"/>
  <agent start_id="82" goal_id="88"/>
  <agent start_id="6" goal_id="70"/>
  <agent start_id="147" goal_id="139"/>
  <agent start_id="106" goal_id="73"/>
  <agent start_id="126" goal_id="150"/>
  <agent start_id="20" goal_id="77"/>
  <agent start_id="37" goal_id="127"/>
  <agent start_id="80" goal_id="15"/>
</root>
