<?xml version="1.0" ?>
<root>
  <agent start_id="153" goal_id="158"/>
  <agent start_id="26" goal_id="141"/>
  <agent start_id="33" goal_id="99"/>
  <agent start_id="66" goal_id="48"/>
  <agent start_id="95" goal_id="137"/>
  <agent start_id="168" goal_id="146"/>
  <agent start_id="70" goal_id="41"/>
  <agent start_id="118" goal_id="178"/>
  <agent start_id="158" goal_id="11"/>
  <agent start_id="38" goal_id="181"/>
  <agent start_id="10" goal_id="64"/>
  <agent start_id="199" goal_id="120"/>
  <agent start_id="164" goal_id="40"/>
  <agent start_id="39" goal_id="160"/>
  <agent start_id="186" goal_id="154"/>
  <agent start_id="149" goal_id="125"/>
  <agent start_id="156" goal_id="162"/>
  <agent start_id="61" goal_id="176"/>
  <agent start_id="29" goal_id="69"/>
  <agent start_id="34" goal_id="29"/>
  <agent start_id="193" goal_id="111"/>
  <agent start_id="185" goal_id="10"/>
  <agent start_id="100" goal_id="190"/>
  <agent start_id="143" goal_id="71"/>
  <agent start_id="177" goal_id="139"/>
  <agent start_id="51" goal_id="26"/>
  <agent start_id="64" goal_id="33"/>
  <agent start_id="105" goal_id="159"/>
  <agent start_id="49" goal_id="169"/>
  <agent start_id="53" goal_id="94"/>
  <agent start_id="121" goal_id="115"/>
  <agent start_id="152" goal_id="4"/>
  <agent start_id="60" goal_id="161"/>
  <agent start_id="47" goal_id="62"/>
  <agent start_id="82" goal_id="119"/>
  <agent start_id="109" goal_id="134"/>
  <agent start_id="179" goal_id="22"/>
  <agent start_id="141" goal_id="196"/>
  <agent start_id="21" goal_id="195"/>
  <agent start_id="120" goal_id="1"/>
  <agent start_id="71" goal_id="53"/>
  <agent start_id="93" goal_id="37"/>
  <agent start_id="160" goal_id="199"/>
  <agent start_id="12" goal_id="177"/>
  <agent start_id="190" goal_id="123"/>
  <agent start_id="107" goal_id="59"/>
  <agent start_id="161" goal_id="27"/>
  <agent start_id="102" goal_id="105"/>
  <agent start_id="188" goal_id="110"/>
  <agent start_id="110" goal_id="103"/>
</root>
