<?xml version="1.0" ?>
<root>
  <agent start_id="63" goal_id="102"/>
  <agent start_id="0" goal_id="160"/>
  <agent start_id="10" goal_id="39"/>
  <agent start_id="93" goal_id="156"/>
  <agent start_id="180" goal_id="89"/>
  <agent start_id="47" goal_id="104"/>
  <agent start_id="68" goal_id="11"/>
  <agent start_id="117" goal_id="151"/>
  <agent start_id="56" goal_id="42"/>
  <agent start_id="65" goal_id="63"/>
  <agent start_id="185" goal_id="130"/>
  <agent start_id="142" goal_id="119"/>
  <agent start_id="49" goal_id="49"/>
  <agent start_id="186" goal_id="73"/>
  <agent start_id="23" goal_id="20"/>
  <agent start_id="50" goal_id="168"/>
  <agent start_id="182" goal_id="23"/>
  <agent start_id="159" goal_id="76"/>
  <agent start_id="183" goal_id="115"/>
  <agent start_id="74" goal_id="30"/>
  <agent start_id="168" goal_id="185"/>
  <agent start_id="172" goal_id="178"/>
  <agent start_id="60" goal_id="108"/>
  <agent start_id="26" goal_id="78"/>
  <agent start_id="127" goal_id="25"/>
  <agent start_id="158" goal_id="26"/>
  <agent start_id="194" goal_id="121"/>
  <agent start_id="82" goal_id="123"/>
  <agent start_id="16" goal_id="33"/>
  <agent start_id="46" goal_id="5"/>
  <agent start_id="102" goal_id="129"/>
  <agent start_id="104" goal_id="51"/>
  <agent start_id="72" goal_id="97"/>
  <agent start_id="8" goal_id="71"/>
  <agent start_id="141" goal_id="1"/>
  <agent start_id="98" goal_id="67"/>
  <agent start_id="4" goal_id="116"/>
  <agent start_id="121" goal_id="172"/>
  <agent start_id="38" goal_id="132"/>
  <agent start_id="111" goal_id="164"/>
  <agent start_id="70" goal_id="138"/>
  <agent start_id="75" goal_id="142"/>
  <agent start_id="149" goal_id="106"/>
  <agent start_id="188" goal_id="52"/>
  <agent start_id="138" goal_id="99"/>
  <agent start_id="105" goal_id="166"/>
  <agent start_id="156" goal_id="199"/>
  <agent start_id="44" goal_id="190"/>
  <agent start_id="157" goal_id="126"/>
  <agent start_id="130" goal_id="182"/>
</root>
