<?xml version="1.0" ?>
<root>
  <agent start_id="167" goal_id="128"/>
  <agent start_id="5" goal_id="93"/>
  <agent start_id="11" goal_id="90"/>
  <agent start_id="41" goal_id="61"/>
  <agent start_id="156" goal_id="191"/>
  <agent start_id="1" goal_id="25"/>
  <agent start_id="139" goal_id="55"/>
  <agent start_id="155" goal_id="116"/>
  <agent start_id="193" goal_id="122"/>
  <agent start_id="97" goal_id="8"/>
  <agent start_id="189" goal_id="176"/>
  <agent start_id="125" goal_id="103"/>
  <agent start_id="177" goal_id="46"/>
  <agent start_id="20" goal_id="145"/>
  <agent start_id="9" goal_id="1"/>
  <agent start_id="130" goal_id="33"/>
  <agent start_id="28" goal_id="70"/>
  <agent start_id="79" goal_id="160"/>
  <agent start_id="109" goal_id="34"/>
  <agent start_id="140" goal_id="153"/>
  <agent start_id="108" goal_id="79"/>
  <agent start_id="8" goal_id="119"/>
  <agent start_id="154" goal_id="97"/>
  <agent start_id="144" goal_id="105"/>
  <agent start_id="76" goal_id="101"/>
  <agent start_id="194" goal_id="147"/>
  <agent start_id="127" goal_id="40"/>
  <agent start_id="158" goal_id="44"/>
  <agent start_id="73" goal_id="82"/>
  <agent start_id="199" goal_id="196"/>
  <agent start_id="123" goal_id="166"/>
  <agent start_id="81" goal_id="18"/>
  <agent start_id="78" goal_id="53"/>
  <agent start_id="92" goal_id="140"/>
  <agent start_id="173" goal_id="115"/>
  <agent start_id="146" goal_id="114"/>
  <agent start_id="72" goal_id="154"/>
  <agent start_id="17" goal_id="69"/>
  <agent start_id="175" goal_id="175"/>
  <agent start_id="90" goal_id="89"/>
  <agent start_id="3" goal_id="136"/>
  <agent start_id="153" goal_id="47"/>
  <agent start_id="25" goal_id="169"/>
  <agent start_id="128" goal_id="173"/>
  <agent start_id="4" goal_id="182"/>
  <agent start_id="55" goal_id="3"/>
  <agent start_id="171" goal_id="22"/>
  <agent start_id="169" goal_id="54"/>
  <agent start_id="71" goal_id="155"/>
  <agent start_id="176" goal_id="0"/>
</root>
