<?xml version="1.0" ?>
<root>
  <agent start_id="197" goal_id="95"/>
  <agent start_id="192" goal_id="76"/>
  <agent start_id="141" goal_id="36"/>
  <agent start_id="170" goal_id="25"/>
  <agent start_id="71" goal_id="189"/>
  <agent start_id="113" goal_id="2"/>
  <agent start_id="2" goal_id="32"/>
  <agent start_id="14" goal_id="62"/>
  <agent start_id="130" goal_id="112"/>
  <agent start_id="88" goal_id="120"/>
  <agent start_id="46" goal_id="106"/>
  <agent start_id="85" goal_id="1"/>
  <agent start_id="40" goal_id="11"/>
  <agent start_id="55" goal_id="162"/>
  <agent start_id="35" goal_id="148"/>
  <agent start_id="31" goal_id="77"/>
  <agent start_id="116" goal_id="64"/>
  <agent start_id="155" goal_id="114"/>
  <agent start_id="1" goal_id="159"/>
  <agent start_id="178" goal_id="89"/>
  <agent start_id="165" goal_id="181"/>
  <agent start_id="78" goal_id="28"/>
  <agent start_id="56" goal_id="96"/>
  <agent start_id="64" goal_id="17"/>
  <agent start_id="112" goal_id="50"/>
  <agent start_id="174" goal_id="167"/>
  <agent start_id="172" goal_id="87"/>
  <agent start_id="135" goal_id="199"/>
  <agent start_id="171" goal_id="45"/>
  <agent start_id="90" goal_id="13"/>
  <agent start_id="27" goal_id="35"/>
  <agent start_id="195" goal_id="73"/>
  <agent start_id="187" goal_id="188"/>
  <agent start_id="132" goal_id="47"/>
  <agent start_id="73" goal_id="196"/>
  <agent start_id="149" goal_id="98"/>
  <agent start_id="15" goal_id="83"/>
  <agent start_id="69" goal_id="37"/>
  <agent start_id="84" goal_id="78"/>
  <agent start_id="77" goal_id="177"/>
  <agent start_id="102" goal_id="6"/>
  <agent start_id="106" goal_id="154"/>
  <agent start_id="189" goal_id="72"/>
  <agent start_id="10" goal_id="178"/>
  <agent start_id="185" goal_id="194"/>
  <agent start_id="34" goal_id="69"/>
  <agent start_id="9" goal_id="109"/>
  <agent start_id="45" goal_id="116"/>
  <agent start_id="184" goal_id="14"/>
  <agent start_id="125" goal_id="103"/>
</root>
