<?xml version="1.0" ?>
<root>
  <agent start_id="188" goal_id="124"/>
  <agent start_id="20" goal_id="70"/>
  <agent start_id="151" goal_id="120"/>
  <agent start_id="46" goal_id="171"/>
  <agent start_id="54" goal_id="45"/>
  <agent start_id="86" goal_id="76"/>
  <agent start_id="179" goal_id="143"/>
  <agent start_id="1" goal_id="100"/>
  <agent start_id="19" goal_id="116"/>
  <agent start_id="120" goal_id="97"/>
  <agent start_id="37" goal_id="85"/>
  <agent start_id="124" goal_id="23"/>
  <agent start_id="105" goal_id="102"/>
  <agent start_id="195" goal_id="56"/>
  <agent start_id="84" goal_id="63"/>
  <agent start_id="194" goal_id="196"/>
  <agent start_id="160" goal_id="59"/>
  <agent start_id="98" goal_id="2"/>
  <agent start_id="15" goal_id="156"/>
  <agent start_id="133" goal_id="158"/>
  <agent start_id="147" goal_id="150"/>
  <agent start_id="181" goal_id="68"/>
  <agent start_id="138" goal_id="28"/>
  <agent start_id="41" goal_id="40"/>
  <agent start_id="95" goal_id="147"/>
  <agent start_id="64" goal_id="176"/>
  <agent start_id="184" goal_id="164"/>
  <agent start_id="144" goal_id="38"/>
  <agent start_id="101" goal_id="75"/>
  <agent start_id="107" goal_id="113"/>
  <agent start_id="33" goal_id="190"/>
  <agent start_id="189" goal_id="90"/>
  <agent start_id="152" goal_id="92"/>
  <agent start_id="28" goal_id="166"/>
  <agent start_id="166" goal_id="35"/>
  <agent start_id="108" goal_id="138"/>
  <agent start_id="11" goal_id="193"/>
  <agent start_id="88" goal_id="74"/>
  <agent start_id="71" goal_id="80"/>
  <agent start_id="57" goal_id="30"/>
  <agent start_id="5" goal_id="16"/>
  <agent start_id="130" goal_id="24"/>
  <agent start_id="165" goal_id="83"/>
  <agent start_id="68" goal_id="57"/>
  <agent start_id="59" goal_id="112"/>
  <agent start_id="157" goal_id="195"/>
  <agent start_id="50" goal_id="96"/>
  <agent start_id="118" goal_id="117"/>
  <agent start_id="106" goal_id="125"/>
  <agent start_id="26" goal_id="173"/>
</root>
