<?xml version="1.0" ?>
<root>
  <agent start_id="76" goal_id="98"/>
  <agent start_id="5" goal_id="4"/>
  <agent start_id="72" goal_id="86"/>
  <agent start_id="100" goal_id="161"/>
  <agent start_id="65" goal_id="154"/>
  <agent start_id="85" goal_id="131"/>
  <agent start_id="160" goal_id="39"/>
  <agent start_id="173" goal_id="74"/>
  <agent start_id="67" goal_id="191"/>
  <agent start_id="42" goal_id="199"/>
  <agent start_id="27" goal_id="81"/>
  <agent start_id="39" goal_id="177"/>
  <agent start_id="194" goal_id="159"/>
  <agent start_id="84" goal_id="138"/>
  <agent start_id="1" goal_id="29"/>
  <agent start_id="147" goal_id="156"/>
  <agent start_id="122" goal_id="77"/>
  <agent start_id="79" goal_id="8"/>
  <agent start_id="87" goal_id="126"/>
  <agent start_id="177" goal_id="72"/>
  <agent start_id="66" goal_id="167"/>
  <agent start_id="154" goal_id="118"/>
  <agent start_id="152" goal_id="79"/>
  <agent start_id="185" goal_id="43"/>
  <agent start_id="33" goal_id="58"/>
  <agent start_id="59" goal_id="168"/>
  <agent start_id="195" goal_id="14"/>
  <agent start_id="140" goal_id="175"/>
  <agent start_id="91" goal_id="44"/>
  <agent start_id="71" goal_id="142"/>
  <agent start_id="30" goal_id="190"/>
  <agent start_id="22" goal_id="165"/>
  <agent start_id="9" goal_id="50"/>
  <agent start_id="17" goal_id="163"/>
  <agent start_id="159" goal_id="65"/>
  <agent start_id="106" goal_id="182"/>
  <agent start_id="15" goal_id="66"/>
  <agent start_id="95" goal_id="10"/>
  <agent start_id="146" goal_id="26"/>
  <agent start_id="148" goal_id="135"/>
  <agent start_id="108" goal_id="176"/>
  <agent start_id="137" goal_id="61"/>
  <agent start_id="68" goal_id="55"/>
  <agent start_id="75" goal_id="93"/>
  <agent start_id="141" goal_id="0"/>
  <agent start_id="74" goal_id="198"/>
  <agent start_id="44" goal_id="113"/>
  <agent start_id="90" goal_id="172"/>
  <agent start_id="143" goal_id="188"/>
  <agent start_id="115" goal_id="186"/>
</root>
