<?xml version="1.0" ?>
<root>
  <agent start_id="157" goal_id="65"/>
  <agent start_id="172" goal_id="39"/>
  <agent start_id="192" goal_id="35"/>
  <agent start_id="84" goal_id="186"/>
  <agent start_id="188" goal_id="188"/>
  <agent start_id="77" goal_id="185"/>
  <agent start_id="128" goal_id="134"/>
  <agent start_id="185" goal_id="168"/>
  <agent start_id="29" goal_id="26"/>
  <agent start_id="46" goal_id="53"/>
  <agent start_id="142" goal_id="56"/>
  <agent start_id="88" goal_id="95"/>
  <agent start_id="184" goal_id="196"/>
  <agent start_id="135" goal_id="49"/>
  <agent start_id="137" goal_id="37"/>
  <agent start_id="42" goal_id="195"/>
  <agent start_id="85" goal_id="43"/>
  <agent start_id="151" goal_id="111"/>
  <agent start_id="32" goal_id="12"/>
  <agent start_id="170" goal_id="172"/>
  <agent start_id="26" goal_id="144"/>
  <agent start_id="51" goal_id="124"/>
  <agent start_id="154" goal_id="193"/>
  <agent start_id="18" goal_id="85"/>
  <agent start_id="100" goal_id="20"/>
  <agent start_id="195" goal_id="120"/>
  <agent start_id="43" goal_id="16"/>
  <agent start_id="103" goal_id="72"/>
  <agent start_id="57" goal_id="122"/>
  <agent start_id="4" goal_id="123"/>
  <agent start_id="93" goal_id="32"/>
  <agent start_id="138" goal_id="169"/>
  <agent start_id="0" goal_id="9"/>
  <agent start_id="65" goal_id="159"/>
  <agent start_id="144" goal_id="128"/>
  <agent start_id="121" goal_id="51"/>
  <agent start_id="95" goal_id="88"/>
  <agent start_id="64" goal_id="18"/>
  <agent start_id="165" goal_id="21"/>
  <agent start_id="109" goal_id="87"/>
  <agent start_id="101" goal_id="14"/>
  <agent start_id="61" goal_id="2"/>
  <agent start_id="22" goal_id="23"/>
  <agent start_id="13" goal_id="98"/>
  <agent start_id="8" goal_id="149"/>
  <agent start_id="92" goal_id="94"/>
  <agent start_id="140" goal_id="178"/>
  <agent start_id="119" goal_id="136"/>
  <agent start_id="156" goal_id="44"/>
  <agent start_id="81" goal_id="170"/>
</root>
