<?xml version="1.0" ?>
<root>
  <agent start_id="168" goal_id="183"/>
  <agent start_id="13" goal_id="10"/>
  <agent start_id="14" goal_id="191"/>
  <agent start_id="174" goal_id="80"/>
  <agent start_id="120" goal_id="192"/>
  <agent start_id="188" goal_id="127"/>
  <agent start_id="108" goal_id="38"/>
  <agent start_id="7" goal_id="28"/>
  <agent start_id="46" goal_id="148"/>
  <agent start_id="44" goal_id="170"/>
  <agent start_id="60" goal_id="94"/>
  <agent start_id="142" goal_id="154"/>
  <agent start_id="28" goal_id="75"/>
  <agent start_id="170" goal_id="125"/>
  <agent start_id="72" goal_id="169"/>
  <agent start_id="11" goal_id="4"/>
  <agent start_id="42" goal_id="120"/>
  <agent start_id="54" goal_id="33"/>
  <agent start_id="67" goal_id="196"/>
  <agent start_id="26" goal_id="144"/>
  <agent start_id="131" goal_id="47"/>
  <agent start_id="18" goal_id="175"/>
  <agent start_id="161" goal_id="152"/>
  <agent start_id="30" goal_id="136"/>
  <agent start_id="78" goal_id="35"/>
  <agent start_id="16" goal_id="98"/>
  <agent start_id="129" goal_id="86"/>
  <agent start_id="169" goal_id="77"/>
  <agent start_id="45" goal_id="85"/>
  <agent start_id="122" goal_id="99"/>
  <agent start_id="184" goal_id="150"/>
  <agent start_id="3" goal_id="160"/>
  <agent start_id="125" goal_id="59"/>
  <agent start_id="127" goal_id="44"/>
  <agent start_id="88" goal_id="147"/>
  <agent start_id="185" goal_id="22"/>
  <agent start_id="132" goal_id="181"/>
  <agent start_id="1" goal_id="56"/>
  <agent start_id="35" goal_id="7"/>
  <agent start_id="116" goal_id="88"/>
  <agent start_id="141" goal_id="15"/>
  <agent start_id="119" goal_id="133"/>
  <agent start_id="194" goal_id="65"/>
  <agent start_id="158" goal_id="9"/>
  <agent start_id="93" goal_id="176"/>
  <agent start_id="32" goal_id="3"/>
  <agent start_id="77" goal_id="185"/>
  <agent start_id="10" goal_id="119"/>
  <agent start_id="39" goal_id="102"/>
  <agent start_id="130" goal_id="92"/>
</root>
