<?xml version="1.0" ?>
<root>
  <agent start_id="79" goal_id="120"/>
  <agent start_id="133" goal_id="165"/>
  <agent start_id="183" goal_id="194"/>
  <agent start_id="27" goal_id="4"/>
  <agent start_id="115" goal_id="94"/>
  <agent start_id="84" goal_id="98"/>
  <agent start_id="181" goal_id="187"/>
  <agent start_id="143" goal_id="142"/>
  <agent start_id="53" goal_id="31"/>
  <agent start_id="60" goal_id="23"/>
  <agent start_id="151" goal_id="14"/>
  <agent start_id="130" goal_id="5"/>
  <agent start_id="82" goal_id="116"/>
  <agent start_id="153" goal_id="32"/>
  <agent start_id="34" goal_id="91"/>
  <agent start_id="28" goal_id="107"/>
  <agent start_id="13" goal_id="161"/>
  <agent start_id="123" goal_id="57"/>
  <agent start_id="134" goal_id="17"/>
  <agent start_id="87" goal_id="2"/>
  <agent start_id="137" goal_id="115"/>
  <agent start_id="174" goal_id="54"/>
  <agent start_id="58" goal_id="179"/>
  <agent start_id="17" goal_id="28"/>
  <agent start_id="127" goal_id="19"/>
  <agent start_id="39" goal_id="92"/>
  <agent start_id="109" goal_id="64"/>
  <agent start_id="178" goal_id="112"/>
  <agent start_id="66" goal_id="193"/>
  <agent start_id="73" goal_id="27"/>
  <agent start_id="195" goal_id="65"/>
  <agent start_id="119" goal_id="114"/>
  <agent start_id="124" goal_id="0"/>
  <agent start_id="169" goal_id="153"/>
  <agent start_id="145" goal_id="196"/>
  <agent start_id="54" goal_id="143"/>
  <agent start_id="121" goal_id="147"/>
  <agent start_id="0" goal_id="58"/>
  <agent start_id="24" goal_id="10"/>
  <agent start_id="20" goal_id="140"/>
  <agent start_id="16" goal_id="108"/>
  <agent start_id="26" goal_id="199"/>
  <agent start_id="138" goal_id="177"/>
  <agent start_id="77" goal_id="172"/>
  <agent start_id="88" goal_id="127"/>
  <agent start_id="99" goal_id="168"/>
  <agent start_id="172" goal_id="191"/>
  <agent start_id="118" goal_id="130"/>
  <agent start_id="159" goal_id="90"/>
  <agent start_id="116" goal_id="33"/>
</root>
