<?xml version="1.0" ?>
<root>
  <agent start_id="160" goal_id="114"/>
  <agent start_id="177" goal_id="130"/>
  <agent start_id="120" goal_id="127"/>
  <agent start_id="95" goal_id="167"/>
  <agent start_id="110" goal_id="197"/>
  <agent start_id="150" goal_id="142"/>
  <agent start_id="84" goal_id="173"/>
  <agent start_id="45" goal_id="38"/>
  <agent start_id="32" goal_id="55"/>
  <agent start_id="161" goal_id="12"/>
  <agent start_id="148" goal_id="168"/>
  <agent start_id="111" goal_id="42"/>
  <agent start_id="188" goal_id="59"/>
  <agent start_id="184" goal_id="26"/>
  <agent start_id="85" goal_id="132"/>
  <agent start_id="16" goal_id="87"/>
  <agent start_id="20" goal_id="151"/>
  <agent start_id="159" goal_id="10"/>
  <agent start_id="54" goal_id="170"/>
  <agent start_id="125" goal_id="83"/>
  <agent start_id="75" goal_id="159"/>
  <agent start_id="126" goal_id="80"/>
  <agent start_id="97" goal_id="178"/>
  <agent start_id="196" goal_id="64"/>
  <agent start_id="23" goal_id="95"/>
  <agent start_id="47" goal_id="118"/>
  <agent start_id="35" goal_id="41"/>
  <agent start_id="26" goal_id="19"/>
  <agent start_id="81" goal_id="120"/>
  <agent start_id="136" goal_id="104"/>
  <agent start_id="119" goal_id="143"/>
  <agent start_id="60" goal_id="97"/>
  <agent start_id="146" goal_id="135"/>
  <agent start_id="87" goal_id="35"/>
  <agent start_id="50" goal_id="126"/>
  <agent start_id="64" goal_id="185"/>
  <agent start_id="175" goal_id="24"/>
  <agent start_id="193" goal_id="122"/>
  <agent start_id="11" goal_id="65"/>
  <agent start_id="195" goal_id="57"/>
  <agent start_id="151" goal_id="48"/>
  <agent start_id="94" goal_id="91"/>
  <agent start_id="198" goal_id="89"/>
  <agent start_id="18" goal_id="72"/>
  <agent start_id="90" goal_id="3"/>
  <agent start_id="12" goal_id="195"/>
  <agent start_id="59" goal_id="116"/>
  <agent start_id="147" goal_id="131"/>
  <agent start_id="190" goal_id="49"/>
  <agent start_id="156" goal_id="176"/>
</root>
