<?xml version="1.0" ?>
<root>
  <agent start_id="71" goal_id="34"/>
  <agent start_id="103" goal_id="179"/>
  <agent start_id="63" goal_id="115"/>
  <agent start_id="54" goal_id="185"/>
  <agent start_id="66" goal_id="101"/>
  <agent start_id="93" goal_id="133"/>
  <agent start_id="92" goal_id="109"/>
  <agent start_id="162" goal_id="88"/>
  <agent start_id="182" goal_id="42"/>
  <agent start_id="9" goal_id="54"/>
  <agent start_id="180" goal_id="26"/>
  <agent start_id="161" goal_id="186"/>
  <agent start_id="163" goal_id="138"/>
  <agent start_id="51" goal_id="49"/>
  <agent start_id="186" goal_id="176"/>
  <agent start_id="40" goal_id="187"/>
  <agent start_id="29" goal_id="164"/>
  <agent start_id="53" goal_id="129"/>
  <agent start_id="168" goal_id="38"/>
  <agent start_id="159" goal_id="142"/>
  <agent start_id="94" goal_id="1"/>
  <agent start_id="119" goal_id="107"/>
  <agent start_id="77" goal_id="183"/>
  <agent start_id="141" goal_id="123"/>
  <agent start_id="37" goal_id="89"/>
  <agent start_id="90" goal_id="7"/>
  <agent start_id="146" goal_id="52"/>
  <agent start_id="32" goal_id="168"/>
  <agent start_id="138" goal_id="131"/>
  <agent start_id="126" goal_id="181"/>
  <agent start_id="21" goal_id="195"/>
  <agent start_id="100" goal_id="22"/>
  <agent start_id="1" goal_id="58"/>
  <agent start_id="170" goal_id="72"/>
  <agent start_id="24" goal_id="99"/>
  <agent start_id="122" goal_id="134"/>
  <agent start_id="173" goal_id="43"/>
  <agent start_id="69" goal_id="197"/>
  <agent start_id="131" goal_id="73"/>
  <agent start_id="75" goal_id="150"/>
  <agent start_id="104" goal_id="171"/>
  <agent start_id="187" goal_id="120"/>
  <agent start_id="195" goal_id="4"/>
  <agent start_id="145" goal_id="130"/>
  <agent start_id="17" goal_id="135"/>
  <agent start_id="31" goal_id="132"/>
  <agent start_id="112" goal_id="196"/>
  <agent start_id="113" goal_id="8"/>
  <agent start_id="68" goal_id="182"/>
  <agent start_id="98" goal_id="147"/>
</root>
