<?xml version="1.0" ?>
<root>
  <agent start_id="81" goal_id="36"/>
  <agent start_id="187" goal_id="116"/>
  <agent start_id="177" goal_id="102"/>
  <agent start_id="161" goal_id="7"/>
  <agent start_id="156" goal_id="135"/>
  <agent start_id="31" goal_id="150"/>
  <agent start_id="41" goal_id="4"/>
  <agent start_id="94" goal_id="13"/>
  <agent start_id="178" goal_id="1"/>
  <agent start_id="56" goal_id="138"/>
  <agent start_id="37" goal_id="32"/>
  <agent start_id="59" goal_id="69"/>
  <agent start_id="107" goal_id="70"/>
  <agent start_id="109" goal_id="22"/>
  <agent start_id="142" goal_id="57"/>
  <agent start_id="26" goal_id="15"/>
  <agent start_id="198" goal_id="60"/>
  <agent start_id="42" goal_id="41"/>
  <agent start_id="76" goal_id="95"/>
  <agent start_id="58" goal_id="164"/>
  <agent start_id="118" goal_id="124"/>
  <agent start_id="32" goal_id="154"/>
  <agent start_id="195" goal_id="179"/>
  <agent start_id="47" goal_id="98"/>
  <agent start_id="36" goal_id="101"/>
  <agent start_id="88" goal_id="196"/>
  <agent start_id="117" goal_id="173"/>
  <agent start_id="143" goal_id="191"/>
  <agent start_id="73" goal_id="161"/>
  <agent start_id="86" goal_id="11"/>
  <agent start_id="80" goal_id="86"/>
  <agent start_id="159" goal_id="3"/>
  <agent start_id="185" goal_id="9"/>
  <agent start_id="166" goal_id="12"/>
  <agent start_id="20" goal_id="142"/>
  <agent start_id="171" goal_id="89"/>
  <agent start_id="114" goal_id="51"/>
  <agent start_id="121" goal_id="129"/>
  <agent start_id="136" goal_id="169"/>
  <agent start_id="23" goal_id="44"/>
  <agent start_id="83" goal_id="10"/>
  <agent start_id="51" goal_id="63"/>
  <agent start_id="43" goal_id="184"/>
  <agent start_id="71" goal_id="25"/>
  <agent start_id="2" goal_id="139"/>
  <agent start_id="12" goal_id="199"/>
  <agent start_id="130" goal_id="46"/>
  <agent start_id="129" goal_id="18"/>
  <agent start_id="17" goal_id="145"/>
  <agent start_id="67" goal_id="82"/>
</root>
