<?xml version="1.0" ?>
<root>
  <agent start_id="85" goal_id="142"/>
  <agent start_id="61" goal_id="20"/>
  <agent start_id="112" goal_id="161"/>
  <agent start_id="164" goal_id="119"/>
  <agent start_id="107" goal_id="21"/>
  <agent start_id="83" goal_id="33"/>
  <agent start_id="185" goal_id="35"/>
  <agent start_id="124" goal_id="103"/>
  <agent start_id="141" goal_id="3"/>
  <agent start_id="175" goal_id="81"/>
  <agent start_id="153" goal_id="117"/>
  <agent start_id="30" goal_id="45"/>
  <agent start_id="86" goal_id="17"/>
  <agent start_id="118" goal_id="120"/>
  <agent start_id="161" goal_id="124"/>
  <agent start_id="96" goal_id="4"/>
  <agent start_id="39" goal_id="32"/>
  <agent start_id="3" goal_id="172"/>
  <agent start_id="49" goal_id="193"/>
  <agent start_id="156" goal_id="59"/>
  <agent start_id="138" goal_id="14"/>
  <agent start_id="19" goal_id="91"/>
  <agent start_id="24" goal_id="30"/>
  <agent start_id="56" goal_id="77"/>
  <agent start_id="94" goal_id="10"/>
  <agent start_id="7" goal_id="62"/>
  <agent start_id="177" goal_id="145"/>
  <agent start_id="127" goal_id="165"/>
  <agent start_id="68" goal_id="179"/>
  <agent start_id="172" goal_id="61"/>
  <agent start_id="50" goal_id="197"/>
  <agent start_id="74" goal_id="127"/>
  <agent start_id="130" goal_id="110"/>
  <agent start_id="92" goal_id="78"/>
  <agent start_id="196" goal_id="51"/>
  <agent start_id="34" goal_id="122"/>
  <agent start_id="109" goal_id="106"/>
  <agent start_id="143" goal_id="55"/>
  <agent start_id="168" goal_id="128"/>
  <agent start_id="77" goal_id="180"/>
  <agent start_id="37" goal_id="57"/>
  <agent start_id="144" goal_id="134"/>
  <agent start_id="10" goal_id="157"/>
  <agent start_id="115" goal_id="22"/>
  <agent start_id="195" goal_id="123"/>
  <agent start_id="142" goal_id="190"/>
  <agent start_id="5" goal_id="27"/>
  <agent start_id="36" goal_id="69"/>
  <agent start_id="102" goal_id="100"/>
  <agent start_id="89" goal_id="90"/>
</root>
