<?xml version="1.0" ?>
<root>
  <agent start_id="24" goal_id="107"/>
  <agent start_id="57" goal_id="6"/>
  <agent start_id="104" goal_id="9"/>
  <agent start_id="2" goal_id="195"/>
  <agent start_id="138" goal_id="78"/>
  <agent start_id="65" goal_id="165"/>
  <agent start_id="0" goal_id="32"/>
  <agent start_id="152" goal_id="11"/>
  <agent start_id="75" goal_id="19"/>
  <agent start_id="127" goal_id="17"/>
  <agent start_id="178" goal_id="101"/>
  <agent start_id="1" goal_id="40"/>
  <agent start_id="119" goal_id="93"/>
  <agent start_id="162" goal_id="104"/>
  <agent start_id="103" goal_id="26"/>
  <agent start_id="174" goal_id="58"/>
  <agent start_id="182" goal_id="74"/>
  <agent start_id="90" goal_id="24"/>
  <agent start_id="51" goal_id="98"/>
  <agent start_id="14" goal_id="131"/>
  <agent start_id="6" goal_id="81"/>
  <agent start_id="171" goal_id="36"/>
  <agent start_id="111" goal_id="163"/>
  <agent start_id="192" goal_id="150"/>
  <agent start_id="82" goal_id="7"/>
  <agent start_id="116" goal_id="69"/>
  <agent start_id="27" goal_id="103"/>
  <agent start_id="173" goal_id="171"/>
  <agent start_id="91" goal_id="186"/>
  <agent start_id="9" goal_id="33"/>
  <agent start_id="161" goal_id="126"/>
  <agent start_id="4" goal_id="43"/>
  <agent start_id="41" goal_id="2"/>
  <agent start_id="129" goal_id="46"/>
  <agent start_id="40" goal_id="137"/>
  <agent start_id="176" goal_id="52"/>
  <agent start_id="87" goal_id="1"/>
  <agent start_id="157" goal_id="183"/>
  <agent start_id="81" goal_id="109"/>
  <agent start_id="141" goal_id="133"/>
  <agent start_id="52" goal_id="85"/>
  <agent start_id="184" goal_id="70"/>
  <agent start_id="199" goal_id="122"/>
  <agent start_id="73" goal_id="157"/>
  <agent start_id="39" goal_id="87"/>
  <agent start_id="25" goal_id="180"/>
  <agent start_id="140" goal_id="142"/>
  <agent start_id="44" goal_id="65"/>
  <agent start_id="131" goal_id="154"/>
  <agent start_id="88" goal_id="138"/>
</root>
