<?xml version="1.0" ?>
<root>
  <agent start_id="124" goal_id="113"/>
  <agent start_id="53" goal_id="47"/>
  <agent start_id="5" goal_id="132"/>
  <agent start_id="196" goal_id="102"/>
  <agent start_id="105" goal_id="11"/>
  <agent start_id="185" goal_id="104"/>
  <agent start_id="162" goal_id="42"/>
  <agent start_id="51" goal_id="138"/>
  <agent start_id="43" goal_id="78"/>
  <agent start_id="192" goal_id="19"/>
  <agent start_id="75" goal_id="174"/>
  <agent start_id="141" goal_id="140"/>
  <agent start_id="92" goal_id="2"/>
  <agent start_id="97" goal_id="70"/>
  <agent start_id="62" goal_id="89"/>
  <agent start_id="184" goal_id="180"/>
  <agent start_id="135" goal_id="176"/>
  <agent start_id="11" goal_id="85"/>
  <agent start_id="12" goal_id="65"/>
  <agent start_id="4" goal_id="61"/>
  <agent start_id="165" goal_id="111"/>
  <agent start_id="49" goal_id="35"/>
  <agent start_id="0" goal_id="33"/>
  <agent start_id="161" goal_id="162"/>
  <agent start_id="72" goal_id="194"/>
  <agent start_id="19" goal_id="21"/>
  <agent start_id="23" goal_id="122"/>
  <agent start_id="179" goal_id="173"/>
  <agent start_id="119" goal_id="165"/>
  <agent start_id="67" goal_id="14"/>
  <agent start_id="83" goal_id="68"/>
  <agent start_id="33" goal_id="8"/>
  <agent start_id="171" goal_id="196"/>
  <agent start_id="198" goal_id="198"/>
  <agent start_id="140" goal_id="50"/>
  <agent start_id="76" goal_id="97"/>
  <agent start_id="29" goal_id="16"/>
  <agent start_id="35" goal_id="54"/>
  <agent start_id="37" goal_id="0"/>
  <agent start_id="122" goal_id="150"/>
  <agent start_id="114" goal_id="149"/>
  <agent start_id="111" goal_id="32"/>
  <agent start_id="115" goal_id="183"/>
  <agent start_id="109" goal_id="144"/>
  <agent start_id="15" goal_id="25"/>
  <agent start_id="110" goal_id="141"/>
  <agent start_id="152" goal_id="168"/>
  <agent start_id="39" goal_id="1"/>
  <agent start_id="1" goal_id="99"/>
  <agent start_id="146" goal_id="112"/>
</root>
