<?xml version="1.0" ?>
<root>
  <agent start_id="149" goal_id="179"/>
  <agent start_id="85" goal_id="194"/>
  <agent start_id="182" goal_id="165"/>
  <agent start_id="106" goal_id="7"/>
  <agent start_id="34" goal_id="53"/>
  <agent start_id="114" goal_id="47"/>
  <agent start_id="177" goal_id="16"/>
  <agent start_id="163" goal_id="39"/>
  <agent start_id="40" goal_id="128"/>
  <agent start_id="196" goal_id="185"/>
  <agent start_id="153" goal_id="126"/>
  <agent start_id="164" goal_id="77"/>
  <agent start_id="15" goal_id="105"/>
  <agent start_id="86" goal_id="63"/>
  <agent start_id="78" goal_id="71"/>
  <agent start_id="104" goal_id="82"/>
  <agent start_id="100" goal_id="75"/>
  <agent start_id="45" goal_id="147"/>
  <agent start_id="108" goal_id="61"/>
  <agent start_id="60" goal_id="102"/>
  <agent start_id="36" goal_id="133"/>
  <agent start_id="193" goal_id="30"/>
  <agent start_id="179" goal_id="163"/>
  <agent start_id="59" goal_id="181"/>
  <agent start_id="13" goal_id="42"/>
  <agent start_id="138" goal_id="18"/>
  <agent start_id="102" goal_id="36"/>
  <agent start_id="92" goal_id="111"/>
  <agent start_id="121" goal_id="100"/>
  <agent start_id="54" goal_id="56"/>
  <agent start_id="159" goal_id="120"/>
  <agent start_id="64" goal_id="155"/>
  <agent start_id="28" goal_id="37"/>
  <agent start_id="168" goal_id="70"/>
  <agent start_id="144" goal_id="23"/>
  <agent start_id="126" goal_id="94"/>
  <agent start_id="57" goal_id="125"/>
  <agent start_id="7" goal_id="13"/>
  <agent start_id="44" goal_id="192"/>
  <agent start_id="191" goal_id="117"/>
  <agent start_id="130" goal_id="2"/>
  <agent start_id="94" goal_id="196"/>
  <agent start_id="68" goal_id="107"/>
  <agent start_id="21" goal_id="99"/>
  <agent start_id="3" goal_id="124"/>
  <agent start_id="2" goal_id="11"/>
  <agent start_id="169" goal_id="186"/>
  <agent start_id="30" goal_id="88"/>
  <agent start_id="99" goal_id="171"/>
  <agent start_id="150" goal_id="87"/>
</root>
