<?xml version="1.0" ?>
<root>
  <agent start_id="12" goal_id="11"/>
  <agent start_id="121" goal_id="179"/>
  <agent start_id="56" goal_id="115"/>
  <agent start_id="69" goal_id="149"/>
  <agent start_id="28" goal_id="27"/>
  <agent start_id="156" goal_id="108"/>
  <agent start_id="130" goal_id="73"/>
  <agent start_id="68" goal_id="94"/>
  <agent start_id="138" goal_id="104"/>
  <agent start_id="59" goal_id="74"/>
  <agent start_id="52" goal_id="1"/>
  <agent start_id="45" goal_id="159"/>
  <agent start_id="40" goal_id="16"/>
  <agent start_id="11" goal_id="76"/>
  <agent start_id="147" goal_id="5"/>
  <agent start_id="7" goal_id="17"/>
  <agent start_id="119" goal_id="130"/>
  <agent start_id="148" goal_id="99"/>
  <agent start_id="199" goal_id="36"/>
  <agent start_id="71" goal_id="177"/>
  <agent start_id="81" goal_id="117"/>
  <agent start_id="192" goal_id="176"/>
  <agent start_id="24" goal_id="14"/>
  <agent start_id="134" goal_id="185"/>
  <agent start_id="58" goal_id="80"/>
  <agent start_id="29" goal_id="146"/>
  <agent start_id="72" goal_id="102"/>
  <agent start_id="125" goal_id="140"/>
  <agent start_id="97" goal_id="190"/>
  <agent start_id="132" goal_id="157"/>
  <agent start_id="14" goal_id="120"/>
  <agent start_id="39" goal_id="194"/>
  <agent start_id="143" goal_id="58"/>
  <agent start_id="4" goal_id="137"/>
  <agent start_id="35" goal_id="169"/>
  <agent start_id="108" goal_id="15"/>
  <agent start_id="0" goal_id="144"/>
  <agent start_id="99" goal_id="81"/>
  <agent start_id="21" goal_id="132"/>
  <agent start_id="173" goal_id="145"/>
  <agent start_id="162" goal_id="113"/>
  <agent start_id="75" goal_id="20"/>
  <agent start_id="124" goal_id="116"/>
  <agent start_id="41" goal_id="160"/>
  <agent start_id="191" goal_id="163"/>
  <agent start_id="1" goal_id="197"/>
  <agent start_id="151" goal_id="49"/>
  <agent start_id="175" goal_id="199"/>
  <agent start_id="34" goal_id="89"/>
  <agent start_id="186" goal_id="158"/>
</root>
