<?xml version="1.0" ?>
<root>
  <agent start_id="115" goal_id="86"/>
  <agent start_id="51" goal_id="36"/>
  <agent start_id="133" goal_id="64"/>
  <agent start_id="4" goal_id="62"/>
  <agent start_id="143" goal_id="75"/>
  <agent start_id="124" goal_id="168"/>
  <agent start_id="155" goal_id="73"/>
  <agent start_id="177" goal_id="91"/>
  <agent start_id="52" goal_id="50"/>
  <agent start_id="157" goal_id="6"/>
  <agent start_id="188" goal_id="88"/>
  <agent start_id="162" goal_id="59"/>
  <agent start_id="18" goal_id="51"/>
  <agent start_id="111" goal_id="106"/>
  <agent start_id="180" goal_id="120"/>
  <agent start_id="14" goal_id="122"/>
  <agent start_id="75" goal_id="63"/>
  <agent start_id="23" goal_id="163"/>
  <agent start_id="9" goal_id="116"/>
  <agent start_id="163" goal_id="100"/>
  <agent start_id="11" goal_id="192"/>
  <agent start_id="119" goal_id="81"/>
  <agent start_id="25" goal_id="55"/>
  <agent start_id="2" goal_id="8"/>
  <agent start_id="130" goal_id="19"/>
  <agent start_id="61" goal_id="176"/>
  <agent start_id="151" goal_id="187"/>
  <agent start_id="29" goal_id="110"/>
  <agent start_id="84" goal_id="101"/>
  <agent start_id="165" goal_id="46"/>
  <agent start_id="19" goal_id="149"/>
  <agent start_id="1" goal_id="150"/>
  <agent start_id="145" goal_id="154"/>
  <agent start_id="48" goal_id="94"/>
  <agent start_id="148" goal_id="58"/>
  <agent start_id="44" goal_id="175"/>
  <agent start_id="94" goal_id="129"/>
  <agent start_id="65" goal_id="115"/>
  <agent start_id="38" goal_id="14"/>
  <agent start_id="35" goal_id="85"/>
  <agent start_id="198" goal_id="134"/>
  <agent start_id="78" goal_id="132"/>
  <agent start_id="141" goal_id="194"/>
  <agent start_id="175" goal_id="80"/>
  <agent start_id="127" goal_id="185"/>
  <agent start_id="172" goal_id="157"/>
  <agent start_id="164" goal_id="108"/>
  <agent start_id="106" goal_id="77"/>
  <agent start_id="135" goal_id="74"/>
  <agent start_id="121" goal_id="31"/>
</root>
