<?xml version="1.0" ?>
<root>
  <agent start_id="114" goal_id="23"/>
  <agent start_id="94" goal_id="97"/>
  <agent start_id="199" goal_id="169"/>
  <agent start_id="25" goal_id="46"/>
  <agent start_id="1" goal_id="73"/>
  <agent start_id="37" goal_id="37"/>
  <agent start_id="50" goal_id="94"/>
  <agent start_id="46" goal_id="48"/>
  <agent start_id="64" goal_id="91"/>
  <agent start_id="96" goal_id="40"/>
  <agent start_id="188" goal_id="75"/>
  <agent start_id="43" goal_id="105"/>
  <agent start_id="76" goal_id="41"/>
  <agent start_id="111" goal_id="126"/>
  <agent start_id="147" goal_id="172"/>
  <agent start_id="18" goal_id="33"/>
  <agent start_id="73" goal_id="140"/>
  <agent start_id="181" goal_id="36"/>
  <agent start_id="180" goal_id="30"/>
  <agent start_id="24" goal_id="129"/>
  <agent start_id="86" goal_id="178"/>
  <agent start_id="35" goal_id="89"/>
  <agent start_id="32" goal_id="77"/>
  <agent start_id="190" goal_id="112"/>
  <agent start_id="150" goal_id="138"/>
  <agent start_id="103" goal_id="121"/>
  <agent start_id="54" goal_id="31"/>
  <agent start_id="182" goal_id="136"/>
  <agent start_id="191" goal_id="159"/>
  <agent start_id="140" goal_id="10"/>
  <agent start_id="118" goal_id="67"/>
  <agent start_id="148" goal_id="72"/>
  <agent start_id="185" goal_id="165"/>
  <agent start_id="177" goal_id="16"/>
  <agent start_id="97" goal_id="153"/>
  <agent start_id="139" goal_id="145"/>
  <agent start_id="120" goal_id="59"/>
  <agent start_id="33" goal_id="63"/>
  <agent start_id="197" goal_id="124"/>
  <agent start_id="11" goal_id="69"/>
  <agent start_id="108" goal_id="193"/>
  <agent start_id="172" goal_id="132"/>
  <agent start_id="113" goal_id="66"/>
  <agent start_id="126" goal_id="150"/>
  <agent start_id="82" goal_id="18"/>
  <agent start_id="170" goal_id="76"/>
  <agent start_id="155" goal_id="167"/>
  <agent start_id="68" goal_id="125"/>
  <agent start_id="17" goal_id="84"/>
  <agent start_id="109" goal_id="24"/>
</root>
