<?xml version="1.0" ?>
<root>
  <agent start_id="58" goal_id="27"/>
  <agent start_id="150" goal_id="114"/>
  <agent start_id="182" goal_id="143"/>
  <agent start_id="90" goal_id="52"/>
  <agent start_id="164" goal_id="48"/>
  <agent start_id="46" goal_id="191"/>
  <agent start_id="180" goal_id="124"/>
  <agent start_id="166" goal_id="188"/>
  <agent start_id="10" goal_id="122"/>
  <agent start_id="50" goal_id="95"/>
  <agent start_id="177" goal_id="108"/>
  <agent start_id="137" goal_id="151"/>
  <agent start_id="4" goal_id="2"/>
  <agent start_id="91" goal_id="104"/>
  <agent start_id="95" goal_id="59"/>
  <agent start_id="76" goal_id="32"/>
  <agent start_id="153" goal_id="77"/>
  <agent start_id="68" goal_id="70"/>
  <agent start_id="99" goal_id="102"/>
  <agent start_id="103" goal_id="29"/>
  <agent start_id="183" goal_id="40"/>
  <agent start_id="107" goal_id="130"/>
  <agent start_id="59" goal_id="84"/>
  <agent start_id="174" goal_id="173"/>
  <agent start_id="133" goal_id="195"/>
  <agent start_id="106" goal_id="25"/>
  <agent start_id="8" goal_id="47"/>
  <agent start_id="55" goal_id="60"/>
  <agent start_id="79" goal_id="165"/>
  <agent start_id="181" goal_id="87"/>
  <agent start_id="33" goal_id="69"/>
  <agent start_id="16" goal_id="183"/>
  <agent start_id="37" goal_id="139"/>
  <agent start_id="171" goal_id="74"/>
  <agent start_id="1" goal_id="7"/>
  <agent start_id="126" goal_id="112"/>
  <agent start_id="187" goal_id="103"/>
  <agent start_id="118" goal_id="98"/>
  <agent start_id="61" goal_id="3"/>
  <agent start_id="146" goal_id="17"/>
  <agent start_id="162" goal_id="64"/>
  <agent start_id="98" goal_id="38"/>
  <agent start_id="11" goal_id="141"/>
  <agent start_id="18" goal_id="182"/>
  <agent start_id="159" goal_id="136"/>
  <agent start_id="192" goal_id="28"/>
  <agent start_id="116" goal_id="186"/>
  <agent start_id="17" goal_id="6"/>
  <agent start_id="158" goal_id="15"/>
  <agent start_id="77" goal_id="140"/>
</root>
