<?xml version="1.0" ?>
<root>
  <agent start_id="60" goal_id="20"/>
  <agent start_id="83" goal_id="119"/>
  <agent start_id="65" goal_id="76"/>
  <agent start_id="189" goal_id="101"/>
  <agent start_id="12" goal_id="152"/>
  <agent start_id="115" goal_id="2"/>
  <agent start_id="145" goal_id="182"/>
  <agent start_id="48" goal_id="13"/>
  <agent start_id="79" goal_id="37"/>
  <agent start_id="146" goal_id="71"/>
  <agent start_id="30" goal_id="30"/>
  <agent start_id="98" goal_id="32"/>
  <agent start_id="186" goal_id="3"/>
  <agent start_id="128" goal_id="54"/>
  <agent start_id="14" goal_id="98"/>
  <agent start_id="181" goal_id="92"/>
  <agent start_id="75" goal_id="79"/>
  <agent start_id="2" goal_id="153"/>
  <agent start_id="16" goal_id="148"/>
  <agent start_id="39" goal_id="194"/>
  <agent start_id="58" goal_id="197"/>
  <agent start_id="55" goal_id="53"/>
  <agent start_id="117" goal_id="130"/>
  <agent start_id="33" goal_id="94"/>
  <agent start_id="112" goal_id="47"/>
  <agent start_id="52" goal_id="144"/>
  <agent start_id="169" goal_id="159"/>
  <agent start_id="198" goal_id="86"/>
  <agent start_id="168" goal_id="163"/>
  <agent start_id="8" goal_id="56"/>
  <agent start_id="185" goal_id="35"/>
  <agent start_id="71" goal_id="156"/>
  <agent start_id="54" goal_id="1"/>
  <agent start_id="183" goal_id="195"/>
  <agent start_id="172" goal_id="60"/>
  <agent start_id="25" goal_id="191"/>
  <agent start_id="104" goal_id="108"/>
  <agent start_id="126" goal_id="40"/>
  <agent start_id="138" goal_id="133"/>
  <agent start_id="49" goal_id="115"/>
  <agent start_id="66" goal_id="151"/>
  <agent start_id="93" goal_id="70"/>
  <agent start_id="136" goal_id="176"/>
  <agent start_id="9" goal_id="179"/>
  <agent start_id="56" goal_id="146"/>
  <agent start_id="81" goal_id="127"/>
  <agent start_id="124" goal_id="11"/>
  <agent start_id="21" goal_id="58"/>
  <agent start_id="152" goal_id="99"/>
  <agent start_id="0" goal_id="95"/>
</root>
