<?xml version="1.0" ?>
<root>
  <agent start_id="41" goal_id="94"/>
  <agent start_id="79" goal_id="64"/>
  <agent start_id="172" goal_id="192"/>
  <agent start_id="192" goal_id="50"/>
  <agent start_id="28" goal_id="177"/>
  <agent start_id="157" goal_id="175"/>
  <agent start_id="98" goal_id="181"/>
  <agent start_id="145" goal_id="112"/>
  <agent start_id="112" goal_id="79"/>
  <agent start_id="155" goal_id="142"/>
  <agent start_id="111" goal_id="85"/>
  <agent start_id="139" goal_id="169"/>
  <agent start_id="44" goal_id="7"/>
  <agent start_id="120" goal_id="129"/>
  <agent start_id="175" goal_id="104"/>
  <agent start_id="161" goal_id="45"/>
  <agent start_id="60" goal_id="141"/>
  <agent start_id="189" goal_id="188"/>
  <agent start_id="107" goal_id="84"/>
  <agent start_id="12" goal_id="140"/>
  <agent start_id="5" goal_id="95"/>
  <agent start_id="180" goal_id="87"/>
  <agent start_id="184" goal_id="55"/>
  <agent start_id="46" goal_id="137"/>
  <agent start_id="114" goal_id="152"/>
  <agent start_id="26" goal_id="151"/>
  <agent start_id="118" goal_id="93"/>
  <agent start_id="129" goal_id="195"/>
  <agent start_id="198" goal_id="183"/>
  <agent start_id="169" goal_id="4"/>
  <agent start_id="62" goal_id="180"/>
  <agent start_id="3" goal_id="120"/>
  <agent start_id="19" goal_id="37"/>
  <agent start_id="63" goal_id="185"/>
  <agent start_id="146" goal_id="46"/>
  <agent start_id="103" goal_id="90"/>
  <agent start_id="194" goal_id="146"/>
  <agent start_id="178" goal_id="190"/>
  <agent start_id="9" goal_id="145"/>
  <agent start_id="22" goal_id="21"/>
  <agent start_id="164" goal_id="125"/>
  <agent start_id="136" goal_id="116"/>
  <agent start_id="69" goal_id="22"/>
  <agent start_id="93" goal_id="19"/>
  <agent start_id="81" goal_id="28"/>
  <agent start_id="130" goal_id="114"/>
  <agent start_id="20" goal_id="124"/>
  <agent start_id="34" goal_id="34"/>
  <agent start_id="105" goal_id="179"/>
  <agent start_id="40" goal_id="44"/>
</root>
