<?xml version="1.0" ?>
<root>
  <agent start_id="185" goal_id="70"/>
  <agent start_id="54" goal_id="167"/>
  <agent start_id="64" goal_id="27"/>
  <agent start_id="60" goal_id="73"/>
  <agent start_id="86" goal_id="47"/>
  <agent start_id="101" goal_id="118"/>
  <agent start_id="55" goal_id="76"/>
  <agent start_id="0" goal_id="10"/>
  <agent start_id="199" goal_id="155"/>
  <agent start_id="190" goal_id="9"/>
  <agent start_id="50" goal_id="102"/>
  <agent start_id="77" goal_id="77"/>
  <agent start_id="117" goal_id="177"/>
  <agent start_id="194" goal_id="194"/>
  <agent start_id="138" goal_id="141"/>
  <agent start_id="80" goal_id="110"/>
  <agent start_id="149" goal_id="39"/>
  <agent start_id="98" goal_id="63"/>
  <agent start_id="155" goal_id="62"/>
  <agent start_id="36" goal_id="124"/>
  <agent start_id="88" goal_id="160"/>
  <agent start_id="19" goal_id="89"/>
  <agent start_id="22" goal_id="149"/>
  <agent start_id="153" goal_id="115"/>
  <agent start_id="176" goal_id="132"/>
  <agent start_id="120" goal_id="119"/>
  <agent start_id="134" goal_id="113"/>
  <agent start_id="130" goal_id="130"/>
  <agent start_id="69" goal_id="95"/>
  <agent start_id="83" goal_id="163"/>
  <agent start_id="140" goal_id="99"/>
  <agent start_id="167" goal_id="143"/>
  <agent start_id="192" goal_id="50"/>
  <agent start_id="58" goal_id="4"/>
  <agent start_id="163" goal_id="184"/>
  <agent start_id="29" goal_id="42"/>
  <agent start_id="159" goal_id="16"/>
  <agent start_id="139" goal_id="51"/>
  <agent start_id="165" goal_id="197"/>
  <agent start_id="63" goal_id="32"/>
  <agent start_id="113" goal_id="148"/>
  <agent start_id="156" goal_id="36"/>
  <agent start_id="193" goal_id="126"/>
  <agent start_id="171" goal_id="156"/>
  <agent start_id="26" goal_id="182"/>
  <agent start_id="127" goal_id="147"/>
  <agent start_id="33" goal_id="112"/>
  <agent start_id="177" goal_id="37"/>
  <agent start_id="164" goal_id="86"/>
  <agent start_id="52" goal_id="58"/>
</root>
