<?xml version="1.0" ?>
<root>
  <agent start_id="148" goal_id="155"/>
  <agent start_id="185" goal_id="27"/>
  <agent start_id="68" goal_id="121"/>
  <agent start_id="9" goal_id="19"/>
  <agent start_id="24" goal_id="52"/>
  <agent start_id="54" goal_id="123"/>
  <agent start_id="64" goal_id="149"/>
  <agent start_id="15" goal_id="140"/>
  <agent start_id="49" goal_id="146"/>
  <agent start_id="74" goal_id="46"/>
  <agent start_id="142" goal_id="147"/>
  <agent start_id="96" goal_id="58"/>
  <agent start_id="150" goal_id="34"/>
  <agent start_id="86" goal_id="59"/>
  <agent start_id="76" goal_id="25"/>
  <agent start_id="67" goal_id="63"/>
  <agent start_id="195" goal_id="144"/>
  <agent start_id="71" goal_id="199"/>
  <agent start_id="92" goal_id="112"/>
  <agent start_id="149" goal_id="75"/>
  <agent start_id="107" goal_id="168"/>
  <agent start_id="173" goal_id="14"/>
  <agent start_id="85" goal_id="117"/>
  <agent start_id="52" goal_id="183"/>
  <agent start_id="6" goal_id="128"/>
  <agent start_id="189" goal_id="150"/>
  <agent start_id="121" goal_id="16"/>
  <agent start_id="126" goal_id="50"/>
  <agent start_id="57" goal_id="176"/>
  <agent start_id="44" goal_id="18"/>
  <agent start_id="36" goal_id="17"/>
  <agent start_id="193" goal_id="134"/>
  <agent start_id="40" goal_id="126"/>
  <agent start_id="5" goal_id="192"/>
  <agent start_id="72" goal_id="104"/>
  <agent start_id="114" goal_id="165"/>
  <agent start_id="55" goal_id="86"/>
  <agent start_id="164" goal_id="42"/>
  <agent start_id="119" goal_id="197"/>
  <agent start_id="100" goal_id="178"/>
  <agent start_id="13" goal_id="111"/>
  <agent start_id="174" goal_id="171"/>
  <agent start_id="78" goal_id="132"/>
  <agent start_id="81" goal_id="90"/>
  <agent start_id="138" goal_id="157"/>
  <agent start_id="2" goal_id="116"/>
  <agent start_id="93" goal_id="161"/>
  <agent start_id="0" goal_id="136"/>
  <agent start_id="75" goal_id="109"/>
  <agent start_id="175" goal_id="138"/>
</root>
