<?xml version="1.0" ?>
<root>
  <agent start_id="27" goal_id="85"/>
  <agent start_id="31" goal_id="175"/>
  <agent start_id="155" goal_id="48"/>
  <agent start_id="166" goal_id="144"/>
  <agent start_id="128" goal_id="139"/>
  <agent start_id="58" goal_id="112"/>
  <agent start_id="178" goal_id="30"/>
  <agent start_id="164" goal_id="50"/>
  <agent start_id="113" goal_id="135"/>
  <agent start_id="157" goal_id="69"/>
  <agent start_id="90" goal_id="180"/>
  <agent start_id="184" goal_id="115"/>
  <agent start_id="182" goal_id="90"/>
  <agent start_id="135" goal_id="52"/>
  <agent start_id="20" goal_id="154"/>
  <agent start_id="67" goal_id="161"/>
  <agent start_id="62" goal_id="46"/>
  <agent start_id="77" goal_id="120"/>
  <agent start_id="107" goal_id="117"/>
  <agent start_id="25" goal_id="17"/>
  <agent start_id="168" goal_id="15"/>
  <agent start_id="10" goal_id="125"/>
  <agent start_id="19" goal_id="176"/>
  <agent start_id="89" goal_id="121"/>
  <agent start_id="0" goal_id="12"/>
  <agent start_id="190" goal_id="20"/>
  <agent start_id="197" goal_id="22"/>
  <agent start_id="183" goal_id="182"/>
  <agent start_id="7" goal_id="140"/>
  <agent start_id="56" goal_id="178"/>
  <agent start_id="98" goal_id="190"/>
  <agent start_id="189" goal_id="27"/>
  <agent start_id="171" goal_id="45"/>
  <agent start_id="130" goal_id="167"/>
  <agent start_id="68" goal_id="63"/>
  <agent start_id="174" goal_id="73"/>
  <agent start_id="14" goal_id="157"/>
  <agent start_id="21" goal_id="51"/>
  <agent start_id="2" goal_id="122"/>
  <agent start_id="41" goal_id="187"/>
  <agent start_id="32" goal_id="172"/>
  <agent start_id="83" goal_id="96"/>
  <agent start_id="88" goal_id="105"/>
  <agent start_id="110" goal_id="195"/>
  <agent start_id="94" goal_id="43"/>
  <agent start_id="180" goal_id="133"/>
  <agent start_id="167" goal_id="183"/>
  <agent start_id="36" goal_id="192"/>
  <agent start_id="160" goal_id="5"/>
  <agent start_id="156" goal_id="193"/>
</root>
