<?xml version="1.0" ?>
<root>
  <agent start_id="77" goal_id="25"/>
  <agent start_id="158" goal_id="145"/>
  <agent start_id="121" goal_id="34"/>
  <agent start_id="143" goal_id="91"/>
  <agent start_id="23" goal_id="173"/>
  <agent start_id="186" goal_id="84"/>
  <agent start_id="103" goal_id="58"/>
  <agent start_id="193" goal_id="39"/>
  <agent start_id="174" goal_id="138"/>
  <agent start_id="60" goal_id="55"/>
  <agent start_id="178" goal_id="167"/>
  <agent start_id="155" goal_id="152"/>
  <agent start_id="70" goal_id="141"/>
  <agent start_id="1" goal_id="190"/>
  <agent start_id="98" goal_id="191"/>
  <agent start_id="172" goal_id="129"/>
  <agent start_id="119" goal_id="32"/>
  <agent start_id="55" goal_id="136"/>
  <agent start_id="64" goal_id="36"/>
  <agent start_id="53" goal_id="64"/>
  <agent start_id="14" goal_id="72"/>
  <agent start_id="51" goal_id="155"/>
  <agent start_id="188" goal_id="88"/>
  <agent start_id="4" goal_id="86"/>
  <agent start_id="65" goal_id="197"/>
  <agent start_id="180" goal_id="168"/>
  <agent start_id="89" goal_id="109"/>
  <agent start_id="71" goal_id="140"/>
  <agent start_id="105" goal_id="38"/>
  <agent start_id="112" goal_id="47"/>
  <agent start_id="123" goal_id="54"/>
  <agent start_id="79" goal_id="0"/>
  <agent start_id="83" goal_id="85"/>
  <agent start_id="190" goal_id="51"/>
  <agent start_id="67" goal_id="89"/>
  <agent start_id="162" goal_id="93"/>
  <agent start_id="150" goal_id="44"/>
  <agent start_id="128" goal_id="178"/>
  <agent start_id="173" goal_id="75"/>
  <agent start_id="47" goal_id="156"/>
  <agent start_id="25" goal_id="57"/>
  <agent start_id="101" goal_id="196"/>
  <agent start_id="192" goal_id="9"/>
  <agent start_id="62" goal_id="61"/>
  <agent start_id="152" goal_id="116"/>
  <agent start_id="110" goal_id="146"/>
  <agent start_id="50" goal_id="127"/>
  <agent start_id="21" goal_id="106"/>
  <agent start_id="197" goal_id="66"/>
  <agent start_id="42" goal_id="7"/>
</root>
