<?xml version="1.0" ?>
<root>
  <agent start_id="191" goal_id="14"/>
  <agent start_id="128" goal_id="146"/>
  <agent start_id="68" goal_id="137"/>
  <agent start_id="125" goal_id="83"/>
  <agent start_id="132" goal_id="197"/>
  <agent start_id="70" goal_id="97"/>
  <agent start_id="173" goal_id="11"/>
  <agent start_id="61" goal_id="4"/>
  <agent start_id="26" goal_id="115"/>
  <agent start_id="38" goal_id="8"/>
  <agent start_id="108" goal_id="127"/>
  <agent start_id="28" goal_id="27"/>
  <agent start_id="27" goal_id="7"/>
  <agent start_id="123" goal_id="3"/>
  <agent start_id="71" goal_id="81"/>
  <agent start_id="37" goal_id="118"/>
  <agent start_id="115" goal_id="39"/>
  <agent start_id="185" goal_id="51"/>
  <agent start_id="151" goal_id="182"/>
  <agent start_id="150" goal_id="65"/>
  <agent start_id="164" goal_id="132"/>
  <agent start_id="93" goal_id="180"/>
  <agent start_id="52" goal_id="25"/>
  <agent start_id="62" goal_id="179"/>
  <agent start_id="19" goal_id="165"/>
  <agent start_id="40" goal_id="191"/>
  <agent start_id="196" goal_id="135"/>
  <agent start_id="21" goal_id="175"/>
  <agent start_id="105" goal_id="108"/>
  <agent start_id="161" goal_id="75"/>
  <agent start_id="76" goal_id="110"/>
  <agent start_id="18" goal_id="69"/>
  <agent start_id="81" goal_id="164"/>
  <agent start_id="2" goal_id="2"/>
  <agent start_id="78" goal_id="5"/>
  <agent start_id="190" goal_id="55"/>
  <agent start_id="43" goal_id="53"/>
  <agent start_id="15" goal_id="34"/>
  <agent start_id="55" goal_id="84"/>
  <agent start_id="79" goal_id="20"/>
  <agent start_id="137" goal_id="18"/>
  <agent start_id="4" goal_id="188"/>
  <agent start_id="90" goal_id="161"/>
  <agent start_id="12" goal_id="17"/>
  <agent start_id="16" goal_id="70"/>
  <agent start_id="80" goal_id="26"/>
  <agent start_id="198" goal_id="89"/>
  <agent start_id="158" goal_id="178"/>
  <agent start_id="175" goal_id="52"/>
  <agent start_id="110" goal_id="123"/>
</root>
