<?xml version="1.0" ?>
<root>
  <agent start_id="148" goal_id="78"/>
  <agent start_id="162" goal_id="101"/>
  <agent start_id="133" goal_id="186"/>
  <agent start_id="155" goal_id="182"/>
  <agent start_id="53" goal_id="106"/>
  <agent start_id="167" goal_id="141"/>
  <agent start_id="17" goal_id="160"/>
  <agent start_id="153" goal_id="53"/>
  <agent start_id="157" goal_id="84"/>
  <agent start_id="127" goal_id="66"/>
  <agent start_id="22" goal_id="91"/>
  <agent start_id="139" goal_id="37"/>
  <agent start_id="142" goal_id="43"/>
  <agent start_id="51" goal_id="62"/>
  <agent start_id="2" goal_id="98"/>
  <agent start_id="115" goal_id="148"/>
  <agent start_id="195" goal_id="89"/>
  <agent start_id="58" goal_id="184"/>
  <agent start_id="34" goal_id="119"/>
  <agent start_id="138" goal_id="61"/>
  <agent start_id="28" goal_id="115"/>
  <agent start_id="103" goal_id="130"/>
  <agent start_id="89" goal_id="90"/>
  <agent start_id="179" goal_id="42"/>
  <agent start_id="108" goal_id="74"/>
  <agent start_id="48" goal_id="199"/>
  <agent start_id="93" goal_id="131"/>
  <agent start_id="67" goal_id="6"/>
  <agent start_id="33" goal_id="21"/>
  <agent start_id="8" goal_id="52"/>
  <agent start_id="76" goal_id="20"/>
  <agent start_id="25" goal_id="24"/>
  <agent start_id="140" goal_id="75"/>
  <agent start_id="85" goal_id="79"/>
  <agent start_id="172" goal_id="11"/>
  <agent start_id="44" goal_id="87"/>
  <agent start_id="159" goal_id="172"/>
  <agent start_id="130" goal_id="176"/>
  <agent start_id="169" goal_id="70"/>
  <agent start_id="190" goal_id="192"/>
  <agent start_id="9" goal_id="114"/>
  <agent start_id="50" goal_id="177"/>
  <agent start_id="15" goal_id="195"/>
  <agent start_id="62" goal_id="136"/>
  <agent start_id="180" goal_id="152"/>
  <agent start_id="16" goal_id="154"/>
  <agent start_id="69" goal_id="145"/>
  <agent start_id="6" goal_id="93"/>
  <agent start_id="97" goal_id="167"/>
  <agent start_id="196" goal_id="30"/>
</root>
