<?xml version="1.0" ?>
<root>
  <agent start_id="184" goal_id="159"/>
  <agent start_id="120" goal_id="196"/>
  <agent start_id="20" goal_id="187"/>
  <agent start_id="166" goal_id="160"/>
  <agent start_id="29" goal_id="114"/>
  <agent start_id="101" goal_id="174"/>
  <agent start_id="107" goal_id="184"/>
  <agent start_id="151" goal_id="94"/>
  <agent start_id="9" goal_id="17"/>
  <agent start_id="193" goal_id="86"/>
  <agent start_id="153" goal_id="189"/>
  <agent start_id="4" goal_id="47"/>
  <agent start_id="134" goal_id="178"/>
  <agent start_id="132" goal_id="13"/>
  <agent start_id="115" goal_id="80"/>
  <agent start_id="158" goal_id="2"/>
  <agent start_id="22" goal_id="122"/>
  <agent start_id="176" goal_id="34"/>
  <agent start_id="110" goal_id="27"/>
  <agent start_id="192" goal_id="182"/>
  <agent start_id="161" goal_id="75"/>
  <agent start_id="129" goal_id="70"/>
  <agent start_id="117" goal_id="72"/>
  <agent start_id="187" goal_id="35"/>
  <agent start_id="143" goal_id="144"/>
  <agent start_id="182" goal_id="149"/>
  <agent start_id="160" goal_id="61"/>
  <agent start_id="148" goal_id="76"/>
  <agent start_id="43" goal_id="24"/>
  <agent start_id="168" goal_id="77"/>
  <agent start_id="11" goal_id="171"/>
  <agent start_id="191" goal_id="41"/>
  <agent start_id="128" goal_id="137"/>
  <agent start_id="111" goal_id="194"/>
  <agent start_id="186" goal_id="21"/>
  <agent start_id="109" goal_id="28"/>
  <agent start_id="64" goal_id="103"/>
  <agent start_id="59" goal_id="33"/>
  <agent start_id="96" goal_id="89"/>
  <agent start_id="103" goal_id="109"/>
  <agent start_id="179" goal_id="4"/>
  <agent start_id="1" goal_id="8"/>
  <agent start_id="17" goal_id="11"/>
  <agent start_id="53" goal_id="52"/>
  <agent start_id="6" goal_id="148"/>
  <agent start_id="62" goal_id="116"/>
  <agent start_id="48" goal_id="49"/>
  <agent start_id="36" goal_id="81"/>
  <agent start_id="74" goal_id="22"/>
  <agent start_id="26" goal_id="3"/>
</root>
