<?xml version="1.0" ?>
<root>
  <agent start_id="169" goal_id="115"/>
  <agent start_id="154" goal_id="101"/>
  <agent start_id="19" goal_id="5"/>
  <agent start_id="150" goal_id="105"/>
  <agent start_id="10" goal_id="77"/>
  <agent start_id="192" goal_id="189"/>
  <agent start_id="2" goal_id="17"/>
  <agent start_id="45" goal_id="46"/>
  <agent start_id="138" goal_id="137"/>
  <agent start_id="123" goal_id="31"/>
  <agent start_id="84" goal_id="199"/>
  <agent start_id="124" goal_id="111"/>
  <agent start_id="140" goal_id="195"/>
  <agent start_id="186" goal_id="52"/>
  <agent start_id="98" goal_id="139"/>
  <agent start_id="127" goal_id="21"/>
  <agent start_id="149" goal_id="194"/>
  <agent start_id="53" goal_id="186"/>
  <agent start_id="36" goal_id="44"/>
  <agent start_id="47" goal_id="76"/>
  <agent start_id="109" goal_id="124"/>
  <agent start_id="173" goal_id="143"/>
  <agent start_id="51" goal_id="2"/>
  <agent start_id="164" goal_id="182"/>
  <agent start_id="172" goal_id="114"/>
  <agent start_id="183" goal_id="168"/>
  <agent start_id="73" goal_id="134"/>
  <agent start_id="152" goal_id="158"/>
  <agent start_id="195" goal_id="122"/>
  <agent start_id="176" goal_id="197"/>
  <agent start_id="71" goal_id="110"/>
  <agent start_id="28" goal_id="146"/>
  <agent start_id="95" goal_id="69"/>
  <agent start_id="139" goal_id="15"/>
  <agent start_id="128" goal_id="150"/>
  <agent start_id="113" goal_id="80"/>
  <agent start_id="80" goal_id="132"/>
  <agent start_id="21" goal_id="188"/>
  <agent start_id="8" goal_id="96"/>
  <agent start_id="111" goal_id="167"/>
  <agent start_id="18" goal_id="26"/>
  <agent start_id="55" goal_id="73"/>
  <agent start_id="165" goal_id="10"/>
  <agent start_id="68" goal_id="59"/>
  <agent start_id="59" goal_id="36"/>
  <agent start_id="66" goal_id="107"/>
  <agent start_id="166" goal_id="6"/>
  <agent start_id="87" goal_id="92"/>
  <agent start_id="116" goal_id="100"/>
  <agent start_id="20" goal_id="138"/>
</root>
