<?xml version="1.0" ?>
<root>
  <agent start_id="184" goal_id="40"/>
  <agent start_id="23" goal_id="143"/>
  <agent start_id="195" goal_id="68"/>
  <agent start_id="6" goal_id="52"/>
  <agent start_id="78" goal_id="64"/>
  <agent start_id="76" goal_id="53"/>
  <agent start_id="51" goal_id="114"/>
  <agent start_id="145" goal_id="86"/>
  <agent start_id="82" goal_id="137"/>
  <agent start_id="21" goal_id="126"/>
  <agent start_id="71" goal_id="141"/>
  <agent start_id="104" goal_id="34"/>
  <agent start_id="123" goal_id="129"/>
  <agent start_id="85" goal_id="179"/>
  <agent start_id="111" goal_id="184"/>
  <agent start_id="133" goal_id="16"/>
  <agent start_id="8" goal_id="122"/>
  <agent start_id="190" goal_id="183"/>
  <agent start_id="18" goal_id="96"/>
  <agent start_id="191" goal_id="93"/>
  <agent start_id="152" goal_id="47"/>
  <agent start_id="94" goal_id="50"/>
  <agent start_id="164" goal_id="97"/>
  <agent start_id="173" goal_id="51"/>
  <agent start_id="24" goal_id="39"/>
  <agent start_id="118" goal_id="110"/>
  <agent start_id="182" goal_id="133"/>
  <agent start_id="20" goal_id="0"/>
  <agent start_id="169" goal_id="65"/>
  <agent start_id="170" goal_id="193"/>
  <agent start_id="2" goal_id="78"/>
  <agent start_id="121" goal_id="98"/>
  <agent start_id="83" goal_id="118"/>
  <agent start_id="19" goal_id="160"/>
  <agent start_id="4" goal_id="22"/>
  <agent start_id="167" goal_id="103"/>
  <agent start_id="10" goal_id="167"/>
  <agent start_id="102" goal_id="198"/>
  <agent start_id="61" goal_id="26"/>
  <agent start_id="159" goal_id="79"/>
  <agent start_id="135" goal_id="154"/>
  <agent start_id="126" goal_id="72"/>
  <agent start_id="57" goal_id="1"/>
  <agent start_id="110" goal_id="49"/>
  <agent start_id="109" goal_id="75"/>
  <agent start_id="67" goal_id="100"/>
  <agent start_id="26" goal_id="196"/>
  <agent start_id="180" goal_id="175"/>
  <agent start_id="128" goal_id="156"/>
  <agent start_id="53" goal_id="83"/>
</root>
