<?xml version="1.0" ?>
<root>
  <agent start_id="61" goal_id="93"/>
  <agent start_id="148" goal_id="196"/>
  <agent start_id="190" goal_id="109"/>
  <agent start_id="0" goal_id="15"/>
  <agent start_id="43" goal_id="100"/>
  <agent start_id="156" goal_id="19"/>
  <agent start_id="147" goal_id="128"/>
  <agent start_id="94" goal_id="44"/>
  <agent start_id="189" goal_id="129"/>
  <agent start_id="8" goal_id="95"/>
  <agent start_id="73" goal_id="156"/>
  <agent start_id="127" goal_id="98"/>
  <agent start_id="100" goal_id="163"/>
  <agent start_id="170" goal_id="47"/>
  <agent start_id="25" goal_id="117"/>
  <agent start_id="105" goal_id="91"/>
  <agent start_id="28" goal_id="5"/>
  <agent start_id="38" goal_id="144"/>
  <agent start_id="92" goal_id="186"/>
  <agent start_id="19" goal_id="54"/>
  <agent start_id="87" goal_id="43"/>
  <agent start_id="199" goal_id="153"/>
  <agent start_id="135" goal_id="56"/>
  <agent start_id="143" goal_id="189"/>
  <agent start_id="34" goal_id="60"/>
  <agent start_id="161" goal_id="188"/>
  <agent start_id="180" goal_id="147"/>
  <agent start_id="12" goal_id="49"/>
  <agent start_id="122" goal_id="198"/>
  <agent start_id="131" goal_id="190"/>
  <agent start_id="60" goal_id="181"/>
  <agent start_id="91" goal_id="195"/>
  <agent start_id="88" goal_id="139"/>
  <agent start_id="27" goal_id="146"/>
  <agent start_id="23" goal_id="76"/>
  <agent start_id="188" goal_id="105"/>
  <agent start_id="159" goal_id="62"/>
  <agent start_id="69" goal_id="65"/>
  <agent start_id="197" goal_id="8"/>
  <agent start_id="67" goal_id="50"/>
  <agent start_id="75" goal_id="79"/>
  <agent start_id="192" goal_id="57"/>
  <agent start_id="18" goal_id="155"/>
  <agent start_id="154" goal_id="32"/>
  <agent start_id="194" goal_id="192"/>
  <agent start_id="72" goal_id="142"/>
  <agent start_id="11" goal_id="126"/>
  <agent start_id="35" goal_id="149"/>
  <agent start_id="149" goal_id="165"/>
  <agent start_id="176" goal_id="104"/>
</root>
