<?xml version="1.0" ?>
<root>
  <agent start_id="81" goal_id="13"/>
  <agent start_id="176" goal_id="92"/>
  <agent start_id="183" goal_id="44"/>
  <agent start_id="124" goal_id="39"/>
  <agent start_id="175" goal_id="12"/>
  <agent start_id="92" goal_id="74"/>
  <agent start_id="58" goal_id="41"/>
  <agent start_id="122" goal_id="196"/>
  <agent start_id="91" goal_id="129"/>
  <agent start_id="100" goal_id="169"/>
  <agent start_id="1" goal_id="54"/>
  <agent start_id="99" goal_id="173"/>
  <agent start_id="197" goal_id="123"/>
  <agent start_id="16" goal_id="30"/>
  <agent start_id="112" goal_id="145"/>
  <agent start_id="106" goal_id="4"/>
  <agent start_id="109" goal_id="137"/>
  <agent start_id="156" goal_id="59"/>
  <agent start_id="56" goal_id="97"/>
  <agent start_id="145" goal_id="155"/>
  <agent start_id="181" goal_id="82"/>
  <agent start_id="188" goal_id="180"/>
  <agent start_id="146" goal_id="141"/>
  <agent start_id="116" goal_id="40"/>
  <agent start_id="34" goal_id="3"/>
  <agent start_id="128" goal_id="64"/>
  <agent start_id="184" goal_id="195"/>
  <agent start_id="8" goal_id="19"/>
  <agent start_id="72" goal_id="197"/>
  <agent start_id="94" goal_id="53"/>
  <agent start_id="142" goal_id="185"/>
  <agent start_id="53" goal_id="151"/>
  <agent start_id="152" goal_id="104"/>
  <agent start_id="6" goal_id="105"/>
  <agent start_id="44" goal_id="142"/>
  <agent start_id="169" goal_id="177"/>
  <agent start_id="78" goal_id="0"/>
  <agent start_id="67" goal_id="43"/>
  <agent start_id="158" goal_id="191"/>
  <agent start_id="42" goal_id="98"/>
  <agent start_id="32" goal_id="83"/>
  <agent start_id="38" goal_id="49"/>
  <agent start_id="131" goal_id="80"/>
  <agent start_id="87" goal_id="48"/>
  <agent start_id="172" goal_id="8"/>
  <agent start_id="125" goal_id="79"/>
  <agent start_id="114" goal_id="58"/>
  <agent start_id="137" goal_id="168"/>
  <agent start_id="73" goal_id="18"/>
  <agent start_id="161" goal_id="133"/>
</root>
