<?xml version="1.0" ?>
<root>
  <agent start_id="165" goal_id="156"/>
  <agent start_id="162" goal_id="77"/>
  <agent start_id="124" goal_id="57"/>
  <agent start_id="199" goal_id="126"/>
  <agent start_id="195" goal_id="99"/>
  <agent start_id="56" goal_id="51"/>
  <agent start_id="137" goal_id="197"/>
  <agent start_id="97" goal_id="182"/>
  <agent start_id="174" goal_id="187"/>
  <agent start_id="147" goal_id="184"/>
  <agent start_id="117" goal_id="175"/>
  <agent start_id="120" goal_id="17"/>
  <agent start_id="187" goal_id="135"/>
  <agent start_id="155" goal_id="21"/>
  <agent start_id="127" goal_id="11"/>
  <agent start_id="115" goal_id="165"/>
  <agent start_id="179" goal_id="158"/>
  <agent start_id="170" goal_id="78"/>
  <agent start_id="81" goal_id="6"/>
  <agent start_id="0" goal_id="68"/>
  <agent start_id="70" goal_id="69"/>
  <agent start_id="73" goal_id="191"/>
  <agent start_id="177" goal_id="196"/>
  <agent start_id="136" goal_id="52"/>
  <agent start_id="31" goal_id="124"/>
  <agent start_id="107" goal_id="3"/>
  <agent start_id="131" goal_id="20"/>
  <agent start_id="130" goal_id="53"/>
  <agent start_id="149" goal_id="142"/>
  <agent start_id="37" goal_id="117"/>
  <agent start_id="108" goal_id="88"/>
  <agent start_id="141" goal_id="67"/>
  <agent start_id="52" goal_id="4"/>
  <agent start_id="112" goal_id="194"/>
  <agent start_id="74" goal_id="74"/>
  <agent start_id="54" goal_id="171"/>
  <agent start_id="148" goal_id="186"/>
  <agent start_id="35" goal_id="63"/>
  <agent start_id="140" goal_id="177"/>
  <agent start_id="176" goal_id="149"/>
  <agent start_id="28" goal_id="56"/>
  <agent start_id="89" goal_id="103"/>
  <agent start_id="181" goal_id="102"/>
  <agent start_id="94" goal_id="5"/>
  <agent start_id="27" goal_id="179"/>
  <agent start_id="18" goal_id="131"/>
  <agent start_id="33" goal_id="90"/>
  <agent start_id="106" goal_id="43"/>
  <agent start_id="184" goal_id="114"/>
  <agent start_id="3" goal_id="170"/>
</root>
