<?xml version="1.0" ?>
<root>
  <agent start_id="183" goal_id="197"/>
  <agent start_id="155" goal_id="171"/>
  <agent start_id="171" goal_id="96"/>
  <agent start_id="84" goal_id="181"/>
  <agent start_id="194" goal_id="119"/>
  <agent start_id="120" goal_id="193"/>
  <agent start_id="104" goal_id="32"/>
  <agent start_id="39" goal_id="46"/>
  <agent start_id="64" goal_id="123"/>
  <agent start_id="105" goal_id="47"/>
  <agent start_id="136" goal_id="140"/>
  <agent start_id="57" goal_id="133"/>
  <agent start_id="113" goal_id="8"/>
  <agent start_id="33" goal_id="26"/>
  <agent start_id="37" goal_id="12"/>
  <agent start_id="20" goal_id="42"/>
  <agent start_id="38" goal_id="5"/>
  <agent start_id="65" goal_id="16"/>
  <agent start_id="108" goal_id="134"/>
  <agent start_id="180" goal_id="69"/>
  <agent start_id="145" goal_id="22"/>
  <agent start_id="137" goal_id="135"/>
  <agent start_id="11" goal_id="78"/>
  <agent start_id="190" goal_id="75"/>
  <agent start_id="169" goal_id="153"/>
  <agent start_id="116" goal_id="185"/>
  <agent start_id="198" goal_id="101"/>
  <agent start_id="199" goal_id="98"/>
  <agent start_id="2" goal_id="44"/>
  <agent start_id="14" goal_id="91"/>
  <agent start_id="130" goal_id="141"/>
  <agent start_id="56" goal_id="176"/>
  <agent start_id="83" goal_id="188"/>
  <agent start_id="69" goal_id="60"/>
  <agent start_id="60" goal_id="157"/>
  <agent start_id="168" goal_id="128"/>
  <agent start_id="50" goal_id="144"/>
  <agent start_id="89" goal_id="39"/>
  <agent start_id="124" goal_id="186"/>
  <agent start_id="163" goal_id="108"/>
  <agent start_id="7" goal_id="92"/>
  <agent start_id="46" goal_id="70"/>
  <agent start_id="94" goal_id="131"/>
  <agent start_id="90" goal_id="40"/>
  <agent start_id="106" goal_id="127"/>
  <agent start_id="193" goal_id="106"/>
  <agent start_id="181" goal_id="68"/>
  <agent start_id="128" goal_id="164"/>
  <agent start_id="126" goal_id="110"/>
  <agent start_id="101" goal_id="85"/>
</root>
