<?xml version="1.0" ?>
<root>
  <agent start_id="64" goal_id="151"/>
  <agent start_id="160" goal_id="111"/>
  <agent start_id="118" goal_id="49"/>
  <agent start_id="189" goal_id="60"/>
  <agent start_id="27" goal_id="121"/>
  <agent start_id="36" goal_id="198"/>
  <agent start_id="42" goal_id="102"/>
  <agent start_id="2" goal_id="40"/>
  <agent start_id="45" goal_id="114"/>
  <agent start_id="168" goal_id="86"/>
  <agent start_id="119" goal_id="132"/>
  <agent start_id="180" goal_id="73"/>
  <agent start_id="50" goal_id="191"/>
  <agent start_id="193" goal_id="3"/>
  <agent start_id="114" goal_id="11"/>
  <agent start_id="53" goal_id="194"/>
  <agent start_id="176" goal_id="107"/>
  <agent start_id="121" goal_id="104"/>
  <agent start_id="104" goal_id="12"/>
  <agent start_id="58" goal_id="169"/>
  <agent start_id="56" goal_id="119"/>
  <agent start_id="154" goal_id="75"/>
  <agent start_id="43" goal_id="147"/>
  <agent start_id="172" goal_id="38"/>
  <agent start_id="88" goal_id="27"/>
  <agent start_id="91" goal_id="156"/>
  <agent start_id="197" goal_id="115"/>
  <agent start_id="148" goal_id="55"/>
  <agent start_id="158" goal_id="98"/>
  <agent start_id="194" goal_id="42"/>
  <agent start_id="26" goal_id="113"/>
  <agent start_id="199" goal_id="183"/>
  <agent start_id="106" goal_id="80"/>
  <agent start_id="131" goal_id="32"/>
  <agent start_id="69" goal_id="109"/>
  <agent start_id="38" goal_id="179"/>
  <agent start_id="165" goal_id="15"/>
  <agent start_id="117" goal_id="100"/>
  <agent start_id="184" goal_id="142"/>
  <agent start_id="133" goal_id="54"/>
  <agent start_id="171" goal_id="161"/>
  <agent start_id="173" goal_id="149"/>
  <agent start_id="90" goal_id="88"/>
  <agent start_id="78" goal_id="134"/>
  <agent start_id="178" goal_id="0"/>
  <agent start_id="109" goal_id="30"/>
  <agent start_id="144" goal_id="152"/>
  <agent start_id="159" goal_id="144"/>
  <agent start_id="92" goal_id="199"/>
  <agent start_id="35" goal_id="93"/>
</root>
