<?xml version="1.0" ?>
<root>
  <agent start_id="47" goal_id="88"/>
  <agent start_id="135" goal_id="134"/>
  <agent start_id="31" goal_id="76"/>
  <agent start_id="113" goal_id="116"/>
  <agent start_id="173" goal_id="156"/>
  <agent start_id="161" goal_id="126"/>
  <agent start_id="93" goal_id="136"/>
  <agent start_id="155" goal_id="70"/>
  <agent start_id="33" goal_id="162"/>
  <agent start_id="39" goal_id="15"/>
  <agent start_id="102" goal_id="79"/>
  <agent start_id="168" goal_id="8"/>
  <agent start_id="98" goal_id="58"/>
  <agent start_id="55" goal_id="121"/>
  <agent start_id="197" goal_id="54"/>
  <agent start_id="4" goal_id="86"/>
  <agent start_id="145" goal_id="103"/>
  <agent start_id="165" goal_id="61"/>
  <agent start_id="73" goal_id="87"/>
  <agent start_id="144" goal_id="77"/>
  <agent start_id="148" goal_id="180"/>
  <agent start_id="183" goal_id="131"/>
  <agent start_id="106" goal_id="71"/>
  <agent start_id="121" goal_id="195"/>
  <agent start_id="171" goal_id="185"/>
  <agent start_id="177" goal_id="41"/>
  <agent start_id="119" goal_id="69"/>
  <agent start_id="196" goal_id="120"/>
  <agent start_id="3" goal_id="33"/>
  <agent start_id="187" goal_id="188"/>
  <agent start_id="107" goal_id="146"/>
  <agent start_id="7" goal_id="125"/>
  <agent start_id="125" goal_id="160"/>
  <agent start_id="48" goal_id="192"/>
  <agent start_id="123" goal_id="173"/>
  <agent start_id="114" goal_id="42"/>
  <agent start_id="17" goal_id="62"/>
  <agent start_id="72" goal_id="24"/>
  <agent start_id="40" goal_id="55"/>
  <agent start_id="5" goal_id="187"/>
  <agent start_id="76" goal_id="183"/>
  <agent start_id="22" goal_id="144"/>
  <agent start_id="8" goal_id="154"/>
  <agent start_id="172" goal_id="47"/>
  <agent start_id="13" goal_id="149"/>
  <agent start_id="84" goal_id="43"/>
  <agent start_id="185" goal_id="98"/>
  <agent start_id="91" goal_id="68"/>
  <agent start_id="126" goal_id="22"/>
  <agent start_id="141" goal_id="132"/>
</root>
