<?xml version="1.0" ?>
<root>
  <agent start_id="47" goal_id="48"/>
  <agent start_id="46" goal_id="160"/>
  <agent start_id="157" goal_id="171"/>
  <agent start_id="42" goal_id="179"/>
  <agent start_id="75" goal_id="155"/>
  <agent start_id="13" goal_id="147"/>
  <agent start_id="89" goal_id="50"/>
  <agent start_id="197" goal_id="104"/>
  <agent start_id="109" goal_id="148"/>
  <agent start_id="57" goal_id="119"/>
  <agent start_id="97" goal_id="130"/>
  <agent start_id="172" goal_id="66"/>
  <agent start_id="193" goal_id="114"/>
  <agent start_id="65" goal_id="1"/>
  <agent start_id="127" goal_id="143"/>
  <agent start_id="20" goal_id="29"/>
  <agent start_id="2" goal_id="78"/>
  <agent start_id="104" goal_id="115"/>
  <agent start_id="96" goal_id="107"/>
  <agent start_id="38" goal_id="161"/>
  <agent start_id="36" goal_id="168"/>
  <agent start_id="92" goal_id="105"/>
  <agent start_id="16" goal_id="85"/>
  <agent start_id="7" goal_id="169"/>
  <agent start_id="8" goal_id="178"/>
  <agent start_id="119" goal_id="142"/>
  <agent start_id="1" goal_id="27"/>
  <agent start_id="181" goal_id="21"/>
  <agent start_id="143" goal_id="35"/>
  <agent start_id="148" goal_id="32"/>
  <agent start_id="132" goal_id="56"/>
  <agent start_id="18" goal_id="15"/>
  <agent start_id="150" goal_id="153"/>
  <agent start_id="195" goal_id="73"/>
  <agent start_id="23" goal_id="6"/>
  <agent start_id="17" goal_id="116"/>
  <agent start_id="133" goal_id="83"/>
  <agent start_id="64" goal_id="45"/>
  <agent start_id="146" goal_id="44"/>
  <agent start_id="191" goal_id="5"/>
  <agent start_id="111" goal_id="193"/>
  <agent start_id="145" goal_id="122"/>
  <agent start_id="87" goal_id="123"/>
  <agent start_id="34" goal_id="39"/>
  <agent start_id="162" goal_id="12"/>
  <agent start_id="43" goal_id="31"/>
  <agent start_id="175" goal_id="99"/>
  <agent start_id="62" goal_id="164"/>
  <agent start_id="49" goal_id="89"/>
  <agent start_id="182" goal_id="163"/>
</root>
