<?xml version="1.0" ?>
<root>
  <agent start_id="141" goal_id="17"/>
  <agent start_id="161" goal_id="112"/>
  <agent start_id="193" goal_id="148"/>
  <agent start_id="51" goal_id="87"/>
  <agent start_id="128" goal_id="97"/>
  <agent start_id="178" goal_id="125"/>
  <agent start_id="170" goal_id="100"/>
  <agent start_id="175" goal_id="69"/>
  <agent start_id="64" goal_id="5"/>
  <agent start_id="120" goal_id="153"/>
  <agent start_id="50" goal_id="158"/>
  <agent start_id="191" goal_id="78"/>
  <agent start_id="157" goal_id="16"/>
  <agent start_id="108" goal_id="3"/>
  <agent start_id="103" goal_id="23"/>
  <agent start_id="145" goal_id="8"/>
  <agent start_id="102" goal_id="105"/>
  <agent start_id="58" goal_id="133"/>
  <agent start_id="174" goal_id="77"/>
  <agent start_id="55" goal_id="26"/>
  <agent start_id="80" goal_id="51"/>
  <agent start_id="132" goal_id="106"/>
  <agent start_id="140" goal_id="186"/>
  <agent start_id="17" goal_id="122"/>
  <agent start_id="138" goal_id="166"/>
  <agent start_id="30" goal_id="62"/>
  <agent start_id="2" goal_id="70"/>
  <agent start_id="137" goal_id="199"/>
  <agent start_id="86" goal_id="196"/>
  <agent start_id="166" goal_id="71"/>
  <agent start_id="45" goal_id="144"/>
  <agent start_id="8" goal_id="93"/>
  <agent start_id="59" goal_id="1"/>
  <agent start_id="196" goal_id="27"/>
  <agent start_id="119" goal_id="9"/>
  <agent start_id="31" goal_id="120"/>
  <agent start_id="136" goal_id="192"/>
  <agent start_id="142" goal_id="132"/>
  <agent start_id="111" goal_id="56"/>
  <agent start_id="165" goal_id="6"/>
  <agent start_id="188" goal_id="90"/>
  <agent start_id="97" goal_id="29"/>
  <agent start_id="37" goal_id="172"/>
  <agent start_id="18" goal_id="54"/>
  <agent start_id="89" goal_id="147"/>
  <agent start_id="112" goal_id="33"/>
  <agent start_id="146" goal_id="138"/>
  <agent start_id="32" goal_id="88"/>
  <agent start_id="167" goal_id="142"/>
  <agent start_id="195" goal_id="151"/>
</root>
