<?xml version="1.0" ?>
<root>
  <agent start_id="196" goal_id="10"/>
  <agent start_id="65" goal_id="57"/>
  <agent start_id="73" goal_id="80"/>
  <agent start_id="27" goal_id="44"/>
  <agent start_id="92" goal_id="8"/>
  <agent start_id="151" goal_id="136"/>
  <agent start_id="78" goal_id="116"/>
  <agent start_id="68" goal_id="180"/>
  <agent start_id="50" goal_id="103"/>
  <agent start_id="130" goal_id="137"/>
  <agent start_id="63" goal_id="125"/>
  <agent start_id="51" goal_id="142"/>
  <agent start_id="25" goal_id="47"/>
  <agent start_id="29" goal_id="11"/>
  <agent start_id="142" goal_id="138"/>
  <agent start_id="74" goal_id="148"/>
  <agent start_id="122" goal_id="76"/>
  <agent start_id="82" goal_id="175"/>
  <agent start_id="123" goal_id="128"/>
  <agent start_id="163" goal_id="22"/>
  <agent start_id="21" goal_id="130"/>
  <agent start_id="58" goal_id="89"/>
  <agent start_id="76" goal_id="53"/>
  <agent start_id="90" goal_id="156"/>
  <agent start_id="193" goal_id="101"/>
  <agent start_id="108" goal_id="12"/>
  <agent start_id="97" goal_id="181"/>
  <agent start_id="99" goal_id="122"/>
  <agent start_id="85" goal_id="185"/>
  <agent start_id="105" goal_id="19"/>
  <agent start_id="149" goal_id="78"/>
  <agent start_id="10" goal_id="166"/>
  <agent start_id="181" goal_id="118"/>
  <agent start_id="198" goal_id="62"/>
  <agent start_id="192" goal_id="199"/>
  <agent start_id="166" goal_id="31"/>
  <agent start_id="83" goal_id="41"/>
  <agent start_id="174" goal_id="100"/>
  <agent start_id="168" goal_id="197"/>
  <agent start_id="179" goal_id="144"/>
  <agent start_id="86" goal_id="85"/>
  <agent start_id="157" goal_id="178"/>
  <agent start_id="18" goal_id="147"/>
  <agent start_id="96" goal_id="20"/>
  <agent start_id="91" goal_id="161"/>
  <agent start_id="5" goal_id="193"/>
  <agent start_id="62" goal_id="152"/>
  <agent start_id="30" goal_id="86"/>
  <agent start_id="72" goal_id="198"/>
  <agent start_id="175" goal_id="6"/>
</root>
