<?xml version="1.0" ?>
<root>
  <agent start_id="72" goal_id="161"/>
  <agent start_id="26" goal_id="140"/>
  <agent start_id="62" goal_id="186"/>
  <agent start_id="104" goal_id="39"/>
  <agent start_id="9" goal_id="24"/>
  <agent start_id="189" goal_id="72"/>
  <agent start_id="84" goal_id="95"/>
  <agent start_id="89" goal_id="108"/>
  <agent start_id="113" goal_id="118"/>
  <agent start_id="67" goal_id="43"/>
  <agent start_id="14" goal_id="153"/>
  <agent start_id="57" goal_id="137"/>
  <agent start_id="190" goal_id="178"/>
  <agent start_id="140" goal_id="164"/>
  <agent start_id="199" goal_id="154"/>
  <agent start_id="70" goal_id="168"/>
  <agent start_id="178" goal_id="37"/>
  <agent start_id="2" goal_id="5"/>
  <agent start_id="132" goal_id="197"/>
  <agent start_id="86" goal_id="75"/>
  <agent start_id="41" goal_id="2"/>
  <agent start_id="17" goal_id="84"/>
  <agent start_id="103" goal_id="171"/>
  <agent start_id="160" goal_id="104"/>
  <agent start_id="75" goal_id="199"/>
  <agent start_id="24" goal_id="4"/>
  <agent start_id="193" goal_id="94"/>
  <agent start_id="95" goal_id="166"/>
  <agent start_id="12" goal_id="92"/>
  <agent start_id="198" goal_id="127"/>
  <agent start_id="156" goal_id="20"/>
  <agent start_id="159" goal_id="47"/>
  <agent start_id="4" goal_id="91"/>
  <agent start_id="143" goal_id="183"/>
  <agent start_id="109" goal_id="46"/>
  <agent start_id="105" goal_id="90"/>
  <agent start_id="127" goal_id="53"/>
  <agent start_id="167" goal_id="103"/>
  <agent start_id="78" goal_id="176"/>
  <agent start_id="111" goal_id="13"/>
  <agent start_id="145" goal_id="87"/>
  <agent start_id="136" goal_id="194"/>
  <agent start_id="168" goal_id="10"/>
  <agent start_id="131" goal_id="162"/>
  <agent start_id="142" goal_id="134"/>
  <agent start_id="134" goal_id="145"/>
  <agent start_id="101" goal_id="116"/>
  <agent start_id="148" goal_id="149"/>
  <agent start_id="197" goal_id="175"/>
  <agent start_id="36" goal_id="139"/>
</root>
