<?xml version="1.0" ?>
<root>
  <agent start_id="134" goal_id="45"/>
  <agent start_id="80" goal_id="8"/>
  <agent start_id="183" goal_id="23"/>
  <agent start_id="73" goal_id="34"/>
  <agent start_id="160" goal_id="30"/>
  <agent start_id="110" goal_id="148"/>
  <agent start_id="22" goal_id="146"/>
  <agent start_id="83" goal_id="163"/>
  <agent start_id="62" goal_id="119"/>
  <agent start_id="51" goal_id="59"/>
  <agent start_id="140" goal_id="57"/>
  <agent start_id="65" goal_id="89"/>
  <agent start_id="195" goal_id="168"/>
  <agent start_id="34" goal_id="98"/>
  <agent start_id="74" goal_id="121"/>
  <agent start_id="159" goal_id="66"/>
  <agent start_id="3" goal_id="131"/>
  <agent start_id="139" goal_id="7"/>
  <agent start_id="150" goal_id="126"/>
  <agent start_id="78" goal_id="87"/>
  <agent start_id="64" goal_id="124"/>
  <agent start_id="5" goal_id="173"/>
  <agent start_id="69" goal_id="51"/>
  <agent start_id="8" goal_id="35"/>
  <agent start_id="39" goal_id="10"/>
  <agent start_id="55" goal_id="44"/>
  <agent start_id="75" goal_id="95"/>
  <agent start_id="129" goal_id="165"/>
  <agent start_id="193" goal_id="47"/>
  <agent start_id="4" goal_id="22"/>
  <agent start_id="174" goal_id="104"/>
  <agent start_id="30" goal_id="142"/>
  <agent start_id="192" goal_id="21"/>
  <agent start_id="24" goal_id="154"/>
  <agent start_id="117" goal_id="94"/>
  <agent start_id="12" goal_id="133"/>
  <agent start_id="13" goal_id="61"/>
  <agent start_id="176" goal_id="176"/>
  <agent start_id="121" goal_id="29"/>
  <agent start_id="126" goal_id="198"/>
  <agent start_id="66" goal_id="72"/>
  <agent start_id="133" goal_id="111"/>
  <agent start_id="54" goal_id="178"/>
  <agent start_id="47" goal_id="182"/>
  <agent start_id="96" goal_id="37"/>
  <agent start_id="161" goal_id="175"/>
  <agent start_id="181" goal_id="100"/>
  <agent start_id="81" goal_id="128"/>
  <agent start_id="104" goal_id="123"/>
  <agent start_id="85" goal_id="68"/>
</root>
