<?xml version="1.0" ?>
<root>
  <agent start_id="162" goal_id="74"/>
  <agent start_id="144" goal_id="75"/>
  <agent start_id="29" goal_id="177"/>
  <agent start_id="12" goal_id="149"/>
  <agent start_id="44" goal_id="63"/>
  <agent start_id="172" goal_id="187"/>
  <agent start_id="54" goal_id="47"/>
  <agent start_id="87" goal_id="81"/>
  <agent start_id="113" goal_id="53"/>
  <agent start_id="116" goal_id="39"/>
  <agent start_id="100" goal_id="77"/>
  <agent start_id="84" goal_id="108"/>
  <agent start_id="77" goal_id="159"/>
  <agent start_id="55" goal_id="151"/>
  <agent start_id="13" goal_id="79"/>
  <agent start_id="70" goal_id="15"/>
  <agent start_id="21" goal_id="176"/>
  <agent start_id="107" goal_id="58"/>
  <agent start_id="2" goal_id="23"/>
  <agent start_id="152" goal_id="114"/>
  <agent start_id="73" goal_id="44"/>
  <agent start_id="106" goal_id="19"/>
  <agent start_id="47" goal_id="80"/>
  <agent start_id="79" goal_id="14"/>
  <agent start_id="83" goal_id="126"/>
  <agent start_id="131" goal_id="193"/>
  <agent start_id="34" goal_id="85"/>
  <agent start_id="132" goal_id="182"/>
  <agent start_id="0" goal_id="5"/>
  <agent start_id="60" goal_id="0"/>
  <agent start_id="58" goal_id="95"/>
  <agent start_id="173" goal_id="196"/>
  <agent start_id="91" goal_id="30"/>
  <agent start_id="6" goal_id="69"/>
  <agent start_id="63" goal_id="147"/>
  <agent start_id="168" goal_id="171"/>
  <agent start_id="17" goal_id="46"/>
  <agent start_id="178" goal_id="32"/>
  <agent start_id="69" goal_id="101"/>
  <agent start_id="112" goal_id="121"/>
  <agent start_id="186" goal_id="145"/>
  <agent start_id="59" goal_id="103"/>
  <agent start_id="190" goal_id="52"/>
  <agent start_id="110" goal_id="192"/>
  <agent start_id="61" goal_id="185"/>
  <agent start_id="19" goal_id="87"/>
  <agent start_id="75" goal_id="154"/>
  <agent start_id="159" goal_id="125"/>
  <agent start_id="4" goal_id="78"/>
  <agent start_id="101" goal_id="120"/>
</root>
