<?xml version="1.0" ?>
<root>
  <agent start_id="146" goal_id="160"/>
  <agent start_id="44" goal_id="0"/>
  <agent start_id="22" goal_id="181"/>
  <agent start_id="105" goal_id="83"/>
  <agent start_id="107" goal_id="79"/>
  <agent start_id="73" goal_id="156"/>
  <agent start_id="167" goal_id="110"/>
  <agent start_id="126" goal_id="194"/>
  <agent start_id="10" goal_id="67"/>
  <agent start_id="39" goal_id="10"/>
  <agent start_id="177" goal_id="86"/>
  <agent start_id="116" goal_id="104"/>
  <agent start_id="18" goal_id="56"/>
  <agent start_id="128" goal_id="128"/>
  <agent start_id="41" goal_id="34"/>
  <agent start_id="156" goal_id="145"/>
  <agent start_id="143" goal_id="99"/>
  <agent start_id="170" goal_id="15"/>
  <agent start_id="98" goal_id="139"/>
  <agent start_id="87" goal_id="132"/>
  <agent start_id="198" goal_id="16"/>
  <agent start_id="165" goal_id="20"/>
  <agent start_id="151" goal_id="103"/>
  <agent start_id="70" goal_id="120"/>
  <agent start_id="81" goal_id="157"/>
  <agent start_id="78" goal_id="66"/>
  <agent start_id="174" goal_id="29"/>
  <agent start_id="110" goal_id="57"/>
  <agent start_id="57" goal_id="42"/>
  <agent start_id="179" goal_id="71"/>
  <agent start_id="171" goal_id="25"/>
  <agent start_id="103" goal_id="102"/>
  <agent start_id="188" goal_id="9"/>
  <agent start_id="130" goal_id="184"/>
  <agent start_id="162" goal_id="146"/>
  <agent start_id="194" goal_id="100"/>
  <agent start_id="55" goal_id="147"/>
  <agent start_id="79" goal_id="198"/>
  <agent start_id="1" goal_id="165"/>
  <agent start_id="7" goal_id="72"/>
  <agent start_id="14" goal_id="32"/>
  <agent start_id="112" goal_id="91"/>
  <agent start_id="184" goal_id="82"/>
  <agent start_id="178" goal_id="174"/>
  <agent start_id="119" goal_id="133"/>
  <agent start_id="97" goal_id="44"/>
  <agent start_id="12" goal_id="136"/>
  <agent start_id="114" goal_id="119"/>
  <agent start_id="27" goal_id="63"/>
  <agent start_id="147" goal_id="19"/>
</root>
