<?xml version="1.0" ?>
<root>
  <agent start_id="128" goal_id="52"/>
  <agent start_id="9" goal_id="107"/>
  <agent start_id="97" goal_id="89"/>
  <agent start_id="74" goal_id="35"/>
  <agent start_id="43" goal_id="57"/>
  <agent start_id="22" goal_id="141"/>
  <agent start_id="159" goal_id="151"/>
  <agent start_id="100" goal_id="79"/>
  <agent start_id="130" goal_id="146"/>
  <agent start_id="92" goal_id="134"/>
  <agent start_id="58" goal_id="49"/>
  <agent start_id="20" goal_id="126"/>
  <agent start_id="199" goal_id="65"/>
  <agent start_id="194" goal_id="97"/>
  <agent start_id="168" goal_id="62"/>
  <agent start_id="173" goal_id="180"/>
  <agent start_id="0" goal_id="46"/>
  <agent start_id="120" goal_id="56"/>
  <agent start_id="187" goal_id="142"/>
  <agent start_id="118" goal_id="167"/>
  <agent start_id="144" goal_id="156"/>
  <agent start_id="79" goal_id="21"/>
  <agent start_id="188" goal_id="74"/>
  <agent start_id="30" goal_id="169"/>
  <agent start_id="66" goal_id="166"/>
  <agent start_id="26" goal_id="111"/>
  <agent start_id="175" goal_id="99"/>
  <agent start_id="76" goal_id="82"/>
  <agent start_id="95" goal_id="139"/>
  <agent start_id="123" goal_id="165"/>
  <agent start_id="13" goal_id="177"/>
  <agent start_id="81" goal_id="170"/>
  <agent start_id="14" goal_id="196"/>
  <agent start_id="8" goal_id="16"/>
  <agent start_id="45" goal_id="38"/>
  <agent start_id="166" goal_id="106"/>
  <agent start_id="113" goal_id="192"/>
  <agent start_id="10" goal_id="75"/>
  <agent start_id="134" goal_id="104"/>
  <agent start_id="197" goal_id="40"/>
  <agent start_id="32" goal_id="189"/>
  <agent start_id="3" goal_id="152"/>
  <agent start_id="167" goal_id="184"/>
  <agent start_id="183" goal_id="86"/>
  <agent start_id="73" goal_id="13"/>
  <agent start_id="116" goal_id="161"/>
  <agent start_id="87" goal_id="120"/>
  <agent start_id="198" goal_id="51"/>
  <agent start_id="143" goal_id="145"/>
  <agent start_id="122" goal_id="7"/>
</root>
