<?xml version="1.0" ?>
<root>
  <agent start_id="63" goal_id="125"/>
  <agent start_id="42" goal_id="130"/>
  <agent start_id="90" goal_id="60"/>
  <agent start_id="160" goal_id="77"/>
  <agent start_id="57" goal_id="64"/>
  <agent start_id="173" goal_id="54"/>
  <agent start_id="34" goal_id="145"/>
  <agent start_id="18" goal_id="17"/>
  <agent start_id="183" goal_id="30"/>
  <agent start_id="103" goal_id="95"/>
  <agent start_id="46" goal_id="134"/>
  <agent start_id="96" goal_id="70"/>
  <agent start_id="138" goal_id="141"/>
  <agent start_id="44" goal_id="190"/>
  <agent start_id="188" goal_id="97"/>
  <agent start_id="158" goal_id="113"/>
  <agent start_id="48" goal_id="73"/>
  <agent start_id="136" goal_id="123"/>
  <agent start_id="93" goal_id="51"/>
  <agent start_id="134" goal_id="139"/>
  <agent start_id="107" goal_id="14"/>
  <agent start_id="61" goal_id="163"/>
  <agent start_id="184" goal_id="82"/>
  <agent start_id="142" goal_id="0"/>
  <agent start_id="152" goal_id="58"/>
  <agent start_id="1" goal_id="76"/>
  <agent start_id="127" goal_id="59"/>
  <agent start_id="15" goal_id="21"/>
  <agent start_id="162" goal_id="34"/>
  <agent start_id="25" goal_id="112"/>
  <agent start_id="99" goal_id="174"/>
  <agent start_id="155" goal_id="33"/>
  <agent start_id="100" goal_id="177"/>
  <agent start_id="73" goal_id="83"/>
  <agent start_id="123" goal_id="127"/>
  <agent start_id="32" goal_id="18"/>
  <agent start_id="5" goal_id="179"/>
  <agent start_id="141" goal_id="9"/>
  <agent start_id="132" goal_id="98"/>
  <agent start_id="95" goal_id="68"/>
  <agent start_id="78" goal_id="23"/>
  <agent start_id="139" goal_id="45"/>
  <agent start_id="163" goal_id="71"/>
  <agent start_id="111" goal_id="24"/>
  <agent start_id="87" goal_id="62"/>
  <agent start_id="169" goal_id="49"/>
  <agent start_id="115" goal_id="166"/>
  <agent start_id="199" goal_id="143"/>
  <agent start_id="59" goal_id="152"/>
  <agent start_id="74" goal_id="155"/>
</root>
