<?xml version="1.0" ?>
<root>
  <agent start_id="134" goal_id="105"/>
  <agent start_id="153" goal_id="175"/>
  <agent start_id="29" goal_id="72"/>
  <agent start_id="97" goal_id="71"/>
  <agent start_id="101" goal_id="177"/>
  <agent start_id="104" goal_id="56"/>
  <agent start_id="171" goal_id="185"/>
  <agent start_id="9" goal_id="123"/>
  <agent start_id="59" goal_id="32"/>
  <agent start_id="99" goal_id="108"/>
  <agent start_id="38" goal_id="45"/>
  <agent start_id="125" goal_id="150"/>
  <agent start_id="174" goal_id="183"/>
  <agent start_id="130" goal_id="18"/>
  <agent start_id="198" goal_id="75"/>
  <agent start_id="111" goal_id="13"/>
  <agent start_id="50" goal_id="115"/>
  <agent start_id="123" goal_id="145"/>
  <agent start_id="152" goal_id="159"/>
  <agent start_id="188" goal_id="186"/>
  <agent start_id="197" goal_id="143"/>
  <agent start_id="107" goal_id="86"/>
  <agent start_id="77" goal_id="163"/>
  <agent start_id="144" goal_id="12"/>
  <agent start_id="33" goal_id="180"/>
  <agent start_id="40" goal_id="149"/>
  <agent start_id="47" goal_id="167"/>
  <agent start_id="103" goal_id="34"/>
  <agent start_id="72" goal_id="101"/>
  <agent start_id="147" goal_id="157"/>
  <agent start_id="19" goal_id="198"/>
  <agent start_id="179" goal_id="153"/>
  <agent start_id="36" goal_id="61"/>
  <agent start_id="183" goal_id="67"/>
  <agent start_id="186" goal_id="156"/>
  <agent start_id="113" goal_id="64"/>
  <agent start_id="178" goal_id="29"/>
  <agent start_id="193" goal_id="47"/>
  <agent start_id="95" goal_id="111"/>
  <agent start_id="136" goal_id="158"/>
  <agent start_id="42" goal_id="165"/>
  <agent start_id="66" goal_id="21"/>
  <agent start_id="128" goal_id="151"/>
  <agent start_id="12" goal_id="130"/>
  <agent start_id="28" goal_id="62"/>
  <agent start_id="149" goal_id="176"/>
  <agent start_id="81" goal_id="193"/>
  <agent start_id="26" goal_id="77"/>
  <agent start_id="109" goal_id="117"/>
  <agent start_id="34" goal_id="154"/>
</root>
