<?xml version="1.0" ?>
<root>
  <agent start_id="174" goal_id="125"/>
  <agent start_id="168" goal_id="17"/>
  <agent start_id="115" goal_id="137"/>
  <agent start_id="32" goal_id="132"/>
  <agent start_id="97" goal_id="193"/>
  <agent start_id="192" goal_id="199"/>
  <agent start_id="156" goal_id="150"/>
  <agent start_id="20" goal_id="149"/>
  <agent start_id="104" goal_id="111"/>
  <agent start_id="56" goal_id="55"/>
  <agent start_id="183" goal_id="167"/>
  <agent start_id="35" goal_id="36"/>
  <agent start_id="151" goal_id="123"/>
  <agent start_id="86" goal_id="48"/>
  <agent start_id="42" goal_id="33"/>
  <agent start_id="175" goal_id="130"/>
  <agent start_id="113" goal_id="99"/>
  <agent start_id="193" goal_id="29"/>
  <agent start_id="91" goal_id="64"/>
  <agent start_id="144" goal_id="152"/>
  <agent start_id="122" goal_id="138"/>
  <agent start_id="135" goal_id="85"/>
  <agent start_id="45" goal_id="127"/>
  <agent start_id="99" goal_id="70"/>
  <agent start_id="30" goal_id="15"/>
  <agent start_id="26" goal_id="191"/>
  <agent start_id="11" goal_id="102"/>
  <agent start_id="24" goal_id="135"/>
  <agent start_id="15" goal_id="160"/>
  <agent start_id="19" goal_id="14"/>
  <agent start_id="83" goal_id="11"/>
  <agent start_id="133" goal_id="180"/>
  <agent start_id="71" goal_id="89"/>
  <agent start_id="162" goal_id="153"/>
  <agent start_id="61" goal_id="34"/>
  <agent start_id="13" goal_id="185"/>
  <agent start_id="7" goal_id="108"/>
  <agent start_id="157" goal_id="189"/>
  <agent start_id="124" goal_id="177"/>
  <agent start_id="141" goal_id="142"/>
  <agent start_id="196" goal_id="114"/>
  <agent start_id="165" goal_id="9"/>
  <agent start_id="76" goal_id="73"/>
  <agent start_id="150" goal_id="136"/>
  <agent start_id="114" goal_id="79"/>
  <agent start_id="82" goal_id="62"/>
  <agent start_id="80" goal_id="106"/>
  <agent start_id="46" goal_id="18"/>
  <agent start_id="132" goal_id="71"/>
  <agent start_id="166" goal_id="82"/>
</root>
