<?xml version="1.0" ?>
<root>
  <agent start_id="42" goal_id="161"/>
  <agent start_id="179" goal_id="83"/>
  <agent start_id="165" goal_id="111"/>
  <agent start_id="133" goal_id="25"/>
  <agent start_id="112" goal_id="40"/>
  <agent start_id="174" goal_id="67"/>
  <agent start_id="96" goal_id="130"/>
  <agent start_id="102" goal_id="105"/>
  <agent start_id="170" goal_id="17"/>
  <agent start_id="113" goal_id="63"/>
  <agent start_id="38" goal_id="85"/>
  <agent start_id="114" goal_id="46"/>
  <agent start_id="136" goal_id="133"/>
  <agent start_id="1" goal_id="185"/>
  <agent start_id="24" goal_id="151"/>
  <agent start_id="124" goal_id="36"/>
  <agent start_id="19" goal_id="117"/>
  <agent start_id="110" goal_id="102"/>
  <agent start_id="188" goal_id="98"/>
  <agent start_id="128" goal_id="7"/>
  <agent start_id="198" goal_id="138"/>
  <agent start_id="149" goal_id="107"/>
  <agent start_id="48" goal_id="92"/>
  <agent start_id="157" goal_id="190"/>
  <agent start_id="36" goal_id="114"/>
  <agent start_id="66" goal_id="164"/>
  <agent start_id="99" goal_id="20"/>
  <agent start_id="59" goal_id="10"/>
  <agent start_id="135" goal_id="84"/>
  <agent start_id="178" goal_id="5"/>
  <agent start_id="72" goal_id="197"/>
  <agent start_id="27" goal_id="165"/>
  <agent start_id="141" goal_id="129"/>
  <agent start_id="120" goal_id="119"/>
  <agent start_id="115" goal_id="198"/>
  <agent start_id="95" goal_id="100"/>
  <agent start_id="45" goal_id="166"/>
  <agent start_id="161" goal_id="87"/>
  <agent start_id="177" goal_id="51"/>
  <agent start_id="126" goal_id="127"/>
  <agent start_id="23" goal_id="183"/>
  <agent start_id="52" goal_id="28"/>
  <agent start_id="10" goal_id="187"/>
  <agent start_id="151" goal_id="54"/>
  <agent start_id="104" goal_id="78"/>
  <agent start_id="171" goal_id="115"/>
  <agent start_id="60" goal_id="121"/>
  <agent start_id="159" goal_id="103"/>
  <agent start_id="184" goal_id="155"/>
  <agent start_id="156" goal_id="49"/>
</root>
