<?xml version="1.0" ?>
<root>
  <agent start_id="98" goal_id="73"/>
  <agent start_id="130" goal_id="184"/>
  <agent start_id="151" goal_id="155"/>
  <agent start_id="104" goal_id="78"/>
  <agent start_id="143" goal_id="120"/>
  <agent start_id="199" goal_id="156"/>
  <agent start_id="117" goal_id="153"/>
  <agent start_id="188" goal_id="80"/>
  <agent start_id="75" goal_id="18"/>
  <agent start_id="186" goal_id="158"/>
  <agent start_id="141" goal_id="140"/>
  <agent start_id="6" goal_id="26"/>
  <agent start_id="126" goal_id="13"/>
  <agent start_id="144" goal_id="52"/>
  <agent start_id="198" goal_id="16"/>
  <agent start_id="68" goal_id="105"/>
  <agent start_id="103" goal_id="89"/>
  <agent start_id="82" goal_id="95"/>
  <agent start_id="76" goal_id="47"/>
  <agent start_id="55" goal_id="146"/>
  <agent start_id="90" goal_id="131"/>
  <agent start_id="44" goal_id="77"/>
  <agent start_id="92" goal_id="44"/>
  <agent start_id="156" goal_id="99"/>
  <agent start_id="190" goal_id="160"/>
  <agent start_id="30" goal_id="123"/>
  <agent start_id="96" goal_id="86"/>
  <agent start_id="46" goal_id="53"/>
  <agent start_id="10" goal_id="193"/>
  <agent start_id="21" goal_id="37"/>
  <agent start_id="8" goal_id="126"/>
  <agent start_id="40" goal_id="134"/>
  <agent start_id="58" goal_id="19"/>
  <agent start_id="169" goal_id="161"/>
  <agent start_id="148" goal_id="91"/>
  <agent start_id="32" goal_id="104"/>
  <agent start_id="167" goal_id="8"/>
  <agent start_id="168" goal_id="198"/>
  <agent start_id="33" goal_id="148"/>
  <agent start_id="70" goal_id="98"/>
  <agent start_id="138" goal_id="68"/>
  <agent start_id="185" goal_id="138"/>
  <agent start_id="64" goal_id="2"/>
  <agent start_id="57" goal_id="115"/>
  <agent start_id="191" goal_id="23"/>
  <agent start_id="192" goal_id="149"/>
  <agent start_id="53" goal_id="55"/>
  <agent start_id="133" goal_id="164"/>
  <agent start_id="119" goal_id="112"/>
  <agent start_id="160" goal_id="181"/>
</root>
