<?xml version="1.0" ?>
<root>
  <agent start_id="37" goal_id="122"/>
  <agent start_id="91" goal_id="14"/>
  <agent start_id="142" goal_id="99"/>
  <agent start_id="186" goal_id="68"/>
  <agent start_id="53" goal_id="29"/>
  <agent start_id="190" goal_id="138"/>
  <agent start_id="15" goal_id="17"/>
  <agent start_id="120" goal_id="42"/>
  <agent start_id="74" goal_id="156"/>
  <agent start_id="39" goal_id="20"/>
  <agent start_id="174" goal_id="83"/>
  <agent start_id="71" goal_id="33"/>
  <agent start_id="44" goal_id="177"/>
  <agent start_id="114" goal_id="56"/>
  <agent start_id="155" goal_id="199"/>
  <agent start_id="156" goal_id="127"/>
  <agent start_id="141" goal_id="80"/>
  <agent start_id="56" goal_id="63"/>
  <agent start_id="103" goal_id="67"/>
  <agent start_id="96" goal_id="98"/>
  <agent start_id="164" goal_id="55"/>
  <agent start_id="185" goal_id="149"/>
  <agent start_id="86" goal_id="198"/>
  <agent start_id="47" goal_id="45"/>
  <agent start_id="21" goal_id="167"/>
  <agent start_id="112" goal_id="9"/>
  <agent start_id="136" goal_id="129"/>
  <agent start_id="31" goal_id="11"/>
  <agent start_id="104" goal_id="31"/>
  <agent start_id="127" goal_id="15"/>
  <agent start_id="67" goal_id="126"/>
  <agent start_id="168" goal_id="120"/>
  <agent start_id="28" goal_id="179"/>
  <agent start_id="146" goal_id="97"/>
  <agent start_id="43" goal_id="23"/>
  <agent start_id="163" goal_id="137"/>
  <agent start_id="135" goal_id="73"/>
  <agent start_id="6" goal_id="50"/>
  <agent start_id="2" goal_id="181"/>
  <agent start_id="76" goal_id="93"/>
  <agent start_id="46" goal_id="134"/>
  <agent start_id="14" goal_id="194"/>
  <agent start_id="132" goal_id="170"/>
  <agent start_id="197" goal_id="95"/>
  <agent start_id="88" goal_id="39"/>
  <agent start_id="7" goal_id="91"/>
  <agent start_id="61" goal_id="54"/>
  <agent start_id="182" goal_id="114"/>
  <agent start_id="149" goal_id="86"/>
  <agent start_id="117" goal_id="155"/>
</root>
