<?xml version="1.0" ?>
<root>
  <agent start_id="57" goal_id="86"/>
  <agent start_id="28" goal_id="16"/>
  <agent start_id="149" goal_id="5"/>
  <agent start_id="180" goal_id="28"/>
  <agent start_id="63" goal_id="53"/>
  <agent start_id="112" goal_id="188"/>
  <agent start_id="173" goal_id="105"/>
  <agent start_id="118" goal_id="169"/>
  <agent start_id="106" goal_id="194"/>
  <agent start_id="102" goal_id="164"/>
  <agent start_id="84" goal_id="18"/>
  <agent start_id="74" goal_id="102"/>
  <agent start_id="128" goal_id="186"/>
  <agent start_id="104" goal_id="185"/>
  <agent start_id="171" goal_id="160"/>
  <agent start_id="25" goal_id="103"/>
  <agent start_id="108" goal_id="82"/>
  <agent start_id="38" goal_id="78"/>
  <agent start_id="109" goal_id="35"/>
  <agent start_id="144" goal_id="175"/>
  <agent start_id="93" goal_id="122"/>
  <agent start_id="13" goal_id="77"/>
  <agent start_id="78" goal_id="190"/>
  <agent start_id="122" goal_id="74"/>
  <agent start_id="166" goal_id="100"/>
  <agent start_id="127" goal_id="49"/>
  <agent start_id="20" goal_id="131"/>
  <agent start_id="179" goal_id="81"/>
  <agent start_id="49" goal_id="93"/>
  <agent start_id="19" goal_id="134"/>
  <agent start_id="47" goal_id="20"/>
  <agent start_id="147" goal_id="61"/>
  <agent start_id="150" goal_id="156"/>
  <agent start_id="172" goal_id="67"/>
  <agent start_id="66" goal_id="110"/>
  <agent start_id="135" goal_id="136"/>
  <agent start_id="168" goal_id="140"/>
  <agent start_id="130" goal_id="98"/>
  <agent start_id="91" goal_id="142"/>
  <agent start_id="103" goal_id="99"/>
  <agent start_id="198" goal_id="143"/>
  <agent start_id="1" goal_id="126"/>
  <agent start_id="184" goal_id="147"/>
  <agent start_id="67" goal_id="163"/>
  <agent start_id="188" goal_id="108"/>
  <agent start_id="7" goal_id="19"/>
  <agent start_id="81" goal_id="68"/>
  <agent start_id="73" goal_id="51"/>
  <agent start_id="199" goal_id="193"/>
  <agent start_id="125" goal_id="96"/>
</root>
