<?xml version="1.0" ?>
<root>
  <agent start_id="147" goal_id="2"/>
  <agent start_id="166" goal_id="113"/>
  <agent start_id="35" goal_id="89"/>
  <agent start_id="29" goal_id="99"/>
  <agent start_id="33" goal_id="167"/>
  <agent start_id="77" goal_id="199"/>
  <agent start_id="43" goal_id="175"/>
  <agent start_id="59" goal_id="33"/>
  <agent start_id="51" goal_id="91"/>
  <agent start_id="75" goal_id="5"/>
  <agent start_id="153" goal_id="20"/>
  <agent start_id="19" goal_id="133"/>
  <agent start_id="185" goal_id="46"/>
  <agent start_id="124" goal_id="41"/>
  <agent start_id="191" goal_id="173"/>
  <agent start_id="63" goal_id="184"/>
  <agent start_id="10" goal_id="190"/>
  <agent start_id="49" goal_id="94"/>
  <agent start_id="1" goal_id="101"/>
  <agent start_id="131" goal_id="63"/>
  <agent start_id="67" goal_id="188"/>
  <agent start_id="178" goal_id="86"/>
  <agent start_id="188" goal_id="138"/>
  <agent start_id="125" goal_id="160"/>
  <agent start_id="156" goal_id="186"/>
  <agent start_id="198" goal_id="37"/>
  <agent start_id="26" goal_id="58"/>
  <agent start_id="83" goal_id="191"/>
  <agent start_id="111" goal_id="52"/>
  <agent start_id="20" goal_id="65"/>
  <agent start_id="32" goal_id="7"/>
  <agent start_id="101" goal_id="169"/>
  <agent start_id="97" goal_id="0"/>
  <agent start_id="122" goal_id="79"/>
  <agent start_id="114" goal_id="42"/>
  <agent start_id="168" goal_id="151"/>
  <agent start_id="105" goal_id="23"/>
  <agent start_id="162" goal_id="92"/>
  <agent start_id="189" goal_id="126"/>
  <agent start_id="109" goal_id="195"/>
  <agent start_id="175" goal_id="72"/>
  <agent start_id="99" goal_id="25"/>
  <agent start_id="44" goal_id="54"/>
  <agent start_id="120" goal_id="128"/>
  <agent start_id="117" goal_id="28"/>
  <agent start_id="181" goal_id="132"/>
  <agent start_id="74" goal_id="103"/>
  <agent start_id="177" goal_id="143"/>
  <agent start_id="163" goal_id="17"/>
  <agent start_id="5" goal_id="137"/>
</root>
