<?xml version="1.0" ?>
<root>
  <agent start_id="80" goal_id="190"/>
  <agent start_id="180" goal_id="118"/>
  <agent start_id="184" goal_id="40"/>
  <agent start_id="104" goal_id="184"/>
  <agent start_id="96" goal_id="17"/>
  <agent start_id="190" goal_id="162"/>
  <agent start_id="19" goal_id="27"/>
  <agent start_id="162" goal_id="8"/>
  <agent start_id="134" goal_id="45"/>
  <agent start_id="199" goal_id="129"/>
  <agent start_id="59" goal_id="193"/>
  <agent start_id="79" goal_id="141"/>
  <agent start_id="10" goal_id="195"/>
  <agent start_id="7" goal_id="80"/>
  <agent start_id="169" goal_id="3"/>
  <agent start_id="110" goal_id="131"/>
  <agent start_id="119" goal_id="65"/>
  <agent start_id="88" goal_id="24"/>
  <agent start_id="45" goal_id="64"/>
  <agent start_id="126" goal_id="133"/>
  <agent start_id="151" goal_id="152"/>
  <agent start_id="38" goal_id="166"/>
  <agent start_id="140" goal_id="104"/>
  <agent start_id="65" goal_id="111"/>
  <agent start_id="143" goal_id="180"/>
  <agent start_id="173" goal_id="69"/>
  <agent start_id="64" goal_id="110"/>
  <agent start_id="61" goal_id="159"/>
  <agent start_id="132" goal_id="112"/>
  <agent start_id="50" goal_id="119"/>
  <agent start_id="57" goal_id="125"/>
  <agent start_id="182" goal_id="66"/>
  <agent start_id="148" goal_id="115"/>
  <agent start_id="158" goal_id="21"/>
  <agent start_id="113" goal_id="35"/>
  <agent start_id="21" goal_id="14"/>
  <agent start_id="81" goal_id="36"/>
  <agent start_id="187" goal_id="191"/>
  <agent start_id="49" goal_id="149"/>
  <agent start_id="86" goal_id="71"/>
  <agent start_id="40" goal_id="188"/>
  <agent start_id="167" goal_id="9"/>
  <agent start_id="73" goal_id="155"/>
  <agent start_id="196" goal_id="85"/>
  <agent start_id="178" goal_id="54"/>
  <agent start_id="92" goal_id="135"/>
  <agent start_id="101" goal_id="75"/>
  <agent start_id="66" goal_id="39"/>
  <agent start_id="44" goal_id="81"/>
  <agent start_id="4" goal_id="181"/>
</root>
