<?xml version="1.0" ?>
<root>
  <agent start_id="92" goal_id="67"/>
  <agent start_id="134" goal_id="23"/>
  <agent start_id="114" goal_id="49"/>
  <agent start_id="98" goal_id="125"/>
  <agent start_id="139" goal_id="90"/>
  <agent start_id="111" goal_id="2"/>
  <agent start_id="25" goal_id="142"/>
  <agent start_id="155" goal_id="37"/>
  <agent start_id="138" goal_id="93"/>
  <agent start_id="174" goal_id="8"/>
  <agent start_id="2" goal_id="186"/>
  <agent start_id="165" goal_id="38"/>
  <agent start_id="76" goal_id="28"/>
  <agent start_id="190" goal_id="32"/>
  <agent start_id="18" goal_id="1"/>
  <agent start_id="46" goal_id="152"/>
  <agent start_id="137" goal_id="13"/>
  <agent start_id="105" goal_id="114"/>
  <agent start_id="89" goal_id="197"/>
  <agent start_id="63" goal_id="74"/>
  <agent start_id="51" goal_id="176"/>
  <agent start_id="49" goal_id="71"/>
  <agent start_id="20" goal_id="198"/>
  <agent start_id="149" goal_id="123"/>
  <agent start_id="8" goal_id="164"/>
  <agent start_id="166" goal_id="183"/>
  <agent start_id="65" goal_id="141"/>
  <agent start_id="109" goal_id="84"/>
  <agent start_id="69" goal_id="29"/>
  <agent start_id="87" goal_id="113"/>
  <agent start_id="104" goal_id="4"/>
  <agent start_id="170" goal_id="122"/>
  <agent start_id="73" goal_id="6"/>
  <agent start_id="31" goal_id="116"/>
  <agent start_id="80" goal_id="68"/>
  <agent start_id="121" goal_id="163"/>
  <agent start_id="95" goal_id="44"/>
  <agent start_id="62" goal_id="75"/>
  <agent start_id="42" goal_id="81"/>
  <agent start_id="145" goal_id="153"/>
  <agent start_id="172" goal_id="10"/>
  <agent start_id="36" goal_id="130"/>
  <agent start_id="44" goal_id="85"/>
  <agent start_id="161" goal_id="70"/>
  <agent start_id="23" goal_id="47"/>
  <agent start_id="40" goal_id="56"/>
  <agent start_id="163" goal_id="169"/>
  <agent start_id="195" goal_id="120"/>
  <agent start_id="37" goal_id="107"/>
  <agent start_id="54" goal_id="111"/>
</root>
