<?xml version="1.0" ?>
<root>
  <agent start_id="81" goal_id="131"/>
  <agent start_id="192" goal_id="76"/>
  <agent start_id="49" goal_id="168"/>
  <agent start_id="53" goal_id="7"/>
  <agent start_id="104" goal_id="94"/>
  <agent start_id="149" goal_id="18"/>
  <agent start_id="16" goal_id="154"/>
  <agent start_id="158" goal_id="83"/>
  <agent start_id="169" goal_id="161"/>
  <agent start_id="140" goal_id="175"/>
  <agent start_id="180" goal_id="22"/>
  <agent start_id="83" goal_id="119"/>
  <agent start_id="41" goal_id="122"/>
  <agent start_id="191" goal_id="170"/>
  <agent start_id="31" goal_id="151"/>
  <agent start_id="95" goal_id="33"/>
  <agent start_id="123" goal_id="4"/>
  <agent start_id="89" goal_id="140"/>
  <agent start_id="142" goal_id="142"/>
  <agent start_id="65" goal_id="59"/>
  <agent start_id="12" goal_id="143"/>
  <agent start_id="19" goal_id="28"/>
  <agent start_id="90" goal_id="155"/>
  <agent start_id="189" goal_id="103"/>
  <agent start_id="182" goal_id="50"/>
  <agent start_id="187" goal_id="158"/>
  <agent start_id="48" goal_id="66"/>
  <agent start_id="50" goal_id="129"/>
  <agent start_id="134" goal_id="61"/>
  <agent start_id="172" goal_id="15"/>
  <agent start_id="45" goal_id="110"/>
  <agent start_id="109" goal_id="144"/>
  <agent start_id="51" goal_id="173"/>
  <agent start_id="139" goal_id="14"/>
  <agent start_id="153" goal_id="24"/>
  <agent start_id="185" goal_id="116"/>
  <agent start_id="161" goal_id="74"/>
  <agent start_id="164" goal_id="137"/>
  <agent start_id="195" goal_id="38"/>
  <agent start_id="86" goal_id="54"/>
  <agent start_id="132" goal_id="44"/>
  <agent start_id="184" goal_id="193"/>
  <agent start_id="102" goal_id="35"/>
  <agent start_id="107" goal_id="3"/>
  <agent start_id="80" goal_id="135"/>
  <agent start_id="25" goal_id="198"/>
  <agent start_id="100" goal_id="12"/>
  <agent start_id="37" goal_id="117"/>
  <agent start_id="114" goal_id="189"/>
  <agent start_id="88" goal_id="178"/>
</root>
