<?xml version="1.0" ?>
<root>
   <agent start_id="241" goal_id="872"/>
   <agent start_id="32" goal_id="534"/>
   <agent start_id="610" goal_id="363"/>
   <agent start_id="454" goal_id="207"/>
   <agent start_id="408" goal_id="33"/>
   <agent start_id="400" goal_id="154"/>
   <agent start_id="594" goal_id="347"/>
   <agent start_id="413" goal_id="38"/>
   <agent start_id="191" goal_id="822"/>
   <agent start_id="745" goal_id="369"/>
   <agent start_id="384" goal_id="138"/>
   <agent start_id="577" goal_id="331"/>
   <agent start_id="247" goal_id="750"/>
   <agent start_id="806" goal_id="560"/>
   <agent start_id="203" goal_id="705"/>
   <agent start_id="368" goal_id="121"/>
   <agent start_id="561" goal_id="314"/>
   <agent start_id="81" goal_id="584"/>
   <agent start_id="158" goal_id="790"/>
   <agent start_id="351" goal_id="105"/>
   <agent start_id="744" goal_id="368"/>
   <agent start_id="298" goal_id="52"/>
   <agent start_id="418" goal_id="42"/>
   <agent start_id="142" goal_id="773"/>
   <agent start_id="335" goal_id="89"/>
   <agent start_id="578" goal_id="202"/>
   <agent start_id="282" goal_id="35"/>
   <agent start_id="757" goal_id="511"/>
   <agent start_id="583" goal_id="238"/>
   <agent start_id="704" goal_id="457"/>
   <agent start_id="539" goal_id="163"/>
   <agent start_id="265" goal_id="19"/>
   <agent start_id="494" goal_id="248"/>
   <agent start_id="41" goal_id="544"/>
   <agent start_id="302" goal_id="56"/>
   <agent start_id="246" goal_id="748"/>
   <agent start_id="592" goal_id="217"/>
   <agent start_id="445" goal_id="199"/>
   <agent start_id="421" goal_id="46"/>
   <agent start_id="639" goal_id="392"/>
   <agent start_id="482" goal_id="832"/>
   <agent start_id="300" goal_id="20"/>
   <agent start_id="429" goal_id="183"/>
   <agent start_id="622" goal_id="376"/>
   <agent start_id="587" goal_id="211"/>
   <agent start_id="569" goal_id="323"/>
   <agent start_id="260" goal_id="763"/>
   <agent start_id="166" goal_id="798"/>
   <agent start_id="359" goal_id="113"/>
   <agent start_id="45" goal_id="547"/>
   <agent start_id="553" goal_id="306"/>
   <agent start_id="94" goal_id="597"/>
   <agent start_id="150" goal_id="781"/>
   <agent start_id="343" goal_id="97"/>
   <agent start_id="786" goal_id="381"/>
   <agent start_id="187" goal_id="536"/>
   <agent start_id="765" goal_id="519"/>
   <agent start_id="762" goal_id="386"/>
   <agent start_id="327" goal_id="80"/>
   <agent start_id="520" goal_id="274"/>
   <agent start_id="640" goal_id="265"/>
   <agent start_id="364" goal_id="117"/>
   <agent start_id="64" goal_id="696"/>
   <agent start_id="49" goal_id="552"/>
   <agent start_id="257" goal_id="11"/>
   <agent start_id="101" goal_id="732"/>
   <agent start_id="330" goal_id="430"/>
   <agent start_id="48" goal_id="679"/>
   <agent start_id="761" goal_id="90"/>
   <agent start_id="487" goal_id="241"/>
   <agent start_id="747" goal_id="716"/>
   <agent start_id="395" goal_id="264"/>
   <agent start_id="278" goal_id="31"/>
   <agent start_id="225" goal_id="856"/>
   <agent start_id="645" goal_id="269"/>
   <agent start_id="453" goal_id="225"/>
   <agent start_id="600" goal_id="438"/>
   <agent start_id="261" goal_id="15"/>
   <agent start_id="208" goal_id="840"/>
   <agent start_id="479" goal_id="103"/>
   <agent start_id="437" goal_id="191"/>
   <agent start_id="877" goal_id="630"/>
   <agent start_id="263" goal_id="766"/>
   <agent start_id="223" goal_id="820"/>
   <agent start_id="667" goal_id="421"/>
   <agent start_id="644" goal_id="268"/>
   <agent start_id="224" goal_id="726"/>
   <agent start_id="627" goal_id="93"/>
   <agent start_id="807" goal_id="561"/>
   <agent start_id="404" goal_id="158"/>
   <agent start_id="102" goal_id="605"/>
   <agent start_id="598" goal_id="351"/>
   <agent start_id="791" goal_id="107"/>
   <agent start_id="483" goal_id="399"/>
   <agent start_id="388" goal_id="142"/>
   <agent start_id="814" goal_id="439"/>
   <agent start_id="581" goal_id="335"/>
   <agent start_id="528" goal_id="282"/>
   <agent start_id="819" goal_id="444"/>
   <agent start_id="125" goal_id="757"/>
   <agent start_id="565" goal_id="319"/>
   <agent start_id="61" goal_id="604"/>
   <agent start_id="512" goal_id="278"/>
   <agent start_id="109" goal_id="741"/>
   <agent start_id="107" goal_id="609"/>
   <agent start_id="438" goal_id="62"/>
   <agent start_id="495" goal_id="112"/>
   <agent start_id="176" goal_id="520"/>
   <agent start_id="93" goal_id="724"/>
   <agent start_id="648" goal_id="286"/>
   <agent start_id="17" goal_id="272"/>
   <agent start_id="130" goal_id="479"/>
   <agent start_id="697" goal_id="321"/>
   <agent start_id="323" goal_id="76"/>
   <agent start_id="516" goal_id="270"/>
   <agent start_id="716" goal_id="106"/>
   <agent start_id="113" goal_id="463"/>
   <agent start_id="692" goal_id="445"/>
   <agent start_id="111" goal_id="613"/>
   <agent start_id="253" goal_id="7"/>
   <agent start_id="818" goal_id="442"/>
   <agent start_id="446" goal_id="200"/>
   <agent start_id="447" goal_id="182"/>
   <agent start_id="591" goal_id="72"/>
   <agent start_id="868" goal_id="622"/>
   <agent start_id="184" goal_id="815"/>
   <agent start_id="326" goal_id="828"/>
   <agent start_id="659" goal_id="413"/>
   <agent start_id="852" goal_id="606"/>
   <agent start_id="110" goal_id="92"/>
   <agent start_id="167" goal_id="799"/>
   <agent start_id="160" goal_id="662"/>
   <agent start_id="396" goal_id="150"/>
   <agent start_id="836" goal_id="589"/>
   <agent start_id="228" goal_id="447"/>
   <agent start_id="151" goal_id="783"/>
   <agent start_id="626" goal_id="380"/>
   <agent start_id="325" goal_id="827"/>
   <agent start_id="573" goal_id="327"/>
   <agent start_id="766" goal_id="18"/>
   <agent start_id="566" goal_id="754"/>
   <agent start_id="661" goal_id="251"/>
   <agent start_id="674" goal_id="862"/>
   <agent start_id="310" goal_id="64"/>
   <agent start_id="750" goal_id="504"/>
   <agent start_id="164" goal_id="666"/>
   <agent start_id="347" goal_id="101"/>
   <agent start_id="540" goal_id="294"/>
   <agent start_id="558" goal_id="451"/>
   <agent start_id="734" goal_id="487"/>
</root>