<?xml version="1.0" ?>
<root>
   <agent start_id="176" goal_id="808"/>
   <agent start_id="616" goal_id="370"/>
   <agent start_id="349" goal_id="852"/>
   <agent start_id="809" goal_id="563"/>
   <agent start_id="407" goal_id="160"/>
   <agent start_id="730" goal_id="354"/>
   <agent start_id="600" goal_id="353"/>
   <agent start_id="443" goal_id="197"/>
   <agent start_id="608" goal_id="233"/>
   <agent start_id="637" goal_id="390"/>
   <agent start_id="61" goal_id="564"/>
   <agent start_id="583" goal_id="337"/>
   <agent start_id="181" goal_id="530"/>
   <agent start_id="67" goal_id="569"/>
   <agent start_id="374" goal_id="127"/>
   <agent start_id="398" goal_id="22"/>
   <agent start_id="567" goal_id="321"/>
   <agent start_id="411" goal_id="164"/>
   <agent start_id="276" goal_id="779"/>
   <agent start_id="604" goal_id="358"/>
   <agent start_id="551" goal_id="304"/>
   <agent start_id="563" goal_id="188"/>
   <agent start_id="498" goal_id="251"/>
   <agent start_id="341" goal_id="95"/>
   <agent start_id="66" goal_id="568"/>
   <agent start_id="534" goal_id="288"/>
   <agent start_id="132" goal_id="763"/>
   <agent start_id="447" goal_id="71"/>
   <agent start_id="78" goal_id="710"/>
   <agent start_id="402" goal_id="27"/>
   <agent start_id="518" goal_id="272"/>
   <agent start_id="115" goal_id="747"/>
   <agent start_id="62" goal_id="694"/>
   <agent start_id="502" goal_id="255"/>
   <agent start_id="65" goal_id="52"/>
   <agent start_id="731" goal_id="202"/>
   <agent start_id="46" goal_id="677"/>
   <agent start_id="70" goal_id="573"/>
   <agent start_id="239" goal_id="871"/>
   <agent start_id="186" goal_id="817"/>
   <agent start_id="75" goal_id="578"/>
   <agent start_id="29" goal_id="661"/>
   <agent start_id="854" goal_id="608"/>
   <agent start_id="738" goal_id="362"/>
   <agent start_id="452" goal_id="801"/>
   <agent start_id="787" goal_id="412"/>
   <agent start_id="743" goal_id="152"/>
   <agent start_id="838" goal_id="592"/>
   <agent start_id="572" goal_id="196"/>
   <agent start_id="785" goal_id="538"/>
   <agent start_id="382" goal_id="136"/>
   <agent start_id="577" goal_id="201"/>
   <agent start_id="575" goal_id="329"/>
   <agent start_id="30" goal_id="533"/>
   <agent start_id="366" goal_id="119"/>
   <agent start_id="384" goal_id="35"/>
   <agent start_id="805" goal_id="559"/>
   <agent start_id="240" goal_id="742"/>
   <agent start_id="506" goal_id="259"/>
   <agent start_id="596" goal_id="349"/>
   <agent start_id="621" goal_id="245"/>
   <agent start_id="296" goal_id="50"/>
   <agent start_id="243" goal_id="875"/>
   <agent start_id="752" goal_id="377"/>
   <agent start_id="87" goal_id="718"/>
   <agent start_id="526" goal_id="280"/>
   <agent start_id="428" goal_id="771"/>
   <agent start_id="123" goal_id="473"/>
   <agent start_id="415" goal_id="702"/>
   <agent start_id="359" goal_id="40"/>
   <agent start_id="756" goal_id="510"/>
   <agent start_id="620" goal_id="244"/>
   <agent start_id="107" goal_id="457"/>
   <agent start_id="54" goal_id="686"/>
   <agent start_id="249" goal_id="752"/>
   <agent start_id="740" goal_id="494"/>
   <agent start_id="454" goal_id="78"/>
   <agent start_id="722" goal_id="194"/>
   <agent start_id="284" goal_id="38"/>
   <agent start_id="459" goal_id="83"/>
   <agent start_id="231" goal_id="862"/>
   <agent start_id="178" goal_id="809"/>
   <agent start_id="88" goal_id="591"/>
   <agent start_id="653" goal_id="406"/>
   <agent start_id="846" goal_id="600"/>
   <agent start_id="751" goal_id="375"/>
   <agent start_id="161" goal_id="793"/>
   <agent start_id="800" goal_id="425"/>
   <agent start_id="19" goal_id="756"/>
   <agent start_id="198" goal_id="830"/>
   <agent start_id="83" goal_id="585"/>
   <agent start_id="42" goal_id="673"/>
   <agent start_id="436" goal_id="374"/>
   <agent start_id="153" goal_id="590"/>
   <agent start_id="43" goal_id="546"/>
   <agent start_id="449" goal_id="636"/>
   <agent start_id="850" goal_id="604"/>
   <agent start_id="297" goal_id="800"/>
   <agent start_id="166" goal_id="797"/>
   <agent start_id="394" goal_id="744"/>
   <agent start_id="302" goal_id="805"/>
   <agent start_id="588" goal_id="341"/>
   <agent start_id="634" goal_id="258"/>
   <agent start_id="589" goal_id="214"/>
   <agent start_id="624" goal_id="378"/>
   <agent start_id="512" goal_id="858"/>
   <agent start_id="325" goal_id="594"/>
   <agent start_id="764" goal_id="518"/>
   <agent start_id="799" goal_id="423"/>
   <agent start_id="346" goal_id="848"/>
   <agent start_id="275" goal_id="397"/>
   <agent start_id="555" goal_id="308"/>
   <agent start_id="748" goal_id="502"/>
   <agent start_id="633" goal_id="257"/>
   <agent start_id="99" goal_id="448"/>
   <agent start_id="307" goal_id="623"/>
   <agent start_id="262" goal_id="765"/>
   <agent start_id="594" goal_id="218"/>
   <agent start_id="807" goal_id="273"/>
   <agent start_id="432" goal_id="186"/>
   <agent start_id="472" goal_id="29"/>
   <agent start_id="52" goal_id="96"/>
   <agent start_id="223" goal_id="854"/>
   <agent start_id="313" goal_id="66"/>
   <agent start_id="350" goal_id="853"/>
   <agent start_id="259" goal_id="13"/>
   <agent start_id="453" goal_id="206"/>
   <agent start_id="702" goal_id="262"/>
   <agent start_id="50" goal_id="681"/>
   <agent start_id="140" goal_id="642"/>
   <agent start_id="290" goal_id="351"/>
   <agent start_id="471" goal_id="190"/>
   <agent start_id="241" goal_id="584"/>
   <agent start_id="665" goal_id="137"/>
   <agent start_id="858" goal_id="612"/>
   <agent start_id="476" goal_id="101"/>
   <agent start_id="467" goal_id="56"/>
   <agent start_id="17" goal_id="649"/>
   <agent start_id="210" goal_id="842"/>
   <agent start_id="157" goal_id="789"/>
   <agent start_id="642" goal_id="266"/>
   <agent start_id="1" goal_id="633"/>
   <agent start_id="826" goal_id="579"/>
   <agent start_id="144" goal_id="647"/>
   <agent start_id="141" goal_id="773"/>
   <agent start_id="525" goal_id="149"/>
   <agent start_id="821" goal_id="60"/>
   <agent start_id="481" goal_id="317"/>
   <agent start_id="11" goal_id="105"/>
   <agent start_id="812" goal_id="436"/>
</root>