<?xml version="1.0" ?>
<root>
   <agent start_id="395" goal_id="149"/>
   <agent start_id="239" goal_id="871"/>
   <agent start_id="432" goal_id="186"/>
   <agent start_id="223" goal_id="725"/>
   <agent start_id="872" goal_id="625"/>
   <agent start_id="603" goal_id="854"/>
   <agent start_id="326" goal_id="228"/>
   <agent start_id="169" goal_id="801"/>
   <agent start_id="609" goal_id="363"/>
   <agent start_id="388" goal_id="12"/>
   <agent start_id="838" goal_id="310"/>
   <agent start_id="62" goal_id="564"/>
   <agent start_id="400" goal_id="153"/>
   <agent start_id="346" goal_id="100"/>
   <agent start_id="724" goal_id="349"/>
   <agent start_id="293" goal_id="47"/>
   <agent start_id="137" goal_id="768"/>
   <agent start_id="227" goal_id="729"/>
   <agent start_id="330" goal_id="84"/>
   <agent start_id="558" goal_id="183"/>
   <agent start_id="559" goal_id="30"/>
   <agent start_id="120" goal_id="752"/>
   <agent start_id="61" goal_id="563"/>
   <agent start_id="314" goal_id="67"/>
   <agent start_id="543" goal_id="14"/>
   <agent start_id="66" goal_id="568"/>
   <agent start_id="489" goal_id="243"/>
   <agent start_id="22" goal_id="524"/>
   <agent start_id="297" goal_id="51"/>
   <agent start_id="876" goal_id="629"/>
   <agent start_id="402" goal_id="27"/>
   <agent start_id="88" goal_id="719"/>
   <agent start_id="607" goal_id="231"/>
   <agent start_id="281" goal_id="35"/>
   <agent start_id="756" goal_id="510"/>
   <agent start_id="110" goal_id="612"/>
   <agent start_id="72" goal_id="703"/>
   <agent start_id="650" goal_id="403"/>
   <agent start_id="21" goal_id="523"/>
   <agent start_id="597" goal_id="350"/>
   <agent start_id="440" goal_id="194"/>
   <agent start_id="427" goal_id="26"/>
   <agent start_id="634" goal_id="387"/>
   <agent start_id="733" goal_id="357"/>
   <agent start_id="231" goal_id="580"/>
   <agent start_id="782" goal_id="407"/>
   <agent start_id="178" goal_id="809"/>
   <agent start_id="617" goal_id="371"/>
   <agent start_id="567" goal_id="191"/>
   <agent start_id="214" goal_id="241"/>
   <agent start_id="161" goal_id="793"/>
   <agent start_id="572" goal_id="196"/>
   <agent start_id="601" goal_id="354"/>
   <agent start_id="401" goal_id="25"/>
   <agent start_id="445" goal_id="198"/>
   <agent start_id="391" goal_id="145"/>
   <agent start_id="177" goal_id="406"/>
   <agent start_id="831" goal_id="585"/>
   <agent start_id="182" goal_id="813"/>
   <agent start_id="284" goal_id="787"/>
   <agent start_id="342" goal_id="96"/>
   <agent start_id="832" goal_id="786"/>
   <agent start_id="536" goal_id="289"/>
   <agent start_id="615" goal_id="239"/>
   <agent start_id="518" goal_id="868"/>
   <agent start_id="80" goal_id="711"/>
   <agent start_id="620" goal_id="244"/>
   <agent start_id="26" goal_id="658"/>
   <agent start_id="576" goal_id="200"/>
   <agent start_id="748" goal_id="502"/>
   <agent start_id="63" goal_id="695"/>
   <agent start_id="454" goal_id="78"/>
   <agent start_id="642" goal_id="395"/>
   <agent start_id="732" goal_id="485"/>
   <agent start_id="720" goal_id="459"/>
   <agent start_id="47" goal_id="679"/>
   <agent start_id="625" goal_id="379"/>
   <agent start_id="746" goal_id="370"/>
   <agent start_id="469" goal_id="223"/>
   <agent start_id="735" goal_id="795"/>
   <agent start_id="416" goal_id="169"/>
   <agent start_id="224" goal_id="855"/>
   <agent start_id="453" goal_id="73"/>
   <agent start_id="206" goal_id="556"/>
   <agent start_id="646" goal_id="399"/>
   <agent start_id="458" goal_id="83"/>
   <agent start_id="593" goal_id="346"/>
   <agent start_id="190" goal_id="539"/>
   <agent start_id="463" goal_id="88"/>
   <agent start_id="630" goal_id="383"/>
   <agent start_id="292" goal_id="257"/>
   <agent start_id="248" goal_id="330"/>
   <agent start_id="174" goal_id="800"/>
   <agent start_id="441" goal_id="785"/>
   <agent start_id="253" goal_id="755"/>
   <agent start_id="806" goal_id="560"/>
   <agent start_id="564" goal_id="82"/>
   <agent start_id="157" goal_id="789"/>
   <agent start_id="104" goal_id="736"/>
   <agent start_id="87" goal_id="589"/>
   <agent start_id="544" goal_id="297"/>
   <agent start_id="794" goal_id="418"/>
   <agent start_id="141" goal_id="772"/>
   <agent start_id="799" goal_id="423"/>
   <agent start_id="96" goal_id="439"/>
   <agent start_id="527" goal_id="281"/>
   <agent start_id="302" goal_id="804"/>
   <agent start_id="562" goal_id="44"/>
   <agent start_id="703" goal_id="457"/>
   <agent start_id="257" goal_id="322"/>
   <agent start_id="265" goal_id="18"/>
   <agent start_id="108" goal_id="740"/>
   <agent start_id="793" goal_id="136"/>
   <agent start_id="301" goal_id="55"/>
   <agent start_id="2" goal_id="633"/>
   <agent start_id="423" goal_id="94"/>
   <agent start_id="252" goal_id="477"/>
   <agent start_id="504" goal_id="472"/>
   <agent start_id="670" goal_id="424"/>
   <agent start_id="232" goal_id="864"/>
   <agent start_id="461" goal_id="810"/>
   <agent start_id="306" goal_id="808"/>
   <agent start_id="408" goal_id="161"/>
   <agent start_id="847" goal_id="601"/>
   <agent start_id="565" goal_id="548"/>
   <agent start_id="367" goal_id="267"/>
   <agent start_id="638" goal_id="391"/>
   <agent start_id="199" goal_id="831"/>
   <agent start_id="300" goal_id="803"/>
   <agent start_id="476" goal_id="531"/>
   <agent start_id="691" goal_id="101"/>
   <agent start_id="868" goal_id="621"/>
   <agent start_id="568" goal_id="763"/>
   <agent start_id="261" goal_id="631"/>
   <agent start_id="412" goal_id="165"/>
   <agent start_id="851" goal_id="605"/>
   <agent start_id="515" goal_id="139"/>
   <agent start_id="552" goal_id="305"/>
   <agent start_id="802" goal_id="144"/>
   <agent start_id="594" goal_id="60"/>
   <agent start_id="589" goal_id="342"/>
   <agent start_id="827" goal_id="476"/>
   <agent start_id="39" goal_id="535"/>
   <agent start_id="379" goal_id="133"/>
   <agent start_id="636" goal_id="260"/>
   <agent start_id="310" goal_id="79"/>
   <agent start_id="766" goal_id="519"/>
   <agent start_id="139" goal_id="641"/>
   <agent start_id="592" goal_id="270"/>
   <agent start_id="244" goal_id="58"/>
</root>