<?xml version="1.0" ?>
<root>
   <agent start_id="249" goal_id="2"/>
   <agent start_id="548" goal_id="173"/>
   <agent start_id="237" goal_id="869"/>
   <agent start_id="430" goal_id="184"/>
   <agent start_id="42" goal_id="544"/>
   <agent start_id="28" goal_id="659"/>
   <agent start_id="373" goal_id="875"/>
   <agent start_id="606" goal_id="360"/>
   <agent start_id="168" goal_id="799"/>
   <agent start_id="378" goal_id="3"/>
   <agent start_id="643" goal_id="396"/>
   <agent start_id="709" goal_id="334"/>
   <agent start_id="343" goal_id="97"/>
   <agent start_id="151" goal_id="783"/>
   <agent start_id="212" goal_id="714"/>
   <agent start_id="380" goal_id="134"/>
   <agent start_id="311" goal_id="670"/>
   <agent start_id="820" goal_id="573"/>
   <agent start_id="767" goal_id="520"/>
   <agent start_id="495" goal_id="839"/>
   <agent start_id="117" goal_id="467"/>
   <agent start_id="803" goal_id="557"/>
   <agent start_id="427" goal_id="51"/>
   <agent start_id="119" goal_id="750"/>
   <agent start_id="758" goal_id="382"/>
   <agent start_id="594" goal_id="347"/>
   <agent start_id="541" goal_id="294"/>
   <agent start_id="763" goal_id="388"/>
   <agent start_id="487" goal_id="241"/>
   <agent start_id="331" goal_id="85"/>
   <agent start_id="88" goal_id="172"/>
   <agent start_id="278" goal_id="32"/>
   <agent start_id="222" goal_id="724"/>
   <agent start_id="718" goal_id="471"/>
   <agent start_id="315" goal_id="68"/>
   <agent start_id="382" goal_id="6"/>
   <agent start_id="508" goal_id="262"/>
   <agent start_id="431" goal_id="55"/>
   <agent start_id="701" goal_id="455"/>
   <agent start_id="684" goal_id="155"/>
   <agent start_id="731" goal_id="845"/>
   <agent start_id="492" goal_id="245"/>
   <agent start_id="265" goal_id="767"/>
   <agent start_id="685" goal_id="438"/>
   <agent start_id="282" goal_id="36"/>
   <agent start_id="50" goal_id="552"/>
   <agent start_id="861" goal_id="614"/>
   <agent start_id="176" goal_id="807"/>
   <agent start_id="557" goal_id="182"/>
   <agent start_id="19" goal_id="651"/>
   <agent start_id="844" goal_id="598"/>
   <agent start_id="60" goal_id="562"/>
   <agent start_id="159" goal_id="791"/>
   <agent start_id="391" goal_id="16"/>
   <agent start_id="635" goal_id="852"/>
   <agent start_id="196" goal_id="828"/>
   <agent start_id="269" goal_id="772"/>
   <agent start_id="390" goal_id="143"/>
   <agent start_id="601" goal_id="225"/>
   <agent start_id="865" goal_id="618"/>
   <agent start_id="180" goal_id="812"/>
   <agent start_id="103" goal_id="606"/>
   <agent start_id="127" goal_id="758"/>
   <agent start_id="230" goal_id="732"/>
   <agent start_id="323" goal_id="76"/>
   <agent start_id="561" goal_id="185"/>
   <agent start_id="516" goal_id="270"/>
   <agent start_id="78" goal_id="709"/>
   <agent start_id="439" goal_id="63"/>
   <agent start_id="51" goal_id="692"/>
   <agent start_id="253" goal_id="7"/>
   <agent start_id="69" goal_id="571"/>
   <agent start_id="693" goal_id="447"/>
   <agent start_id="775" goal_id="400"/>
   <agent start_id="290" goal_id="44"/>
   <agent start_id="483" goal_id="237"/>
   <agent start_id="357" goal_id="781"/>
   <agent start_id="677" goal_id="430"/>
   <agent start_id="131" goal_id="762"/>
   <agent start_id="692" goal_id="316"/>
   <agent start_id="467" goal_id="221"/>
   <agent start_id="112" goal_id="615"/>
   <agent start_id="660" goal_id="414"/>
   <agent start_id="258" goal_id="11"/>
   <agent start_id="362" goal_id="399"/>
   <agent start_id="451" goal_id="204"/>
   <agent start_id="644" goal_id="398"/>
   <agent start_id="277" goal_id="780"/>
   <agent start_id="873" goal_id="626"/>
   <agent start_id="233" goal_id="736"/>
   <agent start_id="573" goal_id="327"/>
   <agent start_id="381" goal_id="135"/>
   <agent start_id="857" goal_id="610"/>
   <agent start_id="67" goal_id="570"/>
   <agent start_id="619" goal_id="243"/>
   <agent start_id="48" goal_id="422"/>
   <agent start_id="72" goal_id="575"/>
   <agent start_id="840" goal_id="594"/>
   <agent start_id="779" goal_id="404"/>
   <agent start_id="787" goal_id="541"/>
   <agent start_id="349" goal_id="102"/>
   <agent start_id="667" goal_id="784"/>
   <agent start_id="824" goal_id="577"/>
   <agent start_id="613" goal_id="238"/>
   <agent start_id="139" goal_id="771"/>
   <agent start_id="717" goal_id="745"/>
   <agent start_id="243" goal_id="19"/>
   <agent start_id="449" goal_id="202"/>
   <agent start_id="623" goal_id="261"/>
   <agent start_id="199" goal_id="248"/>
   <agent start_id="598" goal_id="70"/>
   <agent start_id="828" goal_id="452"/>
   <agent start_id="545" goal_id="298"/>
   <agent start_id="245" goal_id="877"/>
   <agent start_id="82" goal_id="584"/>
   <agent start_id="53" goal_id="685"/>
   <agent start_id="528" goal_id="282"/>
   <agent start_id="617" goal_id="242"/>
   <agent start_id="722" goal_id="475"/>
   <agent start_id="422" goal_id="176"/>
   <agent start_id="247" goal_id="749"/>
   <agent start_id="512" goal_id="266"/>
   <agent start_id="705" goal_id="459"/>
   <agent start_id="501" goal_id="125"/>
   <agent start_id="652" goal_id="406"/>
   <agent start_id="3" goal_id="635"/>
   <agent start_id="412" goal_id="37"/>
   <agent start_id="443" goal_id="196"/>
   <agent start_id="837" goal_id="462"/>
   <agent start_id="636" goal_id="389"/>
   <agent start_id="246" goal_id="386"/>
   <agent start_id="43" goal_id="774"/>
   <agent start_id="296" goal_id="811"/>
   <agent start_id="627" goal_id="127"/>
   <agent start_id="509" goal_id="251"/>
   <agent start_id="583" goal_id="73"/>
   <agent start_id="505" goal_id="164"/>
   <agent start_id="631" goal_id="130"/>
   <agent start_id="603" goal_id="357"/>
   <agent start_id="832" goal_id="586"/>
   <agent start_id="792" goal_id="417"/>
   <agent start_id="394" goal_id="147"/>
   <agent start_id="170" goal_id="842"/>
   <agent start_id="340" goal_id="94"/>
   <agent start_id="569" goal_id="323"/>
   <agent start_id="251" goal_id="753"/>
   <agent start_id="676" goal_id="300"/>
   <agent start_id="629" goal_id="256"/>
   <agent start_id="802" goal_id="691"/>
   <agent start_id="553" goal_id="306"/>
</root>