<?xml version="1.0" ?>
<root>
   <agent start_id="415" goal_id="169"/>
   <agent start_id="362" goal_id="116"/>
   <agent start_id="96" goal_id="599"/>
   <agent start_id="309" goal_id="62"/>
   <agent start_id="152" goal_id="502"/>
   <agent start_id="477" goal_id="102"/>
   <agent start_id="99" goal_id="731"/>
   <agent start_id="433" goal_id="57"/>
   <agent start_id="292" goal_id="46"/>
   <agent start_id="239" goal_id="871"/>
   <agent start_id="438" goal_id="598"/>
   <agent start_id="83" goal_id="715"/>
   <agent start_id="267" goal_id="769"/>
   <agent start_id="30" goal_id="661"/>
   <agent start_id="751" goal_id="223"/>
   <agent start_id="647" goal_id="272"/>
   <agent start_id="698" goal_id="452"/>
   <agent start_id="603" goal_id="228"/>
   <agent start_id="260" goal_id="13"/>
   <agent start_id="150" goal_id="653"/>
   <agent start_id="207" goal_id="838"/>
   <agent start_id="682" goal_id="435"/>
   <agent start_id="437" goal_id="191"/>
   <agent start_id="875" goal_id="629"/>
   <agent start_id="487" goal_id="111"/>
   <agent start_id="822" goal_id="575"/>
   <agent start_id="34" goal_id="666"/>
   <agent start_id="799" goal_id="271"/>
   <agent start_id="859" goal_id="612"/>
   <agent start_id="321" goal_id="823"/>
   <agent start_id="174" goal_id="806"/>
   <agent start_id="652" goal_id="276"/>
   <agent start_id="649" goal_id="403"/>
   <agent start_id="105" goal_id="608"/>
   <agent start_id="596" goal_id="350"/>
   <agent start_id="686" goal_id="440"/>
   <agent start_id="861" goal_id="486"/>
   <agent start_id="386" goal_id="140"/>
   <agent start_id="442" goal_id="66"/>
   <agent start_id="580" goal_id="333"/>
   <agent start_id="491" goal_id="115"/>
   <agent start_id="773" goal_id="526"/>
   <agent start_id="370" goal_id="124"/>
   <agent start_id="276" goal_id="778"/>
   <agent start_id="810" goal_id="563"/>
   <agent start_id="407" goal_id="757"/>
   <agent start_id="154" goal_id="656"/>
   <agent start_id="354" goal_id="107"/>
   <agent start_id="110" goal_id="267"/>
   <agent start_id="301" goal_id="54"/>
   <agent start_id="391" goal_id="144"/>
   <agent start_id="866" goal_id="490"/>
   <agent start_id="584" goal_id="337"/>
   <agent start_id="319" goal_id="341"/>
   <agent start_id="531" goal_id="284"/>
   <agent start_id="374" goal_id="128"/>
   <agent start_id="700" goal_id="324"/>
   <agent start_id="568" goal_id="321"/>
   <agent start_id="153" goal_id="655"/>
   <agent start_id="514" goal_id="268"/>
   <agent start_id="461" goal_id="215"/>
   <agent start_id="661" goal_id="285"/>
   <agent start_id="58" goal_id="690"/>
   <agent start_id="114" goal_id="616"/>
   <agent start_id="252" goal_id="5"/>
   <agent start_id="95" goal_id="445"/>
   <agent start_id="870" goal_id="495"/>
   <agent start_id="288" goal_id="42"/>
   <agent start_id="323" goal_id="826"/>
   <agent start_id="235" goal_id="867"/>
   <agent start_id="79" goal_id="711"/>
   <agent start_id="704" goal_id="329"/>
   <agent start_id="26" goal_id="657"/>
   <agent start_id="660" goal_id="344"/>
   <agent start_id="465" goal_id="219"/>
   <agent start_id="63" goal_id="694"/>
   <agent start_id="538" goal_id="163"/>
   <agent start_id="256" goal_id="9"/>
   <agent start_id="869" goal_id="494"/>
   <agent start_id="834" goal_id="588"/>
   <agent start_id="168" goal_id="670"/>
   <agent start_id="149" goal_id="781"/>
   <agent start_id="378" goal_id="132"/>
   <agent start_id="455" goal_id="79"/>
   <agent start_id="818" goal_id="571"/>
   <agent start_id="133" goal_id="765"/>
   <agent start_id="333" goal_id="835"/>
   <agent start_id="855" goal_id="664"/>
   <agent start_id="555" goal_id="309"/>
   <agent start_id="338" goal_id="840"/>
   <agent start_id="399" goal_id="748"/>
   <agent start_id="167" goal_id="669"/>
   <agent start_id="838" goal_id="592"/>
   <agent start_id="45" goal_id="785"/>
   <agent start_id="428" goal_id="548"/>
   <agent start_id="732" goal_id="531"/>
   <agent start_id="329" goal_id="83"/>
   <agent start_id="835" goal_id="459"/>
   <agent start_id="243" goal_id="875"/>
   <agent start_id="87" goal_id="437"/>
   <agent start_id="5" goal_id="508"/>
   <agent start_id="527" goal_id="280"/>
   <agent start_id="227" goal_id="513"/>
   <agent start_id="10" goal_id="836"/>
   <agent start_id="71" goal_id="420"/>
   <agent start_id="424" goal_id="800"/>
   <agent start_id="339" goal_id="485"/>
   <agent start_id="211" goal_id="842"/>
   <agent start_id="722" goal_id="347"/>
   <agent start_id="54" goal_id="404"/>
   <agent start_id="633" goal_id="386"/>
   <agent start_id="131" goal_id="634"/>
   <agent start_id="441" goal_id="194"/>
   <agent start_id="38" goal_id="10"/>
   <agent start_id="385" goal_id="681"/>
   <agent start_id="231" goal_id="863"/>
   <agent start_id="716" goal_id="517"/>
   <agent start_id="15" goal_id="792"/>
   <agent start_id="22" goal_id="722"/>
   <agent start_id="159" goal_id="137"/>
   <agent start_id="600" goal_id="354"/>
   <agent start_id="162" goal_id="793"/>
   <agent start_id="224" goal_id="727"/>
   <agent start_id="637" goal_id="109"/>
   <agent start_id="830" goal_id="584"/>
   <agent start_id="9" goal_id="511"/>
   <agent start_id="145" goal_id="777"/>
   <agent start_id="226" goal_id="561"/>
   <agent start_id="621" goal_id="92"/>
   <agent start_id="567" goal_id="848"/>
   <agent start_id="345" goal_id="500"/>
   <agent start_id="129" goal_id="761"/>
   <agent start_id="707" goal_id="461"/>
   <agent start_id="350" goal_id="853"/>
   <agent start_id="305" goal_id="58"/>
   <agent start_id="40" goal_id="306"/>
   <agent start_id="498" goal_id="251"/>
   <agent start_id="691" goal_id="687"/>
   <agent start_id="184" goal_id="567"/>
   <agent start_id="516" goal_id="662"/>
   <agent start_id="482" goal_id="235"/>
   <agent start_id="565" goal_id="189"/>
   <agent start_id="675" goal_id="428"/>
   <agent start_id="18" goal_id="521"/>
   <agent start_id="852" goal_id="476"/>
   <agent start_id="712" goal_id="465"/>
   <agent start_id="775" goal_id="399"/>
   <agent start_id="228" goal_id="462"/>
   <agent start_id="502" goal_id="256"/>
   <agent start_id="559" goal_id="184"/>
</root>