<?xml version="1.0" ?>
<root>
   <agent start_id="866" goal_id="619"/>
   <agent start_id="427" goal_id="181"/>
   <agent start_id="620" goal_id="374"/>
   <agent start_id="534" goal_id="159"/>
   <agent start_id="218" goal_id="849"/>
   <agent start_id="657" goal_id="411"/>
   <agent start_id="413" goal_id="37"/>
   <agent start_id="255" goal_id="604"/>
   <agent start_id="744" goal_id="368"/>
   <agent start_id="833" goal_id="587"/>
   <agent start_id="641" goal_id="395"/>
   <agent start_id="247" goal_id="749"/>
   <agent start_id="238" goal_id="588"/>
   <agent start_id="817" goal_id="570"/>
   <agent start_id="158" goal_id="660"/>
   <agent start_id="132" goal_id="763"/>
   <agent start_id="207" goal_id="710"/>
   <agent start_id="325" goal_id="79"/>
   <agent start_id="800" goal_id="554"/>
   <agent start_id="870" goal_id="494"/>
   <agent start_id="116" goal_id="747"/>
   <agent start_id="62" goal_id="694"/>
   <agent start_id="875" goal_id="499"/>
   <agent start_id="784" goal_id="538"/>
   <agent start_id="704" goal_id="328"/>
   <agent start_id="99" goal_id="731"/>
   <agent start_id="753" goal_id="378"/>
   <agent start_id="46" goal_id="678"/>
   <agent start_id="521" goal_id="275"/>
   <agent start_id="162" goal_id="665"/>
   <agent start_id="329" goal_id="83"/>
   <agent start_id="30" goal_id="661"/>
   <agent start_id="543" goal_id="167"/>
   <agent start_id="505" goal_id="258"/>
   <agent start_id="874" goal_id="597"/>
   <agent start_id="698" goal_id="452"/>
   <agent start_id="13" goal_id="645"/>
   <agent start_id="377" goal_id="1"/>
   <agent start_id="735" goal_id="489"/>
   <agent start_id="189" goal_id="821"/>
   <agent start_id="6" goal_id="509"/>
   <agent start_id="629" goal_id="382"/>
   <agent start_id="713" goal_id="338"/>
   <agent start_id="226" goal_id="857"/>
   <agent start_id="419" goal_id="173"/>
   <agent start_id="216" goal_id="718"/>
   <agent start_id="612" goal_id="366"/>
   <agent start_id="209" goal_id="841"/>
   <agent start_id="1" goal_id="503"/>
   <agent start_id="403" goal_id="156"/>
   <agent start_id="50" goal_id="552"/>
   <agent start_id="596" goal_id="350"/>
   <agent start_id="440" goal_id="193"/>
   <agent start_id="210" goal_id="713"/>
   <agent start_id="633" goal_id="386"/>
   <agent start_id="333" goal_id="87"/>
   <agent start_id="718" goal_id="342"/>
   <agent start_id="562" goal_id="34"/>
   <agent start_id="370" goal_id="124"/>
   <agent start_id="563" goal_id="220"/>
   <agent start_id="49" goal_id="317"/>
   <agent start_id="796" goal_id="261"/>
   <agent start_id="792" goal_id="546"/>
   <agent start_id="107" goal_id="739"/>
   <agent start_id="54" goal_id="557"/>
   <agent start_id="301" goal_id="54"/>
   <agent start_id="776" goal_id="529"/>
   <agent start_id="717" goal_id="341"/>
   <agent start_id="91" goal_id="723"/>
   <agent start_id="766" goal_id="391"/>
   <agent start_id="284" goal_id="38"/>
   <agent start_id="118" goal_id="551"/>
   <agent start_id="321" goal_id="75"/>
   <agent start_id="268" goal_id="21"/>
   <agent start_id="634" goal_id="556"/>
   <agent start_id="743" goal_id="497"/>
   <agent start_id="58" goal_id="690"/>
   <agent start_id="434" goal_id="59"/>
   <agent start_id="5" goal_id="637"/>
   <agent start_id="390" goal_id="14"/>
   <agent start_id="480" goal_id="234"/>
   <agent start_id="674" goal_id="427"/>
   <agent start_id="771" goal_id="448"/>
   <agent start_id="867" goal_id="620"/>
   <agent start_id="710" goal_id="464"/>
   <agent start_id="53" goal_id="555"/>
   <agent start_id="26" goal_id="657"/>
   <agent start_id="102" goal_id="605"/>
   <agent start_id="604" goal_id="358"/>
   <agent start_id="448" goal_id="201"/>
   <agent start_id="389" goal_id="453"/>
   <agent start_id="9" goal_id="641"/>
   <agent start_id="834" goal_id="394"/>
   <agent start_id="770" goal_id="751"/>
   <agent start_id="431" goal_id="185"/>
   <agent start_id="223" goal_id="726"/>
   <agent start_id="625" goal_id="775"/>
   <agent start_id="818" goal_id="571"/>
   <agent start_id="115" goal_id="228"/>
   <agent start_id="169" goal_id="800"/>
   <agent start_id="362" goal_id="115"/>
   <agent start_id="609" goal_id="233"/>
   <agent start_id="205" goal_id="62"/>
   <agent start_id="399" goal_id="152"/>
   <agent start_id="769" goal_id="826"/>
   <agent start_id="592" goal_id="345"/>
   <agent start_id="819" goal_id="443"/>
   <agent start_id="272" goal_id="539"/>
   <agent start_id="382" goal_id="136"/>
   <agent start_id="603" goal_id="648"/>
   <agent start_id="576" goal_id="329"/>
   <agent start_id="297" goal_id="50"/>
   <agent start_id="823" goal_id="447"/>
   <agent start_id="772" goal_id="243"/>
   <agent start_id="276" goal_id="779"/>
   <agent start_id="87" goal_id="719"/>
   <agent start_id="665" goal_id="419"/>
   <agent start_id="185" goal_id="408"/>
   <agent start_id="227" goal_id="859"/>
   <agent start_id="71" goal_id="702"/>
   <agent start_id="842" goal_id="307"/>
   <agent start_id="649" goal_id="403"/>
   <agent start_id="211" goal_id="842"/>
   <agent start_id="447" goal_id="71"/>
   <agent start_id="686" goal_id="439"/>
   <agent start_id="778" goal_id="402"/>
   <agent start_id="452" goal_id="76"/>
   <agent start_id="826" goal_id="579"/>
   <agent start_id="783" goal_id="407"/>
   <agent start_id="423" goal_id="177"/>
   <agent start_id="616" goal_id="370"/>
   <agent start_id="286" goal_id="788"/>
   <agent start_id="460" goal_id="810"/>
   <agent start_id="729" goal_id="617"/>
   <agent start_id="407" goal_id="160"/>
   <agent start_id="354" goal_id="107"/>
   <agent start_id="622" goal_id="246"/>
   <agent start_id="444" goal_id="793"/>
   <agent start_id="637" goal_id="390"/>
   <agent start_id="280" goal_id="782"/>
   <agent start_id="830" goal_id="584"/>
   <agent start_id="530" goal_id="284"/>
   <agent start_id="787" goal_id="412"/>
   <agent start_id="508" goal_id="262"/>
   <agent start_id="567" goal_id="321"/>
   <agent start_id="666" goal_id="290"/>
   <agent start_id="514" goal_id="268"/>
   <agent start_id="358" goal_id="111"/>
   <agent start_id="450" goal_id="266"/>
   <agent start_id="551" goal_id="305"/>
</root>