<?xml version="1.0" ?>
<root>
   <agent start_id="79" goal_id="711"/>
   <agent start_id="207" goal_id="838"/>
   <agent start_id="198" goal_id="700"/>
   <agent start_id="400" goal_id="153"/>
   <agent start_id="529" goal_id="154"/>
   <agent start_id="875" goal_id="629"/>
   <agent start_id="190" goal_id="822"/>
   <agent start_id="32" goal_id="534"/>
   <agent start_id="34" goal_id="383"/>
   <agent start_id="612" goal_id="366"/>
   <agent start_id="319" goal_id="802"/>
   <agent start_id="174" goal_id="805"/>
   <agent start_id="649" goal_id="121"/>
   <agent start_id="197" goal_id="643"/>
   <agent start_id="211" goal_id="842"/>
   <agent start_id="26" goal_id="529"/>
   <agent start_id="158" goal_id="789"/>
   <agent start_id="104" goal_id="736"/>
   <agent start_id="534" goal_id="158"/>
   <agent start_id="580" goal_id="333"/>
   <agent start_id="773" goal_id="526"/>
   <agent start_id="36" goal_id="539"/>
   <agent start_id="616" goal_id="88"/>
   <agent start_id="743" goal_id="368"/>
   <agent start_id="810" goal_id="563"/>
   <agent start_id="510" goal_id="264"/>
   <agent start_id="373" goal_id="875"/>
   <agent start_id="600" goal_id="72"/>
   <agent start_id="793" goal_id="547"/>
   <agent start_id="31" goal_id="533"/>
   <agent start_id="109" goal_id="740"/>
   <agent start_id="80" goal_id="582"/>
   <agent start_id="337" goal_id="687"/>
   <agent start_id="284" goal_id="38"/>
   <agent start_id="869" goal_id="494"/>
   <agent start_id="477" goal_id="231"/>
   <agent start_id="671" goal_id="424"/>
   <agent start_id="372" goal_id="185"/>
   <agent start_id="514" goal_id="268"/>
   <agent start_id="707" goal_id="461"/>
   <agent start_id="250" goal_id="753"/>
   <agent start_id="654" goal_id="408"/>
   <agent start_id="206" goal_id="708"/>
   <agent start_id="498" goal_id="251"/>
   <agent start_id="194" goal_id="825"/>
   <agent start_id="591" goal_id="216"/>
   <agent start_id="392" goal_id="145"/>
   <agent start_id="235" goal_id="867"/>
   <agent start_id="371" goal_id="874"/>
   <agent start_id="428" goal_id="182"/>
   <agent start_id="421" goal_id="45"/>
   <agent start_id="272" goal_id="26"/>
   <agent start_id="219" goal_id="850"/>
   <agent start_id="412" goal_id="166"/>
   <agent start_id="255" goal_id="757"/>
   <agent start_id="112" goal_id="744"/>
   <agent start_id="834" goal_id="588"/>
   <agent start_id="542" goal_id="77"/>
   <agent start_id="149" goal_id="781"/>
   <agent start_id="845" goal_id="310"/>
   <agent start_id="343" goal_id="96"/>
   <agent start_id="186" goal_id="818"/>
   <agent start_id="751" goal_id="376"/>
   <agent start_id="133" goal_id="765"/>
   <agent start_id="855" goal_id="608"/>
   <agent start_id="254" goal_id="756"/>
   <agent start_id="170" goal_id="801"/>
   <agent start_id="585" goal_id="210"/>
   <agent start_id="748" goal_id="502"/>
   <agent start_id="63" goal_id="695"/>
   <agent start_id="215" goal_id="717"/>
   <agent start_id="539" goal_id="292"/>
   <agent start_id="732" goal_id="485"/>
   <agent start_id="595" goal_id="220"/>
   <agent start_id="47" goal_id="679"/>
   <agent start_id="49" goal_id="551"/>
   <agent start_id="469" goal_id="223"/>
   <agent start_id="54" goal_id="556"/>
   <agent start_id="761" goal_id="662"/>
   <agent start_id="506" goal_id="260"/>
   <agent start_id="214" goal_id="716"/>
   <agent start_id="699" goal_id="453"/>
   <agent start_id="296" goal_id="646"/>
   <agent start_id="276" goal_id="219"/>
   <agent start_id="490" goal_id="243"/>
   <agent start_id="48" goal_id="550"/>
   <agent start_id="436" goal_id="190"/>
   <agent start_id="280" goal_id="630"/>
   <agent start_id="429" goal_id="53"/>
   <agent start_id="227" goal_id="9"/>
   <agent start_id="58" goal_id="561"/>
   <agent start_id="686" goal_id="152"/>
   <agent start_id="264" goal_id="613"/>
   <agent start_id="218" goal_id="721"/>
   <agent start_id="809" goal_id="274"/>
   <agent start_id="404" goal_id="157"/>
   <agent start_id="268" goal_id="770"/>
   <agent start_id="247" goal_id="1"/>
   <agent start_id="441" goal_id="194"/>
   <agent start_id="5" goal_id="52"/>
   <agent start_id="634" goal_id="388"/>
   <agent start_id="238" goal_id="102"/>
   <agent start_id="863" goal_id="334"/>
   <agent start_id="389" goal_id="13"/>
   <agent start_id="231" goal_id="574"/>
   <agent start_id="814" goal_id="125"/>
   <agent start_id="846" goal_id="318"/>
   <agent start_id="267" goal_id="769"/>
   <agent start_id="162" goal_id="793"/>
   <agent start_id="740" goal_id="399"/>
   <agent start_id="775" goal_id="690"/>
   <agent start_id="302" goal_id="55"/>
   <agent start_id="777" goal_id="530"/>
   <agent start_id="57" goal_id="559"/>
   <agent start_id="339" goal_id="92"/>
   <agent start_id="482" goal_id="106"/>
   <agent start_id="39" goal_id="670"/>
   <agent start_id="849" goal_id="602"/>
   <agent start_id="495" goal_id="300"/>
   <agent start_id="442" goal_id="67"/>
   <agent start_id="551" goal_id="23"/>
   <agent start_id="271" goal_id="774"/>
   <agent start_id="768" goal_id="730"/>
   <agent start_id="691" goal_id="445"/>
   <agent start_id="123" goal_id="779"/>
   <agent start_id="6" goal_id="638"/>
   <agent start_id="608" goal_id="232"/>
   <agent start_id="728" goal_id="481"/>
   <agent start_id="613" goal_id="237"/>
   <agent start_id="453" goal_id="349"/>
   <agent start_id="621" goal_id="375"/>
   <agent start_id="712" goal_id="465"/>
   <agent start_id="663" goal_id="773"/>
   <agent start_id="27" goal_id="658"/>
   <agent start_id="320" goal_id="605"/>
   <agent start_id="256" goal_id="778"/>
   <agent start_id="449" goal_id="202"/>
   <agent start_id="607" goal_id="11"/>
   <agent start_id="642" goal_id="396"/>
   <agent start_id="239" goal_id="589"/>
   <agent start_id="110" goal_id="612"/>
   <agent start_id="432" goal_id="186"/>
   <agent start_id="317" goal_id="379"/>
   <agent start_id="359" goal_id="115"/>
   <agent start_id="223" goal_id="573"/>
   <agent start_id="416" goal_id="170"/>
   <agent start_id="275" goal_id="777"/>
   <agent start_id="363" goal_id="117"/>
   <agent start_id="827" goal_id="451"/>
   <agent start_id="656" goal_id="280"/>
</root>