<?xml version="1.0" ?>
<root>
   <agent start_id="811" goal_id="564"/>
   <agent start_id="149" goal_id="651"/>
   <agent start_id="408" goal_id="161"/>
   <agent start_id="480" goal_id="105"/>
   <agent start_id="794" goal_id="548"/>
   <agent start_id="861" goal_id="485"/>
   <agent start_id="391" goal_id="145"/>
   <agent start_id="314" goal_id="817"/>
   <agent start_id="585" goal_id="338"/>
   <agent start_id="778" goal_id="532"/>
   <agent start_id="695" goal_id="319"/>
   <agent start_id="568" goal_id="322"/>
   <agent start_id="198" goal_id="700"/>
   <agent start_id="654" goal_id="407"/>
   <agent start_id="359" goal_id="112"/>
   <agent start_id="860" goal_id="162"/>
   <agent start_id="306" goal_id="59"/>
   <agent start_id="534" goal_id="158"/>
   <agent start_id="499" goal_id="252"/>
   <agent start_id="96" goal_id="728"/>
   <agent start_id="319" goal_id="821"/>
   <agent start_id="536" goal_id="289"/>
   <agent start_id="483" goal_id="236"/>
   <agent start_id="699" goal_id="324"/>
   <agent start_id="80" goal_id="711"/>
   <agent start_id="153" goal_id="655"/>
   <agent start_id="273" goal_id="27"/>
   <agent start_id="466" goal_id="220"/>
   <agent start_id="533" goal_id="50"/>
   <agent start_id="63" goal_id="695"/>
   <agent start_id="865" goal_id="489"/>
   <agent start_id="257" goal_id="10"/>
   <agent start_id="450" goal_id="203"/>
   <agent start_id="367" goal_id="870"/>
   <agent start_id="47" goal_id="679"/>
   <agent start_id="240" goal_id="872"/>
   <agent start_id="748" goal_id="372"/>
   <agent start_id="716" goal_id="187"/>
   <agent start_id="201" goal_id="704"/>
   <agent start_id="662" goal_id="416"/>
   <agent start_id="224" goal_id="856"/>
   <agent start_id="582" goal_id="206"/>
   <agent start_id="171" goal_id="802"/>
   <agent start_id="646" goal_id="400"/>
   <agent start_id="869" goal_id="493"/>
   <agent start_id="839" goal_id="593"/>
   <agent start_id="40" goal_id="543"/>
   <agent start_id="154" goal_id="786"/>
   <agent start_id="630" goal_id="383"/>
   <agent start_id="703" goal_id="327"/>
   <agent start_id="823" goal_id="576"/>
   <agent start_id="138" goal_id="770"/>
   <agent start_id="206" goal_id="708"/>
   <agent start_id="613" goal_id="367"/>
   <agent start_id="537" goal_id="359"/>
   <agent start_id="807" goal_id="560"/>
   <agent start_id="404" goal_id="753"/>
   <agent start_id="200" goal_id="542"/>
   <agent start_id="351" goal_id="104"/>
   <agent start_id="873" goal_id="498"/>
   <agent start_id="544" goal_id="297"/>
   <agent start_id="737" goal_id="491"/>
   <agent start_id="376" goal_id="0"/>
   <agent start_id="334" goal_id="88"/>
   <agent start_id="527" goal_id="281"/>
   <agent start_id="757" goal_id="381"/>
   <agent start_id="721" goal_id="474"/>
   <agent start_id="210" goal_id="712"/>
   <agent start_id="318" goal_id="72"/>
   <agent start_id="511" goal_id="265"/>
   <agent start_id="591" goal_id="215"/>
   <agent start_id="108" goal_id="458"/>
   <agent start_id="44" goal_id="546"/>
   <agent start_id="302" goal_id="55"/>
   <agent start_id="495" goal_id="248"/>
   <agent start_id="425" goal_id="49"/>
   <agent start_id="92" goal_id="442"/>
   <agent start_id="756" goal_id="380"/>
   <agent start_id="285" goal_id="39"/>
   <agent start_id="479" goal_id="232"/>
   <agent start_id="259" goal_id="761"/>
   <agent start_id="322" goal_id="76"/>
   <agent start_id="515" goal_id="269"/>
   <agent start_id="419" goal_id="43"/>
   <agent start_id="709" goal_id="462"/>
   <agent start_id="59" goal_id="409"/>
   <agent start_id="424" goal_id="48"/>
   <agent start_id="253" goal_id="6"/>
   <agent start_id="755" goal_id="392"/>
   <agent start_id="446" goal_id="199"/>
   <agent start_id="43" goal_id="675"/>
   <agent start_id="258" goal_id="858"/>
   <agent start_id="621" goal_id="375"/>
   <agent start_id="815" goal_id="568"/>
   <agent start_id="765" goal_id="390"/>
   <agent start_id="27" goal_id="658"/>
   <agent start_id="54" goal_id="594"/>
   <agent start_id="852" goal_id="605"/>
   <agent start_id="413" goal_id="167"/>
   <agent start_id="754" goal_id="97"/>
   <agent start_id="10" goal_id="642"/>
   <agent start_id="204" goal_id="835"/>
   <agent start_id="704" goal_id="169"/>
   <agent start_id="397" goal_id="150"/>
   <agent start_id="588" goal_id="213"/>
   <agent start_id="872" goal_id="626"/>
   <agent start_id="819" goal_id="572"/>
   <agent start_id="594" goal_id="218"/>
   <agent start_id="766" goal_id="519"/>
   <agent start_id="363" goal_id="223"/>
   <agent start_id="599" goal_id="579"/>
   <agent start_id="556" goal_id="310"/>
   <agent start_id="118" goal_id="749"/>
   <agent start_id="696" goal_id="450"/>
   <agent start_id="786" goal_id="540"/>
   <agent start_id="261" goal_id="764"/>
   <agent start_id="733" goal_id="487"/>
   <agent start_id="680" goal_id="433"/>
   <agent start_id="523" goal_id="277"/>
   <agent start_id="598" goal_id="222"/>
   <agent start_id="717" goal_id="470"/>
   <agent start_id="68" goal_id="417"/>
   <agent start_id="603" goal_id="227"/>
   <agent start_id="56" goal_id="14"/>
   <agent start_id="700" goal_id="454"/>
   <agent start_id="763" goal_id="106"/>
   <agent start_id="298" goal_id="51"/>
   <agent start_id="813" goal_id="437"/>
   <agent start_id="491" goal_id="244"/>
   <agent start_id="438" goal_id="191"/>
   <agent start_id="222" goal_id="705"/>
   <agent start_id="281" goal_id="35"/>
   <agent start_id="474" goal_id="228"/>
   <agent start_id="100" goal_id="602"/>
   <agent start_id="668" goal_id="421"/>
   <agent start_id="431" goal_id="56"/>
   <agent start_id="265" goal_id="19"/>
   <agent start_id="843" goal_id="597"/>
   <agent start_id="61" goal_id="563"/>
   <agent start_id="790" goal_id="544"/>
   <agent start_id="634" goal_id="66"/>
   <agent start_id="441" goal_id="225"/>
   <agent start_id="195" goal_id="773"/>
   <agent start_id="389" goal_id="142"/>
   <agent start_id="602" goal_id="226"/>
   <agent start_id="864" goal_id="617"/>
   <agent start_id="651" goal_id="275"/>
   <agent start_id="179" goal_id="811"/>
   <agent start_id="372" goal_id="126"/>
   <agent start_id="436" goal_id="60"/>
</root>