<?xml version="1.0" ?>
<root>
   <agent start_id="20" goal_id="369"/>
   <agent start_id="515" goal_id="139"/>
   <agent start_id="213" goal_id="844"/>
   <agent start_id="406" goal_id="160"/>
   <agent start_id="299" goal_id="802"/>
   <agent start_id="250" goal_id="3"/>
   <agent start_id="724" goal_id="349"/>
   <agent start_id="443" goal_id="196"/>
   <agent start_id="636" goal_id="390"/>
   <agent start_id="509" goal_id="133"/>
   <agent start_id="618" goal_id="90"/>
   <agent start_id="685" goal_id="309"/>
   <agent start_id="180" goal_id="812"/>
   <agent start_id="373" goal_id="127"/>
   <agent start_id="845" goal_id="470"/>
   <agent start_id="849" goal_id="602"/>
   <agent start_id="164" goal_id="795"/>
   <agent start_id="348" goal_id="850"/>
   <agent start_id="603" goal_id="357"/>
   <agent start_id="177" goal_id="679"/>
   <agent start_id="832" goal_id="586"/>
   <agent start_id="779" goal_id="533"/>
   <agent start_id="684" goal_id="265"/>
   <agent start_id="94" goal_id="726"/>
   <agent start_id="138" goal_id="640"/>
   <agent start_id="569" goal_id="41"/>
   <agent start_id="763" goal_id="516"/>
   <agent start_id="518" goal_id="143"/>
   <agent start_id="324" goal_id="78"/>
   <agent start_id="347" goal_id="572"/>
   <agent start_id="553" goal_id="307"/>
   <agent start_id="500" goal_id="254"/>
   <agent start_id="855" goal_id="479"/>
   <agent start_id="308" goal_id="62"/>
   <agent start_id="783" goal_id="537"/>
   <agent start_id="231" goal_id="733"/>
   <agent start_id="98" goal_id="730"/>
   <agent start_id="292" goal_id="45"/>
   <agent start_id="15" goal_id="518"/>
   <agent start_id="520" goal_id="274"/>
   <agent start_id="467" goal_id="221"/>
   <agent start_id="523" goal_id="147"/>
   <agent start_id="660" goal_id="414"/>
   <agent start_id="258" goal_id="11"/>
   <agent start_id="25" goal_id="528"/>
   <agent start_id="451" goal_id="205"/>
   <agent start_id="357" goal_id="859"/>
   <agent start_id="644" goal_id="398"/>
   <agent start_id="241" goal_id="873"/>
   <agent start_id="737" goal_id="362"/>
   <agent start_id="435" goal_id="188"/>
   <agent start_id="874" goal_id="628"/>
   <agent start_id="471" goal_id="225"/>
   <agent start_id="665" goal_id="418"/>
   <agent start_id="400" goal_id="25"/>
   <agent start_id="365" goal_id="119"/>
   <agent start_id="858" goal_id="483"/>
   <agent start_id="840" goal_id="312"/>
   <agent start_id="156" goal_id="787"/>
   <agent start_id="361" goal_id="863"/>
   <agent start_id="349" goal_id="102"/>
   <agent start_id="192" goal_id="824"/>
   <agent start_id="239" goal_id="742"/>
   <agent start_id="386" goal_id="195"/>
   <agent start_id="571" goal_id="536"/>
   <agent start_id="579" goal_id="332"/>
   <agent start_id="176" goal_id="808"/>
   <agent start_id="73" goal_id="576"/>
   <agent start_id="754" goal_id="508"/>
   <agent start_id="70" goal_id="701"/>
   <agent start_id="863" goal_id="487"/>
   <agent start_id="791" goal_id="545"/>
   <agent start_id="541" goal_id="34"/>
   <agent start_id="107" goal_id="738"/>
   <agent start_id="300" goal_id="53"/>
   <agent start_id="194" goal_id="697"/>
   <agent start_id="529" goal_id="0"/>
   <agent start_id="722" goal_id="475"/>
   <agent start_id="199" goal_id="702"/>
   <agent start_id="283" goal_id="37"/>
   <agent start_id="28" goal_id="531"/>
   <agent start_id="512" goal_id="266"/>
   <agent start_id="74" goal_id="705"/>
   <agent start_id="409" goal_id="33"/>
   <agent start_id="21" goal_id="652"/>
   <agent start_id="742" goal_id="496"/>
   <agent start_id="790" goal_id="380"/>
   <agent start_id="689" goal_id="443"/>
   <agent start_id="251" goal_id="4"/>
   <agent start_id="574" goal_id="199"/>
   <agent start_id="726" goal_id="480"/>
   <agent start_id="624" goal_id="248"/>
   <agent start_id="41" goal_id="673"/>
   <agent start_id="620" goal_id="373"/>
   <agent start_id="535" goal_id="159"/>
   <agent start_id="217" goal_id="848"/>
   <agent start_id="584" goal_id="209"/>
   <agent start_id="38" goal_id="164"/>
   <agent start_id="496" goal_id="249"/>
   <agent start_id="447" goal_id="201"/>
   <agent start_id="794" goal_id="500"/>
   <agent start_id="147" goal_id="779"/>
   <agent start_id="374" goal_id="877"/>
   <agent start_id="587" goal_id="341"/>
   <agent start_id="755" goal_id="287"/>
   <agent start_id="383" goal_id="379"/>
   <agent start_id="377" goal_id="131"/>
   <agent start_id="37" goal_id="324"/>
   <agent start_id="223" goal_id="539"/>
   <agent start_id="168" goal_id="799"/>
   <agent start_id="418" goal_id="115"/>
   <agent start_id="764" goal_id="42"/>
   <agent start_id="388" goal_id="61"/>
   <agent start_id="152" goal_id="783"/>
   <agent start_id="798" goal_id="423"/>
   <agent start_id="345" goal_id="98"/>
   <agent start_id="207" goal_id="710"/>
   <agent start_id="805" goal_id="270"/>
   <agent start_id="767" goal_id="520"/>
   <agent start_id="312" goal_id="66"/>
   <agent start_id="538" goal_id="422"/>
   <agent start_id="505" goal_id="259"/>
   <agent start_id="700" goal_id="753"/>
   <agent start_id="488" goal_id="241"/>
   <agent start_id="681" goal_id="434"/>
   <agent start_id="758" goal_id="383"/>
   <agent start_id="212" goal_id="109"/>
   <agent start_id="225" goal_id="575"/>
   <agent start_id="342" goal_id="388"/>
   <agent start_id="592" goal_id="217"/>
   <agent start_id="232" goal_id="240"/>
   <agent start_id="46" goal_id="611"/>
   <agent start_id="455" goal_id="597"/>
   <agent start_id="95" goal_id="456"/>
   <agent start_id="17" goal_id="648"/>
   <agent start_id="595" goal_id="7"/>
   <agent start_id="382" goal_id="691"/>
   <agent start_id="431" goal_id="542"/>
   <agent start_id="139" goal_id="771"/>
   <agent start_id="387" goal_id="12"/>
   <agent start_id="89" goal_id="825"/>
   <agent start_id="422" goal_id="176"/>
   <agent start_id="641" goal_id="226"/>
   <agent start_id="369" goal_id="123"/>
   <agent start_id="597" goal_id="239"/>
   <agent start_id="562" goal_id="316"/>
   <agent start_id="602" goal_id="263"/>
   <agent start_id="2" goal_id="345"/>
   <agent start_id="106" goal_id="558"/>
   <agent start_id="546" goal_id="300"/>
</root>