<?xml version="1.0" ?>
<root>
   <agent start_id="820" goal_id="573"/>
   <agent start_id="525" goal_id="278"/>
   <agent start_id="368" goal_id="122"/>
   <agent start_id="462" goal_id="87"/>
   <agent start_id="561" goal_id="315"/>
   <agent start_id="794" goal_id="418"/>
   <agent start_id="508" goal_id="262"/>
   <agent start_id="105" goal_id="455"/>
   <agent start_id="799" goal_id="423"/>
   <agent start_id="299" goal_id="52"/>
   <agent start_id="252" goal_id="755"/>
   <agent start_id="246" goal_id="877"/>
   <agent start_id="336" goal_id="89"/>
   <agent start_id="130" goal_id="633"/>
   <agent start_id="529" goal_id="282"/>
   <agent start_id="722" goal_id="476"/>
   <agent start_id="511" goal_id="135"/>
   <agent start_id="319" goal_id="73"/>
   <agent start_id="842" goal_id="467"/>
   <agent start_id="266" goal_id="20"/>
   <agent start_id="706" goal_id="459"/>
   <agent start_id="345" goal_id="847"/>
   <agent start_id="688" goal_id="160"/>
   <agent start_id="803" goal_id="428"/>
   <agent start_id="635" goal_id="388"/>
   <agent start_id="427" goal_id="51"/>
   <agent start_id="164" goal_id="795"/>
   <agent start_id="639" goal_id="393"/>
   <agent start_id="305" goal_id="807"/>
   <agent start_id="832" goal_id="586"/>
   <agent start_id="394" goal_id="148"/>
   <agent start_id="183" goal_id="686"/>
   <agent start_id="623" goal_id="376"/>
   <agent start_id="139" goal_id="641"/>
   <agent start_id="570" goal_id="323"/>
   <agent start_id="763" goal_id="516"/>
   <agent start_id="144" goal_id="647"/>
   <agent start_id="606" goal_id="360"/>
   <agent start_id="553" goal_id="307"/>
   <agent start_id="807" goal_id="431"/>
   <agent start_id="115" goal_id="746"/>
   <agent start_id="590" goal_id="344"/>
   <agent start_id="783" goal_id="537"/>
   <agent start_id="138" goal_id="444"/>
   <agent start_id="730" goal_id="484"/>
   <agent start_id="690" goal_id="574"/>
   <agent start_id="81" goal_id="270"/>
   <agent start_id="274" goal_id="28"/>
   <agent start_id="99" goal_id="602"/>
   <agent start_id="714" goal_id="560"/>
   <agent start_id="65" goal_id="414"/>
   <agent start_id="504" goal_id="258"/>
   <agent start_id="309" goal_id="811"/>
   <agent start_id="205" goal_id="836"/>
   <agent start_id="680" goal_id="151"/>
   <agent start_id="816" goal_id="441"/>
   <agent start_id="488" goal_id="242"/>
   <agent start_id="435" goal_id="188"/>
   <agent start_id="694" goal_id="319"/>
   <agent start_id="664" goal_id="275"/>
   <agent start_id="650" goal_id="558"/>
   <agent start_id="364" goal_id="117"/>
   <agent start_id="418" goal_id="172"/>
   <agent start_id="528" goal_id="153"/>
   <agent start_id="262" goal_id="16"/>
   <agent start_id="455" goal_id="209"/>
   <agent start_id="689" goal_id="313"/>
   <agent start_id="648" goal_id="402"/>
   <agent start_id="738" goal_id="362"/>
   <agent start_id="622" goal_id="375"/>
   <agent start_id="193" goal_id="824"/>
   <agent start_id="386" goal_id="139"/>
   <agent start_id="196" goal_id="699"/>
   <agent start_id="861" goal_id="615"/>
   <agent start_id="526" goal_id="152"/>
   <agent start_id="108" goal_id="610"/>
   <agent start_id="755" goal_id="508"/>
   <agent start_id="157" goal_id="660"/>
   <agent start_id="845" goal_id="598"/>
   <agent start_id="545" goal_id="299"/>
   <agent start_id="107" goal_id="450"/>
   <agent start_id="367" goal_id="738"/>
   <agent start_id="582" goal_id="335"/>
   <agent start_id="698" goal_id="451"/>
   <agent start_id="654" goal_id="867"/>
   <agent start_id="703" goal_id="475"/>
   <agent start_id="757" goal_id="328"/>
   <agent start_id="156" goal_id="659"/>
   <agent start_id="512" goal_id="266"/>
   <agent start_id="5" goal_id="112"/>
   <agent start_id="537" goal_id="162"/>
   <agent start_id="296" goal_id="640"/>
   <agent start_id="56" goal_id="406"/>
   <agent start_id="250" goal_id="3"/>
   <agent start_id="824" goal_id="449"/>
   <agent start_id="371" goal_id="443"/>
   <agent start_id="286" goal_id="40"/>
   <agent start_id="702" goal_id="327"/>
   <agent start_id="233" goal_id="865"/>
   <agent start_id="708" goal_id="180"/>
   <agent start_id="0" goal_id="332"/>
   <agent start_id="270" goal_id="24"/>
   <agent start_id="536" goal_id="161"/>
   <agent start_id="217" goal_id="849"/>
   <agent start_id="410" goal_id="164"/>
   <agent start_id="542" goal_id="166"/>
   <agent start_id="7" goal_id="639"/>
   <agent start_id="873" goal_id="497"/>
   <agent start_id="447" goal_id="201"/>
   <agent start_id="640" goal_id="394"/>
   <agent start_id="751" goal_id="834"/>
   <agent start_id="869" goal_id="623"/>
   <agent start_id="707" goal_id="331"/>
   <agent start_id="663" goal_id="569"/>
   <agent start_id="624" goal_id="378"/>
   <agent start_id="585" goal_id="373"/>
   <agent start_id="221" goal_id="853"/>
   <agent start_id="414" goal_id="168"/>
   <agent start_id="370" goal_id="872"/>
   <agent start_id="546" goal_id="170"/>
   <agent start_id="750" goal_id="145"/>
   <agent start_id="83" goal_id="32"/>
   <agent start_id="152" goal_id="783"/>
   <agent start_id="380" goal_id="730"/>
   <agent start_id="76" goal_id="4"/>
   <agent start_id="574" goal_id="336"/>
   <agent start_id="711" goal_id="371"/>
   <agent start_id="767" goal_id="520"/>
   <agent start_id="82" goal_id="714"/>
   <agent start_id="214" goal_id="716"/>
   <agent start_id="804" goal_id="557"/>
   <agent start_id="43" goal_id="545"/>
   <agent start_id="876" goal_id="504"/>
   <agent start_id="66" goal_id="697"/>
   <agent start_id="48" goal_id="550"/>
   <agent start_id="295" goal_id="644"/>
   <agent start_id="103" goal_id="734"/>
   <agent start_id="208" goal_id="710"/>
   <agent start_id="681" goal_id="435"/>
   <agent start_id="213" goal_id="543"/>
   <agent start_id="682" goal_id="341"/>
   <agent start_id="471" goal_id="225"/>
   <agent start_id="665" goal_id="721"/>
   <agent start_id="218" goal_id="675"/>
   <agent start_id="47" goal_id="565"/>
   <agent start_id="3" goal_id="505"/>
   <agent start_id="798" goal_id="263"/>
   <agent start_id="17" goal_id="648"/>
   <agent start_id="428" goal_id="204"/>
   <agent start_id="383" goal_id="8"/>
</root>