<?xml version="1.0" ?>
<root>
   <agent start_id="67" goal_id="698"/>
   <agent start_id="740" goal_id="82"/>
   <agent start_id="788" goal_id="542"/>
   <agent start_id="287" goal_id="789"/>
   <agent start_id="735" goal_id="489"/>
   <agent start_id="825" goal_id="297"/>
   <agent start_id="447" goal_id="71"/>
   <agent start_id="526" goal_id="279"/>
   <agent start_id="623" goal_id="247"/>
   <agent start_id="472" goal_id="226"/>
   <agent start_id="34" goal_id="666"/>
   <agent start_id="408" goal_id="32"/>
   <agent start_id="509" goal_id="263"/>
   <agent start_id="703" goal_id="456"/>
   <agent start_id="350" goal_id="413"/>
   <agent start_id="649" goal_id="403"/>
   <agent start_id="744" goal_id="86"/>
   <agent start_id="247" goal_id="0"/>
   <agent start_id="440" goal_id="193"/>
   <agent start_id="515" goal_id="749"/>
   <agent start_id="1" goal_id="633"/>
   <agent start_id="76" goal_id="578"/>
   <agent start_id="230" goal_id="862"/>
   <agent start_id="38" goal_id="670"/>
   <agent start_id="832" goal_id="588"/>
   <agent start_id="863" goal_id="617"/>
   <agent start_id="214" goal_id="846"/>
   <agent start_id="461" goal_id="581"/>
   <agent start_id="654" goal_id="407"/>
   <agent start_id="847" goal_id="600"/>
   <agent start_id="622" goal_id="246"/>
   <agent start_id="444" goal_id="198"/>
   <agent start_id="671" goal_id="295"/>
   <agent start_id="391" goal_id="144"/>
   <agent start_id="584" goal_id="338"/>
   <agent start_id="80" goal_id="582"/>
   <agent start_id="428" goal_id="181"/>
   <agent start_id="505" goal_id="129"/>
   <agent start_id="621" goal_id="375"/>
   <agent start_id="568" goal_id="321"/>
   <agent start_id="792" goal_id="416"/>
   <agent start_id="797" goal_id="550"/>
   <agent start_id="358" goal_id="112"/>
   <agent start_id="295" goal_id="797"/>
   <agent start_id="551" goal_id="305"/>
   <agent start_id="626" goal_id="250"/>
   <agent start_id="780" goal_id="534"/>
   <agent start_id="727" goal_id="481"/>
   <agent start_id="474" goal_id="758"/>
   <agent start_id="535" goal_id="289"/>
   <agent start_id="764" goal_id="517"/>
   <agent start_id="134" goal_id="636"/>
   <agent start_id="326" goal_id="79"/>
   <agent start_id="801" goal_id="272"/>
   <agent start_id="294" goal_id="796"/>
   <agent start_id="748" goal_id="501"/>
   <agent start_id="846" goal_id="470"/>
   <agent start_id="448" goal_id="202"/>
   <agent start_id="784" goal_id="256"/>
   <agent start_id="128" goal_id="630"/>
   <agent start_id="731" goal_id="485"/>
   <agent start_id="46" goal_id="678"/>
   <agent start_id="133" goal_id="635"/>
   <agent start_id="871" goal_id="625"/>
   <agent start_id="715" goal_id="468"/>
   <agent start_id="514" goal_id="138"/>
   <agent start_id="30" goal_id="469"/>
   <agent start_id="223" goal_id="855"/>
   <agent start_id="298" goal_id="801"/>
   <agent start_id="699" goal_id="452"/>
   <agent start_id="348" goal_id="850"/>
   <agent start_id="645" goal_id="399"/>
   <agent start_id="489" goal_id="839"/>
   <agent start_id="132" goal_id="440"/>
   <agent start_id="436" goal_id="189"/>
   <agent start_id="684" goal_id="308"/>
   <agent start_id="383" goal_id="136"/>
   <agent start_id="576" goal_id="329"/>
   <agent start_id="93" goal_id="595"/>
   <agent start_id="419" goal_id="173"/>
   <agent start_id="366" goal_id="120"/>
   <agent start_id="507" goal_id="98"/>
   <agent start_id="806" goal_id="560"/>
   <agent start_id="303" goal_id="805"/>
   <agent start_id="479" goal_id="103"/>
   <agent start_id="104" goal_id="735"/>
   <agent start_id="810" goal_id="434"/>
   <agent start_id="317" goal_id="478"/>
   <agent start_id="854" goal_id="627"/>
   <agent start_id="511" goal_id="264"/>
   <agent start_id="739" goal_id="493"/>
   <agent start_id="859" goal_id="483"/>
   <agent start_id="55" goal_id="686"/>
   <agent start_id="494" goal_id="248"/>
   <agent start_id="141" goal_id="643"/>
   <agent start_id="91" goal_id="723"/>
   <agent start_id="190" goal_id="693"/>
   <agent start_id="285" goal_id="38"/>
   <agent start_id="231" goal_id="863"/>
   <agent start_id="477" goal_id="102"/>
   <agent start_id="707" goal_id="460"/>
   <agent start_id="22" goal_id="653"/>
   <agent start_id="858" goal_id="482"/>
   <agent start_id="687" goal_id="215"/>
   <agent start_id="102" goal_id="311"/>
   <agent start_id="690" goal_id="444"/>
   <agent start_id="637" goal_id="391"/>
   <agent start_id="316" goal_id="819"/>
   <agent start_id="830" goal_id="584"/>
   <agent start_id="674" goal_id="428"/>
   <agent start_id="195" goal_id="697"/>
   <agent start_id="867" goal_id="621"/>
   <agent start_id="814" goal_id="568"/>
   <agent start_id="482" goal_id="106"/>
   <agent start_id="165" goal_id="658"/>
   <agent start_id="851" goal_id="604"/>
   <agent start_id="360" goal_id="243"/>
   <agent start_id="818" goal_id="442"/>
   <agent start_id="819" goal_id="285"/>
   <agent start_id="641" goal_id="395"/>
   <agent start_id="835" goal_id="696"/>
   <agent start_id="194" goal_id="64"/>
   <agent start_id="432" goal_id="781"/>
   <agent start_id="379" goal_id="132"/>
   <agent start_id="199" goal_id="701"/>
   <agent start_id="572" goal_id="325"/>
   <agent start_id="765" goal_id="519"/>
   <agent start_id="862" goal_id="486"/>
   <agent start_id="362" goal_id="116"/>
   <agent start_id="33" goal_id="535"/>
   <agent start_id="63" goal_id="694"/>
   <agent start_id="502" goal_id="822"/>
   <agent start_id="320" goal_id="62"/>
   <agent start_id="872" goal_id="496"/>
   <agent start_id="293" goal_id="46"/>
   <agent start_id="701" goal_id="410"/>
   <agent start_id="486" goal_id="240"/>
   <agent start_id="154" goal_id="656"/>
   <agent start_id="330" goal_id="83"/>
   <agent start_id="523" goal_id="276"/>
   <agent start_id="32" goal_id="320"/>
   <agent start_id="470" goal_id="223"/>
   <agent start_id="698" goal_id="164"/>
   <agent start_id="540" goal_id="259"/>
   <agent start_id="260" goal_id="14"/>
   <agent start_id="369" goal_id="871"/>
   <agent start_id="453" goal_id="207"/>
   <agent start_id="51" goal_id="682"/>
   <agent start_id="749" goal_id="374"/>
   <agent start_id="244" goal_id="875"/>
</root>