<?xml version="1.0" ?>
<root>
   <agent start_id="803" goal_id="557"/>
   <agent start_id="750" goal_id="503"/>
   <agent start_id="227" goal_id="730"/>
   <agent start_id="347" goal_id="101"/>
   <agent start_id="277" goal_id="779"/>
   <agent start_id="787" goal_id="540"/>
   <agent start_id="487" goal_id="241"/>
   <agent start_id="564" goal_id="188"/>
   <agent start_id="84" goal_id="716"/>
   <agent start_id="613" goal_id="238"/>
   <agent start_id="524" goal_id="277"/>
   <agent start_id="121" goal_id="471"/>
   <agent start_id="773" goal_id="398"/>
   <agent start_id="314" goal_id="68"/>
   <agent start_id="823" goal_id="447"/>
   <agent start_id="508" goal_id="261"/>
   <agent start_id="276" goal_id="36"/>
   <agent start_id="454" goal_id="208"/>
   <agent start_id="298" goal_id="52"/>
   <agent start_id="657" goal_id="281"/>
   <agent start_id="491" goal_id="245"/>
   <agent start_id="110" goal_id="612"/>
   <agent start_id="88" goal_id="438"/>
   <agent start_id="282" goal_id="35"/>
   <agent start_id="576" goal_id="115"/>
   <agent start_id="860" goal_id="614"/>
   <agent start_id="704" goal_id="175"/>
   <agent start_id="778" goal_id="402"/>
   <agent start_id="650" goal_id="404"/>
   <agent start_id="452" goal_id="76"/>
   <agent start_id="844" goal_id="597"/>
   <agent start_id="783" goal_id="407"/>
   <agent start_id="159" goal_id="790"/>
   <agent start_id="3" goal_id="634"/>
   <agent start_id="661" goal_id="286"/>
   <agent start_id="196" goal_id="827"/>
   <agent start_id="114" goal_id="617"/>
   <agent start_id="774" goal_id="528"/>
   <agent start_id="864" goal_id="618"/>
   <agent start_id="495" goal_id="119"/>
   <agent start_id="179" goal_id="811"/>
   <agent start_id="826" goal_id="451"/>
   <agent start_id="126" goal_id="758"/>
   <agent start_id="782" goal_id="690"/>
   <agent start_id="848" goal_id="601"/>
   <agent start_id="163" goal_id="795"/>
   <agent start_id="660" goal_id="285"/>
   <agent start_id="742" goal_id="495"/>
   <agent start_id="339" goal_id="92"/>
   <agent start_id="290" goal_id="792"/>
   <agent start_id="119" goal_id="532"/>
   <agent start_id="351" goal_id="621"/>
   <agent start_id="376" goal_id="725"/>
   <agent start_id="322" goal_id="626"/>
   <agent start_id="124" goal_id="344"/>
   <agent start_id="516" goal_id="269"/>
   <agent start_id="455" goal_id="80"/>
   <agent start_id="709" goal_id="462"/>
   <agent start_id="306" goal_id="60"/>
   <agent start_id="836" goal_id="460"/>
   <agent start_id="499" goal_id="253"/>
   <agent start_id="289" goal_id="116"/>
   <agent start_id="343" goal_id="97"/>
   <agent start_id="536" goal_id="290"/>
   <agent start_id="167" goal_id="670"/>
   <agent start_id="237" goal_id="868"/>
   <agent start_id="626" goal_id="250"/>
   <agent start_id="327" goal_id="454"/>
   <agent start_id="830" goal_id="423"/>
   <agent start_id="273" goal_id="27"/>
   <agent start_id="467" goal_id="220"/>
   <agent start_id="835" goal_id="72"/>
   <agent start_id="413" goal_id="167"/>
   <agent start_id="791" goal_id="415"/>
   <agent start_id="11" goal_id="642"/>
   <agent start_id="204" goal_id="835"/>
   <agent start_id="294" goal_id="796"/>
   <agent start_id="48" goal_id="397"/>
   <agent start_id="241" goal_id="872"/>
   <agent start_id="172" goal_id="674"/>
   <agent start_id="188" goal_id="819"/>
   <agent start_id="127" goal_id="630"/>
   <agent start_id="134" goal_id="766"/>
   <agent start_id="224" goal_id="856"/>
   <agent start_id="6" goal_id="508"/>
   <agent start_id="418" goal_id="171"/>
   <agent start_id="337" goal_id="839"/>
   <agent start_id="118" goal_id="750"/>
   <agent start_id="795" goal_id="420"/>
   <agent start_id="593" goal_id="347"/>
   <agent start_id="786" goal_id="800"/>
   <agent start_id="610" goal_id="75"/>
   <agent start_id="630" goal_id="102"/>
   <agent start_id="416" goal_id="629"/>
   <agent start_id="176" goal_id="577"/>
   <agent start_id="770" goal_id="524"/>
   <agent start_id="132" goal_id="492"/>
   <agent start_id="614" goal_id="85"/>
   <agent start_id="839" goal_id="463"/>
   <agent start_id="137" goal_id="639"/>
   <agent start_id="507" goal_id="93"/>
   <agent start_id="468" goal_id="375"/>
   <agent start_id="597" goal_id="351"/>
   <agent start_id="673" goal_id="297"/>
   <agent start_id="849" goal_id="51"/>
   <agent start_id="737" goal_id="491"/>
   <agent start_id="678" goal_id="302"/>
   <agent start_id="335" goal_id="684"/>
   <agent start_id="131" goal_id="681"/>
   <agent start_id="721" goal_id="475"/>
   <agent start_id="512" goal_id="136"/>
   <agent start_id="318" goal_id="668"/>
   <agent start_id="843" goal_id="468"/>
   <agent start_id="265" goal_id="19"/>
   <agent start_id="458" goal_id="212"/>
   <agent start_id="686" goal_id="473"/>
   <agent start_id="56" goal_id="405"/>
   <agent start_id="302" goal_id="804"/>
   <agent start_id="2" goal_id="478"/>
   <agent start_id="853" goal_id="679"/>
   <agent start_id="689" goal_id="442"/>
   <agent start_id="389" goal_id="142"/>
   <agent start_id="638" goal_id="262"/>
   <agent start_id="479" goal_id="233"/>
   <agent start_id="560" goal_id="185"/>
   <agent start_id="426" goal_id="179"/>
   <agent start_id="373" goal_id="126"/>
   <agent start_id="472" goal_id="96"/>
   <agent start_id="521" goal_id="146"/>
   <agent start_id="574" goal_id="40"/>
   <agent start_id="692" goal_id="316"/>
   <agent start_id="762" goal_id="516"/>
   <agent start_id="606" goal_id="77"/>
   <agent start_id="852" goal_id="476"/>
   <agent start_id="399" goal_id="799"/>
   <agent start_id="8" goal_id="23"/>
   <agent start_id="746" goal_id="499"/>
   <agent start_id="857" goal_id="481"/>
   <agent start_id="589" goal_id="61"/>
   <agent start_id="360" goal_id="862"/>
   <agent start_id="234" goal_id="667"/>
   <agent start_id="483" goal_id="236"/>
   <agent start_id="315" goal_id="818"/>
   <agent start_id="573" goal_id="44"/>
   <agent start_id="766" goal_id="520"/>
   <agent start_id="307" goal_id="194"/>
   <agent start_id="81" goal_id="713"/>
   <agent start_id="22" goal_id="525"/>
   <agent start_id="557" goal_id="310"/>
   <agent start_id="403" goal_id="28"/>
</root>