<?xml version="1.0" ?>
<root>
  <agent start_id="104" goal_id="17"/>
  <agent start_id="39" goal_id="75"/>
  <agent start_id="5" goal_id="47"/>
  <agent start_id="52" goal_id="12"/>
  <agent start_id="150" goal_id="112"/>
  <agent start_id="120" goal_id="131"/>
  <agent start_id="122" goal_id="114"/>
  <agent start_id="63" goal_id="23"/>
  <agent start_id="30" goal_id="167"/>
  <agent start_id="126" goal_id="39"/>
  <agent start_id="47" goal_id="9"/>
  <agent start_id="180" goal_id="88"/>
  <agent start_id="1" goal_id="60"/>
  <agent start_id="164" goal_id="93"/>
  <agent start_id="96" goal_id="53"/>
  <agent start_id="36" goal_id="59"/>
  <agent start_id="111" goal_id="159"/>
  <agent start_id="49" goal_id="184"/>
  <agent start_id="55" goal_id="30"/>
  <agent start_id="46" goal_id="175"/>
  <agent start_id="40" goal_id="120"/>
  <agent start_id="42" goal_id="35"/>
  <agent start_id="174" goal_id="166"/>
  <agent start_id="18" goal_id="19"/>
  <agent start_id="79" goal_id="49"/>
  <agent start_id="78" goal_id="69"/>
  <agent start_id="64" goal_id="0"/>
  <agent start_id="41" goal_id="189"/>
  <agent start_id="136" goal_id="72"/>
  <agent start_id="11" goal_id="95"/>
  <agent start_id="8" goal_id="57"/>
  <agent start_id="38" goal_id="76"/>
  <agent start_id="27" goal_id="190"/>
  <agent start_id="113" goal_id="63"/>
  <agent start_id="143" goal_id="48"/>
  <agent start_id="168" goal_id="151"/>
  <agent start_id="172" goal_id="34"/>
  <agent start_id="196" goal_id="196"/>
  <agent start_id="153" goal_id="78"/>
  <agent start_id="129" goal_id="126"/>
  <agent start_id="192" goal_id="100"/>
  <agent start_id="191" goal_id="66"/>
  <agent start_id="35" goal_id="109"/>
  <agent start_id="132" goal_id="102"/>
  <agent start_id="21" goal_id="108"/>
  <agent start_id="69" goal_id="193"/>
  <agent start_id="135" goal_id="8"/>
  <agent start_id="34" goal_id="168"/>
  <agent start_id="112" goal_id="154"/>
  <agent start_id="155" goal_id="85"/>
</root>
