<?xml version="1.0" ?>
<root>
  <agent start_id="31" goal_id="65"/>
  <agent start_id="44" goal_id="78"/>
  <agent start_id="98" goal_id="123"/>
  <agent start_id="133" goal_id="120"/>
  <agent start_id="43" goal_id="101"/>
  <agent start_id="54" goal_id="146"/>
  <agent start_id="99" goal_id="25"/>
  <agent start_id="7" goal_id="32"/>
  <agent start_id="9" goal_id="171"/>
  <agent start_id="19" goal_id="58"/>
  <agent start_id="125" goal_id="90"/>
  <agent start_id="140" goal_id="147"/>
  <agent start_id="28" goal_id="194"/>
  <agent start_id="70" goal_id="17"/>
  <agent start_id="152" goal_id="142"/>
  <agent start_id="83" goal_id="68"/>
  <agent start_id="79" goal_id="117"/>
  <agent start_id="183" goal_id="112"/>
  <agent start_id="61" goal_id="199"/>
  <agent start_id="176" goal_id="145"/>
  <agent start_id="158" goal_id="149"/>
  <agent start_id="142" goal_id="56"/>
  <agent start_id="87" goal_id="69"/>
  <agent start_id="126" goal_id="161"/>
  <agent start_id="108" goal_id="10"/>
  <agent start_id="73" goal_id="85"/>
  <agent start_id="155" goal_id="133"/>
  <agent start_id="58" goal_id="4"/>
  <agent start_id="49" goal_id="158"/>
  <agent start_id="184" goal_id="127"/>
  <agent start_id="135" goal_id="167"/>
  <agent start_id="51" goal_id="164"/>
  <agent start_id="123" goal_id="95"/>
  <agent start_id="150" goal_id="180"/>
  <agent start_id="106" goal_id="62"/>
  <agent start_id="172" goal_id="122"/>
  <agent start_id="159" goal_id="49"/>
  <agent start_id="100" goal_id="1"/>
  <agent start_id="2" goal_id="71"/>
  <agent start_id="161" goal_id="75"/>
  <agent start_id="66" goal_id="84"/>
  <agent start_id="102" goal_id="189"/>
  <agent start_id="187" goal_id="24"/>
  <agent start_id="10" goal_id="87"/>
  <agent start_id="17" goal_id="172"/>
  <agent start_id="105" goal_id="124"/>
  <agent start_id="181" goal_id="113"/>
  <agent start_id="21" goal_id="13"/>
  <agent start_id="95" goal_id="82"/>
  <agent start_id="60" goal_id="169"/>
</root>
