<?xml version="1.0" ?>
<root>
  <agent start_id="24" goal_id="138"/>
  <agent start_id="191" goal_id="143"/>
  <agent start_id="55" goal_id="92"/>
  <agent start_id="21" goal_id="110"/>
  <agent start_id="131" goal_id="19"/>
  <agent start_id="6" goal_id="31"/>
  <agent start_id="111" goal_id="50"/>
  <agent start_id="0" goal_id="172"/>
  <agent start_id="83" goal_id="148"/>
  <agent start_id="134" goal_id="108"/>
  <agent start_id="120" goal_id="186"/>
  <agent start_id="144" goal_id="127"/>
  <agent start_id="126" goal_id="37"/>
  <agent start_id="85" goal_id="47"/>
  <agent start_id="168" goal_id="162"/>
  <agent start_id="102" goal_id="91"/>
  <agent start_id="162" goal_id="16"/>
  <agent start_id="34" goal_id="192"/>
  <agent start_id="61" goal_id="178"/>
  <agent start_id="147" goal_id="79"/>
  <agent start_id="198" goal_id="114"/>
  <agent start_id="66" goal_id="41"/>
  <agent start_id="65" goal_id="77"/>
  <agent start_id="67" goal_id="155"/>
  <agent start_id="169" goal_id="191"/>
  <agent start_id="137" goal_id="9"/>
  <agent start_id="8" goal_id="160"/>
  <agent start_id="97" goal_id="38"/>
  <agent start_id="104" goal_id="15"/>
  <agent start_id="183" goal_id="4"/>
  <agent start_id="40" goal_id="147"/>
  <agent start_id="125" goal_id="164"/>
  <agent start_id="139" goal_id="21"/>
  <agent start_id="25" goal_id="78"/>
  <agent start_id="185" goal_id="26"/>
  <agent start_id="195" goal_id="89"/>
  <agent start_id="100" goal_id="62"/>
  <agent start_id="94" goal_id="116"/>
  <agent start_id="96" goal_id="73"/>
  <agent start_id="188" goal_id="83"/>
  <agent start_id="143" goal_id="58"/>
  <agent start_id="15" goal_id="24"/>
  <agent start_id="59" goal_id="100"/>
  <agent start_id="199" goal_id="27"/>
  <agent start_id="99" goal_id="20"/>
  <agent start_id="53" goal_id="12"/>
  <agent start_id="39" goal_id="88"/>
  <agent start_id="37" goal_id="76"/>
  <agent start_id="192" goal_id="140"/>
  <agent start_id="10" goal_id="119"/>
</root>
