<?xml version="1.0" ?>
<root>
  <agent start_id="45" goal_id="121"/>
  <agent start_id="90" goal_id="64"/>
  <agent start_id="99" goal_id="139"/>
  <agent start_id="118" goal_id="24"/>
  <agent start_id="103" goal_id="161"/>
  <agent start_id="150" goal_id="197"/>
  <agent start_id="17" goal_id="35"/>
  <agent start_id="37" goal_id="39"/>
  <agent start_id="159" goal_id="145"/>
  <agent start_id="170" goal_id="21"/>
  <agent start_id="92" goal_id="162"/>
  <agent start_id="191" goal_id="175"/>
  <agent start_id="190" goal_id="131"/>
  <agent start_id="135" goal_id="84"/>
  <agent start_id="87" goal_id="99"/>
  <agent start_id="86" goal_id="11"/>
  <agent start_id="9" goal_id="76"/>
  <agent start_id="16" goal_id="125"/>
  <agent start_id="47" goal_id="1"/>
  <agent start_id="69" goal_id="38"/>
  <agent start_id="115" goal_id="117"/>
  <agent start_id="60" goal_id="32"/>
  <agent start_id="156" goal_id="184"/>
  <agent start_id="131" goal_id="181"/>
  <agent start_id="124" goal_id="108"/>
  <agent start_id="163" goal_id="111"/>
  <agent start_id="38" goal_id="33"/>
  <agent start_id="28" goal_id="109"/>
  <agent start_id="39" goal_id="5"/>
  <agent start_id="111" goal_id="152"/>
  <agent start_id="136" goal_id="153"/>
  <agent start_id="75" goal_id="86"/>
  <agent start_id="31" goal_id="17"/>
  <agent start_id="107" goal_id="63"/>
  <agent start_id="93" goal_id="98"/>
  <agent start_id="113" goal_id="168"/>
  <agent start_id="63" goal_id="100"/>
  <agent start_id="66" goal_id="42"/>
  <agent start_id="105" goal_id="8"/>
  <agent start_id="167" goal_id="134"/>
  <agent start_id="21" goal_id="81"/>
  <agent start_id="7" goal_id="28"/>
  <agent start_id="158" goal_id="0"/>
  <agent start_id="70" goal_id="112"/>
  <agent start_id="10" goal_id="123"/>
  <agent start_id="164" goal_id="50"/>
  <agent start_id="180" goal_id="113"/>
  <agent start_id="173" goal_id="45"/>
  <agent start_id="1" goal_id="47"/>
  <agent start_id="61" goal_id="114"/>
</root>
