<?xml version="1.0" ?>
<root>
  <agent start_id="187" goal_id="87"/>
  <agent start_id="66" goal_id="53"/>
  <agent start_id="149" goal_id="57"/>
  <agent start_id="99" goal_id="145"/>
  <agent start_id="159" goal_id="190"/>
  <agent start_id="17" goal_id="136"/>
  <agent start_id="29" goal_id="64"/>
  <agent start_id="27" goal_id="172"/>
  <agent start_id="113" goal_id="44"/>
  <agent start_id="102" goal_id="171"/>
  <agent start_id="111" goal_id="159"/>
  <agent start_id="178" goal_id="141"/>
  <agent start_id="138" goal_id="147"/>
  <agent start_id="140" goal_id="20"/>
  <agent start_id="79" goal_id="125"/>
  <agent start_id="5" goal_id="152"/>
  <agent start_id="170" goal_id="140"/>
  <agent start_id="125" goal_id="6"/>
  <agent start_id="63" goal_id="121"/>
  <agent start_id="142" goal_id="35"/>
  <agent start_id="21" goal_id="192"/>
  <agent start_id="60" goal_id="39"/>
  <agent start_id="54" goal_id="68"/>
  <agent start_id="56" goal_id="116"/>
  <agent start_id="168" goal_id="37"/>
  <agent start_id="164" goal_id="181"/>
  <agent start_id="14" goal_id="185"/>
  <agent start_id="70" goal_id="100"/>
  <agent start_id="8" goal_id="71"/>
  <agent start_id="112" goal_id="99"/>
  <agent start_id="42" goal_id="133"/>
  <agent start_id="108" goal_id="24"/>
  <agent start_id="6" goal_id="13"/>
  <agent start_id="47" goal_id="36"/>
  <agent start_id="197" goal_id="139"/>
  <agent start_id="146" goal_id="94"/>
  <agent start_id="34" goal_id="89"/>
  <agent start_id="123" goal_id="127"/>
  <agent start_id="87" goal_id="163"/>
  <agent start_id="165" goal_id="2"/>
  <agent start_id="176" goal_id="158"/>
  <agent start_id="91" goal_id="18"/>
  <agent start_id="100" goal_id="22"/>
  <agent start_id="89" goal_id="30"/>
  <agent start_id="136" goal_id="146"/>
  <agent start_id="106" goal_id="108"/>
  <agent start_id="94" goal_id="151"/>
  <agent start_id="25" goal_id="61"/>
  <agent start_id="144" goal_id="50"/>
  <agent start_id="23" goal_id="180"/>
</root>
