<?xml version="1.0" ?>
<root>
  <agent start_id="173" goal_id="82"/>
  <agent start_id="155" goal_id="154"/>
  <agent start_id="83" goal_id="77"/>
  <agent start_id="7" goal_id="62"/>
  <agent start_id="47" goal_id="41"/>
  <agent start_id="148" goal_id="103"/>
  <agent start_id="145" goal_id="52"/>
  <agent start_id="106" goal_id="151"/>
  <agent start_id="25" goal_id="13"/>
  <agent start_id="51" goal_id="182"/>
  <agent start_id="125" goal_id="109"/>
  <agent start_id="133" goal_id="98"/>
  <agent start_id="146" goal_id="193"/>
  <agent start_id="172" goal_id="155"/>
  <agent start_id="192" goal_id="53"/>
  <agent start_id="162" goal_id="80"/>
  <agent start_id="31" goal_id="29"/>
  <agent start_id="44" goal_id="113"/>
  <agent start_id="108" goal_id="163"/>
  <agent start_id="55" goal_id="114"/>
  <agent start_id="196" goal_id="198"/>
  <agent start_id="65" goal_id="96"/>
  <agent start_id="102" goal_id="25"/>
  <agent start_id="138" goal_id="173"/>
  <agent start_id="158" goal_id="16"/>
  <agent start_id="175" goal_id="120"/>
  <agent start_id="101" goal_id="106"/>
  <agent start_id="66" goal_id="191"/>
  <agent start_id="129" goal_id="30"/>
  <agent start_id="141" goal_id="88"/>
  <agent start_id="184" goal_id="92"/>
  <agent start_id="198" goal_id="0"/>
  <agent start_id="10" goal_id="51"/>
  <agent start_id="16" goal_id="142"/>
  <agent start_id="20" goal_id="196"/>
  <agent start_id="134" goal_id="132"/>
  <agent start_id="105" goal_id="10"/>
  <agent start_id="76" goal_id="123"/>
  <agent start_id="187" goal_id="94"/>
  <agent start_id="69" goal_id="166"/>
  <agent start_id="110" goal_id="49"/>
  <agent start_id="57" goal_id="108"/>
  <agent start_id="15" goal_id="23"/>
  <agent start_id="151" goal_id="22"/>
  <agent start_id="9" goal_id="137"/>
  <agent start_id="113" goal_id="8"/>
  <agent start_id="150" goal_id="184"/>
  <agent start_id="3" goal_id="19"/>
  <agent start_id="119" goal_id="63"/>
  <agent start_id="180" goal_id="124"/>
</root>
