<?xml version="1.0" ?>
<root>
  <agent start_id="79" goal_id="61"/>
  <agent start_id="188" goal_id="5"/>
  <agent start_id="82" goal_id="152"/>
  <agent start_id="0" goal_id="194"/>
  <agent start_id="120" goal_id="37"/>
  <agent start_id="152" goal_id="153"/>
  <agent start_id="180" goal_id="113"/>
  <agent start_id="118" goal_id="51"/>
  <agent start_id="95" goal_id="173"/>
  <agent start_id="145" goal_id="70"/>
  <agent start_id="37" goal_id="18"/>
  <agent start_id="17" goal_id="148"/>
  <agent start_id="100" goal_id="75"/>
  <agent start_id="146" goal_id="34"/>
  <agent start_id="155" goal_id="0"/>
  <agent start_id="183" goal_id="130"/>
  <agent start_id="48" goal_id="180"/>
  <agent start_id="96" goal_id="199"/>
  <agent start_id="130" goal_id="121"/>
  <agent start_id="52" goal_id="28"/>
  <agent start_id="113" goal_id="122"/>
  <agent start_id="2" goal_id="53"/>
  <agent start_id="43" goal_id="64"/>
  <agent start_id="98" goal_id="46"/>
  <agent start_id="42" goal_id="125"/>
  <agent start_id="139" goal_id="67"/>
  <agent start_id="94" goal_id="106"/>
  <agent start_id="76" goal_id="48"/>
  <agent start_id="193" goal_id="147"/>
  <agent start_id="148" goal_id="135"/>
  <agent start_id="51" goal_id="60"/>
  <agent start_id="70" goal_id="92"/>
  <agent start_id="75" goal_id="93"/>
  <agent start_id="39" goal_id="24"/>
  <agent start_id="45" goal_id="97"/>
  <agent start_id="165" goal_id="170"/>
  <agent start_id="99" goal_id="129"/>
  <agent start_id="40" goal_id="137"/>
  <agent start_id="153" goal_id="11"/>
  <agent start_id="54" goal_id="88"/>
  <agent start_id="158" goal_id="13"/>
  <agent start_id="144" goal_id="151"/>
  <agent start_id="112" goal_id="132"/>
  <agent start_id="84" goal_id="165"/>
  <agent start_id="14" goal_id="141"/>
  <agent start_id="90" goal_id="110"/>
  <agent start_id="46" goal_id="89"/>
  <agent start_id="129" goal_id="175"/>
  <agent start_id="3" goal_id="192"/>
  <agent start_id="57" goal_id="185"/>
</root>
