<?xml version="1.0" ?>
<root>
  <agent start_id="165" goal_id="188"/>
  <agent start_id="41" goal_id="92"/>
  <agent start_id="126" goal_id="76"/>
  <agent start_id="97" goal_id="173"/>
  <agent start_id="198" goal_id="139"/>
  <agent start_id="47" goal_id="185"/>
  <agent start_id="82" goal_id="168"/>
  <agent start_id="14" goal_id="90"/>
  <agent start_id="5" goal_id="63"/>
  <agent start_id="56" goal_id="41"/>
  <agent start_id="175" goal_id="35"/>
  <agent start_id="170" goal_id="53"/>
  <agent start_id="172" goal_id="5"/>
  <agent start_id="71" goal_id="31"/>
  <agent start_id="159" goal_id="66"/>
  <agent start_id="153" goal_id="46"/>
  <agent start_id="74" goal_id="121"/>
  <agent start_id="12" goal_id="116"/>
  <agent start_id="116" goal_id="85"/>
  <agent start_id="132" goal_id="36"/>
  <agent start_id="32" goal_id="47"/>
  <agent start_id="15" goal_id="106"/>
  <agent start_id="100" goal_id="132"/>
  <agent start_id="103" goal_id="127"/>
  <agent start_id="98" goal_id="160"/>
  <agent start_id="129" goal_id="25"/>
  <agent start_id="6" goal_id="8"/>
  <agent start_id="143" goal_id="138"/>
  <agent start_id="110" goal_id="93"/>
  <agent start_id="92" goal_id="130"/>
  <agent start_id="119" goal_id="38"/>
  <agent start_id="93" goal_id="159"/>
  <agent start_id="183" goal_id="167"/>
  <agent start_id="188" goal_id="101"/>
  <agent start_id="22" goal_id="3"/>
  <agent start_id="66" goal_id="161"/>
  <agent start_id="180" goal_id="120"/>
  <agent start_id="150" goal_id="11"/>
  <agent start_id="28" goal_id="79"/>
  <agent start_id="57" goal_id="165"/>
  <agent start_id="49" goal_id="45"/>
  <agent start_id="73" goal_id="164"/>
  <agent start_id="76" goal_id="78"/>
  <agent start_id="131" goal_id="134"/>
  <agent start_id="0" goal_id="136"/>
  <agent start_id="39" goal_id="149"/>
  <agent start_id="64" goal_id="193"/>
  <agent start_id="197" goal_id="133"/>
  <agent start_id="168" goal_id="104"/>
  <agent start_id="118" goal_id="170"/>
</root>
