<?xml version="1.0" ?>
<root>
  <agent start_id="54" goal_id="183"/>
  <agent start_id="138" goal_id="19"/>
  <agent start_id="22" goal_id="9"/>
  <agent start_id="159" goal_id="130"/>
  <agent start_id="144" goal_id="111"/>
  <agent start_id="37" goal_id="71"/>
  <agent start_id="90" goal_id="79"/>
  <agent start_id="20" goal_id="17"/>
  <agent start_id="121" goal_id="69"/>
  <agent start_id="98" goal_id="127"/>
  <agent start_id="188" goal_id="18"/>
  <agent start_id="156" goal_id="39"/>
  <agent start_id="110" goal_id="164"/>
  <agent start_id="191" goal_id="104"/>
  <agent start_id="52" goal_id="175"/>
  <agent start_id="124" goal_id="110"/>
  <agent start_id="9" goal_id="37"/>
  <agent start_id="79" goal_id="10"/>
  <agent start_id="44" goal_id="153"/>
  <agent start_id="179" goal_id="82"/>
  <agent start_id="60" goal_id="185"/>
  <agent start_id="92" goal_id="83"/>
  <agent start_id="154" goal_id="64"/>
  <agent start_id="181" goal_id="101"/>
  <agent start_id="16" goal_id="95"/>
  <agent start_id="73" goal_id="80"/>
  <agent start_id="77" goal_id="7"/>
  <agent start_id="80" goal_id="174"/>
  <agent start_id="184" goal_id="44"/>
  <agent start_id="175" goal_id="34"/>
  <agent start_id="30" goal_id="35"/>
  <agent start_id="81" goal_id="68"/>
  <agent start_id="153" goal_id="179"/>
  <agent start_id="186" goal_id="106"/>
  <agent start_id="86" goal_id="27"/>
  <agent start_id="145" goal_id="112"/>
  <agent start_id="170" goal_id="55"/>
  <agent start_id="47" goal_id="107"/>
  <agent start_id="11" goal_id="149"/>
  <agent start_id="158" goal_id="114"/>
  <agent start_id="107" goal_id="20"/>
  <agent start_id="58" goal_id="75"/>
  <agent start_id="64" goal_id="46"/>
  <agent start_id="84" goal_id="128"/>
  <agent start_id="130" goal_id="138"/>
  <agent start_id="48" goal_id="152"/>
  <agent start_id="114" goal_id="156"/>
  <agent start_id="111" goal_id="158"/>
  <agent start_id="75" goal_id="29"/>
  <agent start_id="97" goal_id="192"/>
</root>
