<?xml version="1.0" ?>
<root>
  <agent start_id="33" goal_id="198"/>
  <agent start_id="160" goal_id="111"/>
  <agent start_id="110" goal_id="85"/>
  <agent start_id="72" goal_id="101"/>
  <agent start_id="190" goal_id="123"/>
  <agent start_id="78" goal_id="48"/>
  <agent start_id="105" goal_id="59"/>
  <agent start_id="193" goal_id="76"/>
  <agent start_id="93" goal_id="183"/>
  <agent start_id="159" goal_id="122"/>
  <agent start_id="9" goal_id="125"/>
  <agent start_id="46" goal_id="42"/>
  <agent start_id="36" goal_id="157"/>
  <agent start_id="75" goal_id="117"/>
  <agent start_id="51" goal_id="97"/>
  <agent start_id="30" goal_id="67"/>
  <agent start_id="126" goal_id="2"/>
  <agent start_id="1" goal_id="20"/>
  <agent start_id="134" goal_id="143"/>
  <agent start_id="45" goal_id="13"/>
  <agent start_id="35" goal_id="30"/>
  <agent start_id="80" goal_id="50"/>
  <agent start_id="172" goal_id="142"/>
  <agent start_id="55" goal_id="139"/>
  <agent start_id="146" goal_id="127"/>
  <agent start_id="81" goal_id="136"/>
  <agent start_id="13" goal_id="65"/>
  <agent start_id="50" goal_id="189"/>
  <agent start_id="73" goal_id="43"/>
  <agent start_id="18" goal_id="93"/>
  <agent start_id="152" goal_id="60"/>
  <agent start_id="149" goal_id="53"/>
  <agent start_id="175" goal_id="168"/>
  <agent start_id="185" goal_id="131"/>
  <agent start_id="22" goal_id="192"/>
  <agent start_id="34" goal_id="51"/>
  <agent start_id="106" goal_id="47"/>
  <agent start_id="79" goal_id="141"/>
  <agent start_id="0" goal_id="129"/>
  <agent start_id="138" goal_id="69"/>
  <agent start_id="161" goal_id="196"/>
  <agent start_id="163" goal_id="40"/>
  <agent start_id="17" goal_id="167"/>
  <agent start_id="136" goal_id="3"/>
  <agent start_id="191" goal_id="32"/>
  <agent start_id="107" goal_id="14"/>
  <agent start_id="116" goal_id="26"/>
  <agent start_id="37" goal_id="140"/>
  <agent start_id="187" goal_id="91"/>
  <agent start_id="165" goal_id="56"/>
</root>
