<?xml version="1.0" ?>
<root>
  <agent start_id="194" goal_id="195"/>
  <agent start_id="40" goal_id="185"/>
  <agent start_id="95" goal_id="113"/>
  <agent start_id="122" goal_id="128"/>
  <agent start_id="24" goal_id="131"/>
  <agent start_id="158" goal_id="39"/>
  <agent start_id="75" goal_id="160"/>
  <agent start_id="163" goal_id="177"/>
  <agent start_id="125" goal_id="180"/>
  <agent start_id="101" goal_id="102"/>
  <agent start_id="84" goal_id="139"/>
  <agent start_id="66" goal_id="68"/>
  <agent start_id="11" goal_id="10"/>
  <agent start_id="153" goal_id="33"/>
  <agent start_id="32" goal_id="42"/>
  <agent start_id="39" goal_id="199"/>
  <agent start_id="97" goal_id="47"/>
  <agent start_id="80" goal_id="54"/>
  <agent start_id="116" goal_id="73"/>
  <agent start_id="184" goal_id="94"/>
  <agent start_id="137" goal_id="162"/>
  <agent start_id="50" goal_id="100"/>
  <agent start_id="20" goal_id="31"/>
  <agent start_id="162" goal_id="156"/>
  <agent start_id="120" goal_id="87"/>
  <agent start_id="70" goal_id="125"/>
  <agent start_id="47" goal_id="194"/>
  <agent start_id="115" goal_id="38"/>
  <agent start_id="86" goal_id="135"/>
  <agent start_id="176" goal_id="190"/>
  <agent start_id="150" goal_id="176"/>
  <agent start_id="102" goal_id="103"/>
  <agent start_id="119" goal_id="59"/>
  <agent start_id="30" goal_id="58"/>
  <agent start_id="177" goal_id="21"/>
  <agent start_id="8" goal_id="1"/>
  <agent start_id="3" goal_id="56"/>
  <agent start_id="159" goal_id="175"/>
  <agent start_id="42" goal_id="75"/>
  <agent start_id="63" goal_id="71"/>
  <agent start_id="143" goal_id="79"/>
  <agent start_id="186" goal_id="119"/>
  <agent start_id="172" goal_id="150"/>
  <agent start_id="36" goal_id="40"/>
  <agent start_id="29" goal_id="6"/>
  <agent start_id="67" goal_id="143"/>
  <agent start_id="44" goal_id="32"/>
  <agent start_id="197" goal_id="4"/>
  <agent start_id="168" goal_id="8"/>
  <agent start_id="188" goal_id="187"/>
</root>
