<?xml version="1.0" ?>
<root>
  <agent start_id="198" goal_id="52"/>
  <agent start_id="9" goal_id="37"/>
  <agent start_id="101" goal_id="20"/>
  <agent start_id="25" goal_id="173"/>
  <agent start_id="162" goal_id="81"/>
  <agent start_id="185" goal_id="39"/>
  <agent start_id="91" goal_id="188"/>
  <agent start_id="105" goal_id="194"/>
  <agent start_id="5" goal_id="124"/>
  <agent start_id="146" goal_id="74"/>
  <agent start_id="55" goal_id="155"/>
  <agent start_id="186" goal_id="97"/>
  <agent start_id="170" goal_id="160"/>
  <agent start_id="63" goal_id="70"/>
  <agent start_id="197" goal_id="86"/>
  <agent start_id="14" goal_id="183"/>
  <agent start_id="35" goal_id="62"/>
  <agent start_id="132" goal_id="66"/>
  <agent start_id="151" goal_id="17"/>
  <agent start_id="37" goal_id="14"/>
  <agent start_id="1" goal_id="21"/>
  <agent start_id="99" goal_id="147"/>
  <agent start_id="6" goal_id="150"/>
  <agent start_id="124" goal_id="78"/>
  <agent start_id="78" goal_id="1"/>
  <agent start_id="116" goal_id="50"/>
  <agent start_id="153" goal_id="7"/>
  <agent start_id="72" goal_id="49"/>
  <agent start_id="143" goal_id="91"/>
  <agent start_id="171" goal_id="94"/>
  <agent start_id="119" goal_id="40"/>
  <agent start_id="108" goal_id="158"/>
  <agent start_id="74" goal_id="75"/>
  <agent start_id="68" goal_id="167"/>
  <agent start_id="7" goal_id="100"/>
  <agent start_id="183" goal_id="198"/>
  <agent start_id="65" goal_id="55"/>
  <agent start_id="184" goal_id="83"/>
  <agent start_id="189" goal_id="59"/>
  <agent start_id="121" goal_id="28"/>
  <agent start_id="39" goal_id="51"/>
  <agent start_id="44" goal_id="24"/>
  <agent start_id="129" goal_id="139"/>
  <agent start_id="117" goal_id="58"/>
  <agent start_id="69" goal_id="16"/>
  <agent start_id="103" goal_id="132"/>
  <agent start_id="16" goal_id="63"/>
  <agent start_id="133" goal_id="134"/>
  <agent start_id="4" goal_id="149"/>
  <agent start_id="89" goal_id="185"/>
</root>
