<?xml version="1.0" ?>
<root>
  <agent start_id="134" goal_id="26"/>
  <agent start_id="171" goal_id="168"/>
  <agent start_id="74" goal_id="173"/>
  <agent start_id="148" goal_id="16"/>
  <agent start_id="27" goal_id="55"/>
  <agent start_id="154" goal_id="64"/>
  <agent start_id="4" goal_id="7"/>
  <agent start_id="107" goal_id="17"/>
  <agent start_id="129" goal_id="48"/>
  <agent start_id="166" goal_id="30"/>
  <agent start_id="103" goal_id="103"/>
  <agent start_id="193" goal_id="117"/>
  <agent start_id="41" goal_id="151"/>
  <agent start_id="122" goal_id="75"/>
  <agent start_id="26" goal_id="68"/>
  <agent start_id="2" goal_id="123"/>
  <agent start_id="162" goal_id="196"/>
  <agent start_id="15" goal_id="5"/>
  <agent start_id="85" goal_id="105"/>
  <agent start_id="157" goal_id="160"/>
  <agent start_id="169" goal_id="112"/>
  <agent start_id="146" goal_id="177"/>
  <agent start_id="108" goal_id="197"/>
  <agent start_id="185" goal_id="156"/>
  <agent start_id="165" goal_id="58"/>
  <agent start_id="174" goal_id="130"/>
  <agent start_id="118" goal_id="131"/>
  <agent start_id="101" goal_id="9"/>
  <agent start_id="38" goal_id="110"/>
  <agent start_id="55" goal_id="175"/>
  <agent start_id="89" goal_id="161"/>
  <agent start_id="3" goal_id="128"/>
  <agent start_id="182" goal_id="164"/>
  <agent start_id="112" goal_id="33"/>
  <agent start_id="123" goal_id="49"/>
  <agent start_id="186" goal_id="11"/>
  <agent start_id="184" goal_id="194"/>
  <agent start_id="65" goal_id="4"/>
  <agent start_id="178" goal_id="13"/>
  <agent start_id="36" goal_id="20"/>
  <agent start_id="115" goal_id="127"/>
  <agent start_id="28" goal_id="39"/>
  <agent start_id="114" goal_id="170"/>
  <agent start_id="181" goal_id="116"/>
  <agent start_id="76" goal_id="65"/>
  <agent start_id="153" goal_id="32"/>
  <agent start_id="24" goal_id="81"/>
  <agent start_id="189" goal_id="82"/>
  <agent start_id="61" goal_id="179"/>
  <agent start_id="175" goal_id="134"/>
</root>
