<?xml version="1.0" ?>
<root>
  <agent start_id="79" goal_id="5"/>
  <agent start_id="132" goal_id="117"/>
  <agent start_id="168" goal_id="33"/>
  <agent start_id="184" goal_id="103"/>
  <agent start_id="34" goal_id="137"/>
  <agent start_id="199" goal_id="36"/>
  <agent start_id="33" goal_id="192"/>
  <agent start_id="176" goal_id="84"/>
  <agent start_id="27" goal_id="142"/>
  <agent start_id="94" goal_id="61"/>
  <agent start_id="148" goal_id="148"/>
  <agent start_id="54" goal_id="135"/>
  <agent start_id="105" goal_id="114"/>
  <agent start_id="118" goal_id="125"/>
  <agent start_id="11" goal_id="67"/>
  <agent start_id="171" goal_id="163"/>
  <agent start_id="14" goal_id="43"/>
  <agent start_id="197" goal_id="120"/>
  <agent start_id="75" goal_id="141"/>
  <agent start_id="123" goal_id="92"/>
  <agent start_id="57" goal_id="170"/>
  <agent start_id="191" goal_id="64"/>
  <agent start_id="180" goal_id="131"/>
  <agent start_id="50" goal_id="75"/>
  <agent start_id="115" goal_id="182"/>
  <agent start_id="63" goal_id="0"/>
  <agent start_id="87" goal_id="68"/>
  <agent start_id="47" goal_id="127"/>
  <agent start_id="129" goal_id="191"/>
  <agent start_id="182" goal_id="154"/>
  <agent start_id="102" goal_id="107"/>
  <agent start_id="110" goal_id="55"/>
  <agent start_id="71" goal_id="175"/>
  <agent start_id="12" goal_id="41"/>
  <agent start_id="98" goal_id="166"/>
  <agent start_id="165" goal_id="72"/>
  <agent start_id="65" goal_id="91"/>
  <agent start_id="95" goal_id="82"/>
  <agent start_id="104" goal_id="147"/>
  <agent start_id="134" goal_id="128"/>
  <agent start_id="89" goal_id="164"/>
  <agent start_id="111" goal_id="106"/>
  <agent start_id="112" goal_id="54"/>
  <agent start_id="196" goal_id="16"/>
  <agent start_id="162" goal_id="24"/>
  <agent start_id="1" goal_id="2"/>
  <agent start_id="166" goal_id="28"/>
  <agent start_id="4" goal_id="42"/>
  <agent start_id="131" goal_id="185"/>
  <agent start_id="141" goal_id="108"/>
</root>
