<?xml version="1.0" ?>
<root>
  <agent start_id="93" goal_id="155"/>
  <agent start_id="170" goal_id="63"/>
  <agent start_id="33" goal_id="3"/>
  <agent start_id="151" goal_id="199"/>
  <agent start_id="126" goal_id="106"/>
  <agent start_id="71" goal_id="96"/>
  <agent start_id="42" goal_id="57"/>
  <agent start_id="179" goal_id="113"/>
  <agent start_id="114" goal_id="122"/>
  <agent start_id="133" goal_id="18"/>
  <agent start_id="64" goal_id="133"/>
  <agent start_id="110" goal_id="129"/>
  <agent start_id="116" goal_id="54"/>
  <agent start_id="38" goal_id="102"/>
  <agent start_id="141" goal_id="51"/>
  <agent start_id="150" goal_id="33"/>
  <agent start_id="111" goal_id="78"/>
  <agent start_id="76" goal_id="148"/>
  <agent start_id="124" goal_id="20"/>
  <agent start_id="158" goal_id="180"/>
  <agent start_id="145" goal_id="53"/>
  <agent start_id="63" goal_id="157"/>
  <agent start_id="62" goal_id="160"/>
  <agent start_id="115" goal_id="91"/>
  <agent start_id="136" goal_id="89"/>
  <agent start_id="28" goal_id="84"/>
  <agent start_id="188" goal_id="119"/>
  <agent start_id="70" goal_id="98"/>
  <agent start_id="185" goal_id="145"/>
  <agent start_id="43" goal_id="80"/>
  <agent start_id="196" goal_id="198"/>
  <agent start_id="96" goal_id="29"/>
  <agent start_id="16" goal_id="150"/>
  <agent start_id="160" goal_id="112"/>
  <agent start_id="3" goal_id="140"/>
  <agent start_id="135" goal_id="104"/>
  <agent start_id="36" goal_id="76"/>
  <agent start_id="52" goal_id="196"/>
  <agent start_id="119" goal_id="100"/>
  <agent start_id="14" goal_id="144"/>
  <agent start_id="137" goal_id="116"/>
  <agent start_id="187" goal_id="169"/>
  <agent start_id="39" goal_id="2"/>
  <agent start_id="143" goal_id="48"/>
  <agent start_id="107" goal_id="35"/>
  <agent start_id="102" goal_id="115"/>
  <agent start_id="195" goal_id="118"/>
  <agent start_id="140" goal_id="13"/>
  <agent start_id="69" goal_id="179"/>
  <agent start_id="121" goal_id="31"/>
</root>
