<?xml version="1.0" ?>
<root>
  <agent start_id="131" goal_id="181"/>
  <agent start_id="190" goal_id="21"/>
  <agent start_id="141" goal_id="133"/>
  <agent start_id="135" goal_id="24"/>
  <agent start_id="75" goal_id="26"/>
  <agent start_id="154" goal_id="34"/>
  <agent start_id="69" goal_id="174"/>
  <agent start_id="85" goal_id="147"/>
  <agent start_id="177" goal_id="74"/>
  <agent start_id="148" goal_id="15"/>
  <agent start_id="40" goal_id="178"/>
  <agent start_id="9" goal_id="149"/>
  <agent start_id="79" goal_id="55"/>
  <agent start_id="107" goal_id="95"/>
  <agent start_id="25" goal_id="143"/>
  <agent start_id="179" goal_id="62"/>
  <agent start_id="11" goal_id="11"/>
  <agent start_id="120" goal_id="49"/>
  <agent start_id="7" goal_id="33"/>
  <agent start_id="105" goal_id="115"/>
  <agent start_id="189" goal_id="105"/>
  <agent start_id="176" goal_id="130"/>
  <agent start_id="65" goal_id="119"/>
  <agent start_id="144" goal_id="87"/>
  <agent start_id="182" goal_id="175"/>
  <agent start_id="169" goal_id="52"/>
  <agent start_id="3" goal_id="98"/>
  <agent start_id="104" goal_id="195"/>
  <agent start_id="28" goal_id="120"/>
  <agent start_id="174" goal_id="199"/>
  <agent start_id="129" goal_id="196"/>
  <agent start_id="127" goal_id="156"/>
  <agent start_id="46" goal_id="108"/>
  <agent start_id="0" goal_id="169"/>
  <agent start_id="80" goal_id="57"/>
  <agent start_id="77" goal_id="146"/>
  <agent start_id="191" goal_id="93"/>
  <agent start_id="138" goal_id="166"/>
  <agent start_id="55" goal_id="79"/>
  <agent start_id="23" goal_id="97"/>
  <agent start_id="48" goal_id="118"/>
  <agent start_id="88" goal_id="39"/>
  <agent start_id="97" goal_id="152"/>
  <agent start_id="150" goal_id="112"/>
  <agent start_id="34" goal_id="6"/>
  <agent start_id="178" goal_id="81"/>
  <agent start_id="170" goal_id="13"/>
  <agent start_id="136" goal_id="25"/>
  <agent start_id="159" goal_id="44"/>
  <agent start_id="33" goal_id="51"/>
</root>
