<?xml version="1.0" ?>
<root>
  <agent start_id="190" goal_id="73"/>
  <agent start_id="68" goal_id="97"/>
  <agent start_id="170" goal_id="94"/>
  <agent start_id="34" goal_id="51"/>
  <agent start_id="179" goal_id="196"/>
  <agent start_id="82" goal_id="137"/>
  <agent start_id="56" goal_id="120"/>
  <agent start_id="181" goal_id="113"/>
  <agent start_id="45" goal_id="49"/>
  <agent start_id="134" goal_id="164"/>
  <agent start_id="141" goal_id="162"/>
  <agent start_id="38" goal_id="106"/>
  <agent start_id="128" goal_id="84"/>
  <agent start_id="36" goal_id="46"/>
  <agent start_id="30" goal_id="118"/>
  <agent start_id="47" goal_id="160"/>
  <agent start_id="195" goal_id="65"/>
  <agent start_id="23" goal_id="34"/>
  <agent start_id="153" goal_id="192"/>
  <agent start_id="70" goal_id="35"/>
  <agent start_id="72" goal_id="178"/>
  <agent start_id="33" goal_id="153"/>
  <agent start_id="106" goal_id="132"/>
  <agent start_id="155" goal_id="157"/>
  <agent start_id="174" goal_id="83"/>
  <agent start_id="61" goal_id="125"/>
  <agent start_id="78" goal_id="165"/>
  <agent start_id="74" goal_id="57"/>
  <agent start_id="92" goal_id="79"/>
  <agent start_id="126" goal_id="170"/>
  <agent start_id="144" goal_id="54"/>
  <agent start_id="118" goal_id="23"/>
  <agent start_id="188" goal_id="195"/>
  <agent start_id="102" goal_id="142"/>
  <agent start_id="88" goal_id="20"/>
  <agent start_id="104" goal_id="152"/>
  <agent start_id="94" goal_id="135"/>
  <agent start_id="113" goal_id="28"/>
  <agent start_id="65" goal_id="185"/>
  <agent start_id="191" goal_id="159"/>
  <agent start_id="0" goal_id="199"/>
  <agent start_id="12" goal_id="181"/>
  <agent start_id="139" goal_id="33"/>
  <agent start_id="59" goal_id="101"/>
  <agent start_id="42" goal_id="44"/>
  <agent start_id="157" goal_id="104"/>
  <agent start_id="151" goal_id="197"/>
  <agent start_id="164" goal_id="183"/>
  <agent start_id="24" goal_id="12"/>
  <agent start_id="193" goal_id="147"/>
</root>
