<?xml version="1.0" ?>
<root>
  <agent start_id="110" goal_id="58"/>
  <agent start_id="154" goal_id="76"/>
  <agent start_id="53" goal_id="27"/>
  <agent start_id="69" goal_id="131"/>
  <agent start_id="177" goal_id="45"/>
  <agent start_id="92" goal_id="69"/>
  <agent start_id="17" goal_id="95"/>
  <agent start_id="103" goal_id="149"/>
  <agent start_id="106" goal_id="53"/>
  <agent start_id="29" goal_id="159"/>
  <agent start_id="128" goal_id="154"/>
  <agent start_id="127" goal_id="22"/>
  <agent start_id="19" goal_id="185"/>
  <agent start_id="67" goal_id="20"/>
  <agent start_id="196" goal_id="83"/>
  <agent start_id="132" goal_id="92"/>
  <agent start_id="130" goal_id="132"/>
  <agent start_id="137" goal_id="35"/>
  <agent start_id="170" goal_id="73"/>
  <agent start_id="58" goal_id="118"/>
  <agent start_id="55" goal_id="110"/>
  <agent start_id="188" goal_id="24"/>
  <agent start_id="52" goal_id="133"/>
  <agent start_id="194" goal_id="12"/>
  <agent start_id="85" goal_id="74"/>
  <agent start_id="76" goal_id="68"/>
  <agent start_id="12" goal_id="142"/>
  <agent start_id="15" goal_id="77"/>
  <agent start_id="171" goal_id="8"/>
  <agent start_id="107" goal_id="193"/>
  <agent start_id="18" goal_id="17"/>
  <agent start_id="1" goal_id="34"/>
  <agent start_id="28" goal_id="169"/>
  <agent start_id="7" goal_id="85"/>
  <agent start_id="66" goal_id="59"/>
  <agent start_id="124" goal_id="41"/>
  <agent start_id="88" goal_id="36"/>
  <agent start_id="121" goal_id="14"/>
  <agent start_id="183" goal_id="42"/>
  <agent start_id="152" goal_id="137"/>
  <agent start_id="182" goal_id="181"/>
  <agent start_id="175" goal_id="100"/>
  <agent start_id="25" goal_id="102"/>
  <agent start_id="123" goal_id="175"/>
  <agent start_id="3" goal_id="174"/>
  <agent start_id="126" goal_id="127"/>
  <agent start_id="145" goal_id="32"/>
  <agent start_id="57" goal_id="171"/>
  <agent start_id="42" goal_id="165"/>
  <agent start_id="129" goal_id="13"/>
</root>
