<?xml version="1.0" ?>
<root>
  <agent start_id="41" goal_id="139"/>
  <agent start_id="43" goal_id="15"/>
  <agent start_id="172" goal_id="156"/>
  <agent start_id="75" goal_id="172"/>
  <agent start_id="127" goal_id="125"/>
  <agent start_id="190" goal_id="40"/>
  <agent start_id="170" goal_id="54"/>
  <agent start_id="28" goal_id="78"/>
  <agent start_id="93" goal_id="188"/>
  <agent start_id="45" goal_id="39"/>
  <agent start_id="70" goal_id="84"/>
  <agent start_id="186" goal_id="94"/>
  <agent start_id="145" goal_id="110"/>
  <agent start_id="193" goal_id="114"/>
  <agent start_id="47" goal_id="77"/>
  <agent start_id="141" goal_id="62"/>
  <agent start_id="133" goal_id="59"/>
  <agent start_id="22" goal_id="107"/>
  <agent start_id="10" goal_id="43"/>
  <agent start_id="84" goal_id="22"/>
  <agent start_id="148" goal_id="17"/>
  <agent start_id="65" goal_id="28"/>
  <agent start_id="62" goal_id="152"/>
  <agent start_id="131" goal_id="64"/>
  <agent start_id="77" goal_id="185"/>
  <agent start_id="17" goal_id="25"/>
  <agent start_id="139" goal_id="98"/>
  <agent start_id="83" goal_id="60"/>
  <agent start_id="180" goal_id="183"/>
  <agent start_id="31" goal_id="34"/>
  <agent start_id="99" goal_id="119"/>
  <agent start_id="155" goal_id="143"/>
  <agent start_id="94" goal_id="66"/>
  <agent start_id="25" goal_id="89"/>
  <agent start_id="8" goal_id="141"/>
  <agent start_id="117" goal_id="61"/>
  <agent start_id="44" goal_id="118"/>
  <agent start_id="169" goal_id="178"/>
  <agent start_id="108" goal_id="154"/>
  <agent start_id="35" goal_id="127"/>
  <agent start_id="110" goal_id="73"/>
  <agent start_id="106" goal_id="180"/>
  <agent start_id="194" goal_id="195"/>
  <agent start_id="175" goal_id="32"/>
  <agent start_id="34" goal_id="193"/>
  <agent start_id="134" goal_id="169"/>
  <agent start_id="20" goal_id="47"/>
  <agent start_id="102" goal_id="75"/>
  <agent start_id="87" goal_id="122"/>
  <agent start_id="58" goal_id="146"/>
</root>
