<?xml version="1.0" ?>
<root>
  <agent start_id="162" goal_id="197"/>
  <agent start_id="5" goal_id="175"/>
  <agent start_id="152" goal_id="63"/>
  <agent start_id="101" goal_id="52"/>
  <agent start_id="11" goal_id="119"/>
  <agent start_id="13" goal_id="75"/>
  <agent start_id="48" goal_id="36"/>
  <agent start_id="192" goal_id="49"/>
  <agent start_id="199" goal_id="14"/>
  <agent start_id="96" goal_id="39"/>
  <agent start_id="194" goal_id="77"/>
  <agent start_id="110" goal_id="71"/>
  <agent start_id="36" goal_id="180"/>
  <agent start_id="143" goal_id="176"/>
  <agent start_id="32" goal_id="56"/>
  <agent start_id="108" goal_id="99"/>
  <agent start_id="80" goal_id="174"/>
  <agent start_id="73" goal_id="154"/>
  <agent start_id="168" goal_id="114"/>
  <agent start_id="123" goal_id="5"/>
  <agent start_id="148" goal_id="73"/>
  <agent start_id="85" goal_id="171"/>
  <agent start_id="155" goal_id="8"/>
  <agent start_id="183" goal_id="120"/>
  <agent start_id="70" goal_id="83"/>
  <agent start_id="6" goal_id="184"/>
  <agent start_id="176" goal_id="142"/>
  <agent start_id="157" goal_id="101"/>
  <agent start_id="161" goal_id="95"/>
  <agent start_id="189" goal_id="164"/>
  <agent start_id="95" goal_id="121"/>
  <agent start_id="120" goal_id="103"/>
  <agent start_id="122" goal_id="57"/>
  <agent start_id="136" goal_id="124"/>
  <agent start_id="185" goal_id="97"/>
  <agent start_id="175" goal_id="87"/>
  <agent start_id="25" goal_id="46"/>
  <agent start_id="53" goal_id="115"/>
  <agent start_id="164" goal_id="138"/>
  <agent start_id="182" goal_id="131"/>
  <agent start_id="145" goal_id="149"/>
  <agent start_id="3" goal_id="18"/>
  <agent start_id="138" goal_id="42"/>
  <agent start_id="106" goal_id="44"/>
  <agent start_id="28" goal_id="145"/>
  <agent start_id="135" goal_id="134"/>
  <agent start_id="117" goal_id="150"/>
  <agent start_id="114" goal_id="45"/>
  <agent start_id="45" goal_id="41"/>
  <agent start_id="113" goal_id="51"/>
</root>
