<?xml version="1.0" ?>
<root>
  <agent start_id="12" goal_id="66"/>
  <agent start_id="140" goal_id="31"/>
  <agent start_id="37" goal_id="156"/>
  <agent start_id="195" goal_id="44"/>
  <agent start_id="71" goal_id="162"/>
  <agent start_id="96" goal_id="88"/>
  <agent start_id="126" goal_id="128"/>
  <agent start_id="52" goal_id="5"/>
  <agent start_id="152" goal_id="38"/>
  <agent start_id="15" goal_id="115"/>
  <agent start_id="0" goal_id="2"/>
  <agent start_id="167" goal_id="36"/>
  <agent start_id="171" goal_id="42"/>
  <agent start_id="135" goal_id="15"/>
  <agent start_id="27" goal_id="57"/>
  <agent start_id="29" goal_id="21"/>
  <agent start_id="79" goal_id="60"/>
  <agent start_id="8" goal_id="11"/>
  <agent start_id="93" goal_id="192"/>
  <agent start_id="67" goal_id="12"/>
  <agent start_id="47" goal_id="99"/>
  <agent start_id="98" goal_id="152"/>
  <agent start_id="105" goal_id="64"/>
  <agent start_id="11" goal_id="97"/>
  <agent start_id="61" goal_id="43"/>
  <agent start_id="144" goal_id="181"/>
  <agent start_id="122" goal_id="48"/>
  <agent start_id="44" goal_id="194"/>
  <agent start_id="199" goal_id="155"/>
  <agent start_id="23" goal_id="159"/>
  <agent start_id="121" goal_id="198"/>
  <agent start_id="62" goal_id="102"/>
  <agent start_id="124" goal_id="14"/>
  <agent start_id="194" goal_id="182"/>
  <agent start_id="57" goal_id="25"/>
  <agent start_id="110" goal_id="70"/>
  <agent start_id="178" goal_id="141"/>
  <agent start_id="54" goal_id="65"/>
  <agent start_id="154" goal_id="195"/>
  <agent start_id="74" goal_id="54"/>
  <agent start_id="4" goal_id="100"/>
  <agent start_id="192" goal_id="189"/>
  <agent start_id="19" goal_id="52"/>
  <agent start_id="59" goal_id="112"/>
  <agent start_id="196" goal_id="164"/>
  <agent start_id="86" goal_id="151"/>
  <agent start_id="90" goal_id="118"/>
  <agent start_id="184" goal_id="30"/>
  <agent start_id="188" goal_id="94"/>
  <agent start_id="66" goal_id="27"/>
</root>
