<?xml version="1.0" ?>
<root>
  <agent start_id="110" goal_id="83"/>
  <agent start_id="142" goal_id="59"/>
  <agent start_id="30" goal_id="56"/>
  <agent start_id="8" goal_id="37"/>
  <agent start_id="3" goal_id="151"/>
  <agent start_id="188" goal_id="192"/>
  <agent start_id="153" goal_id="114"/>
  <agent start_id="165" goal_id="181"/>
  <agent start_id="85" goal_id="76"/>
  <agent start_id="98" goal_id="21"/>
  <agent start_id="131" goal_id="154"/>
  <agent start_id="33" goal_id="85"/>
  <agent start_id="62" goal_id="57"/>
  <agent start_id="19" goal_id="198"/>
  <agent start_id="4" goal_id="130"/>
  <agent start_id="119" goal_id="24"/>
  <agent start_id="74" goal_id="97"/>
  <agent start_id="41" goal_id="101"/>
  <agent start_id="29" goal_id="80"/>
  <agent start_id="181" goal_id="70"/>
  <agent start_id="96" goal_id="93"/>
  <agent start_id="23" goal_id="135"/>
  <agent start_id="48" goal_id="147"/>
  <agent start_id="45" goal_id="119"/>
  <agent start_id="21" goal_id="189"/>
  <agent start_id="97" goal_id="126"/>
  <agent start_id="123" goal_id="39"/>
  <agent start_id="154" goal_id="72"/>
  <agent start_id="169" goal_id="155"/>
  <agent start_id="25" goal_id="98"/>
  <agent start_id="103" goal_id="45"/>
  <agent start_id="145" goal_id="31"/>
  <agent start_id="73" goal_id="91"/>
  <agent start_id="136" goal_id="8"/>
  <agent start_id="163" goal_id="0"/>
  <agent start_id="46" goal_id="125"/>
  <agent start_id="87" goal_id="134"/>
  <agent start_id="35" goal_id="171"/>
  <agent start_id="83" goal_id="129"/>
  <agent start_id="95" goal_id="43"/>
  <agent start_id="143" goal_id="177"/>
  <agent start_id="125" goal_id="90"/>
  <agent start_id="7" goal_id="113"/>
  <agent start_id="101" goal_id="120"/>
  <agent start_id="191" goal_id="103"/>
  <agent start_id="64" goal_id="157"/>
  <agent start_id="59" goal_id="178"/>
  <agent start_id="22" goal_id="144"/>
  <agent start_id="10" goal_id="88"/>
  <agent start_id="120" goal_id="109"/>
</root>
