<?xml version="1.0" ?>
<root>
  <agent start_id="176" goal_id="103"/>
  <agent start_id="168" goal_id="104"/>
  <agent start_id="15" goal_id="188"/>
  <agent start_id="158" goal_id="140"/>
  <agent start_id="154" goal_id="50"/>
  <agent start_id="175" goal_id="83"/>
  <agent start_id="59" goal_id="158"/>
  <agent start_id="117" goal_id="37"/>
  <agent start_id="27" goal_id="152"/>
  <agent start_id="31" goal_id="44"/>
  <agent start_id="99" goal_id="9"/>
  <agent start_id="139" goal_id="196"/>
  <agent start_id="26" goal_id="179"/>
  <agent start_id="57" goal_id="80"/>
  <agent start_id="36" goal_id="38"/>
  <agent start_id="6" goal_id="25"/>
  <agent start_id="35" goal_id="116"/>
  <agent start_id="93" goal_id="5"/>
  <agent start_id="163" goal_id="171"/>
  <agent start_id="118" goal_id="77"/>
  <agent start_id="120" goal_id="185"/>
  <agent start_id="182" goal_id="181"/>
  <agent start_id="111" goal_id="187"/>
  <agent start_id="21" goal_id="148"/>
  <agent start_id="124" goal_id="10"/>
  <agent start_id="121" goal_id="95"/>
  <agent start_id="46" goal_id="49"/>
  <agent start_id="56" goal_id="79"/>
  <agent start_id="169" goal_id="194"/>
  <agent start_id="186" goal_id="58"/>
  <agent start_id="173" goal_id="110"/>
  <agent start_id="142" goal_id="15"/>
  <agent start_id="54" goal_id="176"/>
  <agent start_id="192" goal_id="94"/>
  <agent start_id="17" goal_id="40"/>
  <agent start_id="91" goal_id="23"/>
  <agent start_id="55" goal_id="131"/>
  <agent start_id="150" goal_id="64"/>
  <agent start_id="185" goal_id="129"/>
  <agent start_id="86" goal_id="147"/>
  <agent start_id="53" goal_id="161"/>
  <agent start_id="164" goal_id="98"/>
  <agent start_id="90" goal_id="68"/>
  <agent start_id="148" goal_id="164"/>
  <agent start_id="115" goal_id="36"/>
  <agent start_id="113" goal_id="53"/>
  <agent start_id="190" goal_id="167"/>
  <agent start_id="155" goal_id="93"/>
  <agent start_id="145" goal_id="0"/>
  <agent start_id="147" goal_id="19"/>
</root>
