<?xml version="1.0" ?>
<root>
  <agent start_id="34" goal_id="137"/>
  <agent start_id="139" goal_id="51"/>
  <agent start_id="154" goal_id="8"/>
  <agent start_id="100" goal_id="13"/>
  <agent start_id="102" goal_id="189"/>
  <agent start_id="167" goal_id="158"/>
  <agent start_id="89" goal_id="63"/>
  <agent start_id="106" goal_id="77"/>
  <agent start_id="188" goal_id="58"/>
  <agent start_id="4" goal_id="38"/>
  <agent start_id="152" goal_id="185"/>
  <agent start_id="161" goal_id="86"/>
  <agent start_id="62" goal_id="160"/>
  <agent start_id="56" goal_id="36"/>
  <agent start_id="192" goal_id="171"/>
  <agent start_id="107" goal_id="143"/>
  <agent start_id="75" goal_id="7"/>
  <agent start_id="28" goal_id="9"/>
  <agent start_id="50" goal_id="106"/>
  <agent start_id="51" goal_id="26"/>
  <agent start_id="67" goal_id="142"/>
  <agent start_id="77" goal_id="149"/>
  <agent start_id="83" goal_id="178"/>
  <agent start_id="17" goal_id="199"/>
  <agent start_id="178" goal_id="42"/>
  <agent start_id="131" goal_id="29"/>
  <agent start_id="64" goal_id="80"/>
  <agent start_id="48" goal_id="155"/>
  <agent start_id="8" goal_id="123"/>
  <agent start_id="130" goal_id="76"/>
  <agent start_id="27" goal_id="180"/>
  <agent start_id="185" goal_id="52"/>
  <agent start_id="38" goal_id="28"/>
  <agent start_id="186" goal_id="126"/>
  <agent start_id="99" goal_id="179"/>
  <agent start_id="149" goal_id="95"/>
  <agent start_id="156" goal_id="167"/>
  <agent start_id="84" goal_id="50"/>
  <agent start_id="111" goal_id="55"/>
  <agent start_id="169" goal_id="183"/>
  <agent start_id="118" goal_id="97"/>
  <agent start_id="45" goal_id="90"/>
  <agent start_id="3" goal_id="11"/>
  <agent start_id="24" goal_id="92"/>
  <agent start_id="59" goal_id="101"/>
  <agent start_id="190" goal_id="104"/>
  <agent start_id="134" goal_id="176"/>
  <agent start_id="132" goal_id="115"/>
  <agent start_id="141" goal_id="96"/>
  <agent start_id="72" goal_id="103"/>
</root>
