<?xml version="1.0" ?>
<root>
  <agent start_id="114" goal_id="95"/>
  <agent start_id="172" goal_id="125"/>
  <agent start_id="193" goal_id="130"/>
  <agent start_id="154" goal_id="59"/>
  <agent start_id="197" goal_id="47"/>
  <agent start_id="120" goal_id="109"/>
  <agent start_id="158" goal_id="79"/>
  <agent start_id="78" goal_id="175"/>
  <agent start_id="19" goal_id="54"/>
  <agent start_id="31" goal_id="25"/>
  <agent start_id="79" goal_id="170"/>
  <agent start_id="53" goal_id="147"/>
  <agent start_id="84" goal_id="66"/>
  <agent start_id="76" goal_id="98"/>
  <agent start_id="0" goal_id="107"/>
  <agent start_id="175" goal_id="131"/>
  <agent start_id="88" goal_id="56"/>
  <agent start_id="161" goal_id="80"/>
  <agent start_id="68" goal_id="138"/>
  <agent start_id="137" goal_id="148"/>
  <agent start_id="71" goal_id="174"/>
  <agent start_id="181" goal_id="37"/>
  <agent start_id="25" goal_id="20"/>
  <agent start_id="116" goal_id="76"/>
  <agent start_id="27" goal_id="135"/>
  <agent start_id="65" goal_id="84"/>
  <agent start_id="46" goal_id="164"/>
  <agent start_id="142" goal_id="14"/>
  <agent start_id="90" goal_id="187"/>
  <agent start_id="30" goal_id="153"/>
  <agent start_id="184" goal_id="2"/>
  <agent start_id="4" goal_id="121"/>
  <agent start_id="182" goal_id="55"/>
  <agent start_id="60" goal_id="50"/>
  <agent start_id="169" goal_id="112"/>
  <agent start_id="97" goal_id="38"/>
  <agent start_id="112" goal_id="89"/>
  <agent start_id="188" goal_id="154"/>
  <agent start_id="63" goal_id="73"/>
  <agent start_id="95" goal_id="18"/>
  <agent start_id="110" goal_id="127"/>
  <agent start_id="51" goal_id="173"/>
  <agent start_id="33" goal_id="41"/>
  <agent start_id="106" goal_id="65"/>
  <agent start_id="129" goal_id="134"/>
  <agent start_id="8" goal_id="182"/>
  <agent start_id="15" goal_id="103"/>
  <agent start_id="64" goal_id="62"/>
  <agent start_id="165" goal_id="10"/>
  <agent start_id="58" goal_id="8"/>
</root>
