<?xml version="1.0" ?>
<root>
  <agent start_id="67" goal_id="102"/>
  <agent start_id="131" goal_id="68"/>
  <agent start_id="59" goal_id="79"/>
  <agent start_id="70" goal_id="49"/>
  <agent start_id="161" goal_id="187"/>
  <agent start_id="115" goal_id="148"/>
  <agent start_id="2" goal_id="119"/>
  <agent start_id="93" goal_id="90"/>
  <agent start_id="156" goal_id="45"/>
  <agent start_id="0" goal_id="191"/>
  <agent start_id="166" goal_id="63"/>
  <agent start_id="134" goal_id="108"/>
  <agent start_id="46" goal_id="53"/>
  <agent start_id="48" goal_id="12"/>
  <agent start_id="144" goal_id="188"/>
  <agent start_id="155" goal_id="129"/>
  <agent start_id="82" goal_id="76"/>
  <agent start_id="158" goal_id="126"/>
  <agent start_id="34" goal_id="80"/>
  <agent start_id="99" goal_id="67"/>
  <agent start_id="192" goal_id="0"/>
  <agent start_id="190" goal_id="93"/>
  <agent start_id="23" goal_id="78"/>
  <agent start_id="71" goal_id="65"/>
  <agent start_id="180" goal_id="39"/>
  <agent start_id="124" goal_id="134"/>
  <agent start_id="146" goal_id="140"/>
  <agent start_id="152" goal_id="33"/>
  <agent start_id="15" goal_id="60"/>
  <agent start_id="119" goal_id="86"/>
  <agent start_id="43" goal_id="118"/>
  <agent start_id="29" goal_id="128"/>
  <agent start_id="196" goal_id="197"/>
  <agent start_id="116" goal_id="194"/>
  <agent start_id="191" goal_id="14"/>
  <agent start_id="186" goal_id="152"/>
  <agent start_id="61" goal_id="136"/>
  <agent start_id="4" goal_id="10"/>
  <agent start_id="57" goal_id="32"/>
  <agent start_id="172" goal_id="161"/>
  <agent start_id="133" goal_id="150"/>
  <agent start_id="62" goal_id="110"/>
  <agent start_id="6" goal_id="74"/>
  <agent start_id="160" goal_id="22"/>
  <agent start_id="74" goal_id="186"/>
  <agent start_id="111" goal_id="132"/>
  <agent start_id="41" goal_id="11"/>
  <agent start_id="58" goal_id="24"/>
  <agent start_id="104" goal_id="190"/>
  <agent start_id="25" goal_id="37"/>
</root>
