<?xml version="1.0" ?>
<root>
  <agent start_id="61" goal_id="33"/>
  <agent start_id="102" goal_id="145"/>
  <agent start_id="175" goal_id="91"/>
  <agent start_id="35" goal_id="125"/>
  <agent start_id="198" goal_id="164"/>
  <agent start_id="177" goal_id="170"/>
  <agent start_id="108" goal_id="69"/>
  <agent start_id="1" goal_id="21"/>
  <agent start_id="41" goal_id="8"/>
  <agent start_id="91" goal_id="189"/>
  <agent start_id="104" goal_id="3"/>
  <agent start_id="93" goal_id="132"/>
  <agent start_id="13" goal_id="24"/>
  <agent start_id="165" goal_id="168"/>
  <agent start_id="138" goal_id="0"/>
  <agent start_id="123" goal_id="77"/>
  <agent start_id="81" goal_id="199"/>
  <agent start_id="66" goal_id="110"/>
  <agent start_id="69" goal_id="159"/>
  <agent start_id="59" goal_id="4"/>
  <agent start_id="137" goal_id="84"/>
  <agent start_id="57" goal_id="141"/>
  <agent start_id="56" goal_id="66"/>
  <agent start_id="16" goal_id="186"/>
  <agent start_id="140" goal_id="174"/>
  <agent start_id="146" goal_id="176"/>
  <agent start_id="151" goal_id="120"/>
  <agent start_id="46" goal_id="63"/>
  <agent start_id="171" goal_id="15"/>
  <agent start_id="9" goal_id="45"/>
  <agent start_id="183" goal_id="53"/>
  <agent start_id="109" goal_id="156"/>
  <agent start_id="82" goal_id="88"/>
  <agent start_id="132" goal_id="79"/>
  <agent start_id="2" goal_id="54"/>
  <agent start_id="135" goal_id="198"/>
  <agent start_id="150" goal_id="70"/>
  <agent start_id="134" goal_id="48"/>
  <agent start_id="4" goal_id="135"/>
  <agent start_id="67" goal_id="147"/>
  <agent start_id="127" goal_id="119"/>
  <agent start_id="113" goal_id="107"/>
  <agent start_id="95" goal_id="80"/>
  <agent start_id="163" goal_id="113"/>
  <agent start_id="160" goal_id="74"/>
  <agent start_id="136" goal_id="161"/>
  <agent start_id="27" goal_id="162"/>
  <agent start_id="96" goal_id="193"/>
  <agent start_id="130" goal_id="30"/>
  <agent start_id="164" goal_id="87"/>
</root>
