<?xml version="1.0" ?>
<root>
  <agent start_id="25" goal_id="161"/>
  <agent start_id="62" goal_id="181"/>
  <agent start_id="88" goal_id="117"/>
  <agent start_id="5" goal_id="169"/>
  <agent start_id="21" goal_id="154"/>
  <agent start_id="17" goal_id="17"/>
  <agent start_id="2" goal_id="163"/>
  <agent start_id="56" goal_id="6"/>
  <agent start_id="158" goal_id="77"/>
  <agent start_id="60" goal_id="38"/>
  <agent start_id="186" goal_id="23"/>
  <agent start_id="89" goal_id="105"/>
  <agent start_id="148" goal_id="44"/>
  <agent start_id="152" goal_id="49"/>
  <agent start_id="107" goal_id="167"/>
  <agent start_id="30" goal_id="165"/>
  <agent start_id="162" goal_id="60"/>
  <agent start_id="187" goal_id="147"/>
  <agent start_id="7" goal_id="19"/>
  <agent start_id="146" goal_id="67"/>
  <agent start_id="177" goal_id="174"/>
  <agent start_id="15" goal_id="40"/>
  <agent start_id="74" goal_id="178"/>
  <agent start_id="141" goal_id="162"/>
  <agent start_id="82" goal_id="22"/>
  <agent start_id="12" goal_id="130"/>
  <agent start_id="46" goal_id="5"/>
  <agent start_id="138" goal_id="1"/>
  <agent start_id="72" goal_id="195"/>
  <agent start_id="101" goal_id="26"/>
  <agent start_id="180" goal_id="73"/>
  <agent start_id="184" goal_id="96"/>
  <agent start_id="63" goal_id="115"/>
  <agent start_id="100" goal_id="75"/>
  <agent start_id="80" goal_id="51"/>
  <agent start_id="36" goal_id="152"/>
  <agent start_id="164" goal_id="68"/>
  <agent start_id="149" goal_id="141"/>
  <agent start_id="77" goal_id="109"/>
  <agent start_id="75" goal_id="127"/>
  <agent start_id="91" goal_id="173"/>
  <agent start_id="28" goal_id="193"/>
  <agent start_id="174" goal_id="128"/>
  <agent start_id="110" goal_id="114"/>
  <agent start_id="31" goal_id="29"/>
  <agent start_id="161" goal_id="63"/>
  <agent start_id="85" goal_id="8"/>
  <agent start_id="175" goal_id="176"/>
  <agent start_id="94" goal_id="94"/>
  <agent start_id="9" goal_id="84"/>
</root>
