<?xml version="1.0" ?>
<root>
  <agent start_id="30" goal_id="199"/>
  <agent start_id="46" goal_id="157"/>
  <agent start_id="181" goal_id="116"/>
  <agent start_id="67" goal_id="113"/>
  <agent start_id="150" goal_id="24"/>
  <agent start_id="61" goal_id="86"/>
  <agent start_id="23" goal_id="75"/>
  <agent start_id="90" goal_id="29"/>
  <agent start_id="179" goal_id="51"/>
  <agent start_id="186" goal_id="78"/>
  <agent start_id="155" goal_id="117"/>
  <agent start_id="120" goal_id="99"/>
  <agent start_id="153" goal_id="16"/>
  <agent start_id="16" goal_id="12"/>
  <agent start_id="92" goal_id="126"/>
  <agent start_id="6" goal_id="106"/>
  <agent start_id="2" goal_id="6"/>
  <agent start_id="184" goal_id="96"/>
  <agent start_id="69" goal_id="27"/>
  <agent start_id="58" goal_id="100"/>
  <agent start_id="18" goal_id="82"/>
  <agent start_id="170" goal_id="156"/>
  <agent start_id="197" goal_id="71"/>
  <agent start_id="128" goal_id="10"/>
  <agent start_id="162" goal_id="33"/>
  <agent start_id="55" goal_id="54"/>
  <agent start_id="13" goal_id="22"/>
  <agent start_id="95" goal_id="163"/>
  <agent start_id="190" goal_id="149"/>
  <agent start_id="122" goal_id="42"/>
  <agent start_id="156" goal_id="81"/>
  <agent start_id="11" goal_id="131"/>
  <agent start_id="51" goal_id="79"/>
  <agent start_id="127" goal_id="89"/>
  <agent start_id="144" goal_id="148"/>
  <agent start_id="21" goal_id="122"/>
  <agent start_id="15" goal_id="196"/>
  <agent start_id="165" goal_id="151"/>
  <agent start_id="77" goal_id="119"/>
  <agent start_id="79" goal_id="50"/>
  <agent start_id="123" goal_id="92"/>
  <agent start_id="136" goal_id="56"/>
  <agent start_id="103" goal_id="124"/>
  <agent start_id="63" goal_id="66"/>
  <agent start_id="157" goal_id="175"/>
  <agent start_id="52" goal_id="165"/>
  <agent start_id="161" goal_id="14"/>
  <agent start_id="168" goal_id="105"/>
  <agent start_id="196" goal_id="194"/>
  <agent start_id="42" goal_id="155"/>
</root>
