<?xml version="1.0" ?>
<root>
  <agent start_id="156" goal_id="108"/>
  <agent start_id="69" goal_id="21"/>
  <agent start_id="31" goal_id="49"/>
  <agent start_id="40" goal_id="90"/>
  <agent start_id="35" goal_id="181"/>
  <agent start_id="54" goal_id="81"/>
  <agent start_id="171" goal_id="18"/>
  <agent start_id="143" goal_id="143"/>
  <agent start_id="196" goal_id="95"/>
  <agent start_id="98" goal_id="197"/>
  <agent start_id="147" goal_id="36"/>
  <agent start_id="161" goal_id="32"/>
  <agent start_id="58" goal_id="188"/>
  <agent start_id="42" goal_id="89"/>
  <agent start_id="187" goal_id="106"/>
  <agent start_id="160" goal_id="156"/>
  <agent start_id="165" goal_id="6"/>
  <agent start_id="104" goal_id="37"/>
  <agent start_id="151" goal_id="85"/>
  <agent start_id="59" goal_id="2"/>
  <agent start_id="66" goal_id="26"/>
  <agent start_id="6" goal_id="178"/>
  <agent start_id="94" goal_id="153"/>
  <agent start_id="175" goal_id="54"/>
  <agent start_id="87" goal_id="136"/>
  <agent start_id="76" goal_id="43"/>
  <agent start_id="129" goal_id="176"/>
  <agent start_id="38" goal_id="79"/>
  <agent start_id="16" goal_id="163"/>
  <agent start_id="47" goal_id="75"/>
  <agent start_id="29" goal_id="139"/>
  <agent start_id="127" goal_id="179"/>
  <agent start_id="176" goal_id="109"/>
  <agent start_id="136" goal_id="147"/>
  <agent start_id="45" goal_id="132"/>
  <agent start_id="97" goal_id="127"/>
  <agent start_id="132" goal_id="83"/>
  <agent start_id="193" goal_id="66"/>
  <agent start_id="155" goal_id="166"/>
  <agent start_id="10" goal_id="161"/>
  <agent start_id="121" goal_id="68"/>
  <agent start_id="134" goal_id="10"/>
  <agent start_id="194" goal_id="157"/>
  <agent start_id="21" goal_id="151"/>
  <agent start_id="110" goal_id="191"/>
  <agent start_id="184" goal_id="62"/>
  <agent start_id="145" goal_id="98"/>
  <agent start_id="52" goal_id="101"/>
  <agent start_id="173" goal_id="121"/>
  <agent start_id="4" goal_id="149"/>
</root>
