<?xml version="1.0" ?>
<root>
  <agent start_id="187" goal_id="173"/>
  <agent start_id="73" goal_id="133"/>
  <agent start_id="173" goal_id="123"/>
  <agent start_id="124" goal_id="138"/>
  <agent start_id="127" goal_id="134"/>
  <agent start_id="38" goal_id="96"/>
  <agent start_id="182" goal_id="19"/>
  <agent start_id="87" goal_id="63"/>
  <agent start_id="184" goal_id="101"/>
  <agent start_id="19" goal_id="100"/>
  <agent start_id="136" goal_id="197"/>
  <agent start_id="13" goal_id="15"/>
  <agent start_id="85" goal_id="22"/>
  <agent start_id="72" goal_id="64"/>
  <agent start_id="156" goal_id="109"/>
  <agent start_id="145" goal_id="132"/>
  <agent start_id="154" goal_id="59"/>
  <agent start_id="177" goal_id="125"/>
  <agent start_id="195" goal_id="190"/>
  <agent start_id="185" goal_id="30"/>
  <agent start_id="9" goal_id="75"/>
  <agent start_id="40" goal_id="54"/>
  <agent start_id="16" goal_id="199"/>
  <agent start_id="76" goal_id="7"/>
  <agent start_id="105" goal_id="177"/>
  <agent start_id="148" goal_id="172"/>
  <agent start_id="159" goal_id="9"/>
  <agent start_id="111" goal_id="87"/>
  <agent start_id="142" goal_id="46"/>
  <agent start_id="96" goal_id="40"/>
  <agent start_id="165" goal_id="115"/>
  <agent start_id="194" goal_id="143"/>
  <agent start_id="102" goal_id="196"/>
  <agent start_id="99" goal_id="92"/>
  <agent start_id="42" goal_id="168"/>
  <agent start_id="89" goal_id="36"/>
  <agent start_id="178" goal_id="35"/>
  <agent start_id="197" goal_id="82"/>
  <agent start_id="68" goal_id="137"/>
  <agent start_id="2" goal_id="108"/>
  <agent start_id="130" goal_id="149"/>
  <agent start_id="175" goal_id="147"/>
  <agent start_id="160" goal_id="144"/>
  <agent start_id="109" goal_id="98"/>
  <agent start_id="74" goal_id="86"/>
  <agent start_id="84" goal_id="77"/>
  <agent start_id="50" goal_id="73"/>
  <agent start_id="146" goal_id="94"/>
  <agent start_id="24" goal_id="135"/>
  <agent start_id="6" goal_id="12"/>
</root>
