<?xml version="1.0" ?>
<root>
  <agent start_id="70" goal_id="189"/>
  <agent start_id="199" goal_id="175"/>
  <agent start_id="41" goal_id="157"/>
  <agent start_id="86" goal_id="177"/>
  <agent start_id="126" goal_id="153"/>
  <agent start_id="102" goal_id="106"/>
  <agent start_id="186" goal_id="1"/>
  <agent start_id="155" goal_id="172"/>
  <agent start_id="171" goal_id="163"/>
  <agent start_id="168" goal_id="148"/>
  <agent start_id="13" goal_id="39"/>
  <agent start_id="73" goal_id="86"/>
  <agent start_id="39" goal_id="107"/>
  <agent start_id="53" goal_id="24"/>
  <agent start_id="1" goal_id="124"/>
  <agent start_id="142" goal_id="9"/>
  <agent start_id="2" goal_id="43"/>
  <agent start_id="15" goal_id="143"/>
  <agent start_id="72" goal_id="178"/>
  <agent start_id="100" goal_id="170"/>
  <agent start_id="52" goal_id="52"/>
  <agent start_id="89" goal_id="110"/>
  <agent start_id="145" goal_id="115"/>
  <agent start_id="174" goal_id="123"/>
  <agent start_id="161" goal_id="13"/>
  <agent start_id="49" goal_id="49"/>
  <agent start_id="0" goal_id="117"/>
  <agent start_id="110" goal_id="151"/>
  <agent start_id="25" goal_id="136"/>
  <agent start_id="177" goal_id="95"/>
  <agent start_id="98" goal_id="76"/>
  <agent start_id="193" goal_id="25"/>
  <agent start_id="18" goal_id="111"/>
  <agent start_id="40" goal_id="160"/>
  <agent start_id="47" goal_id="194"/>
  <agent start_id="112" goal_id="109"/>
  <agent start_id="68" goal_id="198"/>
  <agent start_id="84" goal_id="119"/>
  <agent start_id="7" goal_id="128"/>
  <agent start_id="137" goal_id="118"/>
  <agent start_id="192" goal_id="56"/>
  <agent start_id="166" goal_id="62"/>
  <agent start_id="8" goal_id="41"/>
  <agent start_id="159" goal_id="84"/>
  <agent start_id="147" goal_id="138"/>
  <agent start_id="37" goal_id="53"/>
  <agent start_id="96" goal_id="89"/>
  <agent start_id="190" goal_id="51"/>
  <agent start_id="144" goal_id="173"/>
  <agent start_id="183" goal_id="91"/>
</root>
