<?xml version="1.0" ?>
<root>
  <agent start_id="111" goal_id="149"/>
  <agent start_id="41" goal_id="36"/>
  <agent start_id="114" goal_id="0"/>
  <agent start_id="173" goal_id="55"/>
  <agent start_id="6" goal_id="123"/>
  <agent start_id="71" goal_id="40"/>
  <agent start_id="144" goal_id="156"/>
  <agent start_id="48" goal_id="136"/>
  <agent start_id="115" goal_id="5"/>
  <agent start_id="141" goal_id="170"/>
  <agent start_id="151" goal_id="195"/>
  <agent start_id="122" goal_id="183"/>
  <agent start_id="148" goal_id="179"/>
  <agent start_id="76" goal_id="182"/>
  <agent start_id="102" goal_id="155"/>
  <agent start_id="38" goal_id="190"/>
  <agent start_id="185" goal_id="80"/>
  <agent start_id="169" goal_id="66"/>
  <agent start_id="199" goal_id="64"/>
  <agent start_id="63" goal_id="140"/>
  <agent start_id="89" goal_id="127"/>
  <agent start_id="54" goal_id="198"/>
  <agent start_id="60" goal_id="142"/>
  <agent start_id="117" goal_id="61"/>
  <agent start_id="94" goal_id="88"/>
  <agent start_id="171" goal_id="126"/>
  <agent start_id="145" goal_id="164"/>
  <agent start_id="74" goal_id="133"/>
  <agent start_id="189" goal_id="144"/>
  <agent start_id="52" goal_id="50"/>
  <agent start_id="78" goal_id="125"/>
  <agent start_id="19" goal_id="65"/>
  <agent start_id="21" goal_id="101"/>
  <agent start_id="197" goal_id="71"/>
  <agent start_id="88" goal_id="109"/>
  <agent start_id="131" goal_id="166"/>
  <agent start_id="112" goal_id="34"/>
  <agent start_id="133" goal_id="16"/>
  <agent start_id="134" goal_id="194"/>
  <agent start_id="135" goal_id="76"/>
  <agent start_id="90" goal_id="163"/>
  <agent start_id="67" goal_id="74"/>
  <agent start_id="125" goal_id="93"/>
  <agent start_id="127" goal_id="186"/>
  <agent start_id="157" goal_id="134"/>
  <agent start_id="58" goal_id="111"/>
  <agent start_id="167" goal_id="58"/>
  <agent start_id="160" goal_id="104"/>
  <agent start_id="143" goal_id="148"/>
  <agent start_id="39" goal_id="7"/>
</root>
