<?xml version="1.0" ?>
<root>
  <agent start_id="87" goal_id="136"/>
  <agent start_id="195" goal_id="10"/>
  <agent start_id="165" goal_id="102"/>
  <agent start_id="35" goal_id="43"/>
  <agent start_id="148" goal_id="141"/>
  <agent start_id="183" goal_id="147"/>
  <agent start_id="127" goal_id="33"/>
  <agent start_id="16" goal_id="34"/>
  <agent start_id="120" goal_id="106"/>
  <agent start_id="91" goal_id="104"/>
  <agent start_id="143" goal_id="65"/>
  <agent start_id="76" goal_id="154"/>
  <agent start_id="129" goal_id="98"/>
  <agent start_id="37" goal_id="108"/>
  <agent start_id="136" goal_id="54"/>
  <agent start_id="22" goal_id="143"/>
  <agent start_id="42" goal_id="122"/>
  <agent start_id="94" goal_id="180"/>
  <agent start_id="152" goal_id="193"/>
  <agent start_id="70" goal_id="44"/>
  <agent start_id="74" goal_id="69"/>
  <agent start_id="110" goal_id="144"/>
  <agent start_id="9" goal_id="184"/>
  <agent start_id="26" goal_id="89"/>
  <agent start_id="78" goal_id="113"/>
  <agent start_id="56" goal_id="59"/>
  <agent start_id="19" goal_id="188"/>
  <agent start_id="115" goal_id="52"/>
  <agent start_id="12" goal_id="26"/>
  <agent start_id="33" goal_id="35"/>
  <agent start_id="146" goal_id="110"/>
  <agent start_id="100" goal_id="74"/>
  <agent start_id="88" goal_id="70"/>
  <agent start_id="172" goal_id="148"/>
  <agent start_id="147" goal_id="127"/>
  <agent start_id="181" goal_id="189"/>
  <agent start_id="190" goal_id="109"/>
  <agent start_id="23" goal_id="112"/>
  <agent start_id="92" goal_id="174"/>
  <agent start_id="198" goal_id="49"/>
  <agent start_id="169" goal_id="16"/>
  <agent start_id="46" goal_id="8"/>
  <agent start_id="158" goal_id="41"/>
  <agent start_id="99" goal_id="73"/>
  <agent start_id="194" goal_id="97"/>
  <agent start_id="130" goal_id="72"/>
  <agent start_id="44" goal_id="71"/>
  <agent start_id="60" goal_id="118"/>
  <agent start_id="101" goal_id="79"/>
  <agent start_id="175" goal_id="194"/>
</root>
