<?xml version="1.0" ?>
<root>
  <agent start_id="105" goal_id="175"/>
  <agent start_id="79" goal_id="44"/>
  <agent start_id="101" goal_id="191"/>
  <agent start_id="185" goal_id="30"/>
  <agent start_id="86" goal_id="91"/>
  <agent start_id="22" goal_id="123"/>
  <agent start_id="33" goal_id="88"/>
  <agent start_id="6" goal_id="98"/>
  <agent start_id="55" goal_id="165"/>
  <agent start_id="43" goal_id="23"/>
  <agent start_id="129" goal_id="160"/>
  <agent start_id="120" goal_id="149"/>
  <agent start_id="173" goal_id="27"/>
  <agent start_id="73" goal_id="137"/>
  <agent start_id="131" goal_id="68"/>
  <agent start_id="25" goal_id="6"/>
  <agent start_id="140" goal_id="9"/>
  <agent start_id="72" goal_id="156"/>
  <agent start_id="66" goal_id="17"/>
  <agent start_id="115" goal_id="11"/>
  <agent start_id="49" goal_id="196"/>
  <agent start_id="18" goal_id="177"/>
  <agent start_id="71" goal_id="1"/>
  <agent start_id="61" goal_id="141"/>
  <agent start_id="95" goal_id="170"/>
  <agent start_id="24" goal_id="24"/>
  <agent start_id="130" goal_id="55"/>
  <agent start_id="186" goal_id="124"/>
  <agent start_id="3" goal_id="172"/>
  <agent start_id="70" goal_id="143"/>
  <agent start_id="137" goal_id="57"/>
  <agent start_id="198" goal_id="73"/>
  <agent start_id="82" goal_id="15"/>
  <agent start_id="90" goal_id="152"/>
  <agent start_id="80" goal_id="122"/>
  <agent start_id="117" goal_id="36"/>
  <agent start_id="38" goal_id="32"/>
  <agent start_id="69" goal_id="41"/>
  <agent start_id="20" goal_id="106"/>
  <agent start_id="76" goal_id="87"/>
  <agent start_id="87" goal_id="25"/>
  <agent start_id="12" goal_id="155"/>
  <agent start_id="92" goal_id="93"/>
  <agent start_id="126" goal_id="197"/>
  <agent start_id="188" goal_id="186"/>
  <agent start_id="15" goal_id="20"/>
  <agent start_id="64" goal_id="45"/>
  <agent start_id="39" goal_id="162"/>
  <agent start_id="108" goal_id="107"/>
  <agent start_id="0" goal_id="33"/>
</root>
