<?xml version="1.0" ?>
<root>
  <agent start_id="8" goal_id="52"/>
  <agent start_id="19" goal_id="141"/>
  <agent start_id="145" goal_id="85"/>
  <agent start_id="30" goal_id="171"/>
  <agent start_id="160" goal_id="23"/>
  <agent start_id="131" goal_id="106"/>
  <agent start_id="63" goal_id="4"/>
  <agent start_id="126" goal_id="196"/>
  <agent start_id="61" goal_id="80"/>
  <agent start_id="159" goal_id="152"/>
  <agent start_id="138" goal_id="49"/>
  <agent start_id="143" goal_id="11"/>
  <agent start_id="65" goal_id="158"/>
  <agent start_id="121" goal_id="130"/>
  <agent start_id="37" goal_id="60"/>
  <agent start_id="73" goal_id="35"/>
  <agent start_id="123" goal_id="124"/>
  <agent start_id="90" goal_id="179"/>
  <agent start_id="98" goal_id="127"/>
  <agent start_id="25" goal_id="182"/>
  <agent start_id="127" goal_id="153"/>
  <agent start_id="112" goal_id="74"/>
  <agent start_id="79" goal_id="129"/>
  <agent start_id="184" goal_id="56"/>
  <agent start_id="76" goal_id="71"/>
  <agent start_id="74" goal_id="97"/>
  <agent start_id="134" goal_id="157"/>
  <agent start_id="124" goal_id="145"/>
  <agent start_id="88" goal_id="122"/>
  <agent start_id="23" goal_id="18"/>
  <agent start_id="116" goal_id="173"/>
  <agent start_id="16" goal_id="7"/>
  <agent start_id="149" goal_id="193"/>
  <agent start_id="14" goal_id="192"/>
  <agent start_id="130" goal_id="54"/>
  <agent start_id="162" goal_id="3"/>
  <agent start_id="172" goal_id="10"/>
  <agent start_id="53" goal_id="77"/>
  <agent start_id="41" goal_id="144"/>
  <agent start_id="193" goal_id="187"/>
  <agent start_id="82" goal_id="34"/>
  <agent start_id="176" goal_id="111"/>
  <agent start_id="170" goal_id="84"/>
  <agent start_id="161" goal_id="65"/>
  <agent start_id="158" goal_id="108"/>
  <agent start_id="109" goal_id="135"/>
  <agent start_id="6" goal_id="138"/>
  <agent start_id="165" goal_id="119"/>
  <agent start_id="71" goal_id="103"/>
  <agent start_id="168" goal_id="177"/>
</root>
