<?xml version="1.0" ?>
<root>
  <agent start_id="143" goal_id="168"/>
  <agent start_id="108" goal_id="116"/>
  <agent start_id="69" goal_id="26"/>
  <agent start_id="144" goal_id="146"/>
  <agent start_id="176" goal_id="126"/>
  <agent start_id="86" goal_id="193"/>
  <agent start_id="111" goal_id="65"/>
  <agent start_id="139" goal_id="29"/>
  <agent start_id="57" goal_id="117"/>
  <agent start_id="100" goal_id="40"/>
  <agent start_id="128" goal_id="88"/>
  <agent start_id="56" goal_id="46"/>
  <agent start_id="24" goal_id="60"/>
  <agent start_id="71" goal_id="11"/>
  <agent start_id="169" goal_id="18"/>
  <agent start_id="123" goal_id="20"/>
  <agent start_id="180" goal_id="188"/>
  <agent start_id="14" goal_id="103"/>
  <agent start_id="64" goal_id="22"/>
  <agent start_id="2" goal_id="162"/>
  <agent start_id="197" goal_id="68"/>
  <agent start_id="161" goal_id="84"/>
  <agent start_id="109" goal_id="62"/>
  <agent start_id="192" goal_id="16"/>
  <agent start_id="20" goal_id="190"/>
  <agent start_id="60" goal_id="170"/>
  <agent start_id="175" goal_id="181"/>
  <agent start_id="50" goal_id="189"/>
  <agent start_id="164" goal_id="172"/>
  <agent start_id="91" goal_id="109"/>
  <agent start_id="182" goal_id="113"/>
  <agent start_id="51" goal_id="130"/>
  <agent start_id="102" goal_id="105"/>
  <agent start_id="82" goal_id="179"/>
  <agent start_id="87" goal_id="76"/>
  <agent start_id="188" goal_id="165"/>
  <agent start_id="157" goal_id="31"/>
  <agent start_id="154" goal_id="27"/>
  <agent start_id="26" goal_id="143"/>
  <agent start_id="141" goal_id="13"/>
  <agent start_id="40" goal_id="159"/>
  <agent start_id="159" goal_id="152"/>
  <agent start_id="160" goal_id="44"/>
  <agent start_id="1" goal_id="9"/>
  <agent start_id="198" goal_id="24"/>
  <agent start_id="52" goal_id="17"/>
  <agent start_id="31" goal_id="124"/>
  <agent start_id="153" goal_id="1"/>
  <agent start_id="97" goal_id="175"/>
  <agent start_id="130" goal_id="102"/>
</root>
