<?xml version="1.0" ?>
<root>
  <agent start_id="27" goal_id="166"/>
  <agent start_id="195" goal_id="197"/>
  <agent start_id="129" goal_id="151"/>
  <agent start_id="5" goal_id="81"/>
  <agent start_id="70" goal_id="126"/>
  <agent start_id="102" goal_id="170"/>
  <agent start_id="92" goal_id="100"/>
  <agent start_id="3" goal_id="127"/>
  <agent start_id="103" goal_id="52"/>
  <agent start_id="93" goal_id="29"/>
  <agent start_id="76" goal_id="120"/>
  <agent start_id="80" goal_id="186"/>
  <agent start_id="20" goal_id="122"/>
  <agent start_id="67" goal_id="60"/>
  <agent start_id="45" goal_id="185"/>
  <agent start_id="12" goal_id="136"/>
  <agent start_id="169" goal_id="145"/>
  <agent start_id="97" goal_id="83"/>
  <agent start_id="24" goal_id="87"/>
  <agent start_id="126" goal_id="48"/>
  <agent start_id="66" goal_id="76"/>
  <agent start_id="81" goal_id="55"/>
  <agent start_id="142" goal_id="117"/>
  <agent start_id="160" goal_id="3"/>
  <agent start_id="63" goal_id="68"/>
  <agent start_id="16" goal_id="36"/>
  <agent start_id="65" goal_id="6"/>
  <agent start_id="184" goal_id="42"/>
  <agent start_id="110" goal_id="109"/>
  <agent start_id="197" goal_id="128"/>
  <agent start_id="192" goal_id="10"/>
  <agent start_id="51" goal_id="11"/>
  <agent start_id="189" goal_id="72"/>
  <agent start_id="180" goal_id="179"/>
  <agent start_id="52" goal_id="103"/>
  <agent start_id="64" goal_id="75"/>
  <agent start_id="19" goal_id="172"/>
  <agent start_id="177" goal_id="173"/>
  <agent start_id="107" goal_id="191"/>
  <agent start_id="7" goal_id="181"/>
  <agent start_id="179" goal_id="198"/>
  <agent start_id="132" goal_id="140"/>
  <agent start_id="159" goal_id="104"/>
  <agent start_id="183" goal_id="22"/>
  <agent start_id="56" goal_id="47"/>
  <agent start_id="137" goal_id="196"/>
  <agent start_id="153" goal_id="5"/>
  <agent start_id="124" goal_id="160"/>
  <agent start_id="29" goal_id="99"/>
  <agent start_id="14" goal_id="153"/>
</root>
