<?xml version="1.0" ?>
<root>
  <agent start_id="78" goal_id="147"/>
  <agent start_id="34" goal_id="190"/>
  <agent start_id="53" goal_id="170"/>
  <agent start_id="19" goal_id="126"/>
  <agent start_id="116" goal_id="101"/>
  <agent start_id="139" goal_id="180"/>
  <agent start_id="3" goal_id="177"/>
  <agent start_id="43" goal_id="83"/>
  <agent start_id="107" goal_id="97"/>
  <agent start_id="73" goal_id="64"/>
  <agent start_id="166" goal_id="94"/>
  <agent start_id="189" goal_id="149"/>
  <agent start_id="81" goal_id="65"/>
  <agent start_id="132" goal_id="55"/>
  <agent start_id="5" goal_id="20"/>
  <agent start_id="162" goal_id="36"/>
  <agent start_id="24" goal_id="71"/>
  <agent start_id="75" goal_id="123"/>
  <agent start_id="144" goal_id="197"/>
  <agent start_id="199" goal_id="39"/>
  <agent start_id="120" goal_id="117"/>
  <agent start_id="169" goal_id="62"/>
  <agent start_id="7" goal_id="131"/>
  <agent start_id="65" goal_id="40"/>
  <agent start_id="114" goal_id="102"/>
  <agent start_id="195" goal_id="135"/>
  <agent start_id="56" goal_id="61"/>
  <agent start_id="64" goal_id="88"/>
  <agent start_id="26" goal_id="158"/>
  <agent start_id="94" goal_id="80"/>
  <agent start_id="197" goal_id="89"/>
  <agent start_id="77" goal_id="73"/>
  <agent start_id="36" goal_id="159"/>
  <agent start_id="32" goal_id="5"/>
  <agent start_id="33" goal_id="167"/>
  <agent start_id="21" goal_id="29"/>
  <agent start_id="39" goal_id="152"/>
  <agent start_id="176" goal_id="86"/>
  <agent start_id="49" goal_id="8"/>
  <agent start_id="28" goal_id="12"/>
  <agent start_id="126" goal_id="32"/>
  <agent start_id="143" goal_id="118"/>
  <agent start_id="170" goal_id="116"/>
  <agent start_id="99" goal_id="138"/>
  <agent start_id="62" goal_id="0"/>
  <agent start_id="8" goal_id="191"/>
  <agent start_id="135" goal_id="150"/>
  <agent start_id="194" goal_id="120"/>
  <agent start_id="148" goal_id="115"/>
  <agent start_id="84" goal_id="52"/>
</root>
