<?xml version="1.0" ?>
<root>
  <agent start_id="139" goal_id="109"/>
  <agent start_id="91" goal_id="95"/>
  <agent start_id="98" goal_id="29"/>
  <agent start_id="180" goal_id="63"/>
  <agent start_id="58" goal_id="25"/>
  <agent start_id="60" goal_id="179"/>
  <agent start_id="25" goal_id="188"/>
  <agent start_id="110" goal_id="87"/>
  <agent start_id="71" goal_id="9"/>
  <agent start_id="108" goal_id="100"/>
  <agent start_id="125" goal_id="83"/>
  <agent start_id="18" goal_id="7"/>
  <agent start_id="31" goal_id="68"/>
  <agent start_id="0" goal_id="90"/>
  <agent start_id="168" goal_id="114"/>
  <agent start_id="57" goal_id="144"/>
  <agent start_id="16" goal_id="34"/>
  <agent start_id="164" goal_id="76"/>
  <agent start_id="37" goal_id="51"/>
  <agent start_id="55" goal_id="193"/>
  <agent start_id="124" goal_id="126"/>
  <agent start_id="153" goal_id="195"/>
  <agent start_id="106" goal_id="169"/>
  <agent start_id="61" goal_id="140"/>
  <agent start_id="157" goal_id="11"/>
  <agent start_id="169" goal_id="166"/>
  <agent start_id="145" goal_id="155"/>
  <agent start_id="151" goal_id="187"/>
  <agent start_id="196" goal_id="103"/>
  <agent start_id="74" goal_id="167"/>
  <agent start_id="85" goal_id="123"/>
  <agent start_id="115" goal_id="134"/>
  <agent start_id="137" goal_id="185"/>
  <agent start_id="112" goal_id="16"/>
  <agent start_id="104" goal_id="72"/>
  <agent start_id="34" goal_id="139"/>
  <agent start_id="199" goal_id="97"/>
  <agent start_id="148" goal_id="55"/>
  <agent start_id="102" goal_id="159"/>
  <agent start_id="9" goal_id="46"/>
  <agent start_id="184" goal_id="39"/>
  <agent start_id="146" goal_id="73"/>
  <agent start_id="86" goal_id="85"/>
  <agent start_id="20" goal_id="1"/>
  <agent start_id="78" goal_id="112"/>
  <agent start_id="187" goal_id="163"/>
  <agent start_id="173" goal_id="162"/>
  <agent start_id="96" goal_id="58"/>
  <agent start_id="118" goal_id="33"/>
  <agent start_id="192" goal_id="197"/>
</root>
