<?xml version="1.0" ?>
<root>
  <agent start_id="87" goal_id="71"/>
  <agent start_id="1" goal_id="149"/>
  <agent start_id="155" goal_id="187"/>
  <agent start_id="191" goal_id="35"/>
  <agent start_id="176" goal_id="38"/>
  <agent start_id="199" goal_id="126"/>
  <agent start_id="187" goal_id="117"/>
  <agent start_id="61" goal_id="89"/>
  <agent start_id="141" goal_id="30"/>
  <agent start_id="37" goal_id="195"/>
  <agent start_id="58" goal_id="139"/>
  <agent start_id="180" goal_id="175"/>
  <agent start_id="128" goal_id="109"/>
  <agent start_id="92" goal_id="95"/>
  <agent start_id="143" goal_id="46"/>
  <agent start_id="110" goal_id="65"/>
  <agent start_id="22" goal_id="147"/>
  <agent start_id="27" goal_id="1"/>
  <agent start_id="173" goal_id="80"/>
  <agent start_id="6" goal_id="24"/>
  <agent start_id="190" goal_id="136"/>
  <agent start_id="84" goal_id="7"/>
  <agent start_id="48" goal_id="118"/>
  <agent start_id="55" goal_id="198"/>
  <agent start_id="29" goal_id="182"/>
  <agent start_id="18" goal_id="170"/>
  <agent start_id="134" goal_id="134"/>
  <agent start_id="12" goal_id="94"/>
  <agent start_id="127" goal_id="157"/>
  <agent start_id="41" goal_id="168"/>
  <agent start_id="126" goal_id="33"/>
  <agent start_id="194" goal_id="191"/>
  <agent start_id="86" goal_id="176"/>
  <agent start_id="62" goal_id="27"/>
  <agent start_id="83" goal_id="178"/>
  <agent start_id="121" goal_id="192"/>
  <agent start_id="172" goal_id="133"/>
  <agent start_id="95" goal_id="84"/>
  <agent start_id="69" goal_id="112"/>
  <agent start_id="51" goal_id="153"/>
  <agent start_id="174" goal_id="143"/>
  <agent start_id="161" goal_id="101"/>
  <agent start_id="74" goal_id="122"/>
  <agent start_id="153" goal_id="162"/>
  <agent start_id="91" goal_id="57"/>
  <agent start_id="32" goal_id="44"/>
  <agent start_id="160" goal_id="58"/>
  <agent start_id="151" goal_id="159"/>
  <agent start_id="38" goal_id="59"/>
  <agent start_id="25" goal_id="173"/>
</root>
