<?xml version="1.0" ?>
<root>
  <agent start_id="99" goal_id="185"/>
  <agent start_id="188" goal_id="66"/>
  <agent start_id="183" goal_id="94"/>
  <agent start_id="132" goal_id="92"/>
  <agent start_id="137" goal_id="187"/>
  <agent start_id="1" goal_id="105"/>
  <agent start_id="106" goal_id="32"/>
  <agent start_id="190" goal_id="98"/>
  <agent start_id="17" goal_id="175"/>
  <agent start_id="14" goal_id="5"/>
  <agent start_id="151" goal_id="116"/>
  <agent start_id="45" goal_id="115"/>
  <agent start_id="146" goal_id="59"/>
  <agent start_id="19" goal_id="54"/>
  <agent start_id="122" goal_id="10"/>
  <agent start_id="157" goal_id="35"/>
  <agent start_id="38" goal_id="67"/>
  <agent start_id="144" goal_id="125"/>
  <agent start_id="76" goal_id="149"/>
  <agent start_id="67" goal_id="40"/>
  <agent start_id="113" goal_id="20"/>
  <agent start_id="59" goal_id="177"/>
  <agent start_id="164" goal_id="133"/>
  <agent start_id="80" goal_id="95"/>
  <agent start_id="120" goal_id="119"/>
  <agent start_id="70" goal_id="194"/>
  <agent start_id="49" goal_id="61"/>
  <agent start_id="26" goal_id="23"/>
  <agent start_id="91" goal_id="44"/>
  <agent start_id="37" goal_id="88"/>
  <agent start_id="191" goal_id="63"/>
  <agent start_id="90" goal_id="132"/>
  <agent start_id="184" goal_id="72"/>
  <agent start_id="56" goal_id="157"/>
  <agent start_id="74" goal_id="199"/>
  <agent start_id="173" goal_id="107"/>
  <agent start_id="125" goal_id="68"/>
  <agent start_id="143" goal_id="135"/>
  <agent start_id="110" goal_id="197"/>
  <agent start_id="181" goal_id="36"/>
  <agent start_id="134" goal_id="163"/>
  <agent start_id="168" goal_id="6"/>
  <agent start_id="187" goal_id="4"/>
  <agent start_id="198" goal_id="7"/>
  <agent start_id="176" goal_id="117"/>
  <agent start_id="145" goal_id="8"/>
  <agent start_id="140" goal_id="52"/>
  <agent start_id="195" goal_id="57"/>
  <agent start_id="189" goal_id="168"/>
  <agent start_id="95" goal_id="144"/>
</root>
