<?xml version="1.0" ?>
<root>
  <agent start_id="20" goal_id="123"/>
  <agent start_id="33" goal_id="4"/>
  <agent start_id="154" goal_id="144"/>
  <agent start_id="135" goal_id="20"/>
  <agent start_id="93" goal_id="11"/>
  <agent start_id="44" goal_id="196"/>
  <agent start_id="130" goal_id="16"/>
  <agent start_id="8" goal_id="169"/>
  <agent start_id="164" goal_id="133"/>
  <agent start_id="160" goal_id="128"/>
  <agent start_id="186" goal_id="174"/>
  <agent start_id="23" goal_id="185"/>
  <agent start_id="112" goal_id="1"/>
  <agent start_id="137" goal_id="90"/>
  <agent start_id="161" goal_id="25"/>
  <agent start_id="175" goal_id="105"/>
  <agent start_id="151" goal_id="193"/>
  <agent start_id="147" goal_id="127"/>
  <agent start_id="166" goal_id="46"/>
  <agent start_id="50" goal_id="68"/>
  <agent start_id="103" goal_id="48"/>
  <agent start_id="192" goal_id="56"/>
  <agent start_id="71" goal_id="27"/>
  <agent start_id="76" goal_id="77"/>
  <agent start_id="100" goal_id="32"/>
  <agent start_id="26" goal_id="135"/>
  <agent start_id="0" goal_id="114"/>
  <agent start_id="108" goal_id="50"/>
  <agent start_id="12" goal_id="197"/>
  <agent start_id="40" goal_id="33"/>
  <agent start_id="29" goal_id="67"/>
  <agent start_id="25" goal_id="40"/>
  <agent start_id="2" goal_id="155"/>
  <agent start_id="43" goal_id="43"/>
  <agent start_id="125" goal_id="26"/>
  <agent start_id="58" goal_id="80"/>
  <agent start_id="42" goal_id="190"/>
  <agent start_id="123" goal_id="189"/>
  <agent start_id="19" goal_id="157"/>
  <agent start_id="158" goal_id="131"/>
  <agent start_id="122" goal_id="140"/>
  <agent start_id="86" goal_id="172"/>
  <agent start_id="75" goal_id="188"/>
  <agent start_id="116" goal_id="39"/>
  <agent start_id="54" goal_id="111"/>
  <agent start_id="115" goal_id="161"/>
  <agent start_id="138" goal_id="180"/>
  <agent start_id="195" goal_id="139"/>
  <agent start_id="28" goal_id="78"/>
  <agent start_id="183" goal_id="142"/>
</root>
