<?xml version="1.0" ?>
<root>
  <agent start_id="0" goal_id="47"/>
  <agent start_id="111" goal_id="94"/>
  <agent start_id="137" goal_id="154"/>
  <agent start_id="199" goal_id="113"/>
  <agent start_id="90" goal_id="177"/>
  <agent start_id="168" goal_id="25"/>
  <agent start_id="120" goal_id="18"/>
  <agent start_id="14" goal_id="155"/>
  <agent start_id="154" goal_id="161"/>
  <agent start_id="138" goal_id="107"/>
  <agent start_id="162" goal_id="23"/>
  <agent start_id="171" goal_id="145"/>
  <agent start_id="68" goal_id="108"/>
  <agent start_id="129" goal_id="198"/>
  <agent start_id="71" goal_id="142"/>
  <agent start_id="78" goal_id="149"/>
  <agent start_id="159" goal_id="76"/>
  <agent start_id="98" goal_id="130"/>
  <agent start_id="135" goal_id="147"/>
  <agent start_id="84" goal_id="67"/>
  <agent start_id="97" goal_id="120"/>
  <agent start_id="63" goal_id="22"/>
  <agent start_id="25" goal_id="185"/>
  <agent start_id="16" goal_id="86"/>
  <agent start_id="189" goal_id="127"/>
  <agent start_id="94" goal_id="143"/>
  <agent start_id="9" goal_id="34"/>
  <agent start_id="198" goal_id="100"/>
  <agent start_id="183" goal_id="20"/>
  <agent start_id="28" goal_id="64"/>
  <agent start_id="89" goal_id="179"/>
  <agent start_id="43" goal_id="160"/>
  <agent start_id="125" goal_id="38"/>
  <agent start_id="47" goal_id="50"/>
  <agent start_id="143" goal_id="91"/>
  <agent start_id="52" goal_id="180"/>
  <agent start_id="175" goal_id="137"/>
  <agent start_id="148" goal_id="6"/>
  <agent start_id="165" goal_id="65"/>
  <agent start_id="131" goal_id="118"/>
  <agent start_id="140" goal_id="173"/>
  <agent start_id="96" goal_id="165"/>
  <agent start_id="155" goal_id="37"/>
  <agent start_id="170" goal_id="31"/>
  <agent start_id="121" goal_id="135"/>
  <agent start_id="31" goal_id="104"/>
  <agent start_id="76" goal_id="44"/>
  <agent start_id="191" goal_id="168"/>
  <agent start_id="95" goal_id="170"/>
  <agent start_id="108" goal_id="53"/>
</root>
