<?xml version="1.0" ?>
<root>
  <agent start_id="89" goal_id="68"/>
  <agent start_id="90" goal_id="135"/>
  <agent start_id="197" goal_id="66"/>
  <agent start_id="82" goal_id="31"/>
  <agent start_id="2" goal_id="181"/>
  <agent start_id="39" goal_id="62"/>
  <agent start_id="193" goal_id="162"/>
  <agent start_id="118" goal_id="79"/>
  <agent start_id="60" goal_id="18"/>
  <agent start_id="69" goal_id="146"/>
  <agent start_id="136" goal_id="170"/>
  <agent start_id="26" goal_id="23"/>
  <agent start_id="99" goal_id="128"/>
  <agent start_id="152" goal_id="114"/>
  <agent start_id="132" goal_id="142"/>
  <agent start_id="155" goal_id="64"/>
  <agent start_id="134" goal_id="129"/>
  <agent start_id="96" goal_id="138"/>
  <agent start_id="184" goal_id="98"/>
  <agent start_id="43" goal_id="81"/>
  <agent start_id="135" goal_id="22"/>
  <agent start_id="104" goal_id="17"/>
  <agent start_id="91" goal_id="45"/>
  <agent start_id="160" goal_id="91"/>
  <agent start_id="59" goal_id="195"/>
  <agent start_id="151" goal_id="137"/>
  <agent start_id="3" goal_id="124"/>
  <agent start_id="150" goal_id="106"/>
  <agent start_id="0" goal_id="179"/>
  <agent start_id="32" goal_id="188"/>
  <agent start_id="74" goal_id="76"/>
  <agent start_id="55" goal_id="96"/>
  <agent start_id="66" goal_id="132"/>
  <agent start_id="1" goal_id="102"/>
  <agent start_id="191" goal_id="44"/>
  <agent start_id="8" goal_id="149"/>
  <agent start_id="30" goal_id="155"/>
  <agent start_id="21" goal_id="10"/>
  <agent start_id="107" goal_id="51"/>
  <agent start_id="156" goal_id="46"/>
  <agent start_id="35" goal_id="80"/>
  <agent start_id="36" goal_id="28"/>
  <agent start_id="48" goal_id="90"/>
  <agent start_id="68" goal_id="77"/>
  <agent start_id="129" goal_id="194"/>
  <agent start_id="87" goal_id="156"/>
  <agent start_id="13" goal_id="133"/>
  <agent start_id="158" goal_id="173"/>
  <agent start_id="17" goal_id="163"/>
  <agent start_id="22" goal_id="61"/>
</root>
