<?xml version="1.0" ?>
<root>
  <agent start_id="184" goal_id="32"/>
  <agent start_id="2" goal_id="125"/>
  <agent start_id="129" goal_id="97"/>
  <agent start_id="102" goal_id="167"/>
  <agent start_id="159" goal_id="113"/>
  <agent start_id="118" goal_id="27"/>
  <agent start_id="78" goal_id="49"/>
  <agent start_id="75" goal_id="92"/>
  <agent start_id="189" goal_id="158"/>
  <agent start_id="47" goal_id="132"/>
  <agent start_id="56" goal_id="143"/>
  <agent start_id="25" goal_id="133"/>
  <agent start_id="152" goal_id="29"/>
  <agent start_id="135" goal_id="2"/>
  <agent start_id="160" goal_id="10"/>
  <agent start_id="126" goal_id="35"/>
  <agent start_id="11" goal_id="75"/>
  <agent start_id="120" goal_id="122"/>
  <agent start_id="142" goal_id="98"/>
  <agent start_id="24" goal_id="144"/>
  <agent start_id="0" goal_id="79"/>
  <agent start_id="198" goal_id="126"/>
  <agent start_id="155" goal_id="14"/>
  <agent start_id="50" goal_id="166"/>
  <agent start_id="175" goal_id="185"/>
  <agent start_id="60" goal_id="128"/>
  <agent start_id="157" goal_id="192"/>
  <agent start_id="83" goal_id="40"/>
  <agent start_id="144" goal_id="136"/>
  <agent start_id="59" goal_id="11"/>
  <agent start_id="166" goal_id="153"/>
  <agent start_id="176" goal_id="46"/>
  <agent start_id="174" goal_id="16"/>
  <agent start_id="8" goal_id="138"/>
  <agent start_id="82" goal_id="140"/>
  <agent start_id="88" goal_id="80"/>
  <agent start_id="62" goal_id="147"/>
  <agent start_id="179" goal_id="182"/>
  <agent start_id="103" goal_id="17"/>
  <agent start_id="99" goal_id="173"/>
  <agent start_id="196" goal_id="83"/>
  <agent start_id="18" goal_id="199"/>
  <agent start_id="42" goal_id="107"/>
  <agent start_id="64" goal_id="190"/>
  <agent start_id="51" goal_id="174"/>
  <agent start_id="188" goal_id="117"/>
  <agent start_id="149" goal_id="198"/>
  <agent start_id="38" goal_id="72"/>
  <agent start_id="151" goal_id="194"/>
  <agent start_id="117" goal_id="68"/>
</root>
