<?xml version="1.0" ?>
<root>
  <agent start_id="170" goal_id="87"/>
  <agent start_id="29" goal_id="81"/>
  <agent start_id="184" goal_id="85"/>
  <agent start_id="138" goal_id="83"/>
  <agent start_id="51" goal_id="173"/>
  <agent start_id="21" goal_id="147"/>
  <agent start_id="146" goal_id="49"/>
  <agent start_id="58" goal_id="45"/>
  <agent start_id="157" goal_id="17"/>
  <agent start_id="42" goal_id="124"/>
  <agent start_id="94" goal_id="20"/>
  <agent start_id="35" goal_id="122"/>
  <agent start_id="99" goal_id="57"/>
  <agent start_id="84" goal_id="47"/>
  <agent start_id="193" goal_id="98"/>
  <agent start_id="45" goal_id="186"/>
  <agent start_id="189" goal_id="23"/>
  <agent start_id="13" goal_id="133"/>
  <agent start_id="137" goal_id="13"/>
  <agent start_id="160" goal_id="107"/>
  <agent start_id="124" goal_id="172"/>
  <agent start_id="194" goal_id="71"/>
  <agent start_id="115" goal_id="70"/>
  <agent start_id="60" goal_id="10"/>
  <agent start_id="56" goal_id="14"/>
  <agent start_id="55" goal_id="179"/>
  <agent start_id="41" goal_id="127"/>
  <agent start_id="9" goal_id="120"/>
  <agent start_id="16" goal_id="32"/>
  <agent start_id="177" goal_id="189"/>
  <agent start_id="130" goal_id="115"/>
  <agent start_id="8" goal_id="149"/>
  <agent start_id="195" goal_id="38"/>
  <agent start_id="43" goal_id="123"/>
  <agent start_id="37" goal_id="76"/>
  <agent start_id="64" goal_id="86"/>
  <agent start_id="68" goal_id="40"/>
  <agent start_id="153" goal_id="26"/>
  <agent start_id="132" goal_id="145"/>
  <agent start_id="3" goal_id="89"/>
  <agent start_id="105" goal_id="94"/>
  <agent start_id="0" goal_id="164"/>
  <agent start_id="67" goal_id="132"/>
  <agent start_id="100" goal_id="197"/>
  <agent start_id="107" goal_id="82"/>
  <agent start_id="88" goal_id="143"/>
  <agent start_id="166" goal_id="177"/>
  <agent start_id="167" goal_id="181"/>
  <agent start_id="32" goal_id="111"/>
  <agent start_id="17" goal_id="18"/>
</root>
