<?xml version="1.0" ?>
<root>
  <agent start_id="140" goal_id="63"/>
  <agent start_id="8" goal_id="178"/>
  <agent start_id="38" goal_id="147"/>
  <agent start_id="149" goal_id="73"/>
  <agent start_id="13" goal_id="98"/>
  <agent start_id="167" goal_id="194"/>
  <agent start_id="88" goal_id="93"/>
  <agent start_id="96" goal_id="166"/>
  <agent start_id="179" goal_id="199"/>
  <agent start_id="139" goal_id="61"/>
  <agent start_id="114" goal_id="86"/>
  <agent start_id="68" goal_id="20"/>
  <agent start_id="159" goal_id="115"/>
  <agent start_id="27" goal_id="186"/>
  <agent start_id="76" goal_id="173"/>
  <agent start_id="163" goal_id="107"/>
  <agent start_id="92" goal_id="29"/>
  <agent start_id="29" goal_id="101"/>
  <agent start_id="30" goal_id="109"/>
  <agent start_id="45" goal_id="100"/>
  <agent start_id="83" goal_id="160"/>
  <agent start_id="174" goal_id="92"/>
  <agent start_id="147" goal_id="78"/>
  <agent start_id="142" goal_id="142"/>
  <agent start_id="102" goal_id="94"/>
  <agent start_id="128" goal_id="158"/>
  <agent start_id="3" goal_id="5"/>
  <agent start_id="185" goal_id="26"/>
  <agent start_id="194" goal_id="69"/>
  <agent start_id="60" goal_id="177"/>
  <agent start_id="43" goal_id="191"/>
  <agent start_id="176" goal_id="152"/>
  <agent start_id="6" goal_id="41"/>
  <agent start_id="32" goal_id="19"/>
  <agent start_id="20" goal_id="38"/>
  <agent start_id="199" goal_id="123"/>
  <agent start_id="55" goal_id="140"/>
  <agent start_id="184" goal_id="24"/>
  <agent start_id="173" goal_id="42"/>
  <agent start_id="198" goal_id="162"/>
  <agent start_id="157" goal_id="16"/>
  <agent start_id="57" goal_id="65"/>
  <agent start_id="84" goal_id="11"/>
  <agent start_id="108" goal_id="58"/>
  <agent start_id="100" goal_id="131"/>
  <agent start_id="151" goal_id="30"/>
  <agent start_id="15" goal_id="44"/>
  <agent start_id="124" goal_id="31"/>
  <agent start_id="154" goal_id="154"/>
  <agent start_id="134" goal_id="148"/>
</root>
