<?xml version="1.0" ?>
<root>
  <agent start_id="126" goal_id="134"/>
  <agent start_id="56" goal_id="16"/>
  <agent start_id="85" goal_id="111"/>
  <agent start_id="181" goal_id="91"/>
  <agent start_id="35" goal_id="110"/>
  <agent start_id="95" goal_id="119"/>
  <agent start_id="75" goal_id="74"/>
  <agent start_id="137" goal_id="22"/>
  <agent start_id="139" goal_id="136"/>
  <agent start_id="53" goal_id="183"/>
  <agent start_id="31" goal_id="9"/>
  <agent start_id="192" goal_id="193"/>
  <agent start_id="92" goal_id="187"/>
  <agent start_id="34" goal_id="141"/>
  <agent start_id="173" goal_id="152"/>
  <agent start_id="188" goal_id="44"/>
  <agent start_id="48" goal_id="88"/>
  <agent start_id="178" goal_id="147"/>
  <agent start_id="190" goal_id="46"/>
  <agent start_id="64" goal_id="122"/>
  <agent start_id="159" goal_id="83"/>
  <agent start_id="19" goal_id="138"/>
  <agent start_id="183" goal_id="0"/>
  <agent start_id="156" goal_id="157"/>
  <agent start_id="39" goal_id="178"/>
  <agent start_id="133" goal_id="100"/>
  <agent start_id="122" goal_id="174"/>
  <agent start_id="88" goal_id="77"/>
  <agent start_id="149" goal_id="14"/>
  <agent start_id="128" goal_id="130"/>
  <agent start_id="147" goal_id="59"/>
  <agent start_id="110" goal_id="151"/>
  <agent start_id="119" goal_id="98"/>
  <agent start_id="93" goal_id="50"/>
  <agent start_id="13" goal_id="47"/>
  <agent start_id="1" goal_id="107"/>
  <agent start_id="111" goal_id="176"/>
  <agent start_id="42" goal_id="168"/>
  <agent start_id="144" goal_id="123"/>
  <agent start_id="105" goal_id="52"/>
  <agent start_id="59" goal_id="29"/>
  <agent start_id="100" goal_id="159"/>
  <agent start_id="151" goal_id="78"/>
  <agent start_id="165" goal_id="71"/>
  <agent start_id="44" goal_id="72"/>
  <agent start_id="82" goal_id="116"/>
  <agent start_id="109" goal_id="21"/>
  <agent start_id="68" goal_id="26"/>
  <agent start_id="135" goal_id="41"/>
  <agent start_id="161" goal_id="30"/>
</root>
