<?xml version="1.0" ?>
<root>
  <agent start_id="0" goal_id="155"/>
  <agent start_id="140" goal_id="131"/>
  <agent start_id="51" goal_id="161"/>
  <agent start_id="152" goal_id="189"/>
  <agent start_id="106" goal_id="196"/>
  <agent start_id="78" goal_id="139"/>
  <agent start_id="197" goal_id="28"/>
  <agent start_id="123" goal_id="170"/>
  <agent start_id="77" goal_id="72"/>
  <agent start_id="135" goal_id="183"/>
  <agent start_id="187" goal_id="97"/>
  <agent start_id="107" goal_id="152"/>
  <agent start_id="59" goal_id="137"/>
  <agent start_id="12" goal_id="54"/>
  <agent start_id="125" goal_id="122"/>
  <agent start_id="6" goal_id="66"/>
  <agent start_id="1" goal_id="173"/>
  <agent start_id="43" goal_id="96"/>
  <agent start_id="151" goal_id="125"/>
  <agent start_id="121" goal_id="64"/>
  <agent start_id="89" goal_id="61"/>
  <agent start_id="56" goal_id="181"/>
  <agent start_id="159" goal_id="92"/>
  <agent start_id="33" goal_id="150"/>
  <agent start_id="192" goal_id="114"/>
  <agent start_id="181" goal_id="26"/>
  <agent start_id="185" goal_id="36"/>
  <agent start_id="111" goal_id="29"/>
  <agent start_id="35" goal_id="163"/>
  <agent start_id="65" goal_id="23"/>
  <agent start_id="109" goal_id="59"/>
  <agent start_id="126" goal_id="186"/>
  <agent start_id="100" goal_id="76"/>
  <agent start_id="28" goal_id="62"/>
  <agent start_id="11" goal_id="135"/>
  <agent start_id="163" goal_id="192"/>
  <agent start_id="48" goal_id="128"/>
  <agent start_id="40" goal_id="43"/>
  <agent start_id="27" goal_id="140"/>
  <agent start_id="81" goal_id="199"/>
  <agent start_id="41" goal_id="101"/>
  <agent start_id="44" goal_id="15"/>
  <agent start_id="70" goal_id="40"/>
  <agent start_id="54" goal_id="194"/>
  <agent start_id="36" goal_id="115"/>
  <agent start_id="47" goal_id="51"/>
  <agent start_id="186" goal_id="191"/>
  <agent start_id="122" goal_id="69"/>
  <agent start_id="148" goal_id="4"/>
  <agent start_id="24" goal_id="106"/>
</root>
