<?xml version="1.0" ?>
<root>
  <agent start_id="133" goal_id="132"/>
  <agent start_id="141" goal_id="108"/>
  <agent start_id="199" goal_id="120"/>
  <agent start_id="123" goal_id="81"/>
  <agent start_id="76" goal_id="89"/>
  <agent start_id="135" goal_id="161"/>
  <agent start_id="23" goal_id="135"/>
  <agent start_id="193" goal_id="52"/>
  <agent start_id="0" goal_id="40"/>
  <agent start_id="19" goal_id="48"/>
  <agent start_id="80" goal_id="101"/>
  <agent start_id="172" goal_id="141"/>
  <agent start_id="55" goal_id="35"/>
  <agent start_id="82" goal_id="121"/>
  <agent start_id="29" goal_id="11"/>
  <agent start_id="177" goal_id="72"/>
  <agent start_id="53" goal_id="148"/>
  <agent start_id="95" goal_id="165"/>
  <agent start_id="7" goal_id="21"/>
  <agent start_id="32" goal_id="64"/>
  <agent start_id="24" goal_id="106"/>
  <agent start_id="161" goal_id="80"/>
  <agent start_id="2" goal_id="99"/>
  <agent start_id="108" goal_id="111"/>
  <agent start_id="122" goal_id="17"/>
  <agent start_id="126" goal_id="130"/>
  <agent start_id="72" goal_id="173"/>
  <agent start_id="163" goal_id="24"/>
  <agent start_id="15" goal_id="197"/>
  <agent start_id="117" goal_id="65"/>
  <agent start_id="130" goal_id="74"/>
  <agent start_id="64" goal_id="1"/>
  <agent start_id="52" goal_id="104"/>
  <agent start_id="125" goal_id="58"/>
  <agent start_id="106" goal_id="119"/>
  <agent start_id="69" goal_id="53"/>
  <agent start_id="196" goal_id="144"/>
  <agent start_id="34" goal_id="123"/>
  <agent start_id="154" goal_id="138"/>
  <agent start_id="181" goal_id="14"/>
  <agent start_id="96" goal_id="125"/>
  <agent start_id="137" goal_id="46"/>
  <agent start_id="37" goal_id="164"/>
  <agent start_id="8" goal_id="50"/>
  <agent start_id="25" goal_id="181"/>
  <agent start_id="183" goal_id="3"/>
  <agent start_id="79" goal_id="129"/>
  <agent start_id="66" goal_id="154"/>
  <agent start_id="159" goal_id="137"/>
  <agent start_id="67" goal_id="152"/>
</root>
