<?xml version="1.0" ?>
<root>
  <agent start_id="18" goal_id="18"/>
  <agent start_id="36" goal_id="148"/>
  <agent start_id="199" goal_id="151"/>
  <agent start_id="135" goal_id="75"/>
  <agent start_id="22" goal_id="14"/>
  <agent start_id="24" goal_id="126"/>
  <agent start_id="179" goal_id="23"/>
  <agent start_id="63" goal_id="153"/>
  <agent start_id="168" goal_id="41"/>
  <agent start_id="121" goal_id="190"/>
  <agent start_id="81" goal_id="102"/>
  <agent start_id="188" goal_id="138"/>
  <agent start_id="26" goal_id="44"/>
  <agent start_id="102" goal_id="183"/>
  <agent start_id="29" goal_id="127"/>
  <agent start_id="54" goal_id="195"/>
  <agent start_id="52" goal_id="5"/>
  <agent start_id="142" goal_id="152"/>
  <agent start_id="129" goal_id="56"/>
  <agent start_id="31" goal_id="194"/>
  <agent start_id="77" goal_id="188"/>
  <agent start_id="56" goal_id="51"/>
  <agent start_id="105" goal_id="69"/>
  <agent start_id="147" goal_id="84"/>
  <agent start_id="78" goal_id="40"/>
  <agent start_id="88" goal_id="99"/>
  <agent start_id="198" goal_id="91"/>
  <agent start_id="87" goal_id="13"/>
  <agent start_id="193" goal_id="131"/>
  <agent start_id="157" goal_id="62"/>
  <agent start_id="172" goal_id="197"/>
  <agent start_id="2" goal_id="67"/>
  <agent start_id="117" goal_id="54"/>
  <agent start_id="112" goal_id="32"/>
  <agent start_id="58" goal_id="36"/>
  <agent start_id="183" goal_id="43"/>
  <agent start_id="68" goal_id="161"/>
  <agent start_id="191" goal_id="78"/>
  <agent start_id="195" goal_id="26"/>
  <agent start_id="154" goal_id="179"/>
  <agent start_id="14" goal_id="57"/>
  <agent start_id="80" goal_id="22"/>
  <agent start_id="113" goal_id="180"/>
  <agent start_id="23" goal_id="121"/>
  <agent start_id="145" goal_id="28"/>
  <agent start_id="91" goal_id="115"/>
  <agent start_id="106" goal_id="59"/>
  <agent start_id="73" goal_id="135"/>
  <agent start_id="173" goal_id="110"/>
  <agent start_id="89" goal_id="96"/>
</root>
