<?xml version="1.0" ?>
<root>
  <agent start_id="187" goal_id="32"/>
  <agent start_id="139" goal_id="127"/>
  <agent start_id="92" goal_id="82"/>
  <agent start_id="112" goal_id="151"/>
  <agent start_id="86" goal_id="19"/>
  <agent start_id="29" goal_id="65"/>
  <agent start_id="197" goal_id="7"/>
  <agent start_id="121" goal_id="88"/>
  <agent start_id="5" goal_id="26"/>
  <agent start_id="184" goal_id="138"/>
  <agent start_id="145" goal_id="97"/>
  <agent start_id="75" goal_id="190"/>
  <agent start_id="79" goal_id="34"/>
  <agent start_id="60" goal_id="176"/>
  <agent start_id="107" goal_id="15"/>
  <agent start_id="194" goal_id="155"/>
  <agent start_id="134" goal_id="83"/>
  <agent start_id="50" goal_id="5"/>
  <agent start_id="35" goal_id="18"/>
  <agent start_id="63" goal_id="89"/>
  <agent start_id="155" goal_id="145"/>
  <agent start_id="177" goal_id="98"/>
  <agent start_id="36" goal_id="76"/>
  <agent start_id="17" goal_id="53"/>
  <agent start_id="129" goal_id="73"/>
  <agent start_id="3" goal_id="162"/>
  <agent start_id="113" goal_id="131"/>
  <agent start_id="90" goal_id="43"/>
  <agent start_id="116" goal_id="153"/>
  <agent start_id="10" goal_id="142"/>
  <agent start_id="39" goal_id="91"/>
  <agent start_id="158" goal_id="152"/>
  <agent start_id="125" goal_id="179"/>
  <agent start_id="37" goal_id="157"/>
  <agent start_id="181" goal_id="78"/>
  <agent start_id="198" goal_id="196"/>
  <agent start_id="195" goal_id="60"/>
  <agent start_id="105" goal_id="67"/>
  <agent start_id="89" goal_id="132"/>
  <agent start_id="182" goal_id="195"/>
  <agent start_id="130" goal_id="55"/>
  <agent start_id="170" goal_id="0"/>
  <agent start_id="151" goal_id="117"/>
  <agent start_id="20" goal_id="161"/>
  <agent start_id="102" goal_id="63"/>
  <agent start_id="56" goal_id="156"/>
  <agent start_id="101" goal_id="184"/>
  <agent start_id="59" goal_id="106"/>
  <agent start_id="31" goal_id="125"/>
  <agent start_id="15" goal_id="69"/>
</root>
