<?xml version="1.0" ?>
<root>
  <agent start_id="166" goal_id="94"/>
  <agent start_id="69" goal_id="38"/>
  <agent start_id="185" goal_id="108"/>
  <agent start_id="84" goal_id="150"/>
  <agent start_id="174" goal_id="162"/>
  <agent start_id="95" goal_id="83"/>
  <agent start_id="72" goal_id="153"/>
  <agent start_id="96" goal_id="143"/>
  <agent start_id="169" goal_id="113"/>
  <agent start_id="192" goal_id="61"/>
  <agent start_id="160" goal_id="97"/>
  <agent start_id="142" goal_id="175"/>
  <agent start_id="9" goal_id="37"/>
  <agent start_id="81" goal_id="71"/>
  <agent start_id="5" goal_id="165"/>
  <agent start_id="183" goal_id="14"/>
  <agent start_id="94" goal_id="145"/>
  <agent start_id="15" goal_id="47"/>
  <agent start_id="154" goal_id="192"/>
  <agent start_id="156" goal_id="91"/>
  <agent start_id="120" goal_id="114"/>
  <agent start_id="40" goal_id="106"/>
  <agent start_id="80" goal_id="199"/>
  <agent start_id="27" goal_id="9"/>
  <agent start_id="113" goal_id="25"/>
  <agent start_id="47" goal_id="118"/>
  <agent start_id="163" goal_id="33"/>
  <agent start_id="32" goal_id="119"/>
  <agent start_id="102" goal_id="67"/>
  <agent start_id="118" goal_id="42"/>
  <agent start_id="105" goal_id="99"/>
  <agent start_id="53" goal_id="40"/>
  <agent start_id="195" goal_id="31"/>
  <agent start_id="145" goal_id="79"/>
  <agent start_id="87" goal_id="17"/>
  <agent start_id="45" goal_id="58"/>
  <agent start_id="164" goal_id="41"/>
  <agent start_id="108" goal_id="2"/>
  <agent start_id="132" goal_id="5"/>
  <agent start_id="12" goal_id="140"/>
  <agent start_id="41" goal_id="109"/>
  <agent start_id="128" goal_id="43"/>
  <agent start_id="73" goal_id="27"/>
  <agent start_id="64" goal_id="131"/>
  <agent start_id="184" goal_id="195"/>
  <agent start_id="74" goal_id="11"/>
  <agent start_id="140" goal_id="123"/>
  <agent start_id="16" goal_id="169"/>
  <agent start_id="24" goal_id="166"/>
  <agent start_id="157" goal_id="193"/>
</root>
