<?xml version="1.0" ?>
<root>
  <agent start_id="78" goal_id="11"/>
  <agent start_id="43" goal_id="186"/>
  <agent start_id="158" goal_id="198"/>
  <agent start_id="88" goal_id="78"/>
  <agent start_id="177" goal_id="34"/>
  <agent start_id="135" goal_id="153"/>
  <agent start_id="40" goal_id="105"/>
  <agent start_id="155" goal_id="27"/>
  <agent start_id="87" goal_id="30"/>
  <agent start_id="48" goal_id="93"/>
  <agent start_id="64" goal_id="143"/>
  <agent start_id="99" goal_id="68"/>
  <agent start_id="178" goal_id="194"/>
  <agent start_id="12" goal_id="74"/>
  <agent start_id="74" goal_id="197"/>
  <agent start_id="62" goal_id="165"/>
  <agent start_id="170" goal_id="24"/>
  <agent start_id="185" goal_id="15"/>
  <agent start_id="84" goal_id="163"/>
  <agent start_id="173" goal_id="135"/>
  <agent start_id="83" goal_id="17"/>
  <agent start_id="66" goal_id="98"/>
  <agent start_id="70" goal_id="115"/>
  <agent start_id="11" goal_id="67"/>
  <agent start_id="46" goal_id="141"/>
  <agent start_id="181" goal_id="127"/>
  <agent start_id="116" goal_id="162"/>
  <agent start_id="22" goal_id="90"/>
  <agent start_id="138" goal_id="110"/>
  <agent start_id="71" goal_id="96"/>
  <agent start_id="37" goal_id="61"/>
  <agent start_id="107" goal_id="23"/>
  <agent start_id="193" goal_id="43"/>
  <agent start_id="149" goal_id="175"/>
  <agent start_id="91" goal_id="132"/>
  <agent start_id="188" goal_id="72"/>
  <agent start_id="112" goal_id="64"/>
  <agent start_id="120" goal_id="106"/>
  <agent start_id="114" goal_id="168"/>
  <agent start_id="18" goal_id="22"/>
  <agent start_id="32" goal_id="111"/>
  <agent start_id="144" goal_id="7"/>
  <agent start_id="68" goal_id="188"/>
  <agent start_id="53" goal_id="123"/>
  <agent start_id="101" goal_id="29"/>
  <agent start_id="65" goal_id="108"/>
  <agent start_id="163" goal_id="39"/>
  <agent start_id="121" goal_id="38"/>
  <agent start_id="34" goal_id="161"/>
  <agent start_id="4" goal_id="182"/>
</root>
