<?xml version="1.0" ?>
<root>
  <agent start_id="93" goal_id="171"/>
  <agent start_id="18" goal_id="86"/>
  <agent start_id="131" goal_id="26"/>
  <agent start_id="3" goal_id="195"/>
  <agent start_id="103" goal_id="190"/>
  <agent start_id="167" goal_id="116"/>
  <agent start_id="44" goal_id="43"/>
  <agent start_id="11" goal_id="34"/>
  <agent start_id="58" goal_id="127"/>
  <agent start_id="115" goal_id="121"/>
  <agent start_id="54" goal_id="140"/>
  <agent start_id="134" goal_id="55"/>
  <agent start_id="78" goal_id="178"/>
  <agent start_id="141" goal_id="1"/>
  <agent start_id="32" goal_id="163"/>
  <agent start_id="110" goal_id="49"/>
  <agent start_id="67" goal_id="137"/>
  <agent start_id="35" goal_id="77"/>
  <agent start_id="97" goal_id="191"/>
  <agent start_id="196" goal_id="138"/>
  <agent start_id="133" goal_id="20"/>
  <agent start_id="48" goal_id="84"/>
  <agent start_id="49" goal_id="150"/>
  <agent start_id="160" goal_id="197"/>
  <agent start_id="190" goal_id="98"/>
  <agent start_id="179" goal_id="142"/>
  <agent start_id="101" goal_id="185"/>
  <agent start_id="89" goal_id="18"/>
  <agent start_id="28" goal_id="94"/>
  <agent start_id="90" goal_id="112"/>
  <agent start_id="156" goal_id="108"/>
  <agent start_id="70" goal_id="99"/>
  <agent start_id="164" goal_id="11"/>
  <agent start_id="137" goal_id="79"/>
  <agent start_id="151" goal_id="50"/>
  <agent start_id="121" goal_id="59"/>
  <agent start_id="153" goal_id="180"/>
  <agent start_id="21" goal_id="100"/>
  <agent start_id="71" goal_id="67"/>
  <agent start_id="107" goal_id="145"/>
  <agent start_id="22" goal_id="69"/>
  <agent start_id="112" goal_id="8"/>
  <agent start_id="34" goal_id="109"/>
  <agent start_id="166" goal_id="74"/>
  <agent start_id="100" goal_id="39"/>
  <agent start_id="75" goal_id="3"/>
  <agent start_id="143" goal_id="83"/>
  <agent start_id="27" goal_id="152"/>
  <agent start_id="2" goal_id="143"/>
  <agent start_id="50" goal_id="174"/>
</root>
