<?xml version="1.0" ?>
<root>
  <agent start_id="198" goal_id="28"/>
  <agent start_id="180" goal_id="150"/>
  <agent start_id="158" goal_id="103"/>
  <agent start_id="79" goal_id="198"/>
  <agent start_id="151" goal_id="101"/>
  <agent start_id="32" goal_id="175"/>
  <agent start_id="55" goal_id="23"/>
  <agent start_id="126" goal_id="26"/>
  <agent start_id="7" goal_id="14"/>
  <agent start_id="2" goal_id="75"/>
  <agent start_id="112" goal_id="135"/>
  <agent start_id="85" goal_id="79"/>
  <agent start_id="98" goal_id="178"/>
  <agent start_id="172" goal_id="122"/>
  <agent start_id="107" goal_id="120"/>
  <agent start_id="134" goal_id="174"/>
  <agent start_id="95" goal_id="97"/>
  <agent start_id="115" goal_id="177"/>
  <agent start_id="88" goal_id="112"/>
  <agent start_id="168" goal_id="38"/>
  <agent start_id="19" goal_id="94"/>
  <agent start_id="109" goal_id="41"/>
  <agent start_id="29" goal_id="8"/>
  <agent start_id="94" goal_id="9"/>
  <agent start_id="5" goal_id="111"/>
  <agent start_id="65" goal_id="1"/>
  <agent start_id="182" goal_id="193"/>
  <agent start_id="118" goal_id="194"/>
  <agent start_id="6" goal_id="5"/>
  <agent start_id="192" goal_id="51"/>
  <agent start_id="179" goal_id="168"/>
  <agent start_id="100" goal_id="70"/>
  <agent start_id="137" goal_id="183"/>
  <agent start_id="27" goal_id="92"/>
  <agent start_id="51" goal_id="47"/>
  <agent start_id="93" goal_id="137"/>
  <agent start_id="169" goal_id="121"/>
  <agent start_id="47" goal_id="145"/>
  <agent start_id="80" goal_id="133"/>
  <agent start_id="177" goal_id="115"/>
  <agent start_id="18" goal_id="49"/>
  <agent start_id="22" goal_id="181"/>
  <agent start_id="9" goal_id="64"/>
  <agent start_id="165" goal_id="19"/>
  <agent start_id="77" goal_id="127"/>
  <agent start_id="130" goal_id="105"/>
  <agent start_id="195" goal_id="58"/>
  <agent start_id="156" goal_id="114"/>
  <agent start_id="14" goal_id="90"/>
  <agent start_id="121" goal_id="138"/>
</root>
