<?xml version="1.0" ?>
<root>
  <agent start_id="33" goal_id="164"/>
  <agent start_id="158" goal_id="120"/>
  <agent start_id="136" goal_id="191"/>
  <agent start_id="50" goal_id="168"/>
  <agent start_id="89" goal_id="72"/>
  <agent start_id="107" goal_id="20"/>
  <agent start_id="30" goal_id="14"/>
  <agent start_id="7" goal_id="95"/>
  <agent start_id="12" goal_id="106"/>
  <agent start_id="128" goal_id="100"/>
  <agent start_id="26" goal_id="90"/>
  <agent start_id="24" goal_id="105"/>
  <agent start_id="21" goal_id="24"/>
  <agent start_id="3" goal_id="142"/>
  <agent start_id="35" goal_id="48"/>
  <agent start_id="118" goal_id="52"/>
  <agent start_id="130" goal_id="82"/>
  <agent start_id="39" goal_id="159"/>
  <agent start_id="199" goal_id="97"/>
  <agent start_id="165" goal_id="154"/>
  <agent start_id="178" goal_id="86"/>
  <agent start_id="97" goal_id="149"/>
  <agent start_id="16" goal_id="160"/>
  <agent start_id="63" goal_id="50"/>
  <agent start_id="82" goal_id="156"/>
  <agent start_id="2" goal_id="68"/>
  <agent start_id="40" goal_id="21"/>
  <agent start_id="81" goal_id="64"/>
  <agent start_id="175" goal_id="65"/>
  <agent start_id="191" goal_id="115"/>
  <agent start_id="91" goal_id="185"/>
  <agent start_id="28" goal_id="195"/>
  <agent start_id="189" goal_id="36"/>
  <agent start_id="151" goal_id="11"/>
  <agent start_id="56" goal_id="38"/>
  <agent start_id="74" goal_id="87"/>
  <agent start_id="190" goal_id="43"/>
  <agent start_id="115" goal_id="0"/>
  <agent start_id="19" goal_id="84"/>
  <agent start_id="114" goal_id="186"/>
  <agent start_id="92" goal_id="180"/>
  <agent start_id="142" goal_id="127"/>
  <agent start_id="192" goal_id="2"/>
  <agent start_id="195" goal_id="116"/>
  <agent start_id="108" goal_id="125"/>
  <agent start_id="134" goal_id="139"/>
  <agent start_id="174" goal_id="3"/>
  <agent start_id="66" goal_id="182"/>
  <agent start_id="129" goal_id="114"/>
  <agent start_id="167" goal_id="62"/>
</root>
