<?xml version="1.0" ?>
<root>
  <agent start_id="48" goal_id="82"/>
  <agent start_id="147" goal_id="146"/>
  <agent start_id="112" goal_id="44"/>
  <agent start_id="159" goal_id="173"/>
  <agent start_id="43" goal_id="47"/>
  <agent start_id="131" goal_id="85"/>
  <agent start_id="59" goal_id="180"/>
  <agent start_id="103" goal_id="102"/>
  <agent start_id="187" goal_id="66"/>
  <agent start_id="133" goal_id="17"/>
  <agent start_id="175" goal_id="7"/>
  <agent start_id="124" goal_id="68"/>
  <agent start_id="62" goal_id="192"/>
  <agent start_id="130" goal_id="125"/>
  <agent start_id="35" goal_id="183"/>
  <agent start_id="192" goal_id="84"/>
  <agent start_id="30" goal_id="197"/>
  <agent start_id="152" goal_id="181"/>
  <agent start_id="84" goal_id="123"/>
  <agent start_id="179" goal_id="86"/>
  <agent start_id="119" goal_id="155"/>
  <agent start_id="60" goal_id="135"/>
  <agent start_id="142" goal_id="164"/>
  <agent start_id="156" goal_id="128"/>
  <agent start_id="46" goal_id="92"/>
  <agent start_id="45" goal_id="150"/>
  <agent start_id="105" goal_id="75"/>
  <agent start_id="65" goal_id="34"/>
  <agent start_id="70" goal_id="37"/>
  <agent start_id="64" goal_id="184"/>
  <agent start_id="182" goal_id="186"/>
  <agent start_id="191" goal_id="77"/>
  <agent start_id="76" goal_id="9"/>
  <agent start_id="177" goal_id="137"/>
  <agent start_id="138" goal_id="94"/>
  <agent start_id="13" goal_id="88"/>
  <agent start_id="8" goal_id="27"/>
  <agent start_id="165" goal_id="60"/>
  <agent start_id="87" goal_id="93"/>
  <agent start_id="97" goal_id="80"/>
  <agent start_id="154" goal_id="165"/>
  <agent start_id="99" goal_id="126"/>
  <agent start_id="15" goal_id="174"/>
  <agent start_id="72" goal_id="136"/>
  <agent start_id="100" goal_id="32"/>
  <agent start_id="36" goal_id="167"/>
  <agent start_id="135" goal_id="111"/>
  <agent start_id="108" goal_id="188"/>
  <agent start_id="12" goal_id="13"/>
  <agent start_id="34" goal_id="1"/>
</root>
