<?xml version="1.0" ?>
<root>
  <agent start_id="60" goal_id="56"/>
  <agent start_id="138" goal_id="145"/>
  <agent start_id="123" goal_id="43"/>
  <agent start_id="176" goal_id="134"/>
  <agent start_id="4" goal_id="176"/>
  <agent start_id="47" goal_id="158"/>
  <agent start_id="111" goal_id="50"/>
  <agent start_id="153" goal_id="67"/>
  <agent start_id="79" goal_id="25"/>
  <agent start_id="180" goal_id="140"/>
  <agent start_id="13" goal_id="21"/>
  <agent start_id="55" goal_id="153"/>
  <agent start_id="150" goal_id="27"/>
  <agent start_id="187" goal_id="36"/>
  <agent start_id="171" goal_id="126"/>
  <agent start_id="42" goal_id="90"/>
  <agent start_id="152" goal_id="154"/>
  <agent start_id="44" goal_id="46"/>
  <agent start_id="109" goal_id="34"/>
  <agent start_id="85" goal_id="139"/>
  <agent start_id="192" goal_id="101"/>
  <agent start_id="139" goal_id="12"/>
  <agent start_id="159" goal_id="148"/>
  <agent start_id="32" goal_id="86"/>
  <agent start_id="67" goal_id="4"/>
  <agent start_id="181" goal_id="172"/>
  <agent start_id="40" goal_id="130"/>
  <agent start_id="82" goal_id="97"/>
  <agent start_id="24" goal_id="168"/>
  <agent start_id="25" goal_id="53"/>
  <agent start_id="68" goal_id="169"/>
  <agent start_id="78" goal_id="61"/>
  <agent start_id="127" goal_id="29"/>
  <agent start_id="117" goal_id="117"/>
  <agent start_id="147" goal_id="164"/>
  <agent start_id="182" goal_id="157"/>
  <agent start_id="122" goal_id="15"/>
  <agent start_id="19" goal_id="59"/>
  <agent start_id="38" goal_id="109"/>
  <agent start_id="0" goal_id="98"/>
  <agent start_id="108" goal_id="129"/>
  <agent start_id="71" goal_id="91"/>
  <agent start_id="73" goal_id="118"/>
  <agent start_id="124" goal_id="30"/>
  <agent start_id="183" goal_id="58"/>
  <agent start_id="10" goal_id="170"/>
  <agent start_id="72" goal_id="197"/>
  <agent start_id="140" goal_id="65"/>
  <agent start_id="12" goal_id="20"/>
  <agent start_id="34" goal_id="194"/>
</root>
