<?xml version="1.0" ?>
<root>
  <agent start_id="49" goal_id="83"/>
  <agent start_id="126" goal_id="189"/>
  <agent start_id="44" goal_id="30"/>
  <agent start_id="51" goal_id="183"/>
  <agent start_id="120" goal_id="180"/>
  <agent start_id="183" goal_id="158"/>
  <agent start_id="17" goal_id="55"/>
  <agent start_id="2" goal_id="195"/>
  <agent start_id="113" goal_id="10"/>
  <agent start_id="4" goal_id="90"/>
  <agent start_id="176" goal_id="37"/>
  <agent start_id="30" goal_id="125"/>
  <agent start_id="56" goal_id="91"/>
  <agent start_id="8" goal_id="28"/>
  <agent start_id="98" goal_id="5"/>
  <agent start_id="5" goal_id="144"/>
  <agent start_id="197" goal_id="142"/>
  <agent start_id="145" goal_id="162"/>
  <agent start_id="6" goal_id="135"/>
  <agent start_id="37" goal_id="153"/>
  <agent start_id="179" goal_id="101"/>
  <agent start_id="42" goal_id="19"/>
  <agent start_id="9" goal_id="6"/>
  <agent start_id="79" goal_id="40"/>
  <agent start_id="94" goal_id="128"/>
  <agent start_id="84" goal_id="17"/>
  <agent start_id="161" goal_id="155"/>
  <agent start_id="107" goal_id="193"/>
  <agent start_id="28" goal_id="71"/>
  <agent start_id="180" goal_id="87"/>
  <agent start_id="90" goal_id="60"/>
  <agent start_id="46" goal_id="34"/>
  <agent start_id="91" goal_id="176"/>
  <agent start_id="171" goal_id="169"/>
  <agent start_id="0" goal_id="49"/>
  <agent start_id="97" goal_id="13"/>
  <agent start_id="38" goal_id="77"/>
  <agent start_id="156" goal_id="171"/>
  <agent start_id="115" goal_id="130"/>
  <agent start_id="87" goal_id="136"/>
  <agent start_id="41" goal_id="141"/>
  <agent start_id="105" goal_id="1"/>
  <agent start_id="74" goal_id="114"/>
  <agent start_id="139" goal_id="116"/>
  <agent start_id="128" goal_id="148"/>
  <agent start_id="40" goal_id="44"/>
  <agent start_id="52" goal_id="95"/>
  <agent start_id="124" goal_id="89"/>
  <agent start_id="92" goal_id="119"/>
  <agent start_id="81" goal_id="94"/>
</root>
