<?xml version="1.0" ?>
<root>
  <agent start_id="184" goal_id="4"/>
  <agent start_id="108" goal_id="183"/>
  <agent start_id="120" goal_id="158"/>
  <agent start_id="15" goal_id="36"/>
  <agent start_id="155" goal_id="174"/>
  <agent start_id="42" goal_id="146"/>
  <agent start_id="97" goal_id="137"/>
  <agent start_id="40" goal_id="141"/>
  <agent start_id="83" goal_id="19"/>
  <agent start_id="192" goal_id="132"/>
  <agent start_id="21" goal_id="60"/>
  <agent start_id="7" goal_id="78"/>
  <agent start_id="64" goal_id="74"/>
  <agent start_id="142" goal_id="97"/>
  <agent start_id="117" goal_id="162"/>
  <agent start_id="74" goal_id="119"/>
  <agent start_id="89" goal_id="17"/>
  <agent start_id="183" goal_id="121"/>
  <agent start_id="121" goal_id="48"/>
  <agent start_id="81" goal_id="122"/>
  <agent start_id="105" goal_id="38"/>
  <agent start_id="194" goal_id="94"/>
  <agent start_id="107" goal_id="199"/>
  <agent start_id="123" goal_id="184"/>
  <agent start_id="168" goal_id="181"/>
  <agent start_id="152" goal_id="71"/>
  <agent start_id="146" goal_id="13"/>
  <agent start_id="179" goal_id="8"/>
  <agent start_id="99" goal_id="157"/>
  <agent start_id="165" goal_id="0"/>
  <agent start_id="95" goal_id="32"/>
  <agent start_id="49" goal_id="6"/>
  <agent start_id="14" goal_id="120"/>
  <agent start_id="3" goal_id="169"/>
  <agent start_id="29" goal_id="33"/>
  <agent start_id="4" goal_id="81"/>
  <agent start_id="149" goal_id="190"/>
  <agent start_id="63" goal_id="67"/>
  <agent start_id="23" goal_id="128"/>
  <agent start_id="65" goal_id="116"/>
  <agent start_id="37" goal_id="21"/>
  <agent start_id="114" goal_id="44"/>
  <agent start_id="115" goal_id="11"/>
  <agent start_id="17" goal_id="143"/>
  <agent start_id="138" goal_id="2"/>
  <agent start_id="151" goal_id="95"/>
  <agent start_id="47" goal_id="115"/>
  <agent start_id="191" goal_id="178"/>
  <agent start_id="24" goal_id="187"/>
  <agent start_id="16" goal_id="136"/>
</root>
