<?xml version="1.0" ?>
<root>
  <agent start_id="187" goal_id="131"/>
  <agent start_id="108" goal_id="77"/>
  <agent start_id="174" goal_id="28"/>
  <agent start_id="162" goal_id="66"/>
  <agent start_id="92" goal_id="198"/>
  <agent start_id="114" goal_id="150"/>
  <agent start_id="75" goal_id="3"/>
  <agent start_id="65" goal_id="163"/>
  <agent start_id="8" goal_id="171"/>
  <agent start_id="110" goal_id="18"/>
  <agent start_id="135" goal_id="161"/>
  <agent start_id="50" goal_id="152"/>
  <agent start_id="85" goal_id="41"/>
  <agent start_id="83" goal_id="117"/>
  <agent start_id="124" goal_id="107"/>
  <agent start_id="137" goal_id="190"/>
  <agent start_id="2" goal_id="199"/>
  <agent start_id="49" goal_id="71"/>
  <agent start_id="159" goal_id="182"/>
  <agent start_id="166" goal_id="93"/>
  <agent start_id="22" goal_id="135"/>
  <agent start_id="172" goal_id="195"/>
  <agent start_id="198" goal_id="32"/>
  <agent start_id="16" goal_id="42"/>
  <agent start_id="183" goal_id="197"/>
  <agent start_id="33" goal_id="109"/>
  <agent start_id="121" goal_id="29"/>
  <agent start_id="56" goal_id="54"/>
  <agent start_id="59" goal_id="134"/>
  <agent start_id="57" goal_id="15"/>
  <agent start_id="185" goal_id="105"/>
  <agent start_id="66" goal_id="84"/>
  <agent start_id="99" goal_id="81"/>
  <agent start_id="46" goal_id="178"/>
  <agent start_id="71" goal_id="187"/>
  <agent start_id="17" goal_id="97"/>
  <agent start_id="196" goal_id="86"/>
  <agent start_id="130" goal_id="170"/>
  <agent start_id="194" goal_id="78"/>
  <agent start_id="115" goal_id="194"/>
  <agent start_id="30" goal_id="147"/>
  <agent start_id="178" goal_id="52"/>
  <agent start_id="102" goal_id="154"/>
  <agent start_id="191" goal_id="98"/>
  <agent start_id="179" goal_id="159"/>
  <agent start_id="186" goal_id="160"/>
  <agent start_id="167" goal_id="1"/>
  <agent start_id="86" goal_id="27"/>
  <agent start_id="11" goal_id="90"/>
  <agent start_id="153" goal_id="7"/>
</root>
