<?xml version="1.0" ?>
<root>
  <agent start_id="110" goal_id="123"/>
  <agent start_id="194" goal_id="35"/>
  <agent start_id="95" goal_id="79"/>
  <agent start_id="72" goal_id="17"/>
  <agent start_id="50" goal_id="9"/>
  <agent start_id="12" goal_id="101"/>
  <agent start_id="128" goal_id="97"/>
  <agent start_id="122" goal_id="183"/>
  <agent start_id="16" goal_id="75"/>
  <agent start_id="193" goal_id="102"/>
  <agent start_id="145" goal_id="45"/>
  <agent start_id="21" goal_id="135"/>
  <agent start_id="176" goal_id="36"/>
  <agent start_id="114" goal_id="2"/>
  <agent start_id="196" goal_id="98"/>
  <agent start_id="174" goal_id="154"/>
  <agent start_id="123" goal_id="187"/>
  <agent start_id="11" goal_id="33"/>
  <agent start_id="199" goal_id="60"/>
  <agent start_id="198" goal_id="84"/>
  <agent start_id="26" goal_id="147"/>
  <agent start_id="102" goal_id="113"/>
  <agent start_id="8" goal_id="141"/>
  <agent start_id="165" goal_id="18"/>
  <agent start_id="24" goal_id="14"/>
  <agent start_id="177" goal_id="116"/>
  <agent start_id="20" goal_id="77"/>
  <agent start_id="79" goal_id="92"/>
  <agent start_id="3" goal_id="194"/>
  <agent start_id="191" goal_id="178"/>
  <agent start_id="126" goal_id="37"/>
  <agent start_id="10" goal_id="95"/>
  <agent start_id="151" goal_id="1"/>
  <agent start_id="107" goal_id="149"/>
  <agent start_id="152" goal_id="40"/>
  <agent start_id="54" goal_id="8"/>
  <agent start_id="6" goal_id="157"/>
  <agent start_id="180" goal_id="131"/>
  <agent start_id="2" goal_id="193"/>
  <agent start_id="117" goal_id="112"/>
  <agent start_id="39" goal_id="11"/>
  <agent start_id="158" goal_id="72"/>
  <agent start_id="29" goal_id="55"/>
  <agent start_id="170" goal_id="56"/>
  <agent start_id="0" goal_id="186"/>
  <agent start_id="63" goal_id="180"/>
  <agent start_id="87" goal_id="175"/>
  <agent start_id="56" goal_id="81"/>
  <agent start_id="70" goal_id="24"/>
  <agent start_id="77" goal_id="198"/>
</root>
