<?xml version="1.0" ?>
<root>
  <agent start_id="125" goal_id="35"/>
  <agent start_id="108" goal_id="36"/>
  <agent start_id="127" goal_id="108"/>
  <agent start_id="55" goal_id="183"/>
  <agent start_id="168" goal_id="107"/>
  <agent start_id="85" goal_id="172"/>
  <agent start_id="99" goal_id="112"/>
  <agent start_id="180" goal_id="165"/>
  <agent start_id="194" goal_id="79"/>
  <agent start_id="11" goal_id="32"/>
  <agent start_id="174" goal_id="4"/>
  <agent start_id="67" goal_id="98"/>
  <agent start_id="116" goal_id="170"/>
  <agent start_id="43" goal_id="27"/>
  <agent start_id="89" goal_id="189"/>
  <agent start_id="143" goal_id="54"/>
  <agent start_id="171" goal_id="168"/>
  <agent start_id="62" goal_id="191"/>
  <agent start_id="153" goal_id="137"/>
  <agent start_id="130" goal_id="53"/>
  <agent start_id="138" goal_id="40"/>
  <agent start_id="188" goal_id="120"/>
  <agent start_id="182" goal_id="136"/>
  <agent start_id="83" goal_id="47"/>
  <agent start_id="114" goal_id="199"/>
  <agent start_id="17" goal_id="25"/>
  <agent start_id="50" goal_id="38"/>
  <agent start_id="64" goal_id="145"/>
  <agent start_id="76" goal_id="78"/>
  <agent start_id="198" goal_id="49"/>
  <agent start_id="1" goal_id="175"/>
  <agent start_id="4" goal_id="65"/>
  <agent start_id="193" goal_id="74"/>
  <agent start_id="36" goal_id="169"/>
  <agent start_id="192" goal_id="117"/>
  <agent start_id="97" goal_id="110"/>
  <agent start_id="120" goal_id="188"/>
  <agent start_id="134" goal_id="147"/>
  <agent start_id="177" goal_id="195"/>
  <agent start_id="166" goal_id="70"/>
  <agent start_id="152" goal_id="119"/>
  <agent start_id="28" goal_id="72"/>
  <agent start_id="145" goal_id="87"/>
  <agent start_id="41" goal_id="155"/>
  <agent start_id="92" goal_id="127"/>
  <agent start_id="26" goal_id="161"/>
  <agent start_id="105" goal_id="91"/>
  <agent start_id="106" goal_id="66"/>
  <agent start_id="95" goal_id="41"/>
  <agent start_id="161" goal_id="89"/>
</root>
