<?xml version="1.0" ?>
<root>
  <agent start_id="136" goal_id="2"/>
  <agent start_id="12" goal_id="20"/>
  <agent start_id="163" goal_id="146"/>
  <agent start_id="198" goal_id="103"/>
  <agent start_id="30" goal_id="16"/>
  <agent start_id="21" goal_id="183"/>
  <agent start_id="112" goal_id="158"/>
  <agent start_id="127" goal_id="129"/>
  <agent start_id="122" goal_id="43"/>
  <agent start_id="86" goal_id="127"/>
  <agent start_id="29" goal_id="184"/>
  <agent start_id="34" goal_id="113"/>
  <agent start_id="15" goal_id="110"/>
  <agent start_id="174" goal_id="38"/>
  <agent start_id="191" goal_id="136"/>
  <agent start_id="45" goal_id="58"/>
  <agent start_id="131" goal_id="30"/>
  <agent start_id="91" goal_id="177"/>
  <agent start_id="147" goal_id="132"/>
  <agent start_id="101" goal_id="174"/>
  <agent start_id="52" goal_id="6"/>
  <agent start_id="74" goal_id="56"/>
  <agent start_id="78" goal_id="83"/>
  <agent start_id="182" goal_id="188"/>
  <agent start_id="72" goal_id="94"/>
  <agent start_id="109" goal_id="25"/>
  <agent start_id="42" goal_id="106"/>
  <agent start_id="84" goal_id="29"/>
  <agent start_id="43" goal_id="85"/>
  <agent start_id="183" goal_id="167"/>
  <agent start_id="124" goal_id="27"/>
  <agent start_id="70" goal_id="81"/>
  <agent start_id="26" goal_id="15"/>
  <agent start_id="80" goal_id="171"/>
  <agent start_id="117" goal_id="4"/>
  <agent start_id="97" goal_id="119"/>
  <agent start_id="120" goal_id="46"/>
  <agent start_id="41" goal_id="75"/>
  <agent start_id="33" goal_id="121"/>
  <agent start_id="138" goal_id="90"/>
  <agent start_id="39" goal_id="72"/>
  <agent start_id="69" goal_id="22"/>
  <agent start_id="176" goal_id="98"/>
  <agent start_id="185" goal_id="128"/>
  <agent start_id="193" goal_id="93"/>
  <agent start_id="62" goal_id="165"/>
  <agent start_id="53" goal_id="9"/>
  <agent start_id="95" goal_id="54"/>
  <agent start_id="172" goal_id="138"/>
  <agent start_id="139" goal_id="170"/>
</root>
