<?xml version="1.0" ?>
<root>
  <agent start_id="102" goal_id="52"/>
  <agent start_id="7" goal_id="164"/>
  <agent start_id="191" goal_id="116"/>
  <agent start_id="103" goal_id="196"/>
  <agent start_id="199" goal_id="16"/>
  <agent start_id="99" goal_id="10"/>
  <agent start_id="158" goal_id="87"/>
  <agent start_id="44" goal_id="27"/>
  <agent start_id="87" goal_id="85"/>
  <agent start_id="34" goal_id="77"/>
  <agent start_id="172" goal_id="88"/>
  <agent start_id="40" goal_id="151"/>
  <agent start_id="175" goal_id="28"/>
  <agent start_id="154" goal_id="58"/>
  <agent start_id="164" goal_id="67"/>
  <agent start_id="69" goal_id="157"/>
  <agent start_id="33" goal_id="182"/>
  <agent start_id="58" goal_id="122"/>
  <agent start_id="28" goal_id="145"/>
  <agent start_id="186" goal_id="141"/>
  <agent start_id="41" goal_id="194"/>
  <agent start_id="38" goal_id="119"/>
  <agent start_id="96" goal_id="18"/>
  <agent start_id="168" goal_id="160"/>
  <agent start_id="119" goal_id="113"/>
  <agent start_id="47" goal_id="76"/>
  <agent start_id="120" goal_id="21"/>
  <agent start_id="111" goal_id="174"/>
  <agent start_id="122" goal_id="140"/>
  <agent start_id="144" goal_id="158"/>
  <agent start_id="131" goal_id="168"/>
  <agent start_id="161" goal_id="118"/>
  <agent start_id="63" goal_id="84"/>
  <agent start_id="9" goal_id="24"/>
  <agent start_id="62" goal_id="61"/>
  <agent start_id="11" goal_id="30"/>
  <agent start_id="31" goal_id="36"/>
  <agent start_id="68" goal_id="179"/>
  <agent start_id="196" goal_id="42"/>
  <agent start_id="91" goal_id="37"/>
  <agent start_id="60" goal_id="155"/>
  <agent start_id="169" goal_id="95"/>
  <agent start_id="19" goal_id="62"/>
  <agent start_id="138" goal_id="100"/>
  <agent start_id="115" goal_id="167"/>
  <agent start_id="142" goal_id="146"/>
  <agent start_id="16" goal_id="139"/>
  <agent start_id="71" goal_id="136"/>
  <agent start_id="181" goal_id="133"/>
  <agent start_id="129" goal_id="5"/>
</root>
