<?xml version="1.0" ?>
<root>
  <agent start_id="179" goal_id="184"/>
  <agent start_id="111" goal_id="122"/>
  <agent start_id="61" goal_id="28"/>
  <agent start_id="40" goal_id="30"/>
  <agent start_id="144" goal_id="10"/>
  <agent start_id="87" goal_id="170"/>
  <agent start_id="50" goal_id="39"/>
  <agent start_id="22" goal_id="50"/>
  <agent start_id="66" goal_id="126"/>
  <agent start_id="142" goal_id="57"/>
  <agent start_id="178" goal_id="43"/>
  <agent start_id="82" goal_id="130"/>
  <agent start_id="168" goal_id="188"/>
  <agent start_id="170" goal_id="111"/>
  <agent start_id="10" goal_id="46"/>
  <agent start_id="146" goal_id="197"/>
  <agent start_id="36" goal_id="85"/>
  <agent start_id="7" goal_id="62"/>
  <agent start_id="133" goal_id="140"/>
  <agent start_id="165" goal_id="14"/>
  <agent start_id="167" goal_id="143"/>
  <agent start_id="122" goal_id="144"/>
  <agent start_id="106" goal_id="147"/>
  <agent start_id="57" goal_id="173"/>
  <agent start_id="149" goal_id="21"/>
  <agent start_id="169" goal_id="101"/>
  <agent start_id="159" goal_id="83"/>
  <agent start_id="14" goal_id="94"/>
  <agent start_id="196" goal_id="4"/>
  <agent start_id="109" goal_id="194"/>
  <agent start_id="180" goal_id="37"/>
  <agent start_id="91" goal_id="175"/>
  <agent start_id="114" goal_id="67"/>
  <agent start_id="58" goal_id="51"/>
  <agent start_id="45" goal_id="104"/>
  <agent start_id="53" goal_id="178"/>
  <agent start_id="63" goal_id="92"/>
  <agent start_id="105" goal_id="95"/>
  <agent start_id="71" goal_id="151"/>
  <agent start_id="2" goal_id="58"/>
  <agent start_id="139" goal_id="75"/>
  <agent start_id="181" goal_id="199"/>
  <agent start_id="198" goal_id="40"/>
  <agent start_id="100" goal_id="138"/>
  <agent start_id="131" goal_id="70"/>
  <agent start_id="74" goal_id="165"/>
  <agent start_id="194" goal_id="3"/>
  <agent start_id="19" goal_id="181"/>
  <agent start_id="140" goal_id="182"/>
  <agent start_id="51" goal_id="44"/>
</root>
