<?xml version="1.0" ?>
<root>
  <agent start_id="154" goal_id="120"/>
  <agent start_id="119" goal_id="119"/>
  <agent start_id="67" goal_id="172"/>
  <agent start_id="87" goal_id="13"/>
  <agent start_id="115" goal_id="139"/>
  <agent start_id="55" goal_id="195"/>
  <agent start_id="98" goal_id="93"/>
  <agent start_id="106" goal_id="60"/>
  <agent start_id="25" goal_id="61"/>
  <agent start_id="2" goal_id="21"/>
  <agent start_id="4" goal_id="22"/>
  <agent start_id="130" goal_id="98"/>
  <agent start_id="8" goal_id="174"/>
  <agent start_id="169" goal_id="49"/>
  <agent start_id="109" goal_id="187"/>
  <agent start_id="42" goal_id="58"/>
  <agent start_id="16" goal_id="54"/>
  <agent start_id="177" goal_id="164"/>
  <agent start_id="174" goal_id="68"/>
  <agent start_id="74" goal_id="19"/>
  <agent start_id="39" goal_id="46"/>
  <agent start_id="142" goal_id="2"/>
  <agent start_id="198" goal_id="138"/>
  <agent start_id="126" goal_id="63"/>
  <agent start_id="171" goal_id="142"/>
  <agent start_id="178" goal_id="155"/>
  <agent start_id="82" goal_id="146"/>
  <agent start_id="45" goal_id="27"/>
  <agent start_id="122" goal_id="89"/>
  <agent start_id="104" goal_id="82"/>
  <agent start_id="160" goal_id="147"/>
  <agent start_id="59" goal_id="55"/>
  <agent start_id="186" goal_id="95"/>
  <agent start_id="11" goal_id="76"/>
  <agent start_id="58" goal_id="166"/>
  <agent start_id="48" goal_id="59"/>
  <agent start_id="155" goal_id="150"/>
  <agent start_id="36" goal_id="32"/>
  <agent start_id="194" goal_id="136"/>
  <agent start_id="127" goal_id="193"/>
  <agent start_id="161" goal_id="29"/>
  <agent start_id="50" goal_id="37"/>
  <agent start_id="111" goal_id="116"/>
  <agent start_id="75" goal_id="143"/>
  <agent start_id="184" goal_id="124"/>
  <agent start_id="79" goal_id="72"/>
  <agent start_id="132" goal_id="84"/>
  <agent start_id="116" goal_id="125"/>
  <agent start_id="52" goal_id="12"/>
  <agent start_id="33" goal_id="105"/>
</root>
