<?xml version="1.0" ?>
<root>
  <agent start_id="21" goal_id="52"/>
  <agent start_id="11" goal_id="32"/>
  <agent start_id="188" goal_id="178"/>
  <agent start_id="189" goal_id="150"/>
  <agent start_id="85" goal_id="60"/>
  <agent start_id="56" goal_id="51"/>
  <agent start_id="88" goal_id="146"/>
  <agent start_id="24" goal_id="174"/>
  <agent start_id="191" goal_id="29"/>
  <agent start_id="2" goal_id="67"/>
  <agent start_id="9" goal_id="140"/>
  <agent start_id="89" goal_id="160"/>
  <agent start_id="199" goal_id="168"/>
  <agent start_id="76" goal_id="64"/>
  <agent start_id="168" goal_id="93"/>
  <agent start_id="82" goal_id="24"/>
  <agent start_id="5" goal_id="113"/>
  <agent start_id="66" goal_id="3"/>
  <agent start_id="31" goal_id="22"/>
  <agent start_id="195" goal_id="164"/>
  <agent start_id="111" goal_id="181"/>
  <agent start_id="135" goal_id="162"/>
  <agent start_id="133" goal_id="19"/>
  <agent start_id="40" goal_id="59"/>
  <agent start_id="169" goal_id="48"/>
  <agent start_id="59" goal_id="6"/>
  <agent start_id="181" goal_id="40"/>
  <agent start_id="152" goal_id="53"/>
  <agent start_id="90" goal_id="109"/>
  <agent start_id="121" goal_id="182"/>
  <agent start_id="87" goal_id="122"/>
  <agent start_id="41" goal_id="45"/>
  <agent start_id="127" goal_id="169"/>
  <agent start_id="29" goal_id="80"/>
  <agent start_id="197" goal_id="151"/>
  <agent start_id="142" goal_id="116"/>
  <agent start_id="122" goal_id="157"/>
  <agent start_id="95" goal_id="79"/>
  <agent start_id="113" goal_id="125"/>
  <agent start_id="28" goal_id="27"/>
  <agent start_id="130" goal_id="121"/>
  <agent start_id="7" goal_id="84"/>
  <agent start_id="132" goal_id="196"/>
  <agent start_id="134" goal_id="61"/>
  <agent start_id="16" goal_id="10"/>
  <agent start_id="78" goal_id="141"/>
  <agent start_id="184" goal_id="107"/>
  <agent start_id="53" goal_id="11"/>
  <agent start_id="178" goal_id="171"/>
  <agent start_id="182" goal_id="36"/>
</root>
