<?xml version="1.0" ?>
<root>
  <agent start_id="132" goal_id="96"/>
  <agent start_id="0" goal_id="134"/>
  <agent start_id="100" goal_id="45"/>
  <agent start_id="103" goal_id="132"/>
  <agent start_id="91" goal_id="195"/>
  <agent start_id="117" goal_id="63"/>
  <agent start_id="97" goal_id="26"/>
  <agent start_id="114" goal_id="120"/>
  <agent start_id="30" goal_id="193"/>
  <agent start_id="130" goal_id="107"/>
  <agent start_id="1" goal_id="75"/>
  <agent start_id="191" goal_id="1"/>
  <agent start_id="177" goal_id="35"/>
  <agent start_id="15" goal_id="186"/>
  <agent start_id="43" goal_id="93"/>
  <agent start_id="19" goal_id="80"/>
  <agent start_id="112" goal_id="82"/>
  <agent start_id="99" goal_id="152"/>
  <agent start_id="183" goal_id="163"/>
  <agent start_id="158" goal_id="196"/>
  <agent start_id="128" goal_id="170"/>
  <agent start_id="196" goal_id="136"/>
  <agent start_id="3" goal_id="11"/>
  <agent start_id="167" goal_id="101"/>
  <agent start_id="2" goal_id="182"/>
  <agent start_id="72" goal_id="138"/>
  <agent start_id="58" goal_id="78"/>
  <agent start_id="145" goal_id="89"/>
  <agent start_id="175" goal_id="185"/>
  <agent start_id="12" goal_id="144"/>
  <agent start_id="115" goal_id="97"/>
  <agent start_id="85" goal_id="165"/>
  <agent start_id="4" goal_id="166"/>
  <agent start_id="36" goal_id="68"/>
  <agent start_id="172" goal_id="160"/>
  <agent start_id="32" goal_id="197"/>
  <agent start_id="6" goal_id="25"/>
  <agent start_id="47" goal_id="71"/>
  <agent start_id="42" goal_id="8"/>
  <agent start_id="90" goal_id="104"/>
  <agent start_id="189" goal_id="115"/>
  <agent start_id="157" goal_id="127"/>
  <agent start_id="109" goal_id="119"/>
  <agent start_id="148" goal_id="17"/>
  <agent start_id="66" goal_id="37"/>
  <agent start_id="60" goal_id="9"/>
  <agent start_id="173" goal_id="112"/>
  <agent start_id="83" goal_id="29"/>
  <agent start_id="51" goal_id="139"/>
  <agent start_id="151" goal_id="6"/>
</root>
