<?xml version="1.0" ?>
<root>
  <agent start_id="180" goal_id="15"/>
  <agent start_id="183" goal_id="16"/>
  <agent start_id="44" goal_id="100"/>
  <agent start_id="115" goal_id="139"/>
  <agent start_id="28" goal_id="185"/>
  <agent start_id="20" goal_id="34"/>
  <agent start_id="42" goal_id="58"/>
  <agent start_id="73" goal_id="199"/>
  <agent start_id="94" goal_id="171"/>
  <agent start_id="40" goal_id="135"/>
  <agent start_id="184" goal_id="82"/>
  <agent start_id="173" goal_id="45"/>
  <agent start_id="195" goal_id="13"/>
  <agent start_id="159" goal_id="77"/>
  <agent start_id="12" goal_id="60"/>
  <agent start_id="139" goal_id="112"/>
  <agent start_id="51" goal_id="84"/>
  <agent start_id="80" goal_id="154"/>
  <agent start_id="131" goal_id="127"/>
  <agent start_id="65" goal_id="180"/>
  <agent start_id="117" goal_id="78"/>
  <agent start_id="75" goal_id="22"/>
  <agent start_id="191" goal_id="53"/>
  <agent start_id="16" goal_id="49"/>
  <agent start_id="99" goal_id="146"/>
  <agent start_id="163" goal_id="105"/>
  <agent start_id="8" goal_id="44"/>
  <agent start_id="197" goal_id="149"/>
  <agent start_id="157" goal_id="140"/>
  <agent start_id="49" goal_id="178"/>
  <agent start_id="107" goal_id="90"/>
  <agent start_id="177" goal_id="102"/>
  <agent start_id="30" goal_id="92"/>
  <agent start_id="71" goal_id="123"/>
  <agent start_id="148" goal_id="152"/>
  <agent start_id="84" goal_id="159"/>
  <agent start_id="145" goal_id="191"/>
  <agent start_id="62" goal_id="161"/>
  <agent start_id="103" goal_id="109"/>
  <agent start_id="2" goal_id="89"/>
  <agent start_id="189" goal_id="27"/>
  <agent start_id="61" goal_id="79"/>
  <agent start_id="1" goal_id="114"/>
  <agent start_id="171" goal_id="137"/>
  <agent start_id="142" goal_id="97"/>
  <agent start_id="166" goal_id="104"/>
  <agent start_id="37" goal_id="18"/>
  <agent start_id="64" goal_id="50"/>
  <agent start_id="199" goal_id="150"/>
  <agent start_id="11" goal_id="182"/>
</root>
