<?xml version="1.0" ?>
<root>
  <agent start_id="73" goal_id="97"/>
  <agent start_id="188" goal_id="103"/>
  <agent start_id="25" goal_id="76"/>
  <agent start_id="9" goal_id="69"/>
  <agent start_id="38" goal_id="95"/>
  <agent start_id="65" goal_id="90"/>
  <agent start_id="127" goal_id="165"/>
  <agent start_id="129" goal_id="139"/>
  <agent start_id="137" goal_id="104"/>
  <agent start_id="113" goal_id="29"/>
  <agent start_id="148" goal_id="83"/>
  <agent start_id="32" goal_id="135"/>
  <agent start_id="194" goal_id="79"/>
  <agent start_id="55" goal_id="111"/>
  <agent start_id="158" goal_id="50"/>
  <agent start_id="16" goal_id="163"/>
  <agent start_id="103" goal_id="1"/>
  <agent start_id="176" goal_id="60"/>
  <agent start_id="125" goal_id="141"/>
  <agent start_id="94" goal_id="63"/>
  <agent start_id="23" goal_id="66"/>
  <agent start_id="159" goal_id="177"/>
  <agent start_id="85" goal_id="109"/>
  <agent start_id="134" goal_id="183"/>
  <agent start_id="99" goal_id="132"/>
  <agent start_id="40" goal_id="52"/>
  <agent start_id="160" goal_id="77"/>
  <agent start_id="71" goal_id="12"/>
  <agent start_id="97" goal_id="147"/>
  <agent start_id="190" goal_id="42"/>
  <agent start_id="111" goal_id="197"/>
  <agent start_id="41" goal_id="116"/>
  <agent start_id="13" goal_id="19"/>
  <agent start_id="77" goal_id="16"/>
  <agent start_id="76" goal_id="155"/>
  <agent start_id="167" goal_id="184"/>
  <agent start_id="133" goal_id="186"/>
  <agent start_id="154" goal_id="93"/>
  <agent start_id="110" goal_id="62"/>
  <agent start_id="61" goal_id="4"/>
  <agent start_id="0" goal_id="181"/>
  <agent start_id="96" goal_id="55"/>
  <agent start_id="1" goal_id="158"/>
  <agent start_id="157" goal_id="148"/>
  <agent start_id="48" goal_id="119"/>
  <agent start_id="183" goal_id="145"/>
  <agent start_id="45" goal_id="41"/>
  <agent start_id="118" goal_id="37"/>
  <agent start_id="198" goal_id="6"/>
  <agent start_id="166" goal_id="173"/>
</root>
