<?xml version="1.0" ?>
<root>
  <agent start_id="42" goal_id="158"/>
  <agent start_id="115" goal_id="119"/>
  <agent start_id="99" goal_id="12"/>
  <agent start_id="136" goal_id="161"/>
  <agent start_id="52" goal_id="21"/>
  <agent start_id="41" goal_id="94"/>
  <agent start_id="72" goal_id="106"/>
  <agent start_id="129" goal_id="26"/>
  <agent start_id="134" goal_id="49"/>
  <agent start_id="57" goal_id="60"/>
  <agent start_id="85" goal_id="162"/>
  <agent start_id="124" goal_id="2"/>
  <agent start_id="195" goal_id="33"/>
  <agent start_id="29" goal_id="114"/>
  <agent start_id="87" goal_id="3"/>
  <agent start_id="180" goal_id="189"/>
  <agent start_id="147" goal_id="5"/>
  <agent start_id="37" goal_id="73"/>
  <agent start_id="185" goal_id="69"/>
  <agent start_id="144" goal_id="58"/>
  <agent start_id="101" goal_id="36"/>
  <agent start_id="198" goal_id="7"/>
  <agent start_id="190" goal_id="183"/>
  <agent start_id="174" goal_id="93"/>
  <agent start_id="109" goal_id="116"/>
  <agent start_id="103" goal_id="10"/>
  <agent start_id="161" goal_id="137"/>
  <agent start_id="193" goal_id="109"/>
  <agent start_id="165" goal_id="198"/>
  <agent start_id="4" goal_id="42"/>
  <agent start_id="1" goal_id="131"/>
  <agent start_id="89" goal_id="18"/>
  <agent start_id="113" goal_id="178"/>
  <agent start_id="74" goal_id="99"/>
  <agent start_id="175" goal_id="51"/>
  <agent start_id="30" goal_id="72"/>
  <agent start_id="138" goal_id="76"/>
  <agent start_id="35" goal_id="124"/>
  <agent start_id="179" goal_id="45"/>
  <agent start_id="7" goal_id="66"/>
  <agent start_id="0" goal_id="185"/>
  <agent start_id="68" goal_id="139"/>
  <agent start_id="54" goal_id="87"/>
  <agent start_id="40" goal_id="56"/>
  <agent start_id="70" goal_id="71"/>
  <agent start_id="97" goal_id="153"/>
  <agent start_id="17" goal_id="102"/>
  <agent start_id="95" goal_id="95"/>
  <agent start_id="120" goal_id="8"/>
  <agent start_id="15" goal_id="1"/>
</root>
