<?xml version="1.0" ?>
<root>
  <agent start_id="35" goal_id="111"/>
  <agent start_id="182" goal_id="70"/>
  <agent start_id="109" goal_id="5"/>
  <agent start_id="82" goal_id="156"/>
  <agent start_id="149" goal_id="152"/>
  <agent start_id="6" goal_id="146"/>
  <agent start_id="92" goal_id="13"/>
  <agent start_id="48" goal_id="183"/>
  <agent start_id="122" goal_id="141"/>
  <agent start_id="199" goal_id="123"/>
  <agent start_id="140" goal_id="82"/>
  <agent start_id="81" goal_id="113"/>
  <agent start_id="5" goal_id="196"/>
  <agent start_id="134" goal_id="38"/>
  <agent start_id="57" goal_id="19"/>
  <agent start_id="165" goal_id="49"/>
  <agent start_id="190" goal_id="32"/>
  <agent start_id="125" goal_id="177"/>
  <agent start_id="167" goal_id="173"/>
  <agent start_id="19" goal_id="92"/>
  <agent start_id="15" goal_id="135"/>
  <agent start_id="154" goal_id="84"/>
  <agent start_id="175" goal_id="128"/>
  <agent start_id="23" goal_id="37"/>
  <agent start_id="113" goal_id="194"/>
  <agent start_id="27" goal_id="119"/>
  <agent start_id="78" goal_id="126"/>
  <agent start_id="118" goal_id="42"/>
  <agent start_id="88" goal_id="94"/>
  <agent start_id="2" goal_id="153"/>
  <agent start_id="52" goal_id="178"/>
  <agent start_id="94" goal_id="134"/>
  <agent start_id="29" goal_id="195"/>
  <agent start_id="69" goal_id="147"/>
  <agent start_id="25" goal_id="45"/>
  <agent start_id="166" goal_id="23"/>
  <agent start_id="58" goal_id="120"/>
  <agent start_id="129" goal_id="132"/>
  <agent start_id="157" goal_id="179"/>
  <agent start_id="42" goal_id="3"/>
  <agent start_id="96" goal_id="50"/>
  <agent start_id="128" goal_id="7"/>
  <agent start_id="176" goal_id="164"/>
  <agent start_id="173" goal_id="28"/>
  <agent start_id="185" goal_id="162"/>
  <agent start_id="144" goal_id="16"/>
  <agent start_id="20" goal_id="137"/>
  <agent start_id="172" goal_id="191"/>
  <agent start_id="195" goal_id="40"/>
  <agent start_id="178" goal_id="78"/>
</root>
