<?xml version="1.0" ?>
<root>
  <agent start_id="158" goal_id="77"/>
  <agent start_id="10" goal_id="149"/>
  <agent start_id="160" goal_id="150"/>
  <agent start_id="143" goal_id="20"/>
  <agent start_id="47" goal_id="148"/>
  <agent start_id="28" goal_id="161"/>
  <agent start_id="188" goal_id="145"/>
  <agent start_id="173" goal_id="16"/>
  <agent start_id="151" goal_id="8"/>
  <agent start_id="102" goal_id="122"/>
  <agent start_id="41" goal_id="136"/>
  <agent start_id="56" goal_id="58"/>
  <agent start_id="105" goal_id="54"/>
  <agent start_id="20" goal_id="123"/>
  <agent start_id="59" goal_id="155"/>
  <agent start_id="141" goal_id="153"/>
  <agent start_id="35" goal_id="56"/>
  <agent start_id="180" goal_id="114"/>
  <agent start_id="53" goal_id="53"/>
  <agent start_id="106" goal_id="47"/>
  <agent start_id="40" goal_id="11"/>
  <agent start_id="61" goal_id="83"/>
  <agent start_id="23" goal_id="157"/>
  <agent start_id="92" goal_id="87"/>
  <agent start_id="168" goal_id="98"/>
  <agent start_id="74" goal_id="192"/>
  <agent start_id="149" goal_id="1"/>
  <agent start_id="139" goal_id="94"/>
  <agent start_id="135" goal_id="99"/>
  <agent start_id="76" goal_id="66"/>
  <agent start_id="58" goal_id="187"/>
  <agent start_id="63" goal_id="110"/>
  <agent start_id="148" goal_id="179"/>
  <agent start_id="121" goal_id="45"/>
  <agent start_id="17" goal_id="132"/>
  <agent start_id="195" goal_id="39"/>
  <agent start_id="131" goal_id="51"/>
  <agent start_id="98" goal_id="169"/>
  <agent start_id="4" goal_id="75"/>
  <agent start_id="112" goal_id="127"/>
  <agent start_id="64" goal_id="72"/>
  <agent start_id="191" goal_id="5"/>
  <agent start_id="5" goal_id="128"/>
  <agent start_id="184" goal_id="69"/>
  <agent start_id="80" goal_id="118"/>
  <agent start_id="13" goal_id="95"/>
  <agent start_id="124" goal_id="13"/>
  <agent start_id="100" goal_id="76"/>
  <agent start_id="25" goal_id="151"/>
  <agent start_id="72" goal_id="198"/>
</root>
