<?xml version="1.0" ?>
<root>
  <agent start_id="95" goal_id="172"/>
  <agent start_id="176" goal_id="145"/>
  <agent start_id="153" goal_id="114"/>
  <agent start_id="171" goal_id="56"/>
  <agent start_id="162" goal_id="198"/>
  <agent start_id="24" goal_id="69"/>
  <agent start_id="197" goal_id="155"/>
  <agent start_id="103" goal_id="125"/>
  <agent start_id="158" goal_id="166"/>
  <agent start_id="168" goal_id="154"/>
  <agent start_id="67" goal_id="50"/>
  <agent start_id="193" goal_id="123"/>
  <agent start_id="48" goal_id="80"/>
  <agent start_id="57" goal_id="184"/>
  <agent start_id="43" goal_id="5"/>
  <agent start_id="63" goal_id="10"/>
  <agent start_id="154" goal_id="161"/>
  <agent start_id="119" goal_id="118"/>
  <agent start_id="15" goal_id="76"/>
  <agent start_id="116" goal_id="12"/>
  <agent start_id="16" goal_id="33"/>
  <agent start_id="56" goal_id="72"/>
  <agent start_id="94" goal_id="42"/>
  <agent start_id="150" goal_id="199"/>
  <agent start_id="192" goal_id="57"/>
  <agent start_id="126" goal_id="173"/>
  <agent start_id="106" goal_id="152"/>
  <agent start_id="5" goal_id="62"/>
  <agent start_id="98" goal_id="59"/>
  <agent start_id="0" goal_id="196"/>
  <agent start_id="52" goal_id="150"/>
  <agent start_id="6" goal_id="104"/>
  <agent start_id="112" goal_id="99"/>
  <agent start_id="51" goal_id="70"/>
  <agent start_id="186" goal_id="46"/>
  <agent start_id="190" goal_id="29"/>
  <agent start_id="60" goal_id="38"/>
  <agent start_id="78" goal_id="122"/>
  <agent start_id="37" goal_id="26"/>
  <agent start_id="49" goal_id="180"/>
  <agent start_id="93" goal_id="44"/>
  <agent start_id="105" goal_id="157"/>
  <agent start_id="71" goal_id="185"/>
  <agent start_id="129" goal_id="7"/>
  <agent start_id="59" goal_id="52"/>
  <agent start_id="189" goal_id="47"/>
  <agent start_id="157" goal_id="113"/>
  <agent start_id="66" goal_id="75"/>
  <agent start_id="92" goal_id="120"/>
  <agent start_id="22" goal_id="64"/>
</root>
