<?xml version="1.0" ?>
<root>
  <agent start_id="116" goal_id="135"/>
  <agent start_id="123" goal_id="123"/>
  <agent start_id="119" goal_id="171"/>
  <agent start_id="199" goal_id="85"/>
  <agent start_id="139" goal_id="29"/>
  <agent start_id="140" goal_id="20"/>
  <agent start_id="104" goal_id="68"/>
  <agent start_id="136" goal_id="161"/>
  <agent start_id="32" goal_id="129"/>
  <agent start_id="162" goal_id="133"/>
  <agent start_id="102" goal_id="118"/>
  <agent start_id="13" goal_id="154"/>
  <agent start_id="122" goal_id="137"/>
  <agent start_id="94" goal_id="111"/>
  <agent start_id="50" goal_id="55"/>
  <agent start_id="100" goal_id="140"/>
  <agent start_id="8" goal_id="26"/>
  <agent start_id="165" goal_id="11"/>
  <agent start_id="163" goal_id="184"/>
  <agent start_id="111" goal_id="143"/>
  <agent start_id="154" goal_id="104"/>
  <agent start_id="30" goal_id="5"/>
  <agent start_id="143" goal_id="97"/>
  <agent start_id="5" goal_id="151"/>
  <agent start_id="44" goal_id="125"/>
  <agent start_id="169" goal_id="182"/>
  <agent start_id="29" goal_id="167"/>
  <agent start_id="23" goal_id="179"/>
  <agent start_id="73" goal_id="79"/>
  <agent start_id="69" goal_id="112"/>
  <agent start_id="72" goal_id="83"/>
  <agent start_id="128" goal_id="175"/>
  <agent start_id="164" goal_id="37"/>
  <agent start_id="184" goal_id="136"/>
  <agent start_id="118" goal_id="94"/>
  <agent start_id="155" goal_id="189"/>
  <agent start_id="180" goal_id="2"/>
  <agent start_id="36" goal_id="130"/>
  <agent start_id="114" goal_id="23"/>
  <agent start_id="101" goal_id="80"/>
  <agent start_id="39" goal_id="30"/>
  <agent start_id="92" goal_id="76"/>
  <agent start_id="24" goal_id="56"/>
  <agent start_id="135" goal_id="107"/>
  <agent start_id="11" goal_id="190"/>
  <agent start_id="2" goal_id="91"/>
  <agent start_id="97" goal_id="100"/>
  <agent start_id="27" goal_id="0"/>
  <agent start_id="15" goal_id="159"/>
  <agent start_id="18" goal_id="89"/>
</root>
