<?xml version="1.0" ?>
<root>
  <agent start_id="32" goal_id="57"/>
  <agent start_id="91" goal_id="4"/>
  <agent start_id="133" goal_id="179"/>
  <agent start_id="35" goal_id="133"/>
  <agent start_id="123" goal_id="93"/>
  <agent start_id="93" goal_id="39"/>
  <agent start_id="194" goal_id="100"/>
  <agent start_id="84" goal_id="170"/>
  <agent start_id="161" goal_id="185"/>
  <agent start_id="1" goal_id="71"/>
  <agent start_id="5" goal_id="72"/>
  <agent start_id="89" goal_id="136"/>
  <agent start_id="56" goal_id="158"/>
  <agent start_id="15" goal_id="123"/>
  <agent start_id="46" goal_id="117"/>
  <agent start_id="78" goal_id="107"/>
  <agent start_id="165" goal_id="148"/>
  <agent start_id="65" goal_id="14"/>
  <agent start_id="77" goal_id="129"/>
  <agent start_id="159" goal_id="189"/>
  <agent start_id="150" goal_id="55"/>
  <agent start_id="146" goal_id="53"/>
  <agent start_id="180" goal_id="68"/>
  <agent start_id="155" goal_id="112"/>
  <agent start_id="117" goal_id="184"/>
  <agent start_id="112" goal_id="10"/>
  <agent start_id="20" goal_id="181"/>
  <agent start_id="82" goal_id="86"/>
  <agent start_id="6" goal_id="44"/>
  <agent start_id="196" goal_id="29"/>
  <agent start_id="99" goal_id="52"/>
  <agent start_id="79" goal_id="110"/>
  <agent start_id="22" goal_id="16"/>
  <agent start_id="121" goal_id="142"/>
  <agent start_id="67" goal_id="152"/>
  <agent start_id="152" goal_id="0"/>
  <agent start_id="108" goal_id="154"/>
  <agent start_id="11" goal_id="173"/>
  <agent start_id="36" goal_id="191"/>
  <agent start_id="51" goal_id="99"/>
  <agent start_id="129" goal_id="146"/>
  <agent start_id="94" goal_id="60"/>
  <agent start_id="157" goal_id="85"/>
  <agent start_id="164" goal_id="140"/>
  <agent start_id="97" goal_id="31"/>
  <agent start_id="19" goal_id="25"/>
  <agent start_id="8" goal_id="116"/>
  <agent start_id="135" goal_id="149"/>
  <agent start_id="58" goal_id="3"/>
  <agent start_id="167" goal_id="49"/>
</root>
