<?xml version="1.0" ?>
<root>
  <agent start_id="120" goal_id="117"/>
  <agent start_id="85" goal_id="21"/>
  <agent start_id="70" goal_id="144"/>
  <agent start_id="158" goal_id="113"/>
  <agent start_id="24" goal_id="138"/>
  <agent start_id="41" goal_id="92"/>
  <agent start_id="74" goal_id="85"/>
  <agent start_id="152" goal_id="105"/>
  <agent start_id="28" goal_id="155"/>
  <agent start_id="144" goal_id="168"/>
  <agent start_id="191" goal_id="73"/>
  <agent start_id="78" goal_id="174"/>
  <agent start_id="172" goal_id="4"/>
  <agent start_id="122" goal_id="114"/>
  <agent start_id="197" goal_id="24"/>
  <agent start_id="115" goal_id="31"/>
  <agent start_id="27" goal_id="102"/>
  <agent start_id="9" goal_id="88"/>
  <agent start_id="167" goal_id="71"/>
  <agent start_id="118" goal_id="80"/>
  <agent start_id="98" goal_id="125"/>
  <agent start_id="163" goal_id="52"/>
  <agent start_id="131" goal_id="128"/>
  <agent start_id="59" goal_id="161"/>
  <agent start_id="184" goal_id="135"/>
  <agent start_id="179" goal_id="34"/>
  <agent start_id="8" goal_id="98"/>
  <agent start_id="127" goal_id="74"/>
  <agent start_id="107" goal_id="67"/>
  <agent start_id="146" goal_id="123"/>
  <agent start_id="10" goal_id="190"/>
  <agent start_id="91" goal_id="101"/>
  <agent start_id="109" goal_id="196"/>
  <agent start_id="86" goal_id="165"/>
  <agent start_id="63" goal_id="40"/>
  <agent start_id="6" goal_id="27"/>
  <agent start_id="80" goal_id="28"/>
  <agent start_id="189" goal_id="69"/>
  <agent start_id="145" goal_id="177"/>
  <agent start_id="67" goal_id="6"/>
  <agent start_id="19" goal_id="42"/>
  <agent start_id="116" goal_id="96"/>
  <agent start_id="45" goal_id="183"/>
  <agent start_id="58" goal_id="0"/>
  <agent start_id="169" goal_id="141"/>
  <agent start_id="1" goal_id="149"/>
  <agent start_id="177" goal_id="189"/>
  <agent start_id="194" goal_id="45"/>
  <agent start_id="102" goal_id="59"/>
  <agent start_id="123" goal_id="16"/>
</root>
