<?xml version="1.0" ?>
<root>
  <agent start_id="136" goal_id="178"/>
  <agent start_id="133" goal_id="75"/>
  <agent start_id="70" goal_id="41"/>
  <agent start_id="38" goal_id="135"/>
  <agent start_id="95" goal_id="68"/>
  <agent start_id="74" goal_id="17"/>
  <agent start_id="52" goal_id="76"/>
  <agent start_id="30" goal_id="123"/>
  <agent start_id="151" goal_id="33"/>
  <agent start_id="105" goal_id="138"/>
  <agent start_id="24" goal_id="69"/>
  <agent start_id="67" goal_id="136"/>
  <agent start_id="184" goal_id="54"/>
  <agent start_id="190" goal_id="131"/>
  <agent start_id="83" goal_id="122"/>
  <agent start_id="119" goal_id="187"/>
  <agent start_id="42" goal_id="119"/>
  <agent start_id="12" goal_id="157"/>
  <agent start_id="43" goal_id="44"/>
  <agent start_id="124" goal_id="51"/>
  <agent start_id="68" goal_id="83"/>
  <agent start_id="81" goal_id="61"/>
  <agent start_id="132" goal_id="182"/>
  <agent start_id="20" goal_id="144"/>
  <agent start_id="158" goal_id="37"/>
  <agent start_id="175" goal_id="120"/>
  <agent start_id="180" goal_id="170"/>
  <agent start_id="4" goal_id="3"/>
  <agent start_id="5" goal_id="13"/>
  <agent start_id="107" goal_id="34"/>
  <agent start_id="141" goal_id="153"/>
  <agent start_id="163" goal_id="49"/>
  <agent start_id="2" goal_id="105"/>
  <agent start_id="139" goal_id="197"/>
  <agent start_id="172" goal_id="102"/>
  <agent start_id="150" goal_id="97"/>
  <agent start_id="177" goal_id="58"/>
  <agent start_id="121" goal_id="67"/>
  <agent start_id="134" goal_id="15"/>
  <agent start_id="77" goal_id="70"/>
  <agent start_id="47" goal_id="179"/>
  <agent start_id="1" goal_id="53"/>
  <agent start_id="112" goal_id="46"/>
  <agent start_id="179" goal_id="52"/>
  <agent start_id="187" goal_id="47"/>
  <agent start_id="156" goal_id="22"/>
  <agent start_id="148" goal_id="193"/>
  <agent start_id="197" goal_id="160"/>
  <agent start_id="111" goal_id="93"/>
  <agent start_id="97" goal_id="86"/>
</root>
