<?xml version="1.0" ?>
<root>
  <agent start_id="169" goal_id="128"/>
  <agent start_id="145" goal_id="85"/>
  <agent start_id="14" goal_id="195"/>
  <agent start_id="100" goal_id="80"/>
  <agent start_id="137" goal_id="178"/>
  <agent start_id="35" goal_id="52"/>
  <agent start_id="188" goal_id="63"/>
  <agent start_id="111" goal_id="114"/>
  <agent start_id="156" goal_id="161"/>
  <agent start_id="130" goal_id="97"/>
  <agent start_id="42" goal_id="19"/>
  <agent start_id="138" goal_id="87"/>
  <agent start_id="96" goal_id="6"/>
  <agent start_id="179" goal_id="124"/>
  <agent start_id="69" goal_id="59"/>
  <agent start_id="90" goal_id="28"/>
  <agent start_id="98" goal_id="1"/>
  <agent start_id="143" goal_id="23"/>
  <agent start_id="18" goal_id="31"/>
  <agent start_id="3" goal_id="44"/>
  <agent start_id="64" goal_id="133"/>
  <agent start_id="91" goal_id="100"/>
  <agent start_id="48" goal_id="143"/>
  <agent start_id="6" goal_id="171"/>
  <agent start_id="121" goal_id="60"/>
  <agent start_id="182" goal_id="110"/>
  <agent start_id="139" goal_id="72"/>
  <agent start_id="89" goal_id="159"/>
  <agent start_id="115" goal_id="7"/>
  <agent start_id="9" goal_id="158"/>
  <agent start_id="159" goal_id="57"/>
  <agent start_id="73" goal_id="167"/>
  <agent start_id="36" goal_id="169"/>
  <agent start_id="124" goal_id="94"/>
  <agent start_id="119" goal_id="112"/>
  <agent start_id="173" goal_id="137"/>
  <agent start_id="113" goal_id="192"/>
  <agent start_id="68" goal_id="141"/>
  <agent start_id="60" goal_id="35"/>
  <agent start_id="8" goal_id="9"/>
  <agent start_id="152" goal_id="136"/>
  <agent start_id="141" goal_id="24"/>
  <agent start_id="65" goal_id="106"/>
  <agent start_id="190" goal_id="176"/>
  <agent start_id="27" goal_id="92"/>
  <agent start_id="177" goal_id="165"/>
  <agent start_id="52" goal_id="53"/>
  <agent start_id="63" goal_id="15"/>
  <agent start_id="94" goal_id="149"/>
  <agent start_id="38" goal_id="173"/>
</root>
