<?xml version="1.0" ?>
<root>
  <agent start_id="144" goal_id="165"/>
  <agent start_id="155" goal_id="173"/>
  <agent start_id="20" goal_id="163"/>
  <agent start_id="117" goal_id="195"/>
  <agent start_id="14" goal_id="101"/>
  <agent start_id="162" goal_id="146"/>
  <agent start_id="50" goal_id="61"/>
  <agent start_id="28" goal_id="8"/>
  <agent start_id="122" goal_id="76"/>
  <agent start_id="172" goal_id="54"/>
  <agent start_id="90" goal_id="150"/>
  <agent start_id="189" goal_id="164"/>
  <agent start_id="91" goal_id="96"/>
  <agent start_id="43" goal_id="172"/>
  <agent start_id="168" goal_id="65"/>
  <agent start_id="109" goal_id="6"/>
  <agent start_id="16" goal_id="127"/>
  <agent start_id="151" goal_id="16"/>
  <agent start_id="22" goal_id="90"/>
  <agent start_id="190" goal_id="59"/>
  <agent start_id="77" goal_id="32"/>
  <agent start_id="79" goal_id="160"/>
  <agent start_id="93" goal_id="2"/>
  <agent start_id="146" goal_id="15"/>
  <agent start_id="65" goal_id="191"/>
  <agent start_id="60" goal_id="104"/>
  <agent start_id="74" goal_id="51"/>
  <agent start_id="89" goal_id="156"/>
  <agent start_id="58" goal_id="44"/>
  <agent start_id="56" goal_id="170"/>
  <agent start_id="62" goal_id="37"/>
  <agent start_id="141" goal_id="78"/>
  <agent start_id="170" goal_id="23"/>
  <agent start_id="101" goal_id="132"/>
  <agent start_id="150" goal_id="69"/>
  <agent start_id="111" goal_id="24"/>
  <agent start_id="41" goal_id="21"/>
  <agent start_id="147" goal_id="64"/>
  <agent start_id="30" goal_id="73"/>
  <agent start_id="159" goal_id="39"/>
  <agent start_id="125" goal_id="126"/>
  <agent start_id="186" goal_id="118"/>
  <agent start_id="44" goal_id="91"/>
  <agent start_id="118" goal_id="184"/>
  <agent start_id="176" goal_id="161"/>
  <agent start_id="24" goal_id="74"/>
  <agent start_id="49" goal_id="124"/>
  <agent start_id="148" goal_id="106"/>
  <agent start_id="72" goal_id="154"/>
  <agent start_id="135" goal_id="4"/>
</root>
